proj_id,display_name,policy_desc,aum,aum_year_ago,class_count,aum_growth_rate
M0000_2552,HI-DIV,ตราสารทุน,2902147262.79,2421979631.37,3,0.19825419883832462
M0001_2524,SSB,ผสม,23098339.46,19779088.98,1,0.16781614579702442
M0001_2530,SF5,ตราสารทุน,150544574.78,110708330.66,1,0.3598305916321909
M0001_2531,TNP,ตราสารทุน,140799480.37,109716191.11,1,0.2833063100854123
M0001_2536,KPLUS,ตราสารทุน,138925326.99,107782213.98,1,0.2889448254957807
M0001_2540,ONE-FAR,ตราสารหนี้,440380668.54,304081181.48,1,0.44823387753432775
M0001_2552,PRINCIPAL SET50,ตราสารทุน,237550832.87,125989669.47,6,0.8854786576495017
M0001_2564,ONE-GLOBALTOP8M10,ผสม,562043879.55,893715351.96,1,-0.37111533519326256
M0001_2569,KFTGB6M56,ตราสารหนี้,2069890704.63,0.0,1,
M0002_2530,SF4,ตราสารทุน,32962416.86,24681566.68,1,0.33550747759906785
M0002_2533,SAN,ตราสารทุน,89231260.69,66782493.85,1,0.33614747736767847
M0002_2545,ES-TM,ตราสารหนี้,41829858957.97,30093012765.88,1,0.3900189815955366
M0002_2560,UGIS,ตราสารหนี้,12342173778.14,12722660747.02,3,-0.029906241818883794
M0002_2563,SCBDPLUS,ผสม,1240938685.64,1955817331.4,4,-0.36551401518069193
M0003_2533,RPF2,ตราสารทุน,148737634.73,108922574.83,1,0.36553542699611175
M0003_2537,ES-EQUITY,ตราสารทุน,1240269168.76,999631715.29,1,0.2407261092153219
M0003_2539,SCBSFF,ตราสารหนี้,91416495473.58,80393018952.49,1,0.13711982289910707
M0003_2561,SI5A4,ผสม,22869412.5,24074693.33,1,-0.05006422360105711
M0004_2535,TISCOEQF,ตราสารทุน,72805383.66,53659029.87,1,0.35681513132805365
M0004_2545,TOF,ผสม,677962727.84,500991923.73,1,0.353240832292089
M0004_2556,TCHRMF,ตราสารทุน,132989121.7,136041367.86,1,-0.022436161941131516
M0004_2559,ES-JPNAE,ตราสารทุน,4291552126.17,374642835.81,7,10.455049225461392
M0004_2564,SCBAA,ผสม,1048975381.52,2375398290.96,4,-0.5584002120772495
M0004_2565,B-SMEQ,ตราสารทุน,109129751.64,93712563.44,1,0.16451570242095603
M0005_2535,TISCOEGF,ตราสารทุน,376669299.81,370158283.07,1,0.017589817755796933
M0005_2537,SCBDAFUND,ตราสารทุน,307450695.45000005,100860142.73,4,2.0482873326189672
M0005_2539,TISCOFLEXP,ผสม,180716985.42,140832426.82,1,0.2832057893241948
M0005_2558,SCBCHAFUND,ตราสารทุน,15024392690.710001,6912091909.89,8,1.1736390208024736
M0005_2563,UINC,ตราสารหนี้,146678607.57,265460530.5,2,-0.44745605949883394
M0005_2564,MFTECH,ตราสารทุน,783102992.42,1123597560.48,1,-0.3030396113663161
M0005_2565,SCBCIO,ผสม,71498382708.78,1355126789.6399999,6,51.76139712932257
M0006_2539,SCBRFFUND,ตราสารหนี้,6890923170.56,7741367750.900001,5,-0.10985714769087529
M0006_2543,TISCOAGF,ผสม,104184992.46,108980253.55,1,-0.04400119226920263
M0006_2563,SCBSPLUS,ผสม,4241104650.88,5843434571.2,4,-0.27421029546856845
M0006_2568,METHETF-UI,อื่น ๆ,94631984.19,34000420.86,1,1.7832592008097867
M0007_2538,SCBPMOFUND,ตราสารทุน,46206244.19,34523665.879999995,4,0.33839333142103745
M0007_2564,ASP-TRIGGER 6M3,ผสม,262086304.74,282377555.07,1,-0.07185858070401485
M0007_2565,KT-EPIC,ตราสารทุน,1155666504.0,895128802.92,6,0.29106168880958805
M0008_2537,RKF4,ตราสารทุน,218631199.39,170008981.5,1,0.28599793646784466
M0008_2564,DAOL-NUCLEAR,ตราสารทุน,554744493.12,0.0,1,
M0008_2565,B-GLOB-INFRA,ตราสารทุน,306300305.77,213973109.12,1,0.4314897186366591
M0008_2569,A-JEDI,ตราสารทุน,374462806.96,0.0,1,
M0009_2540,ES-MF,ตราสารหนี้,7364766295.11,5869660134.91,1,0.25471767118300526
M0009_2543,K-FEQ,ผสม,1093772486.38,1004727261.97,1,0.08862626483868508
M0009_2553,KF-HSHARE-INDX,ตราสารทุน,1769716295.2,1309614413.4,1,0.35132622021583493
M0009_2561,KKP GNP-H FUND,ตราสารทุน,3598857662.53,2096992400.24,5,0.7161996686865018
M0009_2564,KT-ASIAG,ตราสารทุน,10638516165.26,2250464170.1,6,3.727254184538861
M0009_2565,M-EUBANK,ตราสารทุน,545901874.69,85827631.83,1,5.360444335354325
M0010_2561,TISCOINA,ตราสารทุน,1118681690.28,1574925110.31,3,-0.2896921364979669
M0010_2562,TGHDIGI,ตราสารทุน,721898640.59,957063251.7,1,-0.24571480588381678
M0011_2547,TSF,ตราสารทุน,3522699986.02,2037584379.94,3,0.7288609103509773
M0012_2537,B-INFRA,ตราสารทุน,1401075074.14,1093920498.17,1,0.28078327125584845
M0012_2563,TTHREIT,ผสม,350075865.55,255950884.21,1,0.36774626362600604
M0012_2566,KFNDQ,ตราสารทุน,878199080.3100001,985563011.13,3,-0.10893664799463354
M0012_2569,SCBCR1YAE,ผสม,5754518973.07,0.0,1,
M0013_2536,ES-CSD,ผสม,1600027268.03,1578950498.08,1,0.013348594509852818
M0013_2537,BKD,ตราสารทุน,2247682673.06,2274697514.97,1,-0.011876234854178436
M0013_2563,ES-CHINAA,ตราสารทุน,39033908874.72,8269461228.65,8,3.720248126865254
M0014_2535,ES-STSD,ผสม,161848034.27,203359888.78,1,-0.20413000203254728
M0014_2536,K-SELECT,ตราสารทุน,1114656307.1399999,904852093.02,3,0.23186575545155153
M0014_2537,BTK,ตราสารทุน,736399279.22,567806926.8,1,0.2969184496746793
M0014_2556,ES-IPLUS,ตราสารหนี้,69263230166.86,44223795911.21,1,0.5661982138738777
M0014_2564,UEV-M,ตราสารทุน,672742207.02,736248915.16,2,-0.0862571160817247
M0014_2565,DAOL-BOND6M3,ตราสารหนี้,121203654.22,182731138.6,1,-0.33671045258840193
M0014_2566,DAOL-ALPHABONDS,ตราสารหนี้,8075754.13,12846666.4,1,-0.37137356271662825
M0015_2536,ONE-UB 3,ตราสารทุน,43756552.73,46572250.45,1,-0.06045870003690157
M0015_2537,BTP,ตราสารทุน,5144377976.88,4848511949.0,1,0.06102202716877336
M0015_2564,SCBAO,ตราสารทุน,3837756923.96,4598849321.36,4,-0.16549626748260693
M0015_2569,DAOL-COPPER,ตราสารทุน,1108898408.88,0.0,1,
M0016_2536,ONE-MIDSMALL,ตราสารทุน,70675398.2,65133808.95,1,0.08508007345699697
M0016_2560,ONE-POWER,ผสม,11245225.38,13687281.32,2,-0.17841789635985938
M0016_2563,BCAP-USND100,ตราสารทุน,2365809014.03,971802393.84,1,1.434454812034053
M0016_2564,KTF19,ตราสารหนี้,178824874.7,252819816.35,1,-0.2926785673618342
M0016_2565,LHTREASURY,ตราสารหนี้,2337628083.22,2323759544.42,2,0.005968147105969601
M0017_2535,ONE-G,ตราสารทุน,70975868.48,51259984.16,1,0.38462525190136554
M0017_2538,K-FIXED,ตราสารหนี้,61424712069.19,197068024367.90002,2,-0.6883070591172206
M0017_2540,MFF,ตราสารหนี้,192099883.3,165790818.69,1,0.1586883086643862
M0017_2564,KTF20,ตราสารหนี้,191957238.55,272914910.58,1,-0.2966407070172471
M0017_2565,SCBEV,ตราสารทุน,1321035820.53,498030871.96,8,1.6525179359485587
M0018_2564,ES-GENOME,ตราสารทุน,359415870.08,141205433.84,1,1.5453402203151363
M0018_2569,TLGOLDPLUS,ผสม,23228445.43,0.0,1,
M0019_2535,RRF1,ตราสารทุน,37314005.82,28146587.07,1,0.3257026767473019
M0019_2537,TS,ตราสารทุน,14275274.29,10648353.51,1,0.34060859987357794
M0020_2537,DE-1,ตราสารทุน,39213391.09,28402080.59,1,0.3806520605327246
M0020_2539,ABG,ตราสารทุน,1354554753.22,1253548455.6,1,0.08057630095491941
M0020_2543,KTSF,ตราสารทุน,1852884341.66,1273726536.01,1,0.4546955639820738
M0020_2569,DAOL-CHINABIO,ตราสารทุน,79863682.95,0.0,1,
M0021_2536,THANA1,ตราสารทุน,81199105.87,77603481.24,1,0.04633329036979705
M0021_2538,RKBC,ผสม,159993583.66,145745420.33,1,0.09776062464082225
M0021_2541,ES-TSB,ตราสารหนี้,630851236.46,721864890.04,1,-0.12608128589680634
M0021_2554,UOBID,ตราสารหนี้,1270078954.03,1174852490.61,1,0.08105397416364779
M0021_2558,UOBGARMF,ผสม,166083448.62,112138289.6,1,0.48105922796239997
M0021_2559,KT-JAPANSM,ตราสารทุน,1265877138.3000002,747491617.15,6,0.6935001132540797
M0022_2537,SCDF,ตราสารทุน,4332099.67,3372513.87,1,0.28453131313585955
M0022_2562,ONE-SETHD,ตราสารทุน,70973899.11,63565277.37,1,0.1165513948263921
M0022_2564,KTF23,ตราสารหนี้,80056989.0,189545385.53,1,-0.5776368347024248
M0022_2565,BCAP-GPE22A UI,ทรัพย์สินทางเลือก,1562315534.03,1118739153.01,1,0.3964966988297003
M0022_2567,KT-JAPANALL,ตราสารทุน,15585580983.0,1456188263.28,6,9.702998627316337
M0022_2569,KKP EUROPE-H,ตราสารทุน,28333548.67,0.0,1,
M0023_2536,AGF,ตราสารทุน,30236883.59,23868167.49,1,0.26682886747247325
M0023_2538,K-VALUE,ตราสารทุน,5770914339.04,1958399334.75,5,1.9467505613591762
M0023_2540,KFSEQ-D,ตราสารทุน,789505079.73,769100413.48,1,0.02653056205973625
M0023_2547,B-ACTIVE,ผสม,129660657.16,156734264.47,1,-0.17273572821839522
M0023_2563,K-AB22B,ตราสารหนี้,181111105.81,319239133.99,1,-0.4326788713326317
M0023_2564,KTF24,ตราสารหนี้,70605372.65,128844643.52,1,-0.45201157982915885
M0023_2569,KKP EUROPE-UH,ตราสารทุน,55383781.22,0.0,1,
M0024_2535,ES-PPSD,ตราสารทุน,633250914.35,487218092.47,1,0.2997278305895257
M0024_2536,UNF,ตราสารทุน,38883868.87,29391448.2,1,0.3229653947436315
M0024_2537,BKA2,ตราสารทุน,574792013.53,521064187.28,1,0.10311172320336182
M0024_2540,KFSPLUS,ตราสารหนี้,60875311303.29,55927306113.5,2,0.08847208159371056
M0024_2560,SCBUSHY,ตราสารหนี้,130323031.32,497408729.90999997,3,-0.7379960915772823
M0025_2536,ONE-EQ,ตราสารทุน,41408740.81,39164790.21,1,0.05729510072613775
M0025_2537,SF8,ตราสารทุน,67099041.7,48173552.93,1,0.39286055561441025
M0025_2561,TGINC,ผสม,1872239399.91,4308481999.55,3,-0.5654526582435423
M0026_2537,SF7,ตราสารทุน,147849748.68,107786705.03,1,0.371688174704379
M0026_2539,SCBSETFUND,ตราสารทุน,36386247626.880005,29490456581.289997,5,0.2338312744186195
M0026_2551,SCBAEMFUND,ตราสารทุน,1308816842.82,1088408035.49,5,0.20250567814925424
M0026_2569,MCMIDSMALL,ตราสารทุน,114393651.06,0.0,1,
M0027_2535,K-EQUITY,ตราสารทุน,2142837579.93,1898386732.87,1,0.12876767564132563
M0027_2541,ABCC,ตราสารหนี้,137675120.16,524804642.43,1,-0.7376640581483356
M0027_2562,KT-SAGA,ผสม,5059484303.75,3346968841.95,5,0.5116616086578984
M0027_2565,FP SENERGY,ตราสารทุน,8947655.05,4356040.64,2,1.0540797915971698
M0028_2547,TEF-DIV,ตราสารทุน,143169070.93,124088540.87,1,0.15376544785057567
M0028_2553,KF-LATAM,ตราสารทุน,208939925.41,39279610.55,1,4.319297276230251
M0029_2559,TUSFIX,ตราสารหนี้,297212224.67,210783953.46,1,0.4100324991124209
M0029_2564,B-SIP,ตราสารทุน,2178291412.7,2188656861.03,1,-0.0047359860353450856
M0030_2563,TBIOTECH,ตราสารทุน,663986543.47,246072793.36,1,1.698333832048632
M0030_2569,SCBCR1YAF,ผสม,5285605358.46,0.0,1,
M0031_2536,SCIF,ตราสารทุน,104801122.86,77754006.35,1,0.34785495667259614
M0031_2543,KTFIXPLUS,ตราสารหนี้,6404593153.75,12481858892.02,7,-0.4868878739011675
M0031_2557,SCBEUEQFUND,ตราสารทุน,1269916192.77,735823823.2,5,0.7258427258406819
M0031_2561,LHEME,ตราสารทุน,170842490.26,61397077.03,3,1.782583447360572
M0031_2564,ES-INTERNET,ตราสารทุน,422549332.03,435874103.24,1,-0.030570229134863736
M0032_2536,SCIF2,ตราสารทุน,21381430.02,15596000.8,1,0.3709559453215723
M0032_2540,TBF,ผสม,335698606.87,303412013.43,1,0.1064117174366559
M0032_2543,ES-TSARN,ตราสารหนี้,592327649.0,665572634.03,1,-0.11004807181825704
M0032_2561,KTSUK,ผสม,365506708.72,429751940.56,5,-0.14949375622663497
M0033_2544,B-FLEX,ผสม,338012151.94,381839515.43,1,-0.11477953883490766
M0033_2560,SCBGMT,ผสม,274454256.75,264561236.52,3,0.037394065586218606
M0033_2561,KTSRI,ผสม,702971250.43,394581751.75,5,0.7815604682990764
M0033_2563,TCHTECH,ตราสารทุน,2613474342.45,1893522820.63,2,0.38021803274621346
M0034_2538,BBASIC,ตราสารทุน,797215365.21,818225100.98,1,-0.02567720758607417
M0034_2539,BCAP,ตราสารทุน,511609733.65,472173676.52,1,0.0835202364957115
M0034_2543,TFIF,ตราสารหนี้,877641457.38,828537221.92,1,0.05926617919012611
M0035_2536,BKA,ตราสารทุน,1721718396.2,1704976701.59,1,0.009819309902820095
M0035_2537,TISCOEDF,ตราสารทุน,79236470.26,62671146.54,1,0.2643213764954364
M0035_2538,KAF,ผสม,7210902.87,6729019.79,1,0.07161267094445556
M0035_2542,TEF,ตราสารทุน,1817307755.65,1411439077.43,1,0.2875566396808431
M0035_2543,TCMF-M,ตราสารหนี้,47901641344.96001,38768421665.83,3,0.23558399559969478
M0035_2547,ABSL,ตราสารทุน,139717227.2,128319762.61,1,0.08882080482520927
M0035_2560,KFTSTAR,ตราสารทุน,1166301446.38,955293387.96,2,0.22088298849278276
M0035_2561,KTMEE,ผสม,583541113.5,741908170.18,5,-0.21345910861391015
M0035_2564,ONE-GLOBALTOP8M11,ผสม,796677345.12,1360252396.28,1,-0.4143165288304269
M0035_2567,SCBVNALPHA,ตราสารทุน,9077501140.57,8094200335.6,1,0.12148214328785945
M0036_2537,KKF,ตราสารทุน,11307564.37,8252675.66,1,0.37016948634086977
M0036_2561,KTMUNG,ผสม,781714218.63,729969240.6999999,5,0.07088651828723558
M0036_2564,ONE-GLOBALTOP8M12,ผสม,382051896.69,657112034.86,1,-0.4185894087735017
M0036_2565,K-DFIXED,ตราสารหนี้,71412507.78,277272120.31,1,-0.7424461294552143
M0036_2569,A-GRID,ตราสารทุน,1079943703.05,0.0,1,
M0037_2536,K-STEQ,ตราสารทุน,609872629.12,280105112.25,2,1.1772991725180484
M0037_2552,KF-GOLD,ทรัพย์สินทางเลือก,3453281003.74,1556605798.23,1,1.2184685471856067
M0037_2563,BCAP-2030 RMF,ผสม,172479837.62,170774093.58,1,0.009988306799010527
M0037_2564,P-CGREEN,ตราสารทุน,293261545.9,391378803.74,1,-0.25069640180407193
M0037_2567,MFAI-Roll6M2,ตราสารหนี้,1261760130.01,1164208035.75,1,0.08379266528353368
M0038_2559,K-SFPLUS,ตราสารหนี้,232613092123.24,135402394844.99,3,0.7179392756644942
M0038_2561,ONE-VIETNAM,ตราสารทุน,926416194.12,1498139413.84,4,-0.38162217376991026
M0039_2536,STD,ตราสารทุน,87562084.27,66022321.87,1,0.3262496954047218
M0039_2553,TW-E20,ผสม,61509531.16,104434486.13,1,-0.4110228006155652
M0040_2536,STD2,ตราสารทุน,52161376.95,38481957.5,1,0.3554761851706738
M0040_2565,UST,ผสม,72768622.74,104043631.85,3,-0.30059513065719645
M0041_2536,ONE-FAS,ผสม,27832046.77,54344287.85,1,-0.4878569970992821
M0041_2543,ES-SET50,ตราสารทุน,37526654305.78,30722365540.53,4,0.22147672047823108
M0041_2554,ABIG,ตราสารทุน,353561802.1,631907059.94,1,-0.44048448812461294
M0041_2563,BCAP-2040 RMF,ผสม,106896837.83,96199277.74,1,0.11120208323094216
M0042_2562,B-TOPTEN,ตราสารทุน,272516673.4,0.0,1,
M0042_2563,BCAP-2050 RMF,ผสม,104232640.18,78532951.18,1,0.3272472078770541
M0042_2565,TCHSTRATEGY,ตราสารทุน,24465574.69,26948803.04,1,-0.09214614639151697
M0042_2569,MKAI6S40,ตราสารหนี้,1096638442.6,0.0,1,
M0043_2552,TISCOOIL,ทรัพย์สินทางเลือก,25347171.75,19268465.25,1,0.31547434739256164
M0044_2563,B-INCOMESSF,ผสม,509115689.54,419028353.89,1,0.21499102581886143
M0044_2564,ES-AUTOMATION,ตราสารทุน,85930982.92,357741931.99,1,-0.7597961680309759
M0044_2567,MGOV-Roll3M,ตราสารหนี้,286440637.99,476002800.29,1,-0.39823749394858843
M0044_2569,KFSGB6M27,ตราสารหนี้,1917470021.75,0.0,1,
M0045_2561,K-EUSMALL,ตราสารทุน,239829603.57,455732251.18,1,-0.4737488888508029
M0045_2564,ABGS-M,ตราสารทุน,50676891.59,120318794.02,3,-0.5788115065251049
M0045_2565,K-VIETNAMRMF,ตราสารทุน,2584598848.16,2600327976.89,1,-0.0060489018576849185
M0045_2568,KT-GFO,ตราสารทุน,2865555885.2,1573648496.6,5,0.8209631257496668
M0046_2561,M-VI,ผสม,45910864.88,44071900.77,1,0.04172645331539204
M0046_2565,PRINCIPAL MAGLOBAL,ผสม,563302008.75,405082244.8,8,0.39058676597419706
M0047_2563,M-FOCUS,ตราสารทุน,24644981.32,33889109.34,1,-0.27277577369343764
M0047_2566,B-DYNAMIC BOND,ตราสารหนี้,6453569102.32,4811867944.05,1,0.3411775172051439
M0047_2569,SCBCR1YAG,ผสม,1824359231.21,0.0,1,
M0048_2536,TDF,ตราสารทุน,46482431.22,38214134.63,1,0.21636749517046416
M0048_2565,MGMVOL,ตราสารทุน,94869370.24,94732356.95,1,0.001446319868007695
M0048_2568,ES-ALOVE-UH,ตราสารทุน,387777329.96,96277892.07,1,3.027688201545396
M0049_2564,TNEWENGY,ตราสารทุน,97890803.88,75796535.59,1,0.29149443464689084
M0049_2565,SCBRMUSA,ตราสารทุน,356008759.6,340874836.02,2,0.04439730358715033
M0049_2568,LHQTUM,ตราสารทุน,947988243.27,244005144.6,4,2.885115802882133
M0050_2536,SYRUS-M,ตราสารทุน,30101801.65,31453464.43,1,-0.04297341499560847
M0050_2558,BMSCITH,ตราสารทุน,871578403.61,775710390.8,1,0.12358737738594705
M0050_2564,ES-FINTECH,ตราสารทุน,187564975.4,474271478.81,1,-0.6045198082106447
M0050_2565,LHUSFIN,ตราสารทุน,36190446.05,110987857.73,5,-0.6739242761308138
M0050_2567,KFGLOBAL,ตราสารทุน,280261768.65000004,598594287.8199999,3,-0.5318001284798828
M0051_2569,TLWORLD-X,ตราสารทุน,997776202.85,0.0,1,
M0052_2536,KPLUS2,ตราสารทุน,64718039.99,50802663.86,1,0.2739103636050946
M0052_2558,ES-GQG,ตราสารทุน,21262013964.67,21436626049.94,1,-0.008145502228905532
M0052_2564,LHGREEN,ตราสารทุน,101965708.68,41286356.45,7,1.469719235299583
M0052_2567,TISCOAI,ตราสารทุน,297239916.34,549334359.29,1,-0.45890892984707043
M0052_2568,ASP-CRYPTO-UI,อื่น ๆ,102876766.54,59049720.75,1,0.7422058094999544
M0052_2569,BP2/26 (AI),ตราสารหนี้,4493218488.48,0.0,1,
M0053_2563,B-FUTURESSF,ตราสารทุน,1347298396.51,1239956860.1,1,0.08656876691769999
M0053_2564,LHCYBER,ตราสารทุน,239756717.82,495485756.51,5,-0.5161178405838571
M0053_2569,SCBSB6M71,ตราสารหนี้,730819387.68,0.0,1,
M0054_2560,K-FIXEDPLUS,ตราสารหนี้,27965936489.8,45842266529.56,2,-0.3899530148282042
M0054_2568,MPINFRA-UI,อื่น ๆ,3677165544.67,2216321172.42,2,0.6591302697591002
M0054_2569,SCBCR1YAH,ผสม,2806472979.81,0.0,1,
M0055_2558,KTMSEQ,ตราสารทุน,378138425.78,215803510.76,1,0.7522348197594262
M0055_2564,DAOL-DEWORLD,ตราสารทุน,9747328.72,10160451.64,1,-0.040659897279920476
M0055_2565,KT-BLOCKCHAIN,ตราสารทุน,3931617151.9800005,3717109918.74,6,0.057708068345935004
M0055_2568,TLUSNDQ-UH,ตราสารทุน,5003773091.22,2178784161.08,4,1.2965896212223629
M0056_2545,ES-EQRMF,ตราสารทุน,1371552766.06,1197739470.95,1,0.14511778172605272
M0056_2561,ASP-DISRUPT,ตราสารทุน,145004237.5,175042836.52,1,-0.17160713124394478
M0056_2564,BCAP-GMA,ผสม,9088001478.91,7788262042.87,1,0.16688439973971936
M0057_2545,M-FIX,ตราสารหนี้,2131831115.84,2091718521.12,1,0.019176860708066013
M0057_2559,B-ASEAN,ตราสารทุน,226594612.9,329098051.72,1,-0.3114677777163233
M0057_2561,KFHASIA,ตราสารทุน,1658252666.75,552182222.78,3,2.003089556924544
M0057_2564,BCAP-GMA PLUS,ผสม,3648728002.77,3369441710.63,1,0.0828880022642624
M0057_2567,SCBLOWBETA,ตราสารทุน,63302990.06,17139705.37,9,2.6933534558184764
M0058_2547,KFDNM-D,ตราสารทุน,345214555.72,316104609.65,1,0.09208959686551688
M0058_2563,LHWPLUS,ผสม,49393039.12,84135820.81,3,-0.4129368603707808
M0058_2565,KKP S-PLUS FUND,ตราสารหนี้,48548671626.9,20016073762.81,4,1.4254842484195756
M0059_2544,TSFIRMF,ตราสารหนี้,477772727.02,448413962.22,1,0.06547245909706079
M0059_2545,BFLRMF,ผสม,15650356470.91,14224973968.61,1,0.10020281973417777
M0059_2554,K-INDIA,ตราสารทุน,3551759584.14,3282426888.85,2,0.08205291523929747
M0059_2561,LHDIGITAL,ตราสารทุน,104840191.39999999,130842142.25,4,-0.19872764541196597
M0059_2564,SCBCLEAN,ตราสารทุน,1562173421.9,420997453.72999996,8,2.7106481477721127
M0059_2569,A-AIRR,ตราสารทุน,29931705.18,0.0,1,
M0060_2564,KFCLIMA,ตราสารทุน,291940341.37,529606028.72,3,-0.44875940692067284
M0061_2544,K-FLRMF,ผสม,10218210062.94,8838038807.0,1,0.15616261549415933
M0061_2561,SCBFIN,ตราสารหนี้,3582676417.6800003,4823014703.7,4,-0.2571707453158847
M0061_2564,KT-CLIMATE,ตราสารทุน,1414374423.8600001,2979585752.6099997,6,-0.5253117240807506
M0062_2544,K-BLRMF,ผสม,5915566265.38,5880895614.04,1,0.005895471304953492
M0062_2545,BFRMF,ตราสารหนี้,13633872792.3,13401081180.46,1,0.01737110675662734
M0062_2560,LHSTRATEGY,ตราสารทุน,97241310.62,92763864.56,7,0.04826713592881826
M0062_2566,KT-ARB,ตราสารหนี้,233183904.0,760948297.3199999,6,-0.6935614353547339
M0063_2544,K-SFRMF,ตราสารหนี้,15373152772.6,12544585129.19,1,0.22548116293046672
M0063_2565,PRINCIPAL VNTG7M1,ผสม,243586401.1,375074341.17,1,-0.3505650097520373
M0063_2569,MKAI6S41,ตราสารหนี้,508132717.94,0.0,1,
M0064_2544,K-GBRMF,ตราสารหนี้,12475047108.73,12565310359.22,1,-0.0071835273391211985
M0064_2563,B-ENHANCED,ตราสารหนี้,581287090.87,587838900.19,1,-0.011145586516786099
M0064_2565,UBOT,ตราสารทุน,36798209.71,65830070.42,1,-0.4410121472569435
M0065_2544,K-FIRMF,ตราสารหนี้,16849035341.33,15659675722.48,1,0.07595046282744122
M0065_2549,ABWOOF,ตราสารทุน,67929163.55,182701725.99,1,-0.628196377555196
M0065_2558,SCBINDIAFUND,ตราสารทุน,1621972638.8799999,1292835203.63,5,0.2545857618402201
M0065_2560,ES-DIV,ตราสารทุน,2682752695.09,3134921070.54,1,-0.14423596807562122
M0065_2562,ASP-DGOV,ตราสารหนี้,3839930855.92,5150223588.6,3,-0.25441472785382135
M0065_2568,K-WORLDXRMF,ตราสารทุน,1247971142.14,61552611.75,1,19.274869037380856
M0066_2546,ABFC,ผสม,36766185.29,109440823.7,1,-0.6640541979948567
M0066_2560,K-SEMQ,ตราสารทุน,5274365226.44,1221301950.67,1,3.318641449435588
M0066_2564,MCANN,ตราสารทุน,38230686.41,26493922.28,1,0.4429983603771632
M0066_2567,MGPROP,ตราสารทุน,133402948.91,268828492.23,2,-0.5037618676376565
M0067_2544,KFFLEX-D,ผสม,759485978.36,743462948.39,1,0.02155188769621752
M0067_2545,BERMF,ตราสารทุน,9520537928.26,7897831336.38,1,0.20546230006271227
M0068_2544,M-RMF,ตราสารหนี้,572338081.14,363680739.45,2,0.5737376744381781
M0068_2553,M-ACTIVE,ตราสารทุน,10875077.8,12213541.2,1,-0.10958847872883903
M0068_2563,BCAP-GW10 SSF,ผสม,12555617.88,12420218.87,1,0.010901499516006607
M0068_2564,ASP-NCLR,ตราสารทุน,192998549.93,206775678.18,1,-0.0666283789818205
M0069_2544,F-RMF,ตราสารหนี้,502264644.83,174343411.63,1,1.8808926023309116
M0069_2563,BCAP-GW90 SSF,ผสม,80046187.66,63764257.22,1,0.2553457242326831
M0070_2544,V-RMF,ตราสารทุน,681731761.92,518697370.71000004,2,0.314315052314293
M0070_2557,K-GB,ตราสารหนี้,423658809.15999997,985876953.45,2,-0.5702721240440414
M0070_2563,BCAP-GW25 SSF,ผสม,14233238.6,13498968.09,1,0.05439456594789238
M0070_2569,TLA-GFIX,ตราสารหนี้,1165239477.14,0.0,1,
M0071_2544,ES-GOVRMF,ตราสารหนี้,2330943264.49,2945720486.4,1,-0.20870181836611623
M0071_2546,ABTED,ตราสารทุน,19444082.66,38985511.32,1,-0.5012484894606225
M0071_2549,MGS,ผสม,2678378.37,3168885.34,1,-0.1547884878662097
M0071_2560,KFUSINDX,ตราสารทุน,2375443756.78,1545727151.93,2,0.536780766135869
M0071_2561,TLDIVEQ-D,ตราสารทุน,11601909.19,21489826.58,1,-0.4601208554750468
M0072_2538,BMBF,ตราสารทุน,43684546.89,31007838.55,1,0.40882270202609794
M0072_2547,KFVALUE,ตราสารทุน,526047689.65999997,533296357.65000004,2,-0.013592194820046588
M0072_2563,BCAP-GW75 SSF,ผสม,47336192.62,39869585.25,1,0.1872757723257228
M0072_2569,SCBCR1YAI,ผสม,1279727318.84,0.0,1,
M0073_2541,KFMTFI-D,ตราสารหนี้,708835516.67,589080089.35,1,0.20329226786826204
M0073_2562,ASP-IHEALTH,ตราสารทุน,147318325.1,146802929.52,1,0.003510799012561794
M0073_2563,BCAP-GW50 SSF,ผสม,40039874.54,35949902.63,1,0.11376865056059815
M0073_2567,X-Plus,ตราสารหนี้,510711683.0,249112571.35,1,1.050124087404873
M0074_2544,SCBRM2,ตราสารหนี้,10950159381.81,10496989991.72,1,0.043171365357827174
M0074_2545,TFPRMF,ผสม,1704765926.54,1498074423.0,2,0.13797145212991868
M0074_2558,K-JPX,ตราสารทุน,1342875864.8700001,753430727.05,2,0.7823481531313798
M0074_2560,PRINCIPAL GREITs,ทรัพย์สินทางเลือก,243414461.51,226595090.93,1,0.07422654440998389
M0074_2563,KFGDIV,ตราสารทุน,3370183943.22,2072893561.95,3,0.6258355011965113
M0074_2568,MEGAWORLD30RMF,ตราสารทุน,39824090.44,9337591.85,1,3.2649208789308988
M0074_2569,TLDEFENSE,ตราสารทุน,99579010.45,0.0,1,
M0075_2559,KFGPROP,ผสม,775843341.52,852387478.89,3,-0.08979969704585256
M0075_2562,ES-MULTIINCOME,ผสม,1006499591.73,1107048387.94,1,-0.09082601745810015
M0075_2564,KFINNO,ตราสารทุน,656826751.6800001,558042695.4599999,3,0.17701881419408516
M0075_2569,LHCOPPER,ตราสารทุน,199449482.64,0.0,1,
M0076_2541,KFSMUL,ผสม,1211661894.18,1416461043.81,1,-0.14458509150320908
M0076_2559,ONE-HOSPITAL,ผสม,21641400.07,20090241.09,1,0.07720957518882621
M0076_2561,KFINDIARMF,ตราสารทุน,472174383.91,587243830.64,1,-0.1959483279791855
M0077_2557,PRINCIPAL GEF,ตราสารทุน,8184188349.97,5241537261.79,5,0.561409933996172
M0077_2561,KFAFIXRMF,ตราสารหนี้,3964770355.2,3460008539.24,1,0.1458845578661121
M0077_2564,K-ATECH,ตราสารทุน,15009069876.85,1993344261.71,1,6.529592436769751
M0077_2567,KKP EMXCN-H FUND,ตราสารทุน,1049198655.3,141160929.08,6,6.432642035852488
M0078_2545,ES-MMRMF,ตราสารหนี้,1605708924.15,1486226394.18,1,0.08039322302301222
M0078_2546,CPRMF2,ผสม,39279904.3,37922036.38,1,0.03580683026600684
M0078_2559,KKP SMART MV FUND,ตราสารทุน,73267729.78,79599661.02000001,3,-0.07954721362957895
M0078_2560,HIDIVEQ,ตราสารทุน,33980516.800000004,282583.02,2,119.24967671447493
M0078_2561,ONE-EUROEQ,ตราสารทุน,271237368.12,369496103.92,1,-0.2659263108800577
M0078_2565,B-INNOTECHSSF,ตราสารทุน,1980153622.59,1572404739.29,1,0.2593154759150078
M0079_2544,SCBRM1,ตราสารหนี้,18939677393.53,17414713676.89,1,0.0875675446024522
M0079_2564,SCBCHIN,ตราสารทุน,1843093716.84,1980894127.48,4,-0.06956475297107534
M0080_2544,SCBRM3,ผสม,4308921083.73,3573744885.88,1,0.2057159146291354
M0080_2545,K-GA,ผสม,20321466469.449997,10765084291.04,4,0.8877201441296625
M0080_2565,UGREF-UI,ทรัพย์สินทางเลือก,676240693.06,936964375.24,2,-0.2782642425580125
M0080_2566,TCHNEWENGY,ตราสารทุน,71579401.58,15056420.83,1,3.7540781695858056
M0080_2567,KKP EMXCN-UH FUND,ตราสารทุน,270773322.33,852538379.42,6,-0.6823916331905048
M0081_2544,SCBRM4,ตราสารทุน,7599623856.14,6472094906.84,1,0.17421390840674733
M0081_2550,KFSDIV,ตราสารทุน,7348528931.06,6590417393.32,1,0.11503240121155556
M0081_2555,TISCOHD,ตราสารทุน,4204943321.9300003,795959039.76,3,4.282863956413998
M0081_2559,ES-PROPINFRAFLEX,ผสม,826947232.17,710872681.57,1,0.16328458472147656
M0081_2561,KFDNMRMF,ตราสารทุน,383478157.76,352071719.36,1,0.08920466107613234
M0081_2566,MTOP4,ผสม,12488212.98,25241066.66,1,-0.5052422645913649
M0081_2569,ES-GOVCP6M52,ตราสารหนี้,1054970159.98,0.0,1,
M0082_2545,M-BOND,ตราสารหนี้,54836463.88,61599987.88,1,-0.10979748913548004
M0082_2563,KFDIVSSF,ตราสารทุน,672754377.04,495101095.66,1,0.358822234362413
M0082_2564,B-GTORMF,ตราสารทุน,402393859.08,421079016.84,1,-0.04437446895412489
M0082_2567,DAOL-BHARAT,ตราสารทุน,51543269.59,56266608.01,1,-0.08394567554455279
M0082_2569,KF-WORLD-INDFX,ตราสารทุน,679334473.98,0.0,3,
M0083_2545,UOBGBRMF,ตราสารหนี้,1550396108.02,1449335108.42,1,0.0697292151503679
M0083_2558,BCARERMF,ตราสารทุน,8093858303.88,6676962498.68,1,0.2122066441859023
M0083_2561,KFDYNAMIC2,ตราสารทุน,158321074.57,290530036.29,3,-0.4550612508375288
M0083_2565,KT-LUXURY,ตราสารทุน,210672969.05,636847408.8199999,6,-0.6691939605433095
M0083_2569,SCBSB6M72,ตราสารหนี้,2552096653.3,0.0,1,
M0084_2545,MMF-RMF,ตราสารหนี้,370037096.61,322812119.21,1,0.14629245492880227
M0084_2563,MRENEW,ตราสารทุน,1635653891.78,1570791520.67,4,0.04129279427376442
M0084_2565,B-ASIASSF,ตราสารทุน,272263945.72,191852084.17,1,0.4191346781447898
M0085_2566,ASP-SMERMF,ตราสารทุน,39893806.19,33642210.14,1,0.1858259616114506
M0086_2559,SCBST555B,ผสม,63531051.37,57526664.74,1,0.10437571267407342
M0086_2562,KT-JPFUND,ตราสารทุน,2227450312.9,703784582.55,5,2.164960370159504
M0086_2563,BMAPS25,ผสม,189941167.57,182196259.61,1,0.04250860021264069
M0086_2564,PRINCIPAL GCLEAN,ตราสารทุน,5831352965.09,2974702981.6,7,0.9603143578232127
M0086_2565,TVIETNAM,ตราสารทุน,96742201.0,303903200.19,1,-0.6816677121546701
M0086_2569,ES-GOVCP6M53,ตราสารหนี้,502397504.35,0.0,1,
M0087_2560,KT-CHINA,ตราสารทุน,20007508171.32,25325873519.09,6,-0.2099973113962348
M0087_2561,B-FUTURE,ตราสารทุน,2360413867.47,2331859497.47,1,0.012245321826199529
M0088_2545,UOBSVRMF,ตราสารหนี้,354854472.64,252542620.33,1,0.40512707192278286
M0088_2561,KT-MAB,ผสม,6010832128.52,6070351993.44,4,-0.009805010481158227
M0088_2562,ONE-GECOM,ตราสารทุน,747288283.55,1052750072.4,1,-0.290156036896417
M0088_2564,ONE-GLOBALTOP8M12A,ผสม,136643346.96,208249815.66,1,-0.3438488935659305
M0088_2565,SCBRMCLEAN,ตราสารทุน,345689455.0,125913359.82,2,1.7454549342038201
M0088_2568,B-US2000P,ตราสารทุน,142565958.22,99209171.86,1,0.4370239721503104
M0089_2542,MFX,ผสม,11154063.53,8569731.84,1,0.3015650592399399
M0089_2545,UOBEQRMF,ตราสารทุน,1510297329.24,1299173742.04,1,0.16250604547201486
M0089_2556,SPOT33S7,ผสม,50530131.12,37986347.2,1,0.3302182190342322
M0089_2561,B-TOPTENRMF,ตราสารทุน,3115022654.93,2727789210.22,1,0.1419587126670867
M0089_2564,KKP G-HYB-H-UI FUND,ตราสารหนี้,494460976.67999995,374548237.65000004,4,0.3201529922617161
M0090_2546,KFFIN-D,ตราสารทุน,2137981141.94,1585027996.04,1,0.3488601761492456
M0090_2556,SPOT33S8,ผสม,55036137.76,40401714.21,1,0.36222283722748005
M0090_2558,TGHSTARP,ตราสารทุน,148149131.86,180167773.42,1,-0.17771569772003226
M0090_2559,ES-USBLUECHIP,ตราสารทุน,2786639715.05,3236221262.24,1,-0.13892175805025608
M0090_2561,SCBLTSE,ตราสารทุน,493571238.15999997,180713062.18,8,1.7312427347856918
M0090_2564,ONE-GLOBALTOP8M14,ผสม,133040949.8,171701020.53,1,-0.22515923673991922
M0090_2568,LHGENHANCED,ตราสารทุน,137136390.9,0.0,2,
M0090_2569,KFTGB6M57,ตราสารหนี้,944470056.79,0.0,1,
M0091_2560,TISCOGEM,ตราสารทุน,41276737.35,48118934.22,1,-0.14219344174826154
M0092_2566,FP TTG6M1,ผสม,13626238.77,0.0,1,
M0092_2567,B-SI-THAIESG,ตราสารหนี้,6669914414.9,4060867560.21,1,0.6424850887171207
M0093_2545,M-VALUE,ผสม,1097700496.08,957232988.05,1,0.14674327962322886
M0093_2553,GOLD-RMF,ทรัพย์สินทางเลือก,299990688.97,190884796.54,2,0.5715797926690136
M0093_2569,TLDEFENSERMF,ตราสารทุน,7393601.44,0.0,1,
M0094_2558,M-MIDSMALL,ตราสารทุน,106857072.97,117495498.03000002,3,-0.09054325687681852
M0094_2561,SCBOPP,ผสม,1982068177.63,1199034974.38,4,0.6530528466485248
M0095_2545,TFIRMF,ตราสารหนี้,474327205.90999997,464673773.05,3,0.02077464539613949
M0095_2559,TINC,ผสม,550654118.34,781342124.31,3,-0.295245832513791
M0095_2562,UDAILY,ตราสารหนี้,151857161.27,126831715.48,1,0.19731220771784197
M0095_2563,X-SEQS,ตราสารทุน,22037336.2,15682745.170000002,6,0.40519634548139494
M0095_2567,K-ESGSI,ตราสารหนี้,11306664245.27,6766763314.5199995,2,0.6709117372272151
M0096_2545,TEGRMF,ตราสารทุน,596475840.52,812589374.46,3,-0.26595663287329674
M0096_2560,KFJPINDX,ตราสารทุน,1058584185.22,303446652.57,2,2.4885347267945312
M0096_2562,BCAP-GW25,ผสม,801132585.52,111806836.78,1,6.165327350208217
M0096_2563,K-GTPE20A-UI,ผสม,1552162335.51,0.0,1,
M0096_2567,TLFVMR-ASIAX,ตราสารทุน,3171638299.68,186718378.76,1,15.98621378753878
M0096_2569,UGUSD6M13,ตราสารหนี้,7726827.78,0.0,1,
M0098_2551,PFIXRMF,ตราสารหนี้,15275890.0,14251128.57,1,0.07190738789328033
M0098_2564,LHMOBILITY,ตราสารทุน,22885635.759999998,28826943.52,3,-0.2061025913440303
M0100_2547,ES-SET50DV,ตราสารทุน,1083822896.74,951881710.27,1,0.13861090621499073
M0100_2560,ES-EAE,ตราสารทุน,1504694152.08,1517482512.21,1,-0.008427352557345613
M0100_2563,KFGBRANSSF,ตราสารทุน,1666960032.25,2097193859.48,1,-0.20514738076558958
M0101_2561,KT-MFE,ตราสารทุน,2116856736.8,2473083814.72,4,-0.14404165188405937
M0101_2568,KF-EMXCN,ตราสารทุน,1280499764.45,39772997.9,3,31.195203581825048
M0102_2559,KT-GMO,ผสม,338190775.52,485933681.36,4,-0.30403923726074444
M0102_2561,UVO,ตราสารทุน,84171873.73,86153642.41,1,-0.023002726577349697
M0103_2561,KT-MFB,ตราสารหนี้,843711101.72,1125865430.8,4,-0.2506110600442818
M0104_2557,ASP-THEQ,ตราสารทุน,24197636.74,30185263.22,1,-0.19836257303308025
M0104_2564,DAOL-CANAB,ตราสารทุน,36529838.24,7162181.12,1,4.100379008566597
M0104_2568,DAOL-DAPP,ตราสารทุน,1443653569.85,406347311.87,1,2.5527577707019713
M0104_2569,KTGOV6M30,ตราสารหนี้,3572385279.0,0.0,1,
M0105_2545,KFMTFIRMF,ตราสารหนี้,6019509436.04,5275310452.7,1,0.1410720733903168
M0105_2562,DAOL-MONEY,ตราสารหนี้,8884603866.9,4093468031.7,2,1.170434408696301
M0105_2563,DAOL-GIHEALTH,ตราสารทุน,58523238.89,43404940.27,1,0.3483082461571603
M0105_2566,SW,ผสม,23009113.569999997,19056810.46,2,0.20739583459130428
M0105_2568,X-FIXED6M1R,ตราสารหนี้,410953079.49,348510739.44,1,0.17916905559448382
M0106_2569,KTGOV6M1S,ตราสารหนี้,4226478002.33,0.0,1,
M0107_2545,KFLTGOVRMF,ตราสารหนี้,1723875183.14,1789535100.48,1,-0.03669104748064911
M0107_2561,KFVIET,ตราสารทุน,2601437217.87,4550209244.82,3,-0.42828184861355545
M0107_2563,BMAPS55,ผสม,308795935.05,323196392.52,1,-0.0445563682122746
M0107_2564,ONE-UJE,ตราสารทุน,463389675.29999995,145020153.35999998,3,2.1953467470805603
M0108_2545,KFFLEX2RMF,ผสม,710270698.06,618386165.23,1,0.1485876269496178
M0108_2563,BMAPS100,ผสม,230725619.15,292409922.56,1,-0.21095147137950798
M0108_2564,USI,ตราสารหนี้,248545224.85,317065153.66,1,-0.21610677811500012
M0109_2551,KKP GHC FUND,ตราสารทุน,2941480876.8999996,1481448781.6200001,6,0.9855434176289368
M0110_2545,RMF1,ผสม,1875061936.57,1702880013.72,1,0.10111218727258575
M0110_2559,SCBABSFUND,ผสม,27543625.11,34922486.82,4,-0.21129256195392565
M0110_2563,B-CHINAARMF,ตราสารทุน,4841876127.27,3498751031.36,1,0.38388701678722015
M0110_2564,SCBGEX,ตราสารทุน,6883469954.29,25171316668.62,8,-0.7265351652076537
M0110_2565,DAOL-XPROP,ผสม,6016498.74,17807670.75,2,-0.662140050517275
M0110_2568,K-CHINNO25A-UI,ทรัพย์สินทางเลือก,591558667.65,0.0,1,
M0110_2569,KFUSD-FGB6M1,ตราสารหนี้,4041573.0,0.0,1,
M0111_2561,M-SUKUK,ตราสารหนี้,584189453.67,140274068.29,1,3.1646290065691796
M0112_2545,RMF2,ตราสารหนี้,2448915850.64,2533028344.3,1,-0.033206297848690225
M0112_2564,B-FUTURERMF,ตราสารทุน,498690920.64,481499299.28,1,0.03570435384995818
M0112_2565,LHGEQP,ตราสารทุน,772223480.23,105359417.91,5,6.329420525933884
M0112_2569,BP3/26 (AI),ตราสารหนี้,5582125304.29,0.0,1,
M0113_2553,BGOLD,ทรัพย์สินทางเลือก,6893851402.49,2837515243.98,1,1.4295381027875775
M0113_2556,LHGROWTH,ตราสารทุน,685857939.0600001,339670431.62,4,1.0191864678621507
M0113_2561,M-TWSUK RMF,ผสม,324241090.15,265808437.2,1,0.21982994055991534
M0113_2563,DAOL-GEDUCATION,ตราสารทุน,20389804.88,19939403.98,1,0.02258848361023058
M0114_2542,ONE-FLEX,ผสม,25321854.59,22347563.92,1,0.1330923889801765
M0114_2569,SCBSB6M73,ตราสารหนี้,1124811828.21,0.0,1,
M0115_2556,SPOT33S10,ผสม,42127015.56,31605612.4,1,0.3328966712253929
M0115_2569,X-DAILY,ตราสารหนี้,505141783.49,0.0,1,
M0116_2549,UOBSD-M,ตราสารหนี้,12964999940.84,12237049878.83,2,0.05948738210745952
M0116_2553,BGOLDRMF,ทรัพย์สินทางเลือก,7495842954.15,4328787976.92,1,0.7316262644684688
M0116_2564,SCBCHTG2,ผสม,429012940.85,471784358.78,1,-0.09065882989551355
M0116_2569,UGFT-USD,ตราสารทุน,13616105.87,0.0,1,
M0117_2555,PRINCIPAL DEF,ตราสารทุน,942613905.19,746974138.99,1,0.26190969136432063
M0117_2561,ES-INDAE,ตราสารทุน,1515074635.57,2038790474.94,1,-0.2568757534466177
M0118_2556,SPOT33S11,ผสม,33091922.68,26313718.33,1,0.25759203868471303
M0118_2561,K-VIETNAM,ตราสารทุน,7879672334.05,10985567197.04,1,-0.28272503433658547
M0119_2569,SCBCR1YAJ,ผสม,4707133668.97,0.0,1,
M0120_2550,EHD,ตราสารทุน,129728510.59,134627116.08,1,-0.03638646977395765
M0120_2564,SCBCTECH,ตราสารทุน,4886865467.23,10630604098.4,8,-0.5403021858404532
M0120_2565,ES-VIETNAMRMF,ตราสารทุน,370170102.56,396231770.05,1,-0.06577379569213071
M0121_2560,B-INCOME,ผสม,3687128813.16,3122435271.12,1,0.18085035973778485
M0121_2564,MCBOND,ตราสารหนี้,62772265.55,87296198.98,1,-0.28092784928263104
M0122_2564,ASP-T12,ตราสารทุน,223098518.09,151042034.75,1,0.47706245125249813
M0122_2565,PRINCIPAL GESG,ตราสารทุน,1022297717.7900001,795047786.48,8,0.2858317892011597
M0122_2569,TJPT5M3,ตราสารทุน,81587553.15,0.0,1,
M0124_2552,KF-OIL,ทรัพย์สินทางเลือก,268696968.63,403029221.75,1,-0.33330648466806867
M0124_2558,KT-ASEAN,ตราสารทุน,644515907.89,1025402292.09,6,-0.3714506853926258
M0124_2561,SCBCHEQ,ตราสารทุน,3733867172.2200003,3168875329.32,4,0.17829412147345036
M0124_2563,BEQSSF,ตราสารทุน,3977427480.69,2880023514.09,1,0.38103993291414007
M0125_2553,FP ASIAN SM,ตราสารทุน,145855993.01,127438317.6,1,0.14452227365248893
M0125_2556,ES-DMIXED,ผสม,77397794.08,79687310.81,1,-0.02873125854954428
M0125_2560,ASP-FFPLUS,ตราสารหนี้,46598131.91,77830708.6,2,-0.40128860769488095
M0125_2561,KFGOOD,ผสม,234872002.97,338353044.47,1,-0.3058374771301198
M0125_2563,KFDIVERSE,ตราสารหนี้,252226571.59,339357655.61,4,-0.25675296425354155
M0126_2563,KFS100,ตราสารทุน,2596282576.25,1885746325.63,4,0.37679312480305116
M0126_2568,LHGIGO,ตราสารหนี้,935466909.44,685063123.79,3,0.36551928859443206
M0127_2559,UIDPLUS,ตราสารหนี้,7770261912.13,2476421930.23,1,2.137697101320828
M0128_2552,TGOLD,ทรัพย์สินทางเลือก,1927810952.28,686084361.82,1,1.8098744987657613
M0129_2564,B-GTOSSF,ตราสารทุน,227952020.6,213113730.5,1,0.06962615719403398
M0130_2545,KACB,ตราสารหนี้,1671540633.49,2427286185.47,1,-0.3113541190585499
M0130_2567,MEGA10AI,ตราสารทุน,1393271235.04,428915528.96999997,4,2.2483581053495754
M0131_2558,FP INDIA,ตราสารทุน,74751970.87,109771306.54,2,-0.3190208513846846
M0131_2562,K-CHANGE,ตราสารทุน,9481404023.73,11207200478.93,3,-0.1539899690778771
M0131_2569,K-FGB6MP(USD),ตราสารหนี้,16489064.38,0.0,1,
M0132_2545,FCF,ผสม,199442934.31,194899264.02,1,0.02331291661282897
M0132_2556,I-SMART,ผสม,36980131.44,49849744.8,1,-0.2581680891573993
M0132_2558,KF-GCHINAD,ตราสารทุน,828282919.96,859418115.52,1,-0.03622822814383109
M0132_2563,TEGSSF,ตราสารทุน,175666445.67000002,137881449.09,2,0.2740397408743249
M0132_2569,MKAI6S42,ตราสารหนี้,463157029.47,0.0,1,
M0133_2545,KFGOVRMF,ตราสารหนี้,7864499209.3,8261513305.47,1,-0.048055856292954724
M0133_2558,ES-CHCHALLENGE#1,ตราสารทุน,21690467.55,30346454.41,1,-0.285238820425348
M0133_2561,FP USBANK,ตราสารทุน,28435913.48,30471998.46,2,-0.0668182292891859
M0133_2563,ES-EQDSSFX,ตราสารทุน,203934558.89,147954093.24,1,0.378363750702001
M0134_2545,KASF,ตราสารหนี้,409460816.16,573118911.98,1,-0.28555696278560627
M0134_2546,FLEXAR,ผสม,272695412.4,229657124.27,1,0.1874023645763383
M0134_2564,SCBDJI,ตราสารทุน,1834115164.53,524732332.21999997,8,2.495334767671656
M0135_2545,KAEQ,ตราสารทุน,2363795636.77,1030651812.83,1,1.2934958318070646
M0135_2551,KKP MP FUND,ตราสารหนี้,45151857367.369995,36682973334.54,3,0.2308668917210115
M0135_2563,LHSMARTDSSF,ผสม,154340644.57,128763697.91,2,0.1986347633311769
M0135_2566,TNASDAQ,ตราสารทุน,756766090.97,200505325.06,2,2.7742942275649902
M0135_2568,K-GDBONDRMF,ตราสารหนี้,824740179.1,24938892.64,1,32.070441057883315
M0136_2545,KFTSRMF,ผสม,1817642304.36,1582517980.96,1,0.1485760833234684
M0136_2563,ONE-TCMSSF,ผสม,57082067.129999995,37267183.13,2,0.5316979265880992
M0136_2564,KT-CHINABOND,ตราสารหนี้,6993241457.849999,1325175604.78,6,4.277218681527863
M0136_2566,BCAP-MNH UI,ผสม,4499022682.93,1706476490.1,1,1.6364398859467184
M0137_2564,ONE-GLOBALTOP8M15,ผสม,31549350.69,43266401.51,1,-0.2708117710526927
M0138_2562,M-MEGA,ตราสารทุน,88652645.63,95980486.50999999,2,-0.0763471945856049
M0138_2564,ONE-GLOBALTOP8M16,ผสม,35940761.59,57185142.56,1,-0.37150175760618054
M0139_2552,KTSV,ตราสารหนี้,44800166553.7,15838226113.74,2,1.8286101127723446
M0139_2555,ES-AASF,ผสม,1580956630.82,1765801385.18,7,-0.10468037680305575
M0140_2545,ABSC-RMF,ตราสารทุน,2985953258.35,2508251187.09,1,0.19045224565974017
M0140_2555,ES-AAMF,ผสม,711029450.09,928742491.15,7,-0.234417013472077
M0140_2556,ONEPROP-D,ทรัพย์สินทางเลือก,552429063.66,575689897.26,2,-0.04040514469805723
M0140_2557,MMM-PLUS,ตราสารหนี้,3360302173.53,2607000893.85,1,0.28895321112357975
M0140_2558,K-ENERGY,ตราสารทุน,212383279.93,181443082.38,1,0.17052288323233689
M0140_2564,ES-GINNORMF,ตราสารทุน,233831315.44,239923536.09,1,-0.025392342699195214
M0140_2568,TLUS500-UH,ตราสารทุน,1842758495.87,454019897.52,4,3.058761534319814
M0140_2569,K-GSF(USD),ตราสารหนี้,2025260.85,0.0,1,
M0141_2545,ABSI-RMF,ตราสารหนี้,552602000.14,528311620.15,1,0.0459773721863308
M0141_2555,ES-AALF,ผสม,1858968692.77,2193352446.9500003,7,-0.1524532706291607
M0141_2557,ES-SMCAP,ตราสารทุน,36540383.0,31914726.55,1,0.14493799414991382
M0141_2559,SCBEUSMFUND,ตราสารทุน,481902550.91,2477758019.1099997,5,-0.8055086303047876
M0141_2561,KT-WTAI,ตราสารทุน,8619554703.76,12149668509.32,4,-0.29055227332762634
M0142_2542,ASP,ตราสารหนี้,380000040.73,358096412.19,1,0.06116684723548227
M0142_2561,SCBJPSM,ตราสารทุน,89011547.35,339253824.33,4,-0.7376255152737308
M0142_2566,UQI,ตราสารหนี้,316218385.53,117636709.72,3,1.688092741480665
M0142_2569,K-GB6MCW,ตราสารหนี้,2758685280.91,0.0,1,
M0143_2549,KFSEQ2,ตราสารทุน,808434663.01,603119.06,2,1339.4230053847077
M0143_2568,USDAILY,ตราสารหนี้,114661276.13,44649241.27,1,1.568045343405227
M0143_2569,USDREADY,ตราสารหนี้,27346871.81,0.0,1,
M0144_2556,LHFL,ผสม,143668154.27,117417330.97,1,0.22356855741089077
M0144_2559,M-PROP RMF,ผสม,232965629.04,209025976.34,1,0.11452955809214793
M0144_2563,SCBSETSSF,ตราสารทุน,1639493213.66,1154373563.4,2,0.42024494118798694
M0144_2564,K-AHYC-UI,ตราสารหนี้,789822236.5,963485880.74,1,-0.18024513665588815
M0144_2567,SCBSNLOAN,อื่น ๆ,163458871.37,1558876735.08,4,-0.8951431709181217
M0144_2569,UIFT-USD,ผสม,5175514.26,0.0,1,
M0145_2549,ABFTH,ตราสารหนี้,11079595451.93,12343560153.12,1,-0.10239871524185151
M0145_2565,LHGDIV,ตราสารทุน,40225680.2,301226058.55,5,-0.8664601582159499
M0145_2569,KFSGB6M28,ตราสารหนี้,4352837592.69,0.0,1,
M0146_2549,ASP-NGF,ตราสารทุน,637933937.24,461599253.77,1,0.3820081640726869
M0146_2555,PRINCIPAL iDAILY,ตราสารหนี้,534480422.1,591430145.35,7,-0.096291546343648
M0146_2562,BCAP-GW10,ผสม,931646473.18,187330206.53,1,3.973284823826858
M0146_2565,SCBRMPGF,ตราสารทุน,165794175.36,116954911.64,2,0.4175905315574313
M0146_2568,MEGA10AICHINA,ตราสารทุน,1211136967.47,561958068.9000001,3,1.1552087860233584
M0147_2549,ASIA-E,ตราสารทุน,16491883.3,12248863.07,1,0.34640114806998157
M0147_2561,ES-SMARTBETA,ตราสารทุน,464895771.94,423268809.66,1,0.09834639673411738
M0147_2562,BCAP-GW50,ผสม,469872696.77,173608365.1,1,1.7065095423215872
M0148_2553,PRINCIPAL CII,ตราสารทุน,15959041.33,18929549.63,1,-0.15692440433407184
M0148_2559,ONE-ACT,ผสม,181247253.48,213421326.76,4,-0.1507537872078778
M0148_2560,B-ASEANRMF,ตราสารทุน,883418589.18,827408573.65,1,0.06769329846670491
M0148_2562,BCAP-GW75,ผสม,212245417.73,123080499.09,1,0.7244439151550728
M0148_2569,B2/26,ตราสารหนี้,2839961152.71,0.0,1,
M0149_2562,BCAP-GW90,ผสม,268238580.08,166427861.64,1,0.6117408313532666
M0149_2564,ONE-VIETNAMRMF,ตราสารทุน,244727042.26,247641544.62,2,-0.01176903642913485
M0149_2565,BMAPS100RMF,ผสม,125470389.79,70279906.17,1,0.7852953515119925
M0149_2567,LHGBLOCK,ตราสารทุน,157703063.72,71912560.33,5,1.1929835761140395
M0149_2568,ES-NDQPIN-UH,ตราสารทุน,2184794491.05,964082425.31,8,1.2661905597412808
M0150_2561,KFHTECH,ตราสารทุน,6814919934.570001,8285757410.469999,3,-0.17751394387209884
M0150_2564,ASP-EVOCHINA-SSF,ตราสารทุน,23274622.4,26259688.05,1,-0.11367483285849633
M0150_2565,ONE-CHINATOP10M-UH,ผสม,45003509.7,49222575.29,1,-0.08571403599147187
M0151_2563,SCB70SSF,ผสม,3037941043.38,2433888350.28,2,0.24818422465044798
M0152_2558,TISCOC19,ตราสารทุน,68560086.22,82976413.81,1,-0.17374006573736267
M0152_2561,HI-DIV RMF,ตราสารทุน,65812390.83,55972131.52,1,0.17580640655937607
M0152_2564,SCBFINTECH,ตราสารทุน,491077036.69,167659202.59,8,1.929019279012664
M0152_2567,TGQUALITYRMF,ตราสารทุน,122321329.81,65050754.239999995,3,0.8803983326419924
M0153_2569,TLWORLDRMF,ตราสารทุน,65280547.72,0.0,1,
M0154_2541,K-CBOND,ตราสารหนี้,7491673547.0,7692054233.12,2,-0.026050347546590635
M0154_2561,SCBFIXED,ตราสารหนี้,49763188540.54,35680496778.76,4,0.3946887805150512
M0154_2564,USUSRMF,ตราสารทุน,148080749.53,168400450.35,1,-0.12066298384456786
M0154_2569,TSILVER,ตราสารทุน,286926536.77,0.0,1,
M0155_2547,M-S50,ตราสารทุน,867948556.3399999,591783598.4,2,0.4666654477864285
M0155_2556,SCBCEHFUND,ตราสารทุน,2552142327.7599998,5944776946.08,5,-0.5706916590970014
M0155_2563,MTQS,ตราสารทุน,49305795.519999996,35927162.41,2,0.37238212573883045
M0155_2565,TLSMALLEQ,ตราสารทุน,4431836.41,11881816.06,4,-0.6270068154884397
M0155_2569,M-MEM,ตราสารทุน,1934964042.68,0.0,1,
M0156_2564,KT-GEQ,ตราสารทุน,9181893893.89,66243888034.38,9,-0.8613925878093889
M0157_2550,ABGEM,ตราสารทุน,377451659.06,190821540.07,1,0.9780348639966829
M0157_2563,KTESGS,ตราสารทุน,685954576.99,500957602.55999994,2,0.3692866891022837
M0157_2568,KT-USSM,ตราสารทุน,248557800.75,141265871.54999998,5,0.7595035377106272
M0158_2563,KT70/30S,ผสม,847363331.5,666232117.12,2,0.2718740356784317
M0158_2564,SCBAUTO,ตราสารทุน,232796118.87,130433102.69,8,0.7847932316943032
M0159_2549,K-STAR,ตราสารทุน,3667478556.27,3647521005.41,5,0.005471538294200107
M0159_2555,K-USA,ตราสารทุน,7410140305.98,11345745049.79,3,-0.34687935666973635
M0159_2564,TUSMS,ตราสารทุน,42340891.47,59284874.9,1,-0.2858061766779574
M0160_2564,PRINCIPAL CHTECH,ตราสารทุน,6419050206.38,7517743326.449999,7,-0.14614666560966771
M0161_2563,K-SUPSTAR-SSFX,ผสม,2255517879.79,1585186867.66,1,0.42287191863980067
M0161_2564,KFAHYBON,ตราสารหนี้,657342477.48,782445772.36,2,-0.15988749546523273
M0161_2569,SCBGOFIX,ตราสารหนี้,5170161806.88,0.0,6,
M0162_2564,SCBINNO,ตราสารทุน,781798315.5699999,701122501.9200001,8,0.11506664445809678
M0162_2565,DAOL-THAITRIG6M,ผสม,9800753.92,9605935.83,1,0.020281010975689684
M0162_2569,SCBCR1YAK,ผสม,2075219862.9,0.0,1,
M0163_2556,TUSREIT,ทรัพย์สินทางเลือก,238841620.29,317374569.8,1,-0.2474456272898271
M0163_2559,LHPROPINFRA,ผสม,279554245.27,235701425.35,3,0.1860524171836535
M0163_2564,SCBNEXT,ตราสารทุน,981494530.96,479656178.65,8,1.0462459875372234
M0164_2563,KKP SET50 ESG FUND,ตราสารทุน,1258541790.17,601044146.79,7,1.093925707273753
M0164_2564,SCBGENOME,ตราสารทุน,344340567.98999995,136315088.93,8,1.526063480520666
M0165_2550,ES-GLOBALVALUE,ตราสารทุน,71536568.84,61881588.84,1,0.156023466445953
M0165_2562,UJSMRMF,ตราสารทุน,79372656.58,38962282.9,1,1.0371664767107371
M0165_2563,UOBEQ-MSSF,ตราสารทุน,1056944231.02,781523978.61,2,0.3524143339784096
M0165_2569,KTGOV3M2S,ตราสารหนี้,1506430694.52,0.0,1,
M0166_2560,PRINCIPAL GOPP,ตราสารทุน,6619192496.990001,9432583148.32,7,-0.29826301100044694
M0166_2567,MFAI-Roll6M3,ตราสารหนี้,733271856.08,552022787.1,1,0.32833620860503787
M0167_2559,KFSMART,ตราสารหนี้,147802759524.19,92743365132.72,2,0.5936747530421986
M0167_2561,UGEAR-M,ตราสารทุน,838327835.3299999,611378946.9000001,3,0.3712082164110251
M0167_2565,BMAPS55RMF,ผสม,164592016.72,111663986.64,1,0.47399373488820307
M0167_2568,AIA-GAIF,ผสม,4739548275.28,12712653.95,1,371.82130811717724
M0168_2561,KT-CSBOND,ตราสารหนี้,1559405194.68,1769297658.64,4,-0.11863038586810615
M0168_2568,PRINCIPAL FI23M1AI,ตราสารหนี้,403851375.94,404501752.69,1,-0.0016078465561023547
M0169_2564,UNIRMF,ตราสารทุน,77617986.77,70065923.35,1,0.1077851123473419
M0170_2549,KFEQRMF,ตราสารทุน,1271102955.39,1131073672.45,1,0.12380208853830443
M0170_2550,B-MIXED75,ผสม,7756184993.73,0.0,1,
M0170_2564,B-CHINESSF,ตราสารทุน,566640869.66,492414462.71,1,0.15073969708666834
M0171_2564,B-FINTECH,ตราสารทุน,547822170.2,753699836.26,1,-0.27315604456225384
M0171_2565,KFYENJAI,ผสม,7741025400.51,4626441494.46,3,0.673213723718241
M0172_2563,PRINCIPAL SET50SSF,ตราสารทุน,204687547.26,137310362.68,2,0.4906926415817692
M0173_2552,SCBAUDFUND,ตราสารหนี้,932301545.4000001,209423076.9,5,3.451761282474024
M0175_2557,ES-EG,ตราสารทุน,9209736145.74,11673929775.59,7,-0.2110851852991774
M0175_2560,MIDSMALLEQ,ตราสารทุน,31468822.78,74380974.72,2,-0.5769237644644838
M0175_2563,ASP-SME-MSSF,ตราสารทุน,139029909.66,123642799.65,2,0.12444808798859963
M0175_2569,KT-ARE,ตราสารทุน,1557376531.44,0.0,1,
M0176_2563,MTFS,ผสม,138787197.23,112709758.25999999,2,0.2313680676152663
M0176_2569,K-GB6MCX,ตราสารหนี้,513826106.87,0.0,1,
M0177_2550,KF-DB70,ผสม,2095563767.56,4244712596.88,2,-0.5063119776117925
M0177_2551,PRINCIPAL EPIF,ตราสารทุน,1125204580.52,769610641.12,1,0.462043948460108
M0177_2569,KFTGB6M58,ตราสารหนี้,3046164883.05,0.0,1,
M0178_2545,GBRMF,ตราสารหนี้,693552718.74,617841403.56,1,0.12254166642726072
M0178_2560,KFJPSCAP,ตราสารทุน,204506793.57000002,119904783.41,2,0.7055766063203135
M0178_2565,BMAPS25RMF,ผสม,107412403.54,91514590.63,1,0.17371888789052226
M0178_2568,ONE-ELITE11,ตราสารทุน,222236381.62,236955965.74,2,-0.06211949158583785
M0178_2569,KFUSD-FGB6M2,ตราสารหนี้,5072662.78,0.0,1,
M0180_2545,CPRMF1,ผสม,33406145.08,32313550.14,1,0.033812284173861284
M0180_2562,KT-CARE,ผสม,316686620.55,399657950.90000004,5,-0.20760585436409995
M0180_2564,MCHEVO,ตราสารทุน,168103119.58,265842202.57,1,-0.36765826511034827
M0180_2569,DAOL-GOLDXJ,ตราสารทุน,294010338.39,0.0,1,
M0181_2545,ERMF,ตราสารทุน,1271328134.91,1051661836.49,1,0.20887541108570873
M0181_2559,KT-PIF,ผสม,2988276935.9300003,2981669335.81,5,0.0022160740765726494
M0181_2563,SCBEQSSF,ตราสารทุน,1663227860.4,1241123603.92,2,0.3400984842660424
M0181_2564,SCBRMCHA,ตราสารทุน,881086024.22,762106982.07,1,0.15611855677641806
M0181_2569,SCBSB6M75,ตราสารหนี้,2663848539.08,0.0,1,
M0182_2559,ES-GINCOME,ตราสารหนี้,40837592897.45,84753850107.84999,7,-0.5181623861867772
M0182_2565,SCBGQUAL,ตราสารทุน,572987970.54,982374057.01,8,-0.41673136983688963
M0182_2569,M-FREEDOM,ตราสารทุน,247736895.26,0.0,1,
M0184_2561,KKP CorePath Balanced RMF,ผสม,575694273.27,0.0,1,
M0184_2569,A-ASEMI,ตราสารทุน,804852738.27,0.0,1,
M0185_2565,SCBGVALUE,ตราสารทุน,570301682.6999999,64850600.92,8,7.79408478270736
M0186_2548,RMF3,ตราสารหนี้,3891641904.32,3873404059.25,1,0.004708479877395311
M0186_2563,BCAP-GTAC,ผสม,5522264079.32,1043496069.48,1,4.292079424958334
M0187_2552,ASP-OIL,ทรัพย์สินทางเลือก,11776890.27,7005253.06,1,0.681151297338001
M0187_2563,ABTESSF-M,ตราสารทุน,79974093.33,62595330.42,2,0.277636730941311
M0187_2565,PRINCIPAL THTG6M1,ผสม,21160443.62,23722386.49,1,-0.10799684387066055
M0187_2568,MEGA10AICHINARMF,ตราสารทุน,27303333.91,6411819.1,1,3.258282007675482
M0189_2564,ES-STARTECH,ตราสารทุน,1106509977.08,396576654.84,1,1.790154093983229
M0189_2569,TDEFENSE,ตราสารทุน,41950425.17,0.0,1,
M0190_2552,TISCOAP,ตราสารทุน,52524826.93,52339599.77,1,0.0035389487274253284
M0190_2569,KFSGB6M29,ตราสารหนี้,1866696652.6,0.0,1,
M0191_2550,SCBLTS,ผสม,297735401.97,314359135.21,1,-0.05288134295475422
M0191_2556,KTILF,ตราสารหนี้,1128782812.15,365945010.29,1,2.0845694856051593
M0191_2565,ES-INDONESIA,ตราสารทุน,261126489.64,411098902.23,1,-0.3648085941764302
M0192_2559,K-GIFRMF,ตราสารทุน,590578075.02,415876062.06,1,0.42008191597908096
M0193_2564,KKP GIMPACT-H FUND,ตราสารทุน,47605018.19,71857751.14,3,-0.3375103251248227
M0194_2555,MIX-D1585,ผสม,30432282.13,34285461.28,1,-0.11238522120300909
M0194_2564,KFCMEGA,ตราสารทุน,1305085443.1000001,1919528993.7,3,-0.32010120848220447
M0195_2559,LHIP,ผสม,870449418.4499999,796638130.08,3,0.09265347161149262
M0195_2561,LHGEQ,ตราสารทุน,1576614020.18,1463681373.0,7,0.07715657879045779
M0196_2562,TISCOWB,ตราสารทุน,163587601.38,96809074.03,2,0.6897961582537822
M0196_2564,SCBTRAVEL,ตราสารทุน,1505899843.77,408997092.34,8,2.681932884056161
M0197_2561,B-ASIARMF,ตราสารทุน,1401098702.35,755789033.07,1,0.8538224835821775
M0197_2563,DAOL-BOND6M,ตราสารหนี้,111658081.84,158164540.38,1,-0.2940384641732299
M0197_2564,tsp1-preserver,ตราสารหนี้,304013590.78,467614470.19,1,-0.3498627391567376
M0198_2556,SPOT33S14,ผสม,33433301.81,26178917.86,1,0.27710786170746626
M0198_2564,tsp5-gogetter,ตราสารทุน,1144998582.17,1532644292.48,1,-0.25292607828966185
M0199_2564,tsp2-nurturer,ผสม,847543525.83,1828649409.53,1,-0.536519399829716
M0200_2542,TISCOFLEX,ผสม,41998901.95,44830450.07,1,-0.06316126908337316
M0200_2563,MGF,ตราสารทุน,788690792.29,712219739.98,4,0.10737002643614924
M0200_2564,tsp3-balancer,ผสม,1233572402.64,1550269406.55,1,-0.20428514074517123
M0201_2561,PRINCIPAL iPROPPLUS,ทรัพย์สินทางเลือก,631658724.38,569386727.33,1,0.1093667872133397
M0201_2563,ES-GCG,ตราสารทุน,2028999558.04,2898574783.91,8,-0.30000096278247346
M0201_2564,tsp4-explorer,ผสม,517068151.95,657824444.74,1,-0.21397242670973238
M0202_2556,BSIRIRMF,ตราสารทุน,3574002899.33,2703917769.84,1,0.32178683064813973
M0203_2556,SPOT33S15,ผสม,41397422.12,31162536.7,1,0.32843556731374823
M0203_2560,TISCOBIG,ตราสารทุน,83545082.14,96139960.76,1,-0.13100565592533742
M0204_2542,SMART,ตราสารหนี้,652780183.0699999,1140636897.01,3,-0.42770553470507544
M0204_2549,K-GLOBE,ตราสารทุน,22545702842.69,13123416351.15,1,0.7179751247253789
M0204_2559,LHPROPIA,ผสม,671178664.3899999,801407293.12,6,-0.16249992962130444
M0205_2564,DAOL-BOND6M2,ตราสารหนี้,466960783.44,240070872.62,1,0.9450955392624256
M0206_2552,ASP-GOLD,ทรัพย์สินทางเลือก,193893390.65,179337556.44,1,0.08116445043049247
M0207_2549,SCBPGFUND,ตราสารทุน,588929922.12,1291378182.45,7,-0.5439523989768176
M0207_2566,ASP-THAITRIG 5M1,ผสม,14980196.21,27478425.88,1,-0.4548379053654874
M0207_2568,KKP SIB-USD,ตราสารหนี้,13081043.31,4453184.74,1,1.9374580381769655
M0208_2550,K-2500,ผสม,93713726.21,219426109.12,1,-0.5729144239678892
M0208_2556,K-ASIA,ตราสารทุน,476237555.34,737281342.93,1,-0.3540626520570783
M0209_2548,K-SET50,ตราสารทุน,6834125136.4,5797326326.19,1,0.17884085729764054
M0209_2554,KKP CorePath Balanced FUND,ผสม,9347517270.12,21957679590.72,3,-0.5742939397808431
M0209_2560,ES-EBF,ตราสารหนี้,30669512.34,25660174.39,1,0.19521839071959635
M0209_2568,TLUS500-H,ตราสารทุน,155632204.23,113789066.69,1,0.3677254656986939
M0210_2550,K-2520,ผสม,154935970.49,175681251.46,1,-0.11808477454250943
M0210_2561,M-MULTI,ผสม,54349765.26,93628366.75,2,-0.4195160382844124
M0211_2550,K-2530,ผสม,339210201.6,361095264.74,1,-0.06060744982562405
M0211_2564,SCBIHEALTH,ตราสารทุน,751277303.75,515928964.52,8,0.4561642307656808
M0212_2550,K-SD,ผสม,117241349.03,0.0,1,
M0212_2558,UAI,ผสม,17265641.07,17220407.33,1,0.0026267520351390683
M0212_2566,K-GVC23A-UI,ทรัพย์สินทางเลือก,1392300981.63,0.0,1,
M0213_2561,B-INNOTECHRMF,ตราสารทุน,21150128689.78,15651560573.33,1,0.3513111737764647
M0213_2566,ONE-LS5-UI,อื่น ๆ,699046862.65,708131217.95,1,-0.01282863270214063
M0214_2542,ONE-DI,ตราสารหนี้,511659439.26,182336646.21,1,1.8061250982466448
M0214_2554,KT-AGRIANDFOOD,ตราสารทุน,663395639.16,43789962.73,1,14.149490837668955
M0215_2561,KT-DHINCOME,ผสม,17916380.96,21858883.24,4,-0.1803615599531423
M0216_2564,LHHEALTH,ตราสารทุน,102033266.2,155371232.9,5,-0.3432937082653478
M0216_2567,KKP GVALUE-H FUND,ตราสารทุน,67956048.67,263480444.58,6,-0.7420831410151707
M0217_2558,K-GINCOME,ผสม,16633635463.21,14429368533.65,5,0.15276253596403344
M0217_2568,BCAP-EPC UI,อื่น ๆ,2601994961.87,2172695150.36,1,0.1975886085256222
M0218_2565,KT-VIETNAM,ตราสารทุน,1286804357.95,4142929896.49,6,-0.689397506088574
M0218_2568,MSI45AI,ตราสารหนี้,370460374.41,371018610.56,1,-0.001504604173783619
M0218_2569,K-GB6MCY,ตราสารหนี้,3229224772.6,0.0,1,
M0219_2556,TISCOMS,ตราสารทุน,388791581.53,369173249.96999997,2,0.05314125972451755
M0219_2563,BM70SSF,ผสม,2740038272.96,2235114981.1,1,0.22590483985369958
M0220_2542,UOBSMG,ผสม,436937211.83,418460909.07,1,0.04415299579848986
M0220_2559,LHSMART,ผสม,458185797.03,421772083.86,3,0.08633504815384341
M0220_2564,DAOL-EVOSEMI,ตราสารทุน,1787421537.55,138283718.46,1,11.925755522455306
M0220_2569,DAOL-BRAZILEQ,ตราสารทุน,69937174.97,0.0,1,
M0221_2554,ES-GOLDRMF-H,ทรัพย์สินทางเลือก,784924741.24,439083086.31,1,0.787645130757394
M0221_2557,ES-PIPF,ทรัพย์สินทางเลือก,8397910302.03,8625131491.51,1,-0.02634408411091027
M0221_2567,KKP GVALUE-UH FUND,ตราสารทุน,1775928900.8,1500274608.65,6,0.18373589112332134
M0222_2554,ES-GOLDRMF-UH,ทรัพย์สินทางเลือก,760960513.95,467144510.53,1,0.6289616955717845
M0222_2555,TCMFENJOY,ตราสารหนี้,399208591.0,469592043.93,1,-0.14988212394094935
M0223_2569,SCBSB6M76,ตราสารหนี้,1061359614.21,0.0,1,
M0224_2567,ONE-LIFESET-UI,อื่น ๆ,3682327619.13,3533510077.4700003,2,0.042116065441237804
M0224_2568,ES-NDQPIN,ตราสารทุน,848515371.3299999,99993586.38000001,8,7.485697953721099
M0225_2550,FP DRAGON,ตราสารทุน,60634679.64,90840647.53,1,-0.33251599048789826
M0226_2550,TDEQFOCUS,ตราสารทุน,176433302.42000002,111281.34,2,1584.4706855614788
M0226_2567,MINDIA,ตราสารทุน,309531609.22,305478551.43,1,0.013267896456320427
M0226_2569,LHASIASEMICON,ตราสารทุน,227027384.6,0.0,1,
M0227_2557,ASP-CHINA,ตราสารทุน,44662836.63,40867127.06,1,0.09287928570137183
M0227_2560,UEMIF,ผสม,365890324.40999997,385365770.36,2,-0.05053756054100633
M0227_2562,ES-SET50ACC2,ตราสารทุน,62099765.13,62297352.61,1,-0.003171683413851545
M0227_2564,LHSEMICON,ตราสารทุน,890108310.39,349207735.53000003,3,1.5489364061167303
M0227_2569,DAOL-ENERGY,ตราสารทุน,54833117.47,0.0,1,
M0228_2551,UOBSAS100D,ตราสารทุน,173384064.19,139444365.39,1,0.24339240029582387
M0228_2554,SCBSEFUND,ตราสารทุน,8809825417.39,2931228833.83,8,2.0055058532836934
M0228_2563,LHCHINA,ตราสารทุน,234489994.34,330778740.6,5,-0.2910971427164325
M0231_2559,PRINCIPAL MAINCOME,ผสม,2623984837.49,3599204173.44,8,-0.270954157907057
M0231_2563,ASP-TOPBRAND,ตราสารทุน,97843351.19,146220335.42999998,2,-0.330849906052633
M0231_2568,SCBABSAP,ตราสารทุน,3427411613.08,2776114144.3700004,7,0.23460759710865653
M0231_2569,TLNDQINCOME-UH-X,ตราสารทุน,181942696.96,0.0,1,
M0232_2553,UOBSG,ทรัพย์สินทางเลือก,1594016923.12,294201724.43,2,4.41810870146435
M0232_2563,UGSTAR-M,ตราสารทุน,1708983552.02,902794149.89,4,0.8929936046087907
M0232_2564,SCBSEMI,ตราสารทุน,15361405783.81,3311665638.96,8,3.6385738955923452
M0233_2550,UOBSA-M,ตราสารทุน,7153791533.209999,1562928489.5100002,4,3.5771713685075968
M0233_2569,LHLONGEVITY,ตราสารทุน,44464238.41,0.0,1,
M0234_2550,FP LARGE,ตราสารทุน,385639508.68,1084098127.41,3,-0.6442761970253332
M0234_2565,LHTRIG7M,ผสม,40802404.73,36963295.78,1,0.10386273380084377
M0234_2569,KFTGB6M59,ตราสารหนี้,1855463173.16,0.0,1,
M0235_2550,FP THEQ,ตราสารทุน,39286279.6,29036226.08,1,0.3530091511121063
M0235_2551,1US-OPP,ผสม,105249387.74,85941254.34,1,0.22466664640026468
M0235_2565,ASP-PRE-UI,ทรัพย์สินทางเลือก,18350064.810000002,85087831.9,2,-0.7843397298973838
M0236_2563,ASP-X,ตราสารทุน,140712922.72,210164793.18,1,-0.3304638679444112
M0236_2569,DAOL-JAPANEQ,ตราสารทุน,53731825.18,0.0,1,
M0237_2552,K-OIL,ทรัพย์สินทางเลือก,741572648.97,942300183.19,1,-0.21301867260650476
M0237_2557,BBASICRMF,ตราสารทุน,1831525689.23,1783749141.84,1,0.026784342186545906
M0237_2561,TINRMF,ผสม,112722245.6,211941574.81,3,-0.4681447200670633
M0237_2568,TUSUTIL,ตราสารทุน,66639128.41,0.0,1,
M0238_2557,UOBSHY-M,ตราสารหนี้,305891103.5,631288147.82,2,-0.5154493165184227
M0238_2560,KF-JPSCAPD,ตราสารทุน,293749199.38,299306022.22,1,-0.01856569005456088
M0239_2557,USHY-M,ตราสารหนี้,40280656.04,51220194.62,2,-0.21357862189239762
M0239_2567,KT-GOLDUH,ทรัพย์สินทางเลือก,1854038357.28,3316231770.66,6,-0.4409201510933576
M0239_2568,ASP-GFEQ,ตราสารทุน,128175073.14,120364010.97,1,0.06489532965087763
M0240_2558,KF-AINCOME,ผสม,852073847.13,928147166.97,2,-0.08196256213154929
M0240_2561,ONE-ALLCHINA,ตราสารทุน,3026307744.37,3320282528.77,6,-0.08853908721704573
M0241_2554,SCBGOLDFUND,ทรัพย์สินทางเลือก,8787450897.56,4012678211.96,5,1.1899216516710802
M0241_2564,KKP SEMICON-H FUND,ตราสารทุน,1550074677.75,377022295.91,4,3.1113607724674788
M0241_2567,MEGA10AIRMF,ตราสารทุน,108271836.7,56179608.87,1,0.9272444019776247
M0242_2550,UMIX-DIV-M,ผสม,475869799.36,3145686558.56,2,-0.8487230718950464
M0242_2568,TLTECH-UH,ตราสารทุน,4957797377.5,2523049822.6,1,0.9650017740795129
M0243_2552,KT-ENERGY,ตราสารทุน,3588689746.2000003,7588677966.299999,6,-0.5270994813409202
M0243_2558,UOBSAI,ผสม,70325494.16,83871353.09,1,-0.16150757595939014
M0243_2569,B3/26,ตราสารหนี้,5769468198.23,0.0,1,
M0244_2550,PMIX,ผสม,87525562.71,0.0,1,
M0244_2568,MEGA10HEALTH,ตราสารทุน,121944427.53,52456548.69,3,1.3246750038903485
M0245_2550,UVALUE-DIV-M,ตราสารทุน,3454610458.24,3145686558.56,2,0.09820555669774556
M0245_2559,SCBDIGIFUND,ตราสารทุน,1639009873.8,1735776292.77,5,-0.05574820866782171
M0245_2560,ASPGIPLUS,ผสม,77363940.95,84945991.78,3,-0.08925731127651804
M0245_2565,MINFRA,ตราสารทุน,22330846.28,31075287.76,1,-0.2813953501423666
M0246_2550,MGCORE,ตราสารทุน,70127180.59,142066059.86,2,-0.5063762544051175
M0247_2562,TAREIT,ทรัพย์สินทางเลือก,18469968.37,24432801.53,1,-0.24405032524323866
M0248_2567,TEMxCH,ตราสารทุน,1400061628.56,1140958910.85,1,0.2270920672480412
M0249_2561,PWIN,ตราสารทุน,206590291.08,421779351.02,1,-0.5101934445572138
M0249_2563,MGTECH,ตราสารทุน,608874491.44,596783772.54,1,0.02025979836640035
M0249_2567,KFGLOBFX,ตราสารทุน,33655512.6,40808645.660000004,3,-0.17528474528649673
M0250_2550,M-IslamicEQ,ตราสารทุน,103188317.08,1160306.52,3,87.9319462584766
M0250_2558,K-ICT,ตราสารทุน,201851369.98,192963785.34,1,0.0460583037606781
M0250_2564,ABGDD-M,ตราสารทุน,690075041.81,825142833.94,3,-0.16369019589621925
M0250_2569,K-WPLIGHTRMF,ผสม,7112994.42,0.0,1,
M0252_2562,DAOL-GTECH,ตราสารทุน,724496816.26,75299377.96,1,8.621551145414005
M0252_2569,ES-GOVCP6M54,ตราสารหนี้,530744004.52,0.0,1,
M0253_2557,ES-EGRMF,ตราสารทุน,334105350.36,285477719.74,1,0.17033774356992848
M0253_2558,K-INDX,ตราสารทุน,676015845.32,596787023.27,1,0.13275895580952524
M0253_2561,ES-APPF,ผสม,839079386.38,860786905.06,1,-0.025218225965562113
M0253_2563,AIA-IC,ตราสารหนี้,10483331033.31,10349211726.02,1,0.012959374186228612
M0254_2550,K-GROWTH,ตราสารทุน,1812774261.73,3389517767.48,2,-0.46518225125642554
M0254_2563,KTHH,ผสม,64084936.35,70988311.21,1,-0.0972466416277773
M0254_2564,ES-CHILL,ตราสารทุน,113719945.2,414285635.47,1,-0.7255035283301903
M0255_2566,KF1MILDRMF,ผสม,61092237.53,43827368.08,1,0.3939289582364538
M0255_2569,SCBSB6M77,ตราสารหนี้,3015468081.61,0.0,1,
M0256_2550,AEOB,ตราสารหนี้,105960574.45,97205791.81,1,0.09006441362169282
M0256_2564,K-ASIAX,ตราสารทุน,797591745.29,387506188.76,1,1.0582684055763156
M0256_2566,KF1MILDSSF,ผสม,15577228.56,13258122.91,1,0.1749196070773189
M0257_2550,X-EQPRO,ผสม,9244083.64,0.0,1,
M0257_2552,ASP-S&P500,ตราสารทุน,804756596.6800001,477054729.91,2,0.6869271935147221
M0257_2564,K-US500X,ตราสารทุน,12608313200.869999,5266066793.71,2,1.3942562247652974
M0258_2558,ONE-ACTIVE6/2,ผสม,5255192.67,5327773.34,1,-0.013623077666438443
M0258_2559,ES-GINCOMERMF,ตราสารหนี้,1192680522.87,1159370574.76,1,0.028731062211834413
M0258_2562,TISCOCHA,ตราสารทุน,537193667.64,561808695.02,2,-0.0438138953672188
M0258_2563,MCHINA,ตราสารทุน,842694873.73,770411655.58,4,0.09382414924081339
M0259_2550,TDEX,ตราสารทุน,4302499770.92,3109177568.14,1,0.38380638500935804
M0259_2551,IN-RMF,ตราสารทุน,6755891218.52,5592939299.16,1,0.20793215466054926
M0259_2560,BSET100,ตราสารทุน,1736944556.17,886306108.48,1,0.9597569502807903
M0259_2562,KT-EMEQ,ตราสารทุน,2446500271.15,2776185511.1000004,5,-0.11875475851012929
M0259_2563,SCBWIP,ผสม,104099517.5,237417151.25,4,-0.5615332887623468
M0259_2569,MKAI6S43,ตราสารหนี้,679373215.17,0.0,1,
M0260_2550,SCBLT4FUND,ตราสารทุน,416772981.28,411985935.84000003,6,0.011619438974875607
M0260_2566,KF1MAXRMF,ผสม,46857648.21,35542077.56,1,0.3183711090297896
M0262_2550,K-20SELECT,ตราสารทุน,4048905525.29,12519227.76,2,322.41495840714697
M0262_2569,MKAI6S44,ตราสารหนี้,872032236.89,0.0,1,
M0263_2550,SCBLTTFUND,ตราสารทุน,1512758028.39,1477940406.2199998,6,0.02355820439272671
M0264_2550,KTSET50FF,ตราสารทุน,465802492.14,4.0,2,116450622.035
M0264_2562,MPII,ผสม,837068722.51,1611159300.07,5,-0.4804556430430983
M0264_2564,KFGG,ตราสารทุน,1754230144.8,4818885435.88,3,-0.6359676592976211
M0264_2566,KF1MAXSSF,ผสม,15925028.86,10162264.45,1,0.567074832420839
M0264_2567,KTPCREDH-UI,อื่น ๆ,443765008.0,688497132.4300001,2,-0.3554584513173439
M0265_2547,K-EQ,ตราสารทุน,3609839104.5899997,7127905562.16,2,-0.4935624394697936
M0266_2564,ES-SPlus,ตราสารหนี้,2128210655.43,558876695.85,1,2.8080146680533664
M0266_2567,B-ST,ตราสารหนี้,39903039826.28,21670188957.25,1,0.8413794132113461
M0266_2569,X-FIXED6M2,ตราสารหนี้,302153788.68,0.0,1,
M0267_2550,ES-CHEQ,ตราสารทุน,1939129190.99,1999036313.4,1,-0.029968001085537543
M0267_2566,KF1MEANRMF,ผสม,38963166.7,28717276.99,1,0.35678486207337334
M0267_2568,ES-GQG-UH,ตราสารทุน,145048936.64,59397599.65,1,1.4419999712900853
M0268_2566,KTWC-DEFENSIVE,ผสม,21153688400.15,2469973366.5499997,7,7.564338663172297
M0268_2568,M-CTECH,ตราสารทุน,475769912.36,2000000000.0,1,-0.76211504382
M0269_2566,KF1MEANSSF,ผสม,8624272.49,7556542.99,1,0.1412986734030346
M0269_2569,KFSGB6M30,ตราสารหนี้,1573140260.68,0.0,1,
M0271_2561,ASP-DISRUPTRMF,ตราสารทุน,89099357.42,88185606.23,1,0.010361681787578902
M0271_2564,DAOL-EUROPE,ผสม,49381120.51,61032162.79,1,-0.19090003937905675
M0271_2566,KTWC-MODERATE,ผสม,8783173886.71,3900611598.39,7,1.2517427498639715
M0271_2569,TLNDQINCOME-H-X,ตราสารทุน,35155056.96,0.0,1,
M0272_2564,KFESG,ตราสารทุน,1408657947.42,1898178649.36,3,-0.2578896892055177
M0272_2567,KTPCRED-UI,อื่น ๆ,4925436774.26,4992556599.32,2,-0.013443978796182532
M0272_2569,SCBSB6M78,ตราสารหนี้,1843916212.13,0.0,1,
M0273_2559,UGMAC,ผสม,32206032.66,35263138.1,1,-0.0866940835308132
M0273_2564,DAOL-VIETGROWTH,ตราสารทุน,29258275.09,51967934.49,1,-0.4369936889519813
M0273_2566,KTWC-GROWTH,ผสม,17077359497.699999,3920077938.9,7,3.3563826443950804
M0274_2563,LHGEQRMF,ตราสารทุน,134228199.97,303633024.17,1,-0.5579262159084268
M0274_2564,SCBEUROPE,ตราสารทุน,3549912877.96,4198696508.2900004,8,-0.15452024909374318
M0274_2567,LHGPAFUI,ทรัพย์สินทางเลือก,58782834.04,74351053.46,2,-0.20938801396237805
M0274_2569,X-JPTOPTECH,ตราสารทุน,241352147.26,0.0,1,
M0276_2561,UGQG-M,ตราสารทุน,1425587120.0,2383027626.0,2,-0.4017748244098619
M0276_2569,UGOV6M45,ตราสารหนี้,49613771.14,0.0,1,
M0277_2555,PRINCIPAL iDIV,ตราสารทุน,188395017.26,238064421.74,5,-0.20863850262449557
M0277_2562,ES-GCORE,ตราสารทุน,3339552618.62,1655670166.1,1,1.0170397987459392
M0277_2564,SCBBLOC,ตราสารทุน,6273803454.99,1198306295.56,8,4.2355591205987
M0277_2568,1I01BSET50,ไม่ระบุ เนื่องจากเป็นกองทุนรวมอีทีเอฟแบบ leveraged management หรือ inverse management,3401103.74,0.0,1,
M0277_2569,B4/26,ตราสารหนี้,4168985716.63,0.0,1,
M0278_2562,K-AHY,ตราสารหนี้,998419831.36,1711100561.57,1,-0.4165042933280837
M0278_2564,K-WPLIGHT,ผสม,6084825707.35,9930088874.29,1,-0.38723350975193926
M0278_2568,2I01BSET50,ไม่ระบุ เนื่องจากเป็นกองทุนรวมอีทีเอฟแบบ leveraged management หรือ inverse management,69612320.96,0.0,1,
M0278_2569,UGOV6M46,ตราสารหนี้,26328175.41,0.0,1,
M0279_2557,K-MIDSMALL,ตราสารทุน,282249053.14,282771691.12,1,-0.0018482683960687751
M0279_2560,K-FITM,ผสม,153650239.62,125268243.68,1,0.226569760269828
M0279_2561,SCBPIN,ทรัพย์สินทางเลือก,5663928446.3,5554120872.83,8,0.01977046880761346
M0279_2564,K-WPBALANCED,ผสม,41710308275.65,14065687571.18,1,1.9653941952409535
M0279_2568,2X01BSET50,ไม่ระบุ เนื่องจากเป็นกองทุนรวมอีทีเอฟแบบ leveraged management หรือ inverse management,25922115.46,0.0,1,
M0279_2569,UGUSD3M14,ตราสารหนี้,53627697.87,0.0,1,
M0280_2548,1VAL-D,ตราสารทุน,1109070479.92,833389068.6,4,0.33079556920888575
M0280_2560,ONE-APACPROP,ทรัพย์สินทางเลือก,35295914.32,44515258.16,4,-0.2071052538179865
M0280_2562,UCHINARMF,ตราสารทุน,666740812.33,759500842.17,1,-0.12213288608735651
M0280_2564,K-WPSPEEDUP,ผสม,32439503895.47,9569660516.77,1,2.3898280757841497
M0280_2569,B-WEALTHD,ผสม,1656463267.38,0.0,1,
M0281_2550,PCASH,ตราสารหนี้,248382891.53,472798070.64,1,-0.47465333097959106
M0281_2560,K-FITL,ผสม,180167900.05,206510258.49,1,-0.127559563542339
M0281_2564,K-WPULTIMATE,ผสม,12282293220.28,4795079514.36,1,1.5614368194516417
M0281_2567,MBTCETF-UI,อื่น ๆ,2115100888.18,5990610361.98,1,-0.646930653076071
M0282_2559,B-HY (H75) AI,ตราสารหนี้,112204041.94,137469332.07,1,-0.1837885566879367
M0282_2560,K-FITXL,ผสม,222490406.68,288680117.28,1,-0.22928392583338353
M0282_2564,K-WPSPARK,ผสม,5175226329.05,850258104.3,1,5.086653338412643
M0282_2569,UGUSD3M15,ตราสารหนี้,101124394.49,0.0,1,
M0283_2560,KF-HSMUS,ตราสารทุน,122114180.18,349473775.37,1,-0.6505769852095097
M0283_2566,UIFT,ผสม,8394247533.57,1683493527.25,3,3.986207192184498
M0283_2569,K-GB6MCZ,ตราสารหนี้,4321733612.17,0.0,1,
M0284_2555,SCBEMBONDFUND,ตราสารหนี้,1131556346.88,896645771.2,8,0.2619881599013334
M0285_2546,ABV-M,ผสม,307085207.82,473431795.98,2,-0.3513633633661295
M0285_2560,FP APREIT,ทรัพย์สินทางเลือก,98380983.18,110370762.02,2,-0.10863183890881678
M0285_2563,LHMEGA,ตราสารทุน,15871085.75,88990228.61,3,-0.8216536130100858
M0285_2564,SCBABOND,ตราสารหนี้,2070681631.76,4187516338.88,8,-0.5055107934662226
M0286_2553,I-GOLDRMF,ทรัพย์สินทางเลือก,176254395.72,95217935.17,1,0.8510629893971056
M0287_2559,UPINCM-M,ผสม,60934581.5,96709848.75,2,-0.3699237224791958
M0288_2554,KTEF,ตราสารทุน,3459702469.19,2112416013.3,1,0.6377940933070658
M0288_2569,ES-GRID,ตราสารทุน,4991374629.0,0.0,1,
M0289_2564,B-USALPHA,ตราสารทุน,1012350216.92,1126113042.35,1,-0.10102256270169552
M0289_2569,U-WXUSFX,ตราสารทุน,211495144.14,0.0,1,
M0290_2569,B5/26,ตราสารหนี้,3441797075.75,0.0,1,
M0291_2549,KF-ORTFLEX,ผสม,507686295.15,334224546.27,1,0.5189976344223104
M0291_2558,TISCOC20,ตราสารทุน,55953027.7,70033756.04,1,-0.20105630678951092
M0291_2564,ONE-APACESG,ตราสารทุน,152665938.84,195984738.96,1,-0.2210314963801404
M0291_2569,UGUSD3M16,ตราสารหนี้,50268254.59,0.0,1,
M0292_2562,ES-SET50RMF2,ตราสารทุน,358619074.86,270759546.34,1,0.3244928192104166
M0292_2569,TLQUANT-GROW,ผสม,238171487.6,0.0,4,
M0293_2563,SCBDM,ผสม,29889568.69,62389452.07,1,-0.5209195192728353
M0293_2567,ONE-BTCETFOF-UI,อื่น ๆ,533672865.35,619985278.93,1,-0.1392168758086676
M0294_2563,MIPLUS,ผสม,68631063.02,40251834.82,2,0.7050418527977054
M0294_2564,PRINCIPAL USEQ,ตราสารทุน,929816081.63,1706211912.93,7,-0.4550406812989196
M0295_2564,SCBRMCTECH,ตราสารทุน,802611598.15,599462503.79,1,0.3388854066361522
M0296_2552,GC,ตราสารทุน,90702496.75,120855731.73,1,-0.2494977652145154
M0296_2553,ES-OIL,ทรัพย์สินทางเลือก,181444444.13,242347018.92,1,-0.2513031728692493
M0297_2568,B-CNA500P,ตราสารทุน,794420761.25,297878501.25,1,1.6669288247266554
M0297_2569,UGUSD6M14,ตราสารหนี้,10176578.0,0.0,1,
M0298_2549,HAPPY D5,ผสม,3420808.9,2536710.73,1,0.34852147686543655
M0298_2560,SCBWIN,ผสม,874462634.8599999,1337067321.97,3,-0.34598458844122415
M0298_2561,ASP-VIETRMF,ตราสารทุน,767534874.52,790459743.62,1,-0.02900194384980692
M0298_2567,KKP US500-H FUND,ตราสารทุน,833123425.61,541719265.8,6,0.5379246746553501
M0298_2569,UGUSD6M15,ตราสารหนี้,4451721.9,0.0,1,
M0299_2553,KT-OIL,ทรัพย์สินทางเลือก,382397216.61,439899961.02,1,-0.13071777564305265
M0299_2569,UGUSD6M16,ตราสารหนี้,4777929.57,0.0,1,
M0300_2548,UOBSAS100,ตราสารทุน,188364691.21,138354685.55,1,0.36146232027629366
M0300_2559,SCBMPLUS,ผสม,3909057021.24,5811955670.88,3,-0.32741107424033034
M0300_2563,DAOL-CHIG,ตราสารทุน,270333180.81,227841256.62,1,0.1864979364157442
M0301_2554,KFUS,ตราสารทุน,614135920.37,1170055523.0600002,2,-0.4751224123417028
M0301_2567,KKP US500-UH FUND,ตราสารทุน,2965989088.22,5156174203.69,6,-0.4247694179732331
M0303_2564,ABCA,ตราสารทุน,413372298.84000003,604041121.92,3,-0.31565536875029576
M0304_2558,K-SGM,ผสม,128759914.95,386602286.67,1,-0.6669447662633505
M0304_2559,KTSTPLUS,ตราสารหนี้,233807443574.32,37881236690.65,7,5.172117491402526
M0304_2561,PRINCIPAL CHEQ,ตราสารทุน,1418235730.8600001,1106288341.44,3,0.28197656771285673
M0304_2563,TCLOUD,ตราสารทุน,492985728.85,522335073.11,1,-0.056188729746315946
M0304_2566,B-PREMIUMRMF,ตราสารทุน,141867225.3,150648393.69,1,-0.05828916044116361
M0305_2562,ASP-LEGACY-UI,ตราสารทุน,394347562.89,599102333.19,1,-0.3417692753919953
M0305_2563,ES-GGREEN,ตราสารทุน,2215388756.5,2765563299.27,1,-0.19893760627906232
M0305_2566,KFCSI300,ตราสารทุน,590999599.14,248060418.16,3,1.382482475534661
M0306_2552,SCBTMF,ตราสารหนี้,5073650739.48,4337705121.57,1,0.1696624360771739
M0307_2559,ES-GINFRA,ตราสารทุน,3562586815.7200003,2198101333.02,8,0.6207564056318169
M0307_2563,AIA-ES50,ตราสารทุน,17279923716.39,12524936399.53,1,0.3796416337122821
M0308_2564,ASP-CHINABOND,ตราสารหนี้,12608643.1,20861119.08,2,-0.395591240736065
M0309_2552,TISCOUS,ตราสารทุน,1119097850.7,937098346.1500001,2,0.19421601296996371
M0309_2556,KF-EUROPE,ตราสารทุน,636530909.0,740917490.17,1,-0.14088826698644807
M0309_2558,PRINCIPAL EUEQ,ตราสารทุน,237631354.09999996,601795215.21,7,-0.6051292065905225
M0309_2566,ES-GDIV-Acc,ตราสารทุน,283243327.6,222190145.72,1,0.27477898122870914
M0309_2568,X-FIXED6M2R,ตราสารหนี้,500951173.07,0.0,1,
M0310_2564,SCBRMMLCA,ตราสารทุน,117672874.82,80993180.43,1,0.4528738616666763
M0311_2555,SCBSMART2FUND,ผสม,1908179520.7800002,1090642032.0,8,0.7495928680474697
M0311_2559,B-HY (UH) AI,ตราสารหนี้,55696903.13,91589786.46,1,-0.39188740052009496
M0311_2563,PRINCIPAL GEDTECH,ตราสารทุน,705098949.73,633531897.11,7,0.11296519235490643
M0311_2564,SCBNDQ,ตราสารทุน,9620828116.039999,5130689561.98,8,0.8751530373876677
M0312_2564,LHVN,ตราสารทุน,229609476.26000002,326179559.87,5,-0.2960641790322126
M0313_2566,B-DYNAMICSSF,ตราสารหนี้,186935909.68,151351941.52,1,0.23510744429596797
M0314_2553,KT-MINING,ตราสารทุน,1049430286.83,455106445.06,1,1.3059007364566018
M0315_2547,K-EQD,ตราสารทุน,5607337597.29,24916271.64,4,224.04721726857846
M0315_2559,KTWP,ผสม,891172254.84,1130850131.44,4,-0.2119448633700024
M0315_2560,LHGINCOME,ผสม,60364452.83,26177210.77,4,1.3059925429175125
M0316_2550,Q-PORT,ผสม,19277413.66,16468735.57,1,0.1705460676116739
M0316_2557,KFHEALTH,ตราสารทุน,3587866208.24,3693898778.04,2,-0.028704784882129797
M0316_2562,KKP PGE-H FUND,ตราสารทุน,3143806749.54,1770708805.6000001,4,0.775451016902087
M0317_2559,KFGBRAND,ตราสารทุน,3608799976.77,7351316740.32,4,-0.5090947507435368
M0317_2565,SCBRMWORLD,ตราสารทุน,2537591816.2,755152437.56,2,2.360370290797582
M0318_2550,ES-WDEQ,ตราสารทุน,3307715809.57,2099674562.0,1,0.5753468987209649
M0318_2567,ASP-INDIARMF,ตราสารทุน,28778027.9,26441132.61,1,0.08838105857523626
M0319_2564,KT-EUROTECH,ตราสารทุน,1917102501.34,1262247659.1599998,6,0.5188005994131077
M0319_2568,MSF-UI,ผสม,216966100.77,203061710.35,1,0.06847371863476481
M0320_2550,ES-EMEQ,ตราสารทุน,1276861912.46,471071951.72,1,1.710545401393273
M0320_2566,B-DYNAMICRMF,ตราสารหนี้,755185357.35,590270742.44,1,0.2793880893169345
M0320_2568,ASP-JPSMALL,ตราสารทุน,36846727.56,0.0,1,
M0322_2550,ES-PREMIUMBRAND,ตราสารทุน,204437245.2,291085133.72,1,-0.29767198143258045
M0322_2560,LHSELECT,ผสม,294726955.65,350475813.0,3,-0.15906620452008202
M0322_2561,SCBGEAR,ตราสารทุน,7281325413.96,729439205.08,4,8.982086736291386
M0324_2546,TW-BAL,ผสม,36241793.67,41712059.33,1,-0.1311435049687344
M0324_2550,BCARE,ตราสารทุน,4596286094.16,4360721461.94,1,0.054019646582793346
M0324_2558,TISCOC21,ตราสารทุน,32888195.54,42232675.6,1,-0.22126185299043666
M0324_2562,SCBMILD,ผสม,56074059.36,239724386.16,8,-0.7660894652470845
M0325_2562,SCBCLASSIC,ผสม,541934135.12,1457742445.6,8,-0.6282373907985217
M0327_2556,K-EUROPE,ตราสารทุน,3631760293.88,5077634224.2,2,-0.28475346322288553
M0327_2558,ES-ASIARMF,ตราสารทุน,1050479841.87,799691704.2,1,0.3136060263634781
M0327_2562,SCBSPICY,ผสม,173470616.4,294354144.56,8,-0.41067377644944136
M0327_2566,DTOP,ตราสารทุน,14615635.39,6860262.58,1,1.1304775465314623
M0328_2550,I-20,ผสม,10194494.88,10638160.8,1,-0.04170513384230856
M0328_2558,ES-CORMF,ตราสารทุน,2304989869.3,2787403498.98,1,-0.17306917705188019
M0328_2564,SCBGA,ผสม,14323463899.86,19046166771.06,6,-0.2479608063905009
M0328_2567,DAOL-KOREAEQ,ตราสารทุน,987911061.78,168216785.0,1,4.872844744833282
M0329_2558,ES-JERMF,ตราสารทุน,289402821.59,125501994.85,1,1.305961924636292
M0329_2563,SCBMLCA,ตราสารทุน,337549089.25,1494564318.94,8,-0.7741488372414763
M0329_2569,KTGOV6M32,ตราสารหนี้,3283794061.6,0.0,1,
M0330_2558,ES-GQGRMF,ตราสารทุน,6813875860.28,6101850027.26,1,0.11669015623770274
M0331_2561,KFGOODRMF,ผสม,357034706.47,335419583.42,1,0.06444204249974983
M0331_2563,AIA-THDIS,ตราสารทุน,2222810756.27,1763126118.13,1,0.2607213593021631
M0332_2560,ES-HEALTHPLUS,ตราสารทุน,1204181997.29,982784639.61,1,0.22527555759098705
M0332_2561,M-ATECH,ตราสารทุน,529721783.19,284964296.51,3,0.8589057986476947
M0332_2564,TFINTECH,ตราสารทุน,119752781.36,122034031.49,1,-0.018693557052459786
M0333_2560,ASP-SME,ตราสารทุน,341171961.63,477967942.42,2,-0.2862032547567691
M0334_2563,LHGOLD,ทรัพย์สินทางเลือก,210417475.14000002,98043997.25,3,1.1461535743331805
M0335_2563,AIA-TEQ,ตราสารทุน,12687608409.37,9771513582.7,1,0.29842816079515133
M0336_2551,UOBSC,ทรัพย์สินทางเลือก,104061216.43,24469888.46,1,3.2526232434653277
M0336_2561,KT-BRAIN,ตราสารทุน,331417267.92,287470874.24,4,0.1528725085495466
M0337_2550,K-MONEY,ตราสารหนี้,19704981685.25,21014144506.64,1,-0.062299125285653845
M0337_2553,BFIXED,ตราสารหนี้,39541504391.28,36406646949.77,1,0.08610673336204622
M0337_2561,ASP-INDIA,ตราสารทุน,100692705.77000001,238432591.32999998,2,-0.5776890012882618
M0337_2567,UGISFX,ตราสารหนี้,2708384979.7599998,5766361018.5,3,-0.530312970160767
M0338_2563,KT-Ashares,ตราสารทุน,9011639940.54,7844135031.7,6,0.1488379412289358
M0341_2562,SCBRAA,ผสม,217893905.92,574085670.4,4,-0.6204505404773817
M0342_2549,KFFLEX,ผสม,97841648.34,90115312.93,1,0.08573831859188763
M0342_2563,AIA-ST,ตราสารหนี้,3034342016.18,3228882512.6,1,-0.060250100665121376
M0343_2562,B-IR-FOF,ทรัพย์สินทางเลือก,978777260.2,1020807792.48,1,-0.04117379646749064
M0343_2563,SCBDM2,ผสม,28422446.32,42050515.93,1,-0.3240880476397998
M0343_2566,ASP-TOPBRANDRMF,ตราสารทุน,15258591.23,17012307.28,1,-0.10308513837283573
M0344_2564,TLUSNDQ-H,ตราสารทุน,1912208089.71,921821109.7,3,1.0743808853892642
M0344_2566,PRINCIPAL GQE,ตราสารทุน,1900143947.81,573680816.3000001,8,2.3121971204565095
M0345_2561,UNI-M,ตราสารทุน,1048233499.5,1404351694.1999998,2,-0.2535819169591029
M0345_2562,K-GNEXT,ตราสารทุน,8964614961.86,1784807102.98,2,4.0227360407140065
M0346_2549,PRINCIPAL DAILY FIX,ตราสารหนี้,26012682.21,28168453.21,1,-0.0765313943200362
M0347_2560,ASP-FLEXPLUS,ผสม,77226580.62,91662696.98,1,-0.15749172603059924
M0347_2564,B-VIETNAM,ตราสารทุน,2485952940.62,3949910551.19,1,-0.3706305729199234
M0347_2568,X-NUCTECH,ตราสารทุน,407137732.56,46266099.82,1,7.799914713883052
M0348_2561,SCBLTSET,ตราสารทุน,776574745.71,519084823.23,8,0.4960459465521869
M0348_2563,AIA-GCA,ผสม,407201617.92,297964263.13,1,0.3666122696812819
M0349_2558,B-GLOBAL,ตราสารทุน,7712085293.85,4977668779.24,1,0.5493367750811851
M0350_2554,B-TREASURY,ตราสารหนี้,43405504698.47,39649024545.54,1,0.09474331830321292
M0350_2563,K-ASIACV,ผสม,2785220018.46,2748917140.36,2,0.013206246767861973
M0351_2548,PRINCIPAL EEF,ตราสารทุน,10761274255.56,9187340471.099998,6,0.1713154954266709
M0351_2563,AIA-GMA,ผสม,2664314315.78,2085549899.68,1,0.2775116606842176
M0352_2564,K-GDBOND,ตราสารหนี้,90664932635.28,18393344310.14,2,3.9292250015293666
M0353_2563,MHEALTH,ตราสารทุน,91709055.0,126219225.72,2,-0.2734145335082
M0353_2564,UHERO,ตราสารทุน,226914662.57,237591804.27,1,-0.044939015185332276
M0353_2569,FP QUANT,ตราสารทุน,27104855.05,0.0,2,
M0354_2563,AIA-GAA,ผสม,17546206896.77,12850166561.52,1,0.36544587284279695
M0355_2564,MTOP2,ผสม,93733694.78,109605990.89,1,-0.14481230433771952
M0356_2561,BCAP-MSCITH,ตราสารทุน,80243876.96,79391415.85,1,0.010737446874742984
M0356_2567,ES-ALPHABONDS,ตราสารหนี้,157906176.85,383074707.54,1,-0.5877927366595674
M0357_2549,KF-GB70,ผสม,186518913.29999998,394716521.76,2,-0.5274610941839184
M0357_2559,KTWG,ผสม,2915845305.4,3384085130.92,4,-0.13836526192610998
M0357_2568,LHTHAIESGX,ผสม,101855385.39,76353060.94000001,3,0.33400526627269467
M0357_2569,UWEQP,ตราสารทุน,91749472.19,0.0,1,
M0358_2563,MVIET,ตราสารทุน,152530963.82,151774929.95,1,0.0049812829447464235
M0358_2568,TLTECH-H,ตราสารทุน,10558006579.44,1935300456.14,1,4.455487051606539
M0359_2547,KKP PLUS FUND,ตราสารหนี้,88700482782.84999,84592479081.37999,4,0.04856228054881817
M0359_2552,X-EQRMF,ตราสารทุน,4259258.09,3191905.92,1,0.33439336770928385
M0362_2558,ES-HEALTHCARE,ตราสารทุน,802336320.23,366663689.17,1,1.1882077334851795
M0362_2569,KFTGB6M60,ตราสารหนี้,2816474130.81,0.0,1,
M0363_2549,ABEG,ตราสารทุน,173954904.81,403548585.85,1,-0.5689368990264299
M0363_2558,ONE-ULTRA,ผสม,242254277.14,248958772.08,1,-0.026930141420546616
M0363_2559,KKP SM CAP FUND,ตราสารทุน,294994144.43,384649704.85,4,-0.23308365842881007
M0363_2564,KFINFRARMF,ตราสารทุน,81547345.16,76144821.55,1,0.07095063722031925
M0363_2569,SCBRARE,ตราสารทุน,8090984866.08,0.0,8,
M0364_2548,ONE-SG,ผสม,642673026.34,672761705.1,2,-0.0447241252465872
M0364_2561,ASP-EVOCHINA,ตราสารทุน,743863101.37,1127760849.11,1,-0.34040705353707057
M0364_2564,ES-CONBOND,ผสม,281237953.78,491920594.09,1,-0.42828587142146424
M0364_2567,BCAP-DHSL,ตราสารหนี้,10835488132.93,10428494893.98,1,0.03902703535722529
M0365_2568,UIFTRMF,ผสม,112248018.25,0.0,1,
M0366_2558,SCBGIFUND,ตราสารทุน,996807109.84,164379243.0,5,5.064069231904177
M0366_2561,KKP GNP RMF-H,ตราสารทุน,806914362.64,640300878.28,1,0.2602112382034574
M0367_2556,TISCOJP,ตราสารทุน,1042722150.5,188973935.13,1,4.517809372931166
M0367_2558,ES-HEALTHCARERMF,ตราสารทุน,324145157.89,236977430.55,1,0.3678313463762888
M0367_2564,ES-STARTECHRMF,ตราสารทุน,134345339.32,54214869.48,1,1.4780164668580515
M0367_2567,SCBCLIMATE,ตราสารทุน,544725597.32,319050131.56,4,0.7073354417895292
M0367_2569,LHHUMANOID,ตราสารทุน,128453835.84,0.0,1,
M0368_2559,UFIN,ผสม,865635378.3499999,1057675218.86,2,-0.1815678736587849
M0368_2568,SCBDLITE,ตราสารหนี้,1879126218.42,4213244475.3599997,3,-0.5539954471169304
M0369_2555,K-USXNDQ,ตราสารทุน,16493953774.199999,12338678014.83,2,0.3367683113519717
M0369_2561,KKP GNP RMF-UH,ตราสารทุน,1147399127.43,668010555.51,1,0.7176362229096898
M0369_2564,B-SIPSSF,ตราสารทุน,467771164.19,405607562.42,1,0.15326046042906505
M0370_2563,DAOL-GOLDRMF,ตราสารทุน,160577774.51,35407159.82,1,3.535178063598776
M0370_2564,KFINFRASSF,ตราสารทุน,53231123.33,45202643.53,1,0.177610846911457
M0370_2569,SCBSB6M79,ตราสารหนี้,1536354735.11,0.0,1,
M0371_2546,ES-TTW,ผสม,59545894.12,155553976.78,1,-0.6172010812412996
M0371_2560,M-SELECTCG,ตราสารทุน,33987545.41,20798821.25,1,0.6341092123189431
M0371_2565,KKP PREIT-UI FUND,ทรัพย์สินทางเลือก,256205059.38,349593720.51,2,-0.26713483581387343
M0372_2556,ONE-PREMIER,ผสม,16648753.87,20802052.21,1,-0.19965810575186527
M0372_2560,KFHAPPY,ผสม,666831988.8299999,771666618.49,2,-0.13585482013611117
M0373_2558,K-BANKING,ตราสารทุน,1067212628.88,280335264.48,1,2.8069153763426655
M0373_2563,KFCORE,ผสม,898626266.65,1960087546.25,1,-0.5415376887786295
M0374_2561,KT-BRAIN RMF,ตราสารทุน,43897772.53,36002446.7,1,0.2192997019283136
M0374_2565,SCBRMJAPAN,ตราสารทุน,241522538.34,118282828.66,2,1.041907021299333
M0375_2564,UGFT-M,ตราสารทุน,6959852711.610001,2384243431.54,2,1.9191032339825225
M0376_2555,KKP DIVIDEND FUND,ตราสารทุน,127537225.61,142695226.25,4,-0.10622640321157906
M0376_2557,FP ASM RMF,ตราสารทุน,63537937.77,49099005.2,1,0.2940779046578321
M0376_2560,TISCOGIF,ตราสารทุน,332670145.98,587370207.75,3,-0.4336278183833371
M0376_2564,KFGGRMF,ตราสารทุน,1210868942.17,1400641172.94,1,-0.13548954181581052
M0376_2568,DAOL-CHINATECH,ตราสารทุน,453532754.74,119856498.69,1,2.7839646552084676
M0377_2556,K-SF,ตราสารหนี้,591035992710.6599,226254515211.6,4,1.6122616477196283
M0377_2560,TISTECH,ตราสารทุน,1423084147.1399999,1301509921.74,3,0.09341014107481116
M0377_2564,KFFUTUREGEN,ตราสารทุน,467067357.21999997,1134020573.2,3,-0.5881314957963939
M0377_2565,KFCORERMF,ผสม,86348747.25,42943421.4,1,1.010756116651665
M0379_2564,KFGGSSF,ตราสารทุน,872338337.85,970338264.59,1,-0.10099563246782628
M0379_2569,LHGALPHA,ตราสารทุน,134074347.42,0.0,1,
M0380_2549,KSRMF,ตราสารทุน,363840636.49,171950242.31,1,1.1159646628124604
M0380_2561,SCBGML,ตราสารทุน,43754707.77,369377655.51,6,-0.8815447899532854
M0380_2564,LHEUROPE,ตราสารทุน,20378952.47,92850222.49,5,-0.7805180006736675
M0380_2568,UGFTRMF,ตราสารทุน,272165890.6,0.0,1,
M0381_2549,KT-SHARIAH,ตราสารทุน,49843714.24,106455399.28,2,-0.5317878230966886
M0381_2563,K-PLANET,ตราสารทุน,868288819.0,2092338029.52,2,-0.5850150373650701
M0382_2549,CPRMF5,ผสม,46598571.59,45584162.84,1,0.022253534710302114
M0382_2560,M-SMART INCOME,ตราสารหนี้,161420147.92000002,134017789.7,2,0.20446806563024533
M0382_2563,PWINRMF,ตราสารทุน,208600832.77,178182439.52,1,0.17071487702123256
M0382_2564,MCONVERT,ผสม,10493119.96,21893293.46,1,-0.520715328684038
M0382_2566,BCAP-XDIGI,ตราสารทุน,74833653.62,79079667.86,1,-0.05369286891185476
M0383_2562,ES-GLOBALESG,ตราสารทุน,317199943.32,486419511.54,1,-0.34788811757211857
M0383_2564,KFCLIMARMF,ตราสารทุน,164513972.94,155975384.19,1,0.05474318139584633
M0383_2566,K-TFT6,ผสม,165564086.48,181036859.5,1,-0.08546752889292142
M0384_2564,KFCLIMASSF,ตราสารทุน,82615298.82,71149043.91,1,0.161158243032812
M0384_2565,BCAP-MONEY,ตราสารหนี้,1393723312.95,1338141426.01,1,0.041536631225692844
M0384_2568,MJAPAN,ตราสารทุน,175536899.07,0.0,1,
M0384_2569,KFTGB5M2,ตราสารหนี้,2294447311.21,0.0,1,
M0385_2564,KFUSRMF,ตราสารทุน,139629335.59,181956540.26,1,-0.23262260652746036
M0386_2552,KFGOLDRMF,ทรัพย์สินทางเลือก,3489854001.03,2208657626.12,1,0.5800792118064526
M0386_2553,I-REITs,ทรัพย์สินทางเลือก,115439469.8,117960006.72,1,-0.02136772445243218
M0386_2558,SCBBLNFUND,ตราสารทุน,2872429904.2000003,2883562319.38,5,-0.0038606466401577277
M0386_2564,SCBJAPAN,ตราสารทุน,1544313446.26,430256281.16,8,2.5892873942396064
M0386_2568,MSI47AI,ตราสารหนี้,550552381.85,0.0,1,
M0387_2564,KFUSSSF,ตราสารทุน,92837691.96,94421999.32,1,-0.01677900670828536
M0387_2569,KFTGB6M61,ตราสารหนี้,1882033928.8,0.0,1,
M0388_2564,B-SIPRMF,ตราสารทุน,1813440693.45,1704216464.85,1,0.06409058406181622
M0389_2555,KF-HGOLD,ทรัพย์สินทางเลือก,2526367044.34,884985131.61,1,1.8546999877206223
M0390_2550,FP EE EURO,ตราสารทุน,34749075.68,32419645.79,1,0.0718524164356702
M0390_2559,TISCOFIX,ตราสารหนี้,1163271746.8,1282740351.1399999,2,-0.09313545351077912
M0392_2558,KT-AASIA,ตราสารทุน,3481966795.4,2673585593.76,4,0.3023584520827449
M0392_2568,ONE-THAIESGX,ตราสารทุน,205709591.0,256323236.95,3,-0.19746023244811395
M0393_2551,K-AGRI,ทรัพย์สินทางเลือก,108564501.4,68087225.66,1,0.5944914827654619
M0393_2564,K-ALLRD-UI,ผสม,2096727858.38,2353748260.02,2,-0.10919621524768153
M0394_2561,ONE-OPPORTUNITY6/2,ผสม,26007826.57,19605742.49,1,0.3265412714292977
M0395_2558,UTSME,ตราสารทุน,41558102.46,44442455.8,1,-0.06490085410626645
M0395_2565,KFCMEGARMF,ตราสารทุน,143403187.68,170642434.25,1,-0.1596276253894332
M0396_2556,KTPLUS,ตราสารหนี้,32436181723.37,29655892292.89,1,0.09375167009041818
M0396_2564,SCBINDEQ,ตราสารทุน,345767227.17,1996161460.9199998,8,-0.8267839381035634
M0396_2565,MHEALTHRMF,ตราสารทุน,49190302.25,45376982.5,1,0.08403643300873953
M0396_2568,TLSEMICON-UH,ตราสารทุน,210948355.47,110679837.6,1,0.9059330050010843
M0397_2565,KFCMEGASSF,ตราสารทุน,50443369.03,52507050.23,1,-0.039302935338403566
M0398_2561,UGQGRMF,ตราสารทุน,954449834.67,1211396377.57,1,-0.21210773588032494
M0398_2563,DAOL-MONYRMF,ตราสารหนี้,17155521.56,5652502.88,1,2.035031016207107
M0398_2565,KFESGSSF,ตราสารทุน,34742359.68,36276429.77,1,-0.042288342588460925
M0399_2559,M-INCOMEAI,ผสม,263951397.83,282032214.78,1,-0.06410904855001742
M0399_2569,K-GB6MDA,ตราสารหนี้,3323279779.6,0.0,1,
M0400_2549,ASP-THGEQ,ตราสารทุน,114696095.39,182485367.98,2,-0.37147785239104514
M0400_2555,SCBTMFPLUS,ตราสารหนี้,24414885703.15,15163940083.79,5,0.6100621321531801
M0400_2564,KKP PGE RMF-H,ตราสารทุน,620838837.81,350501030.73,1,0.7712896207950044
M0401_2550,KFCASHPLUS,ตราสารหนี้,3360923545.55,2657204983.6,1,0.26483412694665254
M0401_2552,ABCG-M,ตราสารทุน,178479874.60000002,224378859.06,2,-0.20456020077955017
M0401_2564,MCONT,ตราสารทุน,6938939.6,17447611.66,1,-0.6022985990737026
M0401_2569,B6/26,ตราสารหนี้,4552341933.95,0.0,1,
M0402_2564,ASP-NCLRRMF,ตราสารทุน,66214665.51,47809377.53,1,0.38497234080177734
M0402_2565,KFESGRMF,ตราสารทุน,79680024.1,88528976.16,1,-0.09995543203851287
M0403_2563,TNEXTGEN,ตราสารทุน,1542562311.86,1887827088.77,2,-0.18289004271834808
M0403_2569,KKP WIN-UH FUND,ตราสารทุน,4937987727.84,0.0,6,
M0404_2560,B-BHARATA,ตราสารทุน,2795394614.04,3043461116.7,1,-0.08150802430128512
M0405_2549,K-STARRMF,ตราสารทุน,9489339487.61,7838583110.34,1,0.21059372006816668
M0405_2564,K-GPA22A-UI,ผสม,1075273250.56,0.0,1,
M0405_2567,M-US500H,ตราสารทุน,303023334.91,0.0,1,
M0405_2569,ES-GOVCP6M55,ตราสารหนี้,245792432.87,0.0,1,
M0406_2559,SCBGPROPFUND,ตราสารทุน,362680953.2,370537288.55,4,-0.021202549899211776
M0406_2560,KF-MINCOME,ผสม,192681274.54000002,209367495.43,2,-0.07969823995711345
M0406_2564,PRINCIPAL VTOPP,ตราสารทุน,2519646396.0,5990013565.84,8,-0.5793588164191976
M0406_2565,TUSTREASURY,ตราสารหนี้,619682044.42,246175441.82,1,1.517237462188055
M0407_2563,DAOL-OSHOP,ตราสารทุน,10613418.67,19710330.2,1,-0.46153014372128576
M0407_2564,LH-THAPE1UI,ทรัพย์สินทางเลือก,3781724371.2,3756013972.14,1,0.006845128705778247
M0408_2560,SCBROBO,ผสม,7739510120.84,1525220925.44,5,4.0743534865988575
M0408_2567,K-US500XRMF,ตราสารทุน,2455372767.5,473675678.09,1,4.183658104213388
M0408_2568,MEGATX8020U,ตราสารทุน,161326617.41,130012886.78,3,0.24085097566510627
M0409_2563,TTECHRMF,ตราสารทุน,535663249.48,341145909.53999996,2,0.5701881057354217
M0410_2558,K-GHRMF,ตราสารทุน,3017754853.73,2781080531.42,1,0.08510157100310778
M0410_2559,SCBTEQFUND,ตราสารทุน,4170427150.01,1096300493.5400002,4,2.804091282074969
M0411_2560,KFTHAICG,ตราสารทุน,52932747.52,49354038.74,1,0.0725109610350807
M0411_2564,SCBGPA,ทรัพย์สินทางเลือก,4212436974.88,3278697229.2,4,0.28478986634207515
M0411_2569,TLUSHDRMF,ตราสารทุน,33895519.63,0.0,1,
M0412_2548,PRINCIPAL TEQAF,ตราสารทุน,306699038.21999997,47797309.589999996,3,5.416659030619719
M0412_2558,KT-mai,ตราสารทุน,58705778.12,41741674.45,1,0.40640687977959145
M0412_2567,BCAP-EPE UI,ทรัพย์สินทางเลือก,1387730851.3,1260231485.51,1,0.1011713857779093
M0413_2548,ABSM-M,ตราสารทุน,794030649.62,1135759862.76,2,-0.30088157219217704
M0413_2558,LHMSFL,ผสม,10086764.59,15828278.08,3,-0.3627377192251098
M0413_2568,ES-DIV70THAIESGX,ผสม,1580708727.93,1952136865.14,6,-0.19026746732912225
M0414_2547,KKP INRMF FUND,ตราสารหนี้,4990438589.22,3646721095.8,2,0.3684727891495694
M0414_2548,PRINCIPAL TEQAF70,ผสม,187490898.12,206415799.78,2,-0.09168339671754944
M0414_2553,ES-GLOBALEQ,ตราสารทุน,214443742.23,458525577.77,1,-0.5323189095078865
M0415_2548,PRINCIPAL EQRMF,ตราสารทุน,1360499481.06,893705855.78,1,0.5223123718626599
M0415_2562,K-FIXEDPRO,ตราสารหนี้,760387360.53,759350864.77,1,0.0013649760711260672
M0415_2568,BCAPSETTHAIESGX,ตราสารทุน,71339396.04,47289977.84,1,0.5085521139673259
M0416_2560,SCBAEMH,ตราสารทุน,1434137057.24,5304267228.08,5,-0.7296257907882371
M0416_2564,B-USALPHARMF,ตราสารทุน,775282009.83,750556935.29,1,0.03294230374468099
M0416_2567,ES-GINCOME-UH,ตราสารหนี้,467831699.56,5124785864.059999,7,-0.9087119516854563
M0416_2568,FP ThaiESGX,ตราสารทุน,129268523.48,302449980.69,3,-0.5725953654052455
M0416_2569,SCBSB6M80,ตราสารหนี้,681062602.04,0.0,1,
M0417_2560,ASP-AIEQ,ตราสารทุน,897304091.13,235496714.22,1,2.8102616170336137
M0417_2564,DAOL-AQUA,ตราสารทุน,14748488.45,13370206.73,1,0.1030860440555057
M0417_2569,LHGAS,ตราสารทุน,113714237.05,0.0,1,
M0418_2560,KFINDIA,ตราสารทุน,1114569146.24,1425196967.72,3,-0.2179543098361596
M0419_2548,KFS100RMF,ตราสารทุน,4560624066.98,3380543898.02,1,0.3490799719096025
M0419_2560,B-THAICG,ตราสารทุน,108294621.12,154499410.23,1,-0.2990612652903717
M0419_2564,M-EDGE,ตราสารทุน,1036192802.85,1774957959.81,1,-0.4162155801363774
M0419_2568,ES-DIVTHAIESGX,ตราสารทุน,622942455.65,756554897.0600001,6,-0.1766064061302397
M0420_2548,PRINCIPAL FIRMF,ตราสารหนี้,182937723.51,167535146.44,1,0.09193639303330414
M0420_2559,TMSFOCUS,ตราสารทุน,87545724.62,258909831.84,3,-0.6618679020497718
M0420_2564,SCBASHARES,ตราสารทุน,1267639908.78,1139102775.29,8,0.11284068152434812
M0420_2565,K-GPE22B-UI,ทรัพย์สินทางเลือก,3451964697.0,0.0,1,
M0420_2569,A-HUMANOID,ตราสารทุน,124921417.11,0.0,1,
M0421_2569,MKAI6S45,ตราสารหนี้,1456709164.65,0.0,1,
M0422_2545,ES-FIXEDRMF,ตราสารหนี้,5112132456.53,5680717910.83,1,-0.10009042223624953
M0422_2563,M-EM,ตราสารทุน,962424525.04,1296084118.98,1,-0.2574366810408768
M0422_2565,ES-USTECH,ตราสารทุน,2145196250.64,1731062644.39,1,0.23923663744470347
M0423_2547,KKP BLRMF,ผสม,259754516.75,237112350.26,1,0.09549129965255831
M0423_2549,KT70/30,ผสม,1230570498.23,4.0,2,307642623.5575
M0423_2550,UOBSGC,ตราสารทุน,1082640095.95,540316685.43,1,1.003713979494087
M0423_2560,PRINCIPAL VNEQ,ตราสารทุน,6223069367.22,72989256132.12,10,-0.9147399261617979
M0423_2565,KFCORESSF,ผสม,53378625.82,18194047.65,1,1.9338510510056843
M0424_2550,ASP-BIC,ตราสารทุน,28642783.0,27986318.8,1,0.023456611235344038
M0424_2557,ES-PIPFRMF,ทรัพย์สินทางเลือก,935042334.86,848175046.67,1,0.10241669868861103
M0424_2562,SCBRMPIN,ทรัพย์สินทางเลือก,298893896.85,241692298.45,1,0.23667116729345672
M0424_2565,KFVIETRMF,ตราสารทุน,435741366.9,430643862.29,1,0.01183693779563777
M0424_2567,KKP INDIA-H FUND,ตราสารทุน,25581240.48,30562431.36,6,-0.16298411671917445
M0425_2559,K-S50,ตราสารทุน,531870577.33,19052189.98,2,26.91650607559184
M0425_2560,LHGLIFEE,ตราสารทุน,264903885.66,276127100.04,3,-0.04064510284710998
M0425_2562,SCBRMLEQ,ตราสารทุน,499925191.96,461154369.95,1,0.0840734134519936
M0425_2565,KFVIETSSF,ตราสารทุน,159145506.91,162774562.87,1,-0.02229498206607594
M0425_2569,SCBSB6M81,ตราสารหนี้,2720925329.0,0.0,1,
M0426_2547,KKP EQRMF,ตราสารทุน,1546696618.13,1327164296.79,1,0.1654145774347464
M0426_2562,SCBRMS&P500,ตราสารทุน,9266326177.94,5054198512.93,1,0.8333918136049157
M0426_2564,TSFRMF,ตราสารทุน,421519608.98,299179295.35,2,0.4089197198184389
M0427_2550,KF-BIC,ตราสารทุน,50483818.63,58493534.62,1,-0.13693335583213884
M0427_2564,KFFVPE-UI,ทรัพย์สินทางเลือก,1315020439.34,0.0,1,
M0427_2567,KKP INDIA-UH FUND,ตราสารทุน,59326641.900000006,67609662.66,6,-0.12251238113188345
M0427_2569,KFTGB6M62,ตราสารหนี้,2090915777.49,0.0,1,
M0428_2550,ASP-ASIAN,ตราสารทุน,64905319.62,57443069.12,1,0.12990689067137362
M0428_2558,ES-INCOMEAI,ผสม,163017210.87,165150164.85,1,-0.01291523978760345
M0428_2561,KTMUNG-RMF,ผสม,160938639.33,123967013.57,1,0.29823760930663545
M0428_2569,DAOL-AGRI,ตราสารทุน,19273614.61,0.0,1,
M0429_2556,SCBNKY225,ตราสารทุน,4628453872.63,1126020568.92,4,3.1104523313186796
M0429_2557,K-GPROP,ตราสารทุน,325622807.93,356781714.57,2,-0.08733324990478641
M0429_2559,SCBFLX,ผสม,365185878.05,353025244.86,1,0.03444692232937219
M0429_2562,ES-IALLO,ผสม,63855888.77,89048027.25,1,-0.2829050710946547
M0429_2568,K-HDThaiESGX,ตราสารทุน,4639233976.139999,2395280832.0,3,0.9368225696802133
M0430_2550,1GLOBALBOND,ตราสารหนี้,4763176.38,10176527.93,1,-0.5319448428025884
M0430_2556,PEQ,ตราสารทุน,38822564.86,69274478.07,1,-0.4395834376294998
M0430_2558,K-AEC,ตราสารทุน,65155876.08,88189706.6,1,-0.26118502269742216
M0430_2563,PRINCIPAL GCLOUD,ตราสารทุน,9238867542.59,13868152580.519999,7,-0.3338069011753272
M0430_2569,BYOU-COREPORT,ผสม,7022601732.42,0.0,6,
M0431_2560,K-ALLBASIC,ผสม,1077874113.78,1299929699.91,1,-0.17082122682893852
M0432_2564,B-USALPHASSF,ตราสารทุน,258355714.17,264273744.04,1,-0.022393559721559986
M0432_2565,KKP CHINA-H FUND,ตราสารทุน,132112545.05,334206256.11,5,-0.6046975703335825
M0432_2567,K-CHAPE24B-UI,ทรัพย์สินทางเลือก,435427105.65,0.0,1,
M0433_2555,LHDEBT,ตราสารหนี้,375903971.74999994,252237577.41,6,0.49027744244064864
M0433_2558,K-MSRMF,ตราสารทุน,2444291293.45,2288957654.03,1,0.067862172612287
M0433_2569,KF-ATECH,ตราสารทุน,3402108059.12,0.0,1,
M0434_2561,KTMEE-RMF,ผสม,98999766.86,84306950.44,1,0.17427764073208474
M0434_2568,BEQD-TESGX,ตราสารทุน,1599918351.1,1146880583.01,1,0.39501738437405365
M0435_2559,LHSMARTMIX,ผสม,106132795.79,108083591.12,1,-0.018048949982001683
M0435_2568,BM70-TESGX,ผสม,3608095714.97,2791565555.73,1,0.2924990092258377
M0436_2560,ES-THAICG,ตราสารทุน,214589214.05,305283256.19,1,-0.2970816128990529
M0436_2561,KTSUK-RMF,ผสม,77702713.4,79454786.0,1,-0.022051190220309658
M0436_2568,BMDIV-TESGX,ผสม,5065265174.68,4024284793.2,1,0.25867463039370087
M0437_2554,1DIV,ตราสารทุน,277157454.99,159206900.18,1,0.7408633336660948
M0437_2561,KTSRI-RMF,ผสม,59402301.84,58146074.46,1,0.021604680826118106
M0437_2565,DAOL-FXALPHA-UI,ผสม,14559712.42,19789604.34,2,-0.26427470858672053
M0437_2568,ASP-DEQ ThaiESGX,ตราสารทุน,73274072.1,71110438.5,3,0.03042638529081776
M0438_2566,TWBRMF,ตราสารทุน,20742788.14,10555531.899999999,2,0.9651106487584964
M0438_2569,K-GB6MDB,ตราสารหนี้,2180078013.19,0.0,1,
M0439_2559,B-BASICPLUS,ตราสารทุน,1916575215.21,0.0,1,
M0439_2562,BCAP-MFIX,ตราสารหนี้,3380611406.56,1406462170.12,1,1.403627682550157
M0439_2564,B-VIETNAMRMF,ตราสารทุน,3624260587.53,3822559213.51,1,-0.05187588076573335
M0439_2566,TNASDAQRMF,ตราสารทุน,170406185.92000002,122571012.77,3,0.39026497431134843
M0439_2568,TThaiESGX,ตราสารทุน,173599184.74,193103173.61,3,-0.10100294316959879
M0439_2569,KF-ATECH-USD,ตราสารทุน,13987374.35,0.0,1,
M0440_2559,KF-SINCOME,ตราสารหนี้,1121347167.24,815198851.01,1,0.3755504756302024
M0440_2561,K-CCTV,ผสม,6380304331.58,8052037625.56,2,-0.20761618011735694
M0441_2552,ASP-HSI,ตราสารทุน,141983356.85,69713184.52,1,1.036678683201833
M0442_2567,MEGA10EURO,ตราสารทุน,65678895.89,62154436.53999999,4,0.05670487170665317
M0442_2568,ASP-MIX ThaiESGX,ผสม,132877428.02000001,144403130.61,3,-0.07981615454811919
M0442_2569,DAOL-GAS,ตราสารทุน,276342035.69,0.0,1,
M0443_2564,KT-WTAI RMF,ตราสารทุน,360195748.66,265164216.79,1,0.35838746653083065
M0443_2565,ONE-CHINATOP10M2,ผสม,47489028.57,66616467.53,1,-0.28712778790598836
M0443_2568,SCBT70X,ผสม,3578510986.22,4159562666.13,6,-0.13969057003067176
M0444_2564,tsp4-explorer-SSF,ผสม,35518330.91,30165141.89,1,0.17746274953789043
M0444_2565,TUSTECH,ตราสารทุน,439025660.78,66368046.8,2,5.615015537567395
M0444_2568,MIF-Thai ESGX,ตราสารทุน,15740606.260000002,10512036.93,3,0.4973887900905616
M0445_2558,TGHRMF,ตราสารทุน,263961518.54999998,179839610.11,3,0.46776073629466985
M0445_2568,SCBTAPX,ตราสารทุน,1487788062.25,1479916617.9,6,0.005318843139398899
M0445_2569,UGOV6M47,ตราสารหนี้,238958651.03,0.0,1,
M0446_2564,tsp1-preserver-SSF,ตราสารหนี้,20356908.51,19907049.13,1,0.0225979941608756
M0446_2568,TThai70ESGX,ผสม,454666564.09000003,565598840.84,3,-0.19613243298951732
M0446_2569,UGOV6M48,ตราสารหนี้,181437899.99,0.0,1,
M0447_2547,TISCOSTF,ตราสารหนี้,3327381513.29,2791877780.65,1,0.19180772752714303
M0447_2551,K-GOLD,ทรัพย์สินทางเลือก,29459642542.49,18492350849.48,3,0.5930717939692562
M0447_2564,tsp2-nurturer-SSF,ผสม,13342782.54,11994827.27,1,0.1123780476081837
M0447_2568,MIX-Thai ESGX,ผสม,137027634.48,131579669.59,3,0.04140430590056776
M0447_2569,UGOV6M49,ตราสารหนี้,157202006.45,0.0,1,
M0448_2555,SCBSMART3FUND,ผสม,284044780.7,329185460.35,5,-0.13712841266441445
M0448_2559,TDSFOCUS,ตราสารทุน,73880673.91,4058273.9699999997,3,17.20494980283453
M0448_2564,tsp3-balancer-SSF,ผสม,45607239.27,35430405.61,1,0.28723446669003594
M0448_2566,K-CHAPE23A-UI,ทรัพย์สินทางเลือก,824666580.83,0.0,1,
M0448_2568,MEQUITY-Thai ESGX,ตราสารทุน,25972597.97,35823980.4,3,-0.2749940771517394
M0449_2555,SCBSMART4FUND,ผสม,218803277.89999998,292908108.45,5,-0.25299685605204014
M0449_2558,SCBGHCFUND,ตราสารทุน,4357960370.03,2743633396.2000003,5,0.5883901894713346
M0449_2563,ASP-EVOCHINARMF,ตราสารทุน,140440350.16,156918502.36,1,-0.10501089388551577
M0449_2564,tsp5-gogetter-SSF,ตราสารทุน,107523538.02,90501597.21,1,0.1880844243058195
M0449_2568,HIDIV-Thai ESGX,ตราสารทุน,99981471.91,122904091.09,3,-0.1865081868040851
M0450_2565,SCBINDO,ตราสารทุน,1398023838.16,897402613.6,8,0.5578557683844036
M0450_2567,K-GPIN,ตราสารทุน,564601893.8100001,216085667.04000002,3,1.6128613782860737
M0450_2568,SCBTS100X,ตราสารทุน,918237698.24,1047720383.9200001,6,-0.12358515465313968
M0451_2568,KF70-THAIESGX,ผสม,948236462.1,1040117070.23,3,-0.0883367947318493
M0451_2569,SCBSB6M82,ตราสารหนี้,1418402396.71,0.0,1,
M0452_2546,SCBDVFUND,ตราสารทุน,27993609279.53,7675417048.16,8,2.6471776196501016
M0452_2560,B-INDIAMRMF,ตราสารทุน,2759326353.63,2945168655.34,1,-0.06310073325445797
M0452_2566,ONE-LS6-UI,อื่น ๆ,1559910609.03,1537367098.06,1,0.014663713694957892
M0452_2568,SCBTAX,ตราสารทุน,375386240.46000004,321920673.36,6,0.16608304941077878
M0452_2569,B7/26,ตราสารหนี้,4161080665.47,0.0,1,
M0454_2560,ONE-GLOBHY,ตราสารหนี้,49205788.17,51486129.36,2,-0.04429039856648487
M0454_2568,UEQ-TESGX,ตราสารทุน,862764024.39,704301863.04,6,0.22499182476392288
M0454_2569,MKAI9S2,ตราสารหนี้,1484995368.69,0.0,1,
M0455_2561,K-GPE19A-UI,ผสม,3562111311.06,0.0,1,
M0455_2567,K-WPSPEEDRMF,ผสม,573326217.32,139865601.85,1,3.099122369879539
M0455_2568,K-70ThaiESGX,ผสม,8106939835.98,8927266662.0,3,-0.09189003275905505
M0456_2547,MVEQ,ตราสารทุน,881431636.94,20688355.65,3,41.605205162354224
M0456_2568,KFAEQ-THAIESGX,ตราสารทุน,4037636873.05,6206375703.72,3,-0.34943724553608535
M0457_2563,UCI-M,ตราสารทุน,2929454459.98,1583683111.12,2,0.849773126587335
M0457_2564,TLMSEQRMF,ตราสารทุน,15291592.48,15216231.35,1,0.00495268034946128
M0457_2565,SCBRMDIGI,ตราสารทุน,806822901.34,417860663.78,2,0.9308419558840919
M0457_2568,KFS50-THAIESGX,ตราสารทุน,1018180812.1099999,1161758500.3700001,3,-0.12358651838077639
M0458_2559,KFAFIX,ตราสารหนี้,36387603506.450005,54590371922.8,4,-0.3334428357090474
M0458_2569,SCBNDQPIN,ตราสารทุน,218943520.96,0.0,8,
M0459_2564,TNEXTGENRMF,ตราสารทุน,134773554.92,113860843.9,2,0.1836690323353556
M0459_2568,PRINCIPAL SEQTESGX,ตราสารทุน,120963811.73,165700181.22,3,-0.26998382959282075
M0460_2546,KFGROWTH,ตราสารทุน,382832430.53999996,403929697.96,2,-0.052230047769573074
M0460_2550,KFDIVRMF,ตราสารทุน,7178371846.38,5917947463.5,1,0.21298336807717422
M0460_2559,UGBFRMF,ผสม,136255170.19,132198540.96,1,0.03068588503731995
M0460_2563,LHGDYNAMIC,ผสม,16065581.100000001,24930977.04,3,-0.3555976135943687
M0460_2567,M-USEQH,ตราสารทุน,81746710.31,205337966.52,1,-0.6018918873337638
M0461_2563,DAOL-CYBER,ตราสารทุน,346894070.81,517644177.63,1,-0.32985999688389844
M0461_2568,UMIX-TESGX,ผสม,1953383666.12,3021092969.02,6,-0.35341822110371857
M0462_2558,ES-GER,ตราสารทุน,294528745.26,333469597.83,1,-0.11677482092341063
M0462_2560,SCBTHAICG,ตราสารทุน,630773246.3100001,485960514.17,4,0.29799279554087654
M0462_2562,BCAP-GFIO,ตราสารหนี้,244063693.4,244030918.84,1,0.0001343049485524883
M0462_2563,LHESPORT,ตราสารทุน,239429069.53000003,397023154.09999996,3,-0.3969392790887607
M0462_2568,ABALL-TESGX-M,ผสม,1349234119.82,600623976.89,3,1.2463873766849347
M0463_2559,K-MV,ตราสารทุน,60469775.339999996,1128064.66,2,52.604884085279295
M0463_2563,TGENOME,ตราสารทุน,1222690990.97,1091624816.56,1,0.12006522059751679
M0463_2564,KKP TECH RMF-H,ตราสารทุน,601408388.47,258648694.95,1,1.3251939801446118
M0463_2568,KTEQPLUSX,ตราสารทุน,214817496.32,155192361.25,2,0.38420148124397446
M0464_2548,SCBLT3FUND,ตราสารทุน,828950426.44,2353869841.52,6,-0.647835062152498
M0464_2569,B-WEALTHM,ผสม,4363559406.72,0.0,1,
M0465_2563,USUS-M,ตราสารทุน,873966573.11,1607236721.8899999,2,-0.4562303354528414
M0465_2564,SCBWORLD,ตราสารทุน,11667647806.66,6559396755.1,8,0.7787684206765326
M0465_2568,P-MESGX,ผสม,295229.98,245650.88,2,0.20182748785593585
M0465_2569,B-WEALTHB,ผสม,4706874392.7,0.0,1,
M0466_2550,BIC,ตราสารทุน,38426037.21,76707409.49,1,-0.4990570341837781
M0466_2564,SCBMEGA,ตราสารทุน,2051984965.84,5720689399.12,8,-0.6413046011280298
M0466_2568,KKP BL THAI ESGX FUND,ผสม,1266230067.17,1315258147.73,3,-0.037276393721352274
M0466_2569,B-WEALTHG,ผสม,2084934485.92,0.0,1,
M0467_2568,KTEQ70PLUSX,ผสม,1388733402.49,1126033964.33,2,0.23329619397076407
M0467_2569,SCBSB6M83,ตราสารหนี้,2292116292.05,0.0,1,
M0468_2558,TEURMF,ตราสารทุน,47673145.28,29665412.56,2,0.6070278875636175
M0468_2563,K-CHANGERMF,ตราสารทุน,3467456725.53,3708474643.88,1,-0.06499111939399282
M0469_2569,KFTGB5M3,ตราสารหนี้,2279644754.36,0.0,1,
M0470_2547,ES-JB25,ตราสารทุน,3735569005.17,3081840940.57,1,0.2121225842626031
M0470_2563,K-USARMF,ตราสารทุน,1303509166.2,1719842548.05,1,-0.24207645189499993
M0471_2561,KKP CorePath Extra FUND,ผสม,788986245.0200001,12172416.24,3,63.817553841717796
M0471_2563,KKP TECH-H FUND,ตราสารทุน,1916995966.01,1675485352.56,4,0.1441436734024515
M0471_2564,KT-CLIMATE RMF,ตราสารทุน,105449088.93,95081201.49,1,0.10904245295102255
M0472_2563,AIA-US500,ตราสารทุน,5798248144.68,4392765417.92,1,0.3199539681828729
M0472_2568,KTEQDIVX,ตราสารทุน,353534054.16999996,247992416.26999998,2,0.42558413473858914
M0473_2561,KFHHCARE,ตราสารทุน,1243069043.82,1660878845.8,3,-0.2515594698773783
M0473_2562,UFFF-M,ตราสารหนี้,230319179.63,231024268.06,2,-0.003052010232175606
M0473_2565,B-GLOB-INFRARMF,ตราสารทุน,329522694.82,237766997.66,1,0.38590594179604354
M0473_2568,MEGATX8020C,ตราสารทุน,105222066.36999999,156025443.06,3,-0.3256095652967538
M0474_2569,TLUSHD-UH,ตราสารทุน,171647155.67,0.0,1,
M0475_2558,UHCRMF,ตราสารทุน,568183250.71,530419090.36,1,0.07119683479787486
M0475_2560,KFTSTAR2,ตราสารทุน,751003500.0899999,1433668306.24,2,-0.47616649065807004
M0475_2563,ONE-DISCRMF,ตราสารทุน,50934835.46,31488817.36,2,0.6175531420466152
M0475_2569,K-GB6MDC,ตราสารหนี้,2707126913.74,0.0,1,
M0476_2565,B-GLOB-INFRASSF,ตราสารทุน,85714997.72,68189569.25,1,0.2570104000180351
M0478_2559,ES-LOWBETADIV,ตราสารทุน,559338873.83,0.0,1,
M0478_2564,AFMOAT-H,ตราสารทุน,875816478.67,455754492.64000005,5,0.9216847948042202
M0478_2567,KT-EURO50,ตราสารทุน,446697404.95,107811521.30000001,5,3.143317889996233
M0478_2569,TLUSHD-H,ตราสารทุน,81219817.08,0.0,1,
M0479_2563,ES-GINNO,ตราสารทุน,26088336737.08,5292548940.58,8,3.9292575335583075
M0479_2564,MRENEWRMF,ตราสารทุน,115743281.52,94977692.94,1,0.21863648123268464
M0479_2569,SCBSB3M95,ตราสารหนี้,1284598705.61,0.0,1,
M0481_2559,SCBAPLUSFUND,ผสม,497422355.42999995,562189025.06,3,-0.1152044361290897
M0482_2569,X-VOLT,ตราสารทุน,67299089.94,0.0,1,
M0484_2559,KF-CSINCOME,ตราสารหนี้,13603979438.13,10591113197.65,1,0.2844711584376709
M0484_2560,KTBTHAICG,ตราสารทุน,259991670.24,390831064.28,4,-0.33477224816056006
M0484_2564,TCYBER,ตราสารทุน,47229101.3,48645191.45,1,-0.029110588483458488
M0484_2568,DAOL-CYBERSECURE,ตราสารทุน,141982550.63,428040028.31,1,-0.6682960909273378
M0485_2557,ES-ASIA,ตราสารทุน,7057210840.169999,26376850538.620003,7,-0.7324467972460513
M0485_2560,TLEQ-THAICG,ตราสารทุน,11039953.04,8795230.03,1,0.25522050046938904
M0485_2566,AIA-SEL,ตราสารทุน,3711164541.99,3667974821.26,1,0.011774813850865984
M0485_2567,M-USEQUH,ตราสารทุน,24712730.13,110661745.5,1,-0.776682267044125
M0485_2569,SCBSB16M1,ตราสารหนี้,1434891476.53,0.0,1,
M0486_2561,ONE-DELIGHT,ผสม,34377944.59,66732321.44,4,-0.48483817364409065
M0487_2560,KF-GCHINARMF,ตราสารทุน,1116769388.87,1086516108.42,1,0.027844299974524755
M0487_2565,BCAP-VISPE22BUI,ทรัพย์สินทางเลือก,1286406723.24,1246863659.79,1,0.03171402353378405
M0488_2560,KFGTECHRMF,ตราสารทุน,4487309135.93,3504887778.18,1,0.2803003747698156
M0488_2561,ASP-AAA,ผสม,155564844.31,136287362.79999998,2,0.141447314805625
M0488_2564,KKP INCOME-H FUND,ผสม,722356707.38,1016265656.59,5,-0.289204842556806
M0488_2565,TGHIDIV,ตราสารทุน,501650407.03,512547181.59,1,-0.021260041907159688
M0488_2569,B8/26,ตราสารหนี้,5369509938.25,0.0,1,
M0489_2553,SCBFPFUND,ตราสารหนี้,42279662382.93,59420153217.91,8,-0.28846258225085897
M0489_2558,TISESG,ตราสารทุน,63204257.27,55378847.76,2,0.14130683151649603
M0489_2560,KFHAPPYRMF,ผสม,1220479084.59,1210926405.63,1,0.007888736190396317
M0489_2563,ES-CHINAARMF,ตราสารทุน,534909510.68,569380763.0,1,-0.060541652546136304
M0489_2564,M-META,ตราสารทุน,177095862.17,335756146.14,1,-0.4725461791065577
M0489_2569,LHSOLAR,ตราสารทุน,391085557.71,0.0,1,
M0490_2560,KFSTARRMF,ตราสารทุน,563567645.58,463160743.99,1,0.21678629480776523
M0490_2567,ES-LINK2Y4MA,ผสม,612909475.23,611799673.91,1,0.0018139946249191574
M0490_2569,SCBSB6M84,ตราสารหนี้,2836363279.65,0.0,1,
M0491_2560,LHTOPPICK,ตราสารทุน,38384942.940000005,35664349.19,3,0.07628328602061907
M0491_2566,BCAP-USL,ตราสารหนี้,2165028918.49,4858522984.0,1,-0.5543853706939673
M0492_2547,UTCG-M,ตราสารทุน,6692194179.06,7221996559.1,2,-0.07335954478854301
M0492_2565,KT-VIETNAM RMF,ตราสารทุน,306876264.73,257837003.42,1,0.19019481555996132
M0493_2557,FP HCARE,ตราสารทุน,36207713.66,23471616.48,2,0.5426169599717316
M0493_2562,MDIVA,ตราสารทุน,74557522.13,108520299.78,5,-0.3129624385377827
M0493_2563,ES-APLUS,ตราสารหนี้,895427057.89,318819494.77,1,1.808570594266738
M0493_2567,KT-BTCETFFOF-UI,อื่น ๆ,540440977.3,642649377.95,5,-0.15904224629616337
M0494_2559,KT-PIF RMF,ผสม,230056357.46,234917746.66,1,-0.020694005749322786
M0494_2560,UTHAICG,ตราสารทุน,207783827.06,246080782.42,1,-0.15562757474753308
M0494_2569,KTGOV6M33,ตราสารหนี้,4439004564.26,0.0,1,
M0495_2558,B-GLOBALRMF,ตราสารทุน,3862985558.51,2718337242.3,1,0.4210839988497921
M0495_2569,KTGOV3M61,ตราสารหนี้,1835665718.27,0.0,1,
M0496_2555,LHEQD,ตราสารทุน,306440740.09000003,339713405.22999996,4,-0.09794333879015749
M0496_2564,ASP-DIGIBLOC,ตราสารทุน,1048808463.45,1967149248.38,1,-0.4668383884376227
M0497_2546,M-BT,ผสม,449369245.22,474657534.1,2,-0.053276914539972964
M0497_2564,ASP-DIGIBLOCRMF,ตราสารทุน,294584695.71,208647472.22,1,0.4118776162281368
M0498_2554,I-ASEAN STAR 10,ผสม,5826324.47,5052055.06,1,0.15325830791717454
M0498_2558,PRINCIPAL GSA,ตราสารทุน,42576889.94,74392202.23,1,-0.42766998873935613
M0498_2564,ASP-DIGIBLOC-SSF,ตราสารทุน,90729209.38,86963639.05,1,0.04330051468792573
M0499_2559,TISCODS,ตราสารทุน,61275410.61,64738809.24,1,-0.05349802800914172
M0499_2563,ES-GTECHSSF,ตราสารทุน,500651995.0,279397988.31,1,0.79189548939956
M0499_2569,SCBSB3M96,ตราสารหนี้,3175082908.95,0.0,1,
M0500_2560,LHGINCOMERMF,ผสม,18906114.17,21750129.96,1,-0.13075856536169406
M0500_2569,DAOL-VOLT,ตราสารทุน,351322265.54,0.0,1,
M0501_2566,KKP PGE-UH FUND,ตราสารทุน,4797961942.54,2303318498.9500003,7,1.0830649103574768
M0501_2567,KKP CASH FUND,ตราสารหนี้,4460545306.080001,11668974246.48,6,-0.61774315275179
M0502_2563,DAOL-PLAY,ตราสารทุน,119960245.46,53369663.78,1,1.247723462424256
M0502_2564,UINFRA,ตราสารทุน,1730222482.98,984495029.25,3,0.7574720354841242
M0503_2561,LHEQDPLUS,ตราสารทุน,208818184.67000002,172922550.29,2,0.2075821477291493
M0503_2562,TGREIT,ทรัพย์สินทางเลือก,71117104.98,82638059.77,1,-0.1394146331855486
M0503_2564,KT-TRIGB1,ตราสารหนี้,172895886.36,187891690.61,1,-0.07981089638033145
M0503_2565,BCARESSF,ตราสารทุน,256047727.87,197829549.04,1,0.29428454501621815
M0503_2568,KFCHINA-T10PLUS,ตราสารทุน,3048692378.4300003,0.0,3,
M0503_2569,KFSGB6M31,ตราสารหนี้,1652127615.38,0.0,1,
M0504_2559,LHSTPLUS,ตราสารหนี้,7862152297.490001,6192611124.870001,4,0.2696021337291785
M0504_2563,BCAP-CTECH,ตราสารทุน,3023282873.61,2661695722.46,1,0.13584841726980468
M0505_2559,KT-SMARTTHEQ,ตราสารทุน,236640086.98,4.0,2,59160020.745
M0505_2563,TCHARMF,ตราสารทุน,195445520.94,143359591.31,2,0.36332364757771707
M0506_2563,DAOL-GLOBALEQRMF,ตราสารทุน,14272731.69,10066270.06,1,0.4178768903404524
M0506_2569,ES-GOVCP6M56,ตราสารหนี้,124119412.52,0.0,1,
M0509_2554,KT-PROPERTY,ตราสารทุน,860566363.21,1967257487.44,6,-0.5625552990880424
M0509_2560,KT25/75,ผสม,628472651.72,625594186.4200001,4,0.004601170155484002
M0509_2564,ONE-MEDTECH,ตราสารทุน,244858467.43,50390775.69,1,3.8591922644007237
M0509_2569,KT-KOREA,ตราสารทุน,413294531.54,0.0,1,
M0510_2560,UGISRMF,ตราสารหนี้,1290231589.47,1067244990.48,1,0.20893665557494012
M0510_2569,SCBSB6M85,ตราสารหนี้,209277147.7,0.0,1,
M0511_2557,BKIND,ตราสารทุน,304041576.76,243826879.43,1,0.24695676486023754
M0511_2558,SCBRMJP,ตราสารทุน,1007517129.02,464355194.35,1,1.169712197212121
M0511_2559,K-MS,ตราสารทุน,299230884.92,630107140.28,2,-0.5251111028720749
M0511_2565,K-VIETNAM-SSF,ตราสารทุน,1346421478.9,1326924336.22,1,0.014693484886667552
M0511_2568,AIA-GAA-UH,ผสม,3041270460.21,0.0,1,
M0512_2546,1AMSET50,ตราสารทุน,5613127304.23,1378597135.65,5,3.071622636575002
M0512_2550,TCIRMF,ตราสารทุน,103450904.34,125801550.21,1,-0.17766590183260977
M0512_2561,KKP CorePath Light FUND,ผสม,1933444191.42,2395430154.42,3,-0.19286137905025225
M0512_2563,K-CHINARMF,ตราสารทุน,4816530810.09,4716130939.75,1,0.021288609587528207
M0512_2564,AIA-ICA,ผสม,547441855.14,608954401.93,1,-0.10101338720115027
M0512_2567,K-GPINUH,ตราสารทุน,1523924468.12,2297179459.1,3,-0.3366106152119911
M0512_2569,M-GPLUS1Y1,ตราสารหนี้,75392716.15,0.0,1,
M0513_2564,SCBAXJ,ตราสารทุน,1506840253.6599998,754728373.94,6,0.9965331974915146
M0513_2568,KTWC-INCOME,ผสม,2512254750.2400002,8857643283.06,6,-0.7163743594140195
M0514_2562,TCHT5M4,ตราสารทุน,105965472.68,119350273.45,1,-0.1121472149421372
M0514_2564,ES-VIETNAM,ตราสารทุน,1392798954.29,1936886815.33,1,-0.2809084437632976
M0514_2569,LHPHOTONICS,ตราสารทุน,52677499.31,0.0,1,
M0515_2554,KFMX2TM,ผสม,303801132.78,273965542.34,1,0.10890271157886366
M0515_2557,KF-SMCAPD,ตราสารทุน,51721597.2,41126548.96,1,0.257620649140895
M0515_2565,SCBRS2000,ตราสารทุน,1079931244.22,1207843619.58,8,-0.1059014373106334
M0515_2569,SCBSB3M97,ตราสารหนี้,2135700573.65,0.0,1,
M0517_2556,M-PROP DIV,ผสม,5584174867.349999,2321936975.7999997,3,1.4049640130417531
M0517_2561,KFSUPERRMF,ผสม,141836406.07,134871273.96,1,0.0516428139624876
M0517_2566,PRINCIPAL VNEQRMF,ตราสารทุน,337912484.35,297783369.74,1,0.13475942140434993
M0517_2569,ONE-GOLD,ทรัพย์สินทางเลือก,102837346.96,0.0,2,
M0518_2558,SCBRMGIF,ตราสารทุน,553049602.72,519840915.91,1,0.06388240285370195
M0518_2560,KKP G-UBOND-H FUND,ตราสารหนี้,242681552.69000003,426501544.84000003,4,-0.43099490347440406
M0518_2561,KFSUPER,ผสม,99961291.82,116660196.41,1,-0.14314140644262274
M0518_2569,K-GB6MDD,ตราสารหนี้,3235457391.86,0.0,1,
M0519_2564,ONE-METAVERSE,ตราสารทุน,22960248.26,25465003.52,1,-0.09836068775850682
M0520_2557,KT-IGF,ผสม,1592056362.58,2629226935.5299997,4,-0.3944773876055423
M0520_2563,AIA-DFI,ตราสารหนี้,289159065.56,334452621.18,1,-0.13542592508379037
M0520_2564,AIA-IMA,ผสม,4866723856.28,3864348288.19,1,0.2593905862868009
M0520_2565,B-VIETNAMSSF,ตราสารทุน,509129054.68,533430224.44,1,-0.0455564170281344
M0521_2550,FP MONEY,ตราสารหนี้,15278268.0,10107561.54,1,0.5115681403014245
M0521_2562,K-ALLGR-UI,ผสม,5215425406.0,7943779675.84,2,-0.34345794837915056
M0521_2564,AIA-IAA,ผสม,10974902840.15,10256689766.07,1,0.07002386641896008
M0521_2567,LHSPACE,ตราสารทุน,380873722.53,231517338.03,5,0.6451196518191065
M0521_2569,SCBSB15M1,ตราสารหนี้,2284923385.73,0.0,1,
M0522_2555,SCBOILFUND,ทรัพย์สินทางเลือก,3222766644.0499997,2581817419.05,5,0.2482550548581557
M0522_2558,SCBRMEU,ตราสารทุน,434666015.07,336576623.99,1,0.2914325716301507
M0522_2564,AIA-TCA,ผสม,180077097.03,182094643.92,1,-0.011079660810267233
M0522_2567,KFGBTHAIESG,ตราสารหนี้,6034719771.46,2939275570.56,2,1.053131673635571
M0523_2561,PRINCIPAL GINNO,ตราสารทุน,1219501293.0900002,851023117.59,6,0.432982568726791
M0523_2562,UJAZZ-M,ผสม,243291596.42000002,175189901.6,2,0.38873070992123915
M0524_2558,LHPROP-I,ทรัพย์สินทางเลือก,996418085.98,736181260.83,1,0.3534955845746448
M0524_2562,UPOP-M,ผสม,251524266.25,327952879.56,2,-0.23304754455134202
M0525_2559,ES-SMCAPRMF,ตราสารทุน,56452062.22,46474349.9,1,0.21469288632265515
M0525_2562,UROCK-M,ผสม,935664465.4300001,1143231137.45,2,-0.18156142290086819
M0525_2564,AIA-TMA,ผสม,1130684014.51,759077461.57,1,0.48955023927519337
M0525_2566,AFMOATHRMF,ตราสารทุน,33756352.43,31635445.17,1,0.06704211837711904
M0525_2569,ONE-SINGEQ,ตราสารทุน,112351744.24,0.0,2,
M0526_2546,KTSE,ตราสารทุน,1749497862.49,1366643864.43,1,0.28014174579394213
M0526_2558,KKP ACT FIXED FUND,ตราสารหนี้,7570945432.58,8050229628.82,5,-0.05953671116711401
M0526_2560,SCBPOP,ผสม,522078734.59,765818382.86,4,-0.31827343626792814
M0526_2564,AIA-TAA,ผสม,1987476194.07,1288076008.04,1,0.5429805241805892
M0526_2568,MEGA10HEALTHRMF,ตราสารทุน,10651941.18,1398705.92,1,6.615568810919168
M0527_2560,K-THAICGRMF,ตราสารทุน,476509355.03,330586611.52,1,0.44140548475046715
M0527_2564,K-ALLEN-UI,ผสม,6461854489.49,10307335655.960001,2,-0.3730819772272025
M0528_2562,PRINCIPAL GBRAND,ตราสารทุน,108678953.12,145010324.05,6,-0.25054334005538004
M0528_2569,PRINCIPAL VNEI,ตราสารทุน,169109667.36,0.0,8,
M0529_2556,KKP PROP-D FUND,ผสม,223553968.59,256686137.69,3,-0.12907658122159182
M0529_2559,ABMIX70,ผสม,125520233.76,135831385.15,1,-0.07591140573743904
M0529_2562,SCBLARGE,ตราสารทุน,661106626.1,951990613.9100001,5,-0.30555341991796137
M0529_2563,K-2035RMF,ผสม,1322266585.65,883175900.37,1,0.4971724037035503
M0529_2569,DAOL-HYDROGEN,ตราสารทุน,67298596.69,0.0,1,
M0530_2546,KFDYNAMIC,ตราสารทุน,779187595.61,783837475.26,1,-0.005932198697769064
M0530_2551,PRINCIPAL TREASURY,ตราสารหนี้,493613696.11,457537137.37,1,0.07884946552617378
M0530_2564,KKP NDQ100-H FUND,ตราสารทุน,616354279.3299999,741058109.07,3,-0.16827807187279653
M0530_2569,TLUSHGRMF,ตราสารทุน,32296140.4,0.0,1,
M0531_2567,PRINCIPAL INDIAEQ,ตราสารทุน,244599858.56,270588310.26,8,-0.09604425141288808
M0531_2568,ES-USBLUECHIP-UH,ตราสารทุน,52875022.21,51572251.02,1,0.025261088361157258
M0531_2569,ES-GOVCP6M57,ตราสารหนี้,270610778.84,0.0,1,
M0532_2550,KFENSET50,ตราสารทุน,3282543048.87,2509564199.9,2,0.308013179738857
M0532_2556,ABJO,ตราสารทุน,285654481.62,182380298.28,1,0.5662573442085721
M0532_2559,TLFLEX,ผสม,43603293.12,39037037.74,1,0.11697238428829593
M0533_2561,UCHINA-M,ตราสารทุน,3595933338.67,5077450087.68,2,-0.29178361646622075
M0533_2564,TBRAND,ตราสารทุน,494029525.18,1066684673.2,1,-0.5368551385500493
M0534_2563,SCBGEESG,ตราสารทุน,168427098.17,1992692101.92,7,-0.9154776104107016
M0534_2569,LHGRID,ตราสารทุน,111458967.12,0.0,1,
M0535_2559,KFFAST,ตราสารทุน,280437227.7,656651278.7,2,-0.5729282241630698
M0535_2569,KFTGB6M63,ตราสารหนี้,2099095900.09,0.0,1,
M0536_2552,PGOLD,ทรัพย์สินทางเลือก,5403854.06,2500630.16,1,1.16099691447375
M0536_2559,TISCOGC,ตราสารทุน,21556620.06,21226915.03,1,0.01553240447488613
M0536_2562,SCBMOMENT,ตราสารทุน,6896295.26,14444818.209999999,5,-0.5225765281541747
M0536_2563,SCBUSA,ตราสารทุน,2717372169.62,3602035930.3500004,8,-0.24560103725673832
M0536_2564,ABINNO-M,ตราสารทุน,36615568.88,43818867.0,3,-0.16438805047150118
M0537_2562,SCBQUALITY,ตราสารทุน,19426908.93,8792290.15,5,1.2095391073962678
M0537_2568,KKP GBA-UI FUND,อื่น ๆ,32900888799.0,0.0,3,
M0538_2562,SCBVALUE,ตราสารทุน,60901688.96,62387482.120000005,5,-0.023815565390860605
M0538_2564,KFCYBER,ตราสารทุน,345255720.25,703291177.64,3,-0.509085665757165
M0539_2564,SCBVIET,ตราสารทุน,2883682506.75,4844187330.09,9,-0.40471284237134897
M0539_2567,MEGA10EURORMF,ตราสารทุน,7174709.03,5279413.72,1,0.35899730737525926
M0539_2569,KTGOV3M62,ตราสารหนี้,4805778356.02,0.0,1,
M0540_2559,ES-SMCAP2,ตราสารทุน,70587990.34,0.0,1,
M0540_2568,SCBUSDYIELD,ตราสารหนี้,41724225.09,0.0,1,
M0541_2559,ES-ABRMF,ตราสารหนี้,802015387.06,747551082.03,1,0.07285696768988736
M0542_2555,HI-DIV PLUS,ตราสารทุน,204649913.58,245725777.06,2,-0.16716139418279385
M0542_2560,ASP-AIEQRMF,ตราสารทุน,234700607.61,131087171.66,1,0.7904162904570218
M0542_2564,KT-GESG,ตราสารทุน,1049461835.92,1842443302.3,6,-0.4303966723915399
M0542_2569,SCBSB6M86,ตราสารหนี้,2296216680.01,0.0,1,
M0543_2562,SCBEQUAL,ตราสารทุน,6336305.55,6641127.28,5,-0.04589909470911402
M0543_2569,MKAI9S3,ตราสารหนี้,1977482073.56,0.0,1,
M0544_2567,K-GSELECT,ตราสารทุน,933304884.47,1554966193.69,1,-0.39979088403508733
M0544_2568,X-EMBOND,ตราสารหนี้,123004951.82,0.0,1,
M0545_2556,LHTPROP,ทรัพย์สินทางเลือก,1183629630.21,1179616411.37,1,0.0034021388659211116
M0545_2563,K-2040RMF,ผสม,1054478325.92,555480514.79,1,0.8983173987995721
M0546_2563,KT-Ashares RMF,ตราสารทุน,868779782.63,699149432.12,1,0.24262388370342713
M0546_2564,TRAREEARTH,ตราสารทุน,242506344.37,28936570.79,1,7.380617942945962
M0547_2562,DAOL-GOLD,ตราสารทุน,4327562360.99,1109161766.13,1,2.901651222697109
M0547_2564,SCBRMNDQ,ตราสารทุน,3335108975.94,1464976011.6,2,1.2765621754430647
M0547_2569,B9/26,ตราสารหนี้,4578652468.88,0.0,1,
M0548_2564,SCBRMVIET,ตราสารทุน,1450389920.72,1450670856.4,2,-0.00019365914656699346
M0548_2569,SCBSB3M98,ตราสารหนี้,2802985038.61,0.0,1,
M0549_2563,ONE-GLOBALTOP8M8,ผสม,378775560.5,648277763.96,1,-0.4157202644337942
M0549_2564,KKP VGF-UI FUND,ตราสารทุน,9781940306.28,12299080074.18,2,-0.20466081631457478
M0549_2567,TAIRMF,ตราสารทุน,117866807.6,39512667.20999999,2,1.9830131935555562
M0550_2559,KF-SINCOMERMF,ตราสารหนี้,1360494622.44,1215967614.67,1,0.11885761267517236
M0550_2560,SCBMLT,ตราสารทุน,868186880.31,1140706846.05,8,-0.23890447110374824
M0550_2563,MGFRMF,ตราสารทุน,450147292.94,362658510.18,1,0.2412428780909519
M0550_2569,DAOL-KOREAX,ตราสารทุน,379419554.19,0.0,1,
M0551_2551,KTFIX3M1,ตราสารหนี้,8796280.59,10532367.57,1,-0.16483349716591789
M0551_2563,ES-GCGRMF,ตราสารทุน,210128359.73,286865766.81,1,-0.2675028391617936
M0551_2569,UGUSD6M17,ตราสารหนี้,19691787.54,0.0,1,
M0552_2563,TCHTECHRMF,ตราสารทุน,247660155.76,187367127.17,2,0.3217908578770894
M0552_2565,K-GINCOMERMF,ผสม,761087792.04,568974027.86,1,0.33764944403977415
M0552_2567,B-USPASSIVE,ตราสารทุน,2012991148.56,974194156.29,1,1.0663141280030106
M0552_2569,TLUSHG-UH-X,ตราสารทุน,134716686.11,0.0,1,
M0553_2551,KTFIX3M3,ตราสารหนี้,7231607.6,16972011.91,1,-0.5739098205711783
M0553_2567,B-EUPASSIVE,ตราสารทุน,230791506.12,269019506.31,1,-0.1421012205187404
M0553_2569,TLUSHG-H-X,ตราสารทุน,36369950.53,0.0,1,
M0554_2562,TCIEZERO,ผสม,83374712.23,113470144.52,1,-0.26522776028275385
M0554_2563,B-GTO,ตราสารทุน,1058311079.01,1617809097.62,1,-0.34583686012959847
M0554_2566,KF-SINCOME-FX,ตราสารหนี้,5000942174.41,7607973024.74,4,-0.34267088511648536
M0554_2567,SIGNATURE GINCOME,ตราสารหนี้,760968399.96,3753820596.3999996,10,-0.797281628032574
M0555_2560,ES-GPROP,ทรัพย์สินทางเลือก,156416102.64,160153721.45,1,-0.02333769565989685
M0555_2564,SCBRMASHARES,ตราสารทุน,479928232.08,303055777.0,2,0.5836300394300022
M0555_2569,SCBSB15M3,ตราสารหนี้,1536377593.21,0.0,1,
M0556_2552,M-PROPERTY,ผสม,1463376261.45,1212660520.9,1,0.20674849739804047
M0556_2560,B-SENIOR-X,ผสม,1257351208.26,1499957391.87,1,-0.1617420500908644
M0557_2551,PMIXRMF,ผสม,39574945.54,31066835.18,1,0.2738647277942652
M0557_2552,KT-FINANCE,ตราสารทุน,5461702027.690001,1582528164.28,6,2.451251074684602
M0557_2563,LHCHINARMF,ตราสารทุน,25572418.49,26076288.21,1,-0.019322908074270062
M0557_2564,KT-ASIANBOND,ตราสารหนี้,459393853.86,320420540.94,6,0.43372161008249255
M0557_2567,B-JPPASSIVE,ตราสารทุน,996375501.44,116126236.01,1,7.580106749987134
M0557_2569,KFTGB6M64,ตราสารหนี้,1297839655.99,0.0,1,
M0559_2557,SCBKEQTGFUND,ตราสารทุน,9820575835.09,3797465113.33,5,1.5860871771059748
M0559_2559,KT-CLMVT,ตราสารทุน,1206021608.9099998,1557164504.26,4,-0.22550147681209265
M0559_2560,KTEF-RMF,ตราสารทุน,295234683.12,284104303.54,1,0.03917708898215588
M0559_2567,TSIThaiESG,ตราสารหนี้,295397742.61,166962161.02,1,0.769249635997554
M0559_2568,SCBROYALTY,อื่น ๆ,1495207085.84,0.0,4,
M0560_2554,KFMXPLS2TM,ผสม,1433026471.98,1335934687.74,1,0.0726770441182647
M0560_2556,PRINCIPAL MABALANCED,ผสม,404958139.53000003,391559719.39,5,0.03421807575322888
M0561_2557,TMSRMF,ตราสารทุน,286419818.54,253339710.19,3,0.13057608823026823
M0561_2559,KKP SMART MV-L FUND,ตราสารทุน,559606214.4300001,0.0,6,
M0561_2569,LHDRAM,ตราสารทุน,665388063.9,0.0,1,
M0562_2558,ABAGS-M,ตราสารทุน,337282620.02,725341692.64,2,-0.535001746842368
M0562_2565,LHMMRMF,ตราสารหนี้,53724178.82,50080493.06,1,0.07275658719323319
M0563_2562,LHPROPG,ทรัพย์สินทางเลือก,114116437.1,125922911.33,3,-0.09375953990659691
M0563_2566,ES-GAINCOME,ผสม,12347140417.54,2676967254.2200003,8,3.6123613944383646
M0563_2568,TLA-GEQ,ตราสารทุน,2726260676.12,0.0,1,
M0563_2569,K-GB6MDE,ตราสารหนี้,3326807581.23,0.0,1,
M0564_2565,ES-INDONESIA-RMF,ตราสารทุน,45391274.5,41999331.49,1,0.08076183333555242
M0564_2568,LHALFA1-UI,ผสม,904675322.3,863800000.0,2,0.04732035459597128
M0564_2569,K-FGB6MQ(USD),ตราสารหนี้,3620801.64,0.0,1,
M0565_2563,ES-FIXEDSSF,ตราสารหนี้,174247104.18,154880876.94,1,0.1250394988885708
M0565_2566,ONE-FFI,ตราสารหนี้,434772824.92,1036204694.35,1,-0.5804180126854874
M0565_2569,KTGOV6M34,ตราสารหนี้,2223170429.35,0.0,1,
M0566_2559,KFGBRANRMF,ตราสารทุน,3205995567.16,4473580773.63,1,-0.2833491269324825
M0567_2559,LHACTGF,ผสม,35807792.05,21026378.54,2,0.7029937885822919
M0568_2554,ONEPROP-SG,ทรัพย์สินทางเลือก,69490886.26,87065430.1,1,-0.20185444234082972
M0568_2559,ES-ASIANBOND,ตราสารหนี้,14314990.63,15589959.11,1,-0.08178138704560067
M0568_2560,ASP-THSME,ตราสารทุน,107667704.69,0.0,2,
M0568_2563,TCHCON,ตราสารทุน,1114609793.56,1569376225.45,1,-0.2897752779194812
M0568_2567,B-ASIATECHRMF,ตราสารทุน,1066918494.73,163714554.2,1,5.516943468731628
M0568_2568,ONE-LS7-UI,อื่น ๆ,433554181.3,0.0,2,
M0568_2569,SCBSB3M99,ตราสารหนี้,1564353376.34,0.0,1,
M0569_2563,KTF13,ตราสารหนี้,127211325.18,198444728.57,1,-0.35895840571483306
M0569_2565,ABSM-RMF,ตราสารทุน,39401290.91,32447735.44,1,0.21430017767674436
M0569_2568,TLSEMICON-H,ตราสารทุน,206373763.96,110507378.24,1,0.8675111766003292
M0570_2547,B-EQUITY,ตราสารทุน,14638620181.58,0.0,1,
M0570_2559,KT-SELECTTHEQ,ตราสารทุน,152415102.97,4.0,2,38103774.7425
M0570_2560,SCBRMPOP,ผสม,919065747.76,967513949.2,1,-0.0500749384337662
M0570_2565,ABGDD-RMF,ตราสารทุน,142044710.16,73783504.41,1,0.9251553757962796
M0570_2567,LHSBUSD6M1,ตราสารหนี้,1648023.25,0.0,1,
M0570_2569,UGUSD6M18,ตราสารหนี้,1149762.19,0.0,1,
M0571_2552,K-PLAN1,ตราสารหนี้,13028311134.03,16434899440.65,1,-0.20727770917746902
M0571_2563,KTF14,ตราสารหนี้,168115236.21,237720657.81,1,-0.29280341995197
M0571_2567,SCBTB,ตราสารหนี้,6722504969.66,3479327417.1099997,7,0.9321277257786362
M0571_2568,KT-VNDIAMOND,ตราสารทุน,79354417.9,0.0,5,
M0571_2569,UGUSD6M19,ตราสารหนี้,13219454.8,0.0,1,
M0572_2563,KTF15,ตราสารหนี้,152816308.91,277581684.65,1,-0.4494726512569279
M0572_2569,UGUSD6M20,ตราสารหนี้,3255999.94,0.0,1,
M0573_2553,UOBSCI,ตราสารทุน,131332852.82,132622241.83,2,-0.009722268242553067
M0573_2562,B-IR-FOFRMF,ทรัพย์สินทางเลือก,341762482.04,283100199.41,1,0.20721385132280434
M0573_2563,KTF16,ตราสารหนี้,262332649.22,331201618.89,1,-0.20793669397151415
M0573_2566,K-WPBALRMF,ผสม,2399304204.12,1188182608.47,1,1.0193059442349002
M0573_2569,DAOL-SUPERAI,ตราสารทุน,1660684405.65,0.0,1,
M0574_2547,MIF,ผสม,2506189343.1000004,60172169.26,2,40.650307341769924
M0574_2552,K-PLAN2,ผสม,1233942880.51,1408415233.27,1,-0.12387849026236197
M0574_2563,KTF17,ตราสารหนี้,148292785.69,278643205.09,1,-0.4678040483990903
M0575_2552,K-PLAN3,ผสม,1695311279.28,1370724577.01,1,0.2367993597795044
M0575_2560,MS50EQ,ตราสารทุน,21216340.130000003,49125659.5,2,-0.5681210115866231
M0575_2563,KTF18,ตราสารหนี้,144635689.54,368317859.88,1,-0.6073074230309572
M0575_2565,M-ASIA,ตราสารทุน,110442037.63,107109984.32,1,0.03110870878334948
M0576_2553,ES-BRMF,ตราสารหนี้,3326186101.54,3102133254.38,1,0.07222541031841634
M0576_2569,ASP-CSEMI,ตราสารทุน,159138887.35,0.0,1,
M0577_2559,KFTHAISM2,ตราสารทุน,210419614.53,417685100.3,2,-0.49622427427057547
M0577_2563,KF-ACHINARMF,ตราสารทุน,840598873.32,969278536.39,1,-0.13275818894046387
M0577_2565,TVIETNAMRMF,ตราสารทุน,191535780.16,147561869.6,2,0.2980032082759678
M0577_2568,B-CNNEXT,ตราสารทุน,1793445387.08,0.0,1,
M0578_2563,ASP-EUG,ตราสารทุน,119679891.43,131022362.01,1,-0.08656896735791031
M0578_2567,KKP PEQ-UI FUND,ทรัพย์สินทางเลือก,7639438402.4,6001410489.56,2,0.27294048885499467
M0578_2569,SCBSB15M4,ตราสารหนี้,1796672042.83,0.0,1,
M0579_2552,K-CHINA,ตราสารทุน,37281598846.6,41273876130.33,5,-0.09672649283347268
M0579_2560,LHINDIAE,ตราสารทุน,22335444.8,48703900.32,3,-0.5414033649615517
M0579_2568,K-GSF(UH),ตราสารหนี้,542499928.42,0.0,1,
M0580_2560,M-S50 RMF,ตราสารทุน,86994216.47,68430790.62,1,0.2712729997974703
M0580_2562,KFPREFER,ผสม,470502399.34,670623935.78,2,-0.2984109659122731
M0580_2566,K-PLANETRMF,ตราสารทุน,49339022.09,28995295.86,1,0.7016216122859043
M0580_2567,BCAP-AQUANT,ตราสารทุน,159785392.99,87089968.28,1,0.8347163989804132
M0581_2560,PRINCIPAL GFIXED,ตราสารหนี้,226727481.79,276496295.9,1,-0.17999812239075996
M0581_2563,BCAP-GOLD,ทรัพย์สินทางเลือก,138941447.81,96558533.6,1,0.4389349405985594
M0581_2566,ABGFIX-M,ตราสารหนี้,816315137.79,3757972206.87,3,-0.782777760756803
M0581_2569,KF-SP500M,ตราสารทุน,1603869236.99,0.0,1,
M0582_2548,ABAPAC-M,ตราสารทุน,1046478989.6800001,852261450.3000001,2,0.2278849281656874
M0582_2554,KKP ACT EQ,ตราสารทุน,276634461.09000003,333909339.63,5,-0.17152823159563435
M0582_2559,UTHAISME-M,ตราสารทุน,144812680.22,3192340736.04,2,-0.9546374612881595
M0582_2560,LHTHAIEQ,ตราสารทุน,65241037.47,43633012.08,2,0.4952219514523142
M0582_2568,B-STPLUS,ตราสารหนี้,20076258955.02,5658893075.64,1,2.5477360477869513
M0582_2569,KF-SP500MFX,ตราสารทุน,158237758.7,0.0,1,
M0583_2547,KT-THEQ,ตราสารทุน,1373942337.6,2941534326.86,2,-0.5329164358021814
M0583_2560,SMO5A1,ผสม,33200852.57,36434639.86,1,-0.08875584615151455
M0583_2567,K-GSELECTU,ตราสารทุน,1568729362.63,2366571447.93,2,-0.3371299379099071
M0583_2568,BCAP-GMA UH,ผสม,3400953966.6,0.0,1,
M0584_2563,BCAP-SET,ตราสารทุน,470912087.19,653721529.88,1,-0.2796442129167098
M0585_2559,TLEQ-SELECT,ตราสารทุน,52992523.46,0.0,1,
M0585_2563,LHINNO,ตราสารทุน,687254597.47,925737701.5,3,-0.2576141207639905
M0585_2569,B10/26,ตราสารหนี้,7448351999.17,0.0,1,
M0586_2560,KT-CHINA RMF,ตราสารทุน,721036744.07,781113542.63,1,-0.07691173597851353
M0586_2568,BCAP-GMAPLUS UH,ผสม,2415211390.17,0.0,1,
M0586_2569,MKAI9S4,ตราสารหนี้,2034832677.67,0.0,1,
M0587_2563,KF-ACHINASSF,ตราสารทุน,353461752.69,379875712.09,1,-0.0695331619246613
M0587_2569,SCBSB6M88,ตราสารหนี้,1672405887.76,0.0,1,
M0588_2558,KF-CINCOME,ผสม,943478731.01,1139711305.52,2,-0.17217743963719634
M0588_2560,K-APB,ตราสารหนี้,3503331559.8500004,3697440719.7200003,2,-0.0524982480002274
M0589_2568,LHGIGORMF,ตราสารหนี้,7995052.48,0.0,1,
M0590_2562,BCAP-GFIA,ตราสารหนี้,1057416203.23,2574616635.18,1,-0.5892917847335852
M0591_2552,SCBBANKINGFUND,ตราสารทุน,3285177546.7300005,1122835281.2,5,1.9257876036982515
M0591_2562,KT-ESG,ตราสารทุน,622490746.95,341392425.75,5,0.8233876911078484
M0591_2569,KTGOV3M63,ตราสารหนี้,924939594.79,0.0,1,
M0592_2547,ASP-THDEQ,ตราสารทุน,113625309.14,190108590.22,2,-0.4023136513268074
M0592_2567,K-USXNDQRMF,ตราสารทุน,1258898113.7,406675134.54,1,2.095586640978111
M0593_2552,SCBENERGYFUND,ตราสารทุน,696023839.6400001,399803776.61,5,0.7409136190300583
M0593_2558,SCBRMGHC,ตราสารทุน,2270534002.27,1544922378.44,1,0.4696751331692748
M0593_2569,DAOL-DRONE,ตราสารทุน,43543575.7,0.0,1,
M0594_2560,BMSCG,ตราสารทุน,206278905.4,220246097.11,1,-0.06341629610364541
M0594_2563,PRINCIPAL GHEALTH,ตราสารทุน,4282587922.27,5079017954.57,7,-0.15680787888993142
M0594_2567,KFUSINDFX,ตราสารทุน,558295984.71,195318325.14000002,3,1.8583901910372482
M0594_2569,KFTGB6M65,ตราสารหนี้,2208979338.53,0.0,1,
M0595_2551,FP EQ DIV,ตราสารทุน,21833133.55,19843734.96,1,0.10025323327539537
M0595_2565,MEGA10,ตราสารทุน,613131937.23,758345132.95,2,-0.1914869488976787
M0595_2569,SCBSB3M100,ตราสารหนี้,2693758222.44,0.0,1,
M0596_2558,K-GINFRA,ตราสารทุน,12458809248.84,883843534.13,2,13.096170609092784
M0596_2559,TLFLEXRMF,ผสม,42950491.51,37127678.82,1,0.1568321229622185
M0596_2562,K-PROPIRMF,ผสม,600192811.72,460523262.71,1,0.30328445991652875
M0596_2566,K-WPULTIRMF,ผสม,636996365.68,317754686.02,1,1.0046796906715212
M0596_2567,KFUSINDFXRMF,ตราสารทุน,515466443.8,185749740.68,1,1.7750587533148634
M0597_2547,ONE-S,ผสม,383337855.12,86893.2,2,4410.597859441245
M0597_2551,MM-RMF,ตราสารหนี้,11562074609.18,9387469052.76,1,0.23164982427086112
M0597_2552,SCBSET50FUND,ตราสารทุน,6061973395.5,17331115469.64,7,-0.6502260107770248
M0597_2560,TUSFIN,ตราสารทุน,1258798696.77,2572673765.4900002,3,-0.5107041111641899
M0597_2569,SCBSB15M5,ตราสารหนี้,907197619.44,0.0,1,
M0598_2558,UES,ตราสารทุน,186859271.81,251650555.34,1,-0.2574652912744889
M0598_2559,TLEQRMF,ตราสารทุน,18312898.21,17209043.23,1,0.06414389023532019
M0599_2566,K-GTECHRMF,ตราสารทุน,2215861642.81,648767451.11,1,2.415494471892511
M0599_2569,X-SPACE,ตราสารทุน,190211576.95,0.0,1,
M0601_2547,KKP SELECT FUND,ตราสารทุน,1961823724.23,0.0,7,
M0601_2562,DAOL-GSECURE,ตราสารทุน,16920814.35,24541828.21,1,-0.31053162766801057
M0602_2546,ES-SET50RMF,ตราสารทุน,3542285905.27,2827982567.85,1,0.2525840666560599
M0602_2558,KT-HEALTHCARE,ตราสารทุน,12206268897.54,6278420835.46,8,0.9441622690533911
M0602_2563,AIA-GEQ,ตราสารทุน,9631364097.08,3451116547.11,1,1.7907965337031002
M0603_2563,ASP-JHC,ตราสารทุน,279391285.08000004,266072547.92,2,0.050056788135860675
M0604_2558,TUSEQ-UH,ตราสารทุน,122651101.83,104435871.22,1,0.17441546086812076
M0604_2563,KKP G-THEME-H FUND,ตราสารทุน,268896921.32,332524297.05,3,-0.1913465460854209
M0604_2567,TGQUALITY-UH,ตราสารทุน,137690606.67,73691334.42,1,0.8684775863229643
M0605_2546,ES-MRMF,ตราสารหนี้,5736739625.09,5552113055.76,1,0.0332533879400132
M0605_2567,KKP TECH-UH FUND,ตราสารทุน,616392785.7,6131611271.36,6,-0.8994729511671598
M0607_2547,KFSDIV2,ตราสารทุน,9759281079.89,18095759219.78,2,-0.460686840416047
M0607_2559,CG-RMF,ตราสารทุน,1449847822.52,1204185132.76,1,0.20400740972190845
M0608_2557,K-JPRMF,ตราสารทุน,931818565.27,590659546.04,1,0.5775899526508228
M0608_2558,TSTAR-UH,ตราสารทุน,20713481.85,18983015.18,1,0.09115868335938404
M0609_2559,ONE-FIXED,ตราสารหนี้,38235677206.05,2523229397.92,3,14.153468502534576
M0609_2560,ONE-INDIAOPP,ตราสารทุน,61968600.41,74897231.91,4,-0.17261828201522378
M0609_2569,B11/26,ตราสารหนี้,5959772782.01,0.0,1,
M0610_2552,ONE-PROP,ทรัพย์สินทางเลือก,1150369053.06,1633328950.36,2,-0.29569052651246486
M0610_2568,MGALL-H,ผสม,700970921.57,78540591.39,1,7.924950896909717
M0610_2569,TLSPACE-X,ตราสารทุน,52507323.87,0.0,1,
M0611_2547,KF-ASET50,ตราสารทุน,1093478328.3999999,2295639180.72,2,-0.5236715170294997
M0611_2556,SCB2576,ผสม,42054543.87,39649049.67,1,0.060669655893923924
M0611_2560,UDB,ตราสารหนี้,99138411.67,217529276.54000002,3,-0.5442525564977453
M0611_2567,KFGDB,ผสม,3989997882.25,284003097.69,4,13.04913507881957
M0611_2568,MGALL-UH,ผสม,478358004.86,1000000000.0,1,-0.52164199514
M0611_2569,K-GB6MDF,ตราสารหนี้,2025742575.82,0.0,1,
M0612_2556,SCB2586,ผสม,12760486.75,19511427.72,1,-0.3459993326413532
M0612_2567,K-GSELECTRMF,ตราสารทุน,380982772.43,139693575.61,1,1.7272748282543584
M0612_2568,UFGUSD6M2,ตราสารหนี้,16254296.43,0.0,1,
M0612_2569,SCBSB3M101,ตราสารหนี้,2283195250.88,0.0,1,
M0613_2548,MCORE,ตราสารทุน,40525470.27,79943703.24,2,-0.4930748936118461
M0613_2555,PRINCIPAL iGOLD,ทรัพย์สินทางเลือก,2992052030.39,430063416.25,7,5.957234485275751
M0613_2567,KFGDA,ผสม,3215110243.0,427008140.19,4,6.529388647179926
M0613_2568,UFGUSD6M3,ตราสารหนี้,2223753.18,0.0,1,
M0613_2569,SCBSB6M89,ตราสารหนี้,2020179402.02,0.0,1,
M0614_2547,UTACTIVE-M,ตราสารทุน,3721711067.6899996,7549631954.8,4,-0.5070341057720353
M0614_2560,TLDIVFOCUS,ตราสารทุน,14250554.79,0.0,1,
M0615_2555,VFOCUS-D,ตราสารทุน,632606780.85,609713313.24,1,0.0375479214786123
M0615_2562,KT-ESG RMF,ตราสารทุน,150564273.46,118655848.36,1,0.2689157385920864
M0615_2569,KTGOV6M35,ตราสารหนี้,1224291520.89,0.0,1,
M0616_2560,TLDIVRMF,ตราสารทุน,22854731.83,15200703.07,1,0.5035312330457882
M0616_2563,MEURO,ตราสารทุน,283288681.95,681788713.0,2,-0.5844919744953302
M0617_2558,LHJAPE,ตราสารทุน,26112823.31,46412862.71,3,-0.4373796015738156
M0617_2563,KFINFRA,ตราสารทุน,876143633.36,2258825010.6000004,3,-0.6121241666581005
M0618_2562,ONE-DISC,ตราสารทุน,1111655926.99,1199046254.22,6,-0.07288319939487986
M0619_2562,BCAP-GE,ตราสารทุน,2427292827.47,1084551608.61,1,1.2380611565187802
M0619_2565,MEGA10RMF,ตราสารทุน,379528321.0,285339874.83,1,0.3300921268929402
M0620_2552,SCBCEFUND,ตราสารทุน,1071778520.86,1009408223.84,7,0.06178897253554205
M0620_2558,KFJAPANRMF,ผสม,399221376.33,286354807.69,1,0.3941493755613361
M0621_2553,ES-GF,ตราสารหนี้,1606661101.5600002,3972244982.76,9,-0.5955281941237023
M0621_2569,ASP-GQG 3M3,ตราสารทุน,131898530.85,0.0,1,
M0622_2562,SMART-PLUS,ตราสารหนี้,39983928.53,39587381.58,1,0.010017003756579435
M0622_2563,ONE-GLOBALTOP8M9,ผสม,438366702.31,749512010.05,1,-0.41513051634655385
M0623_2547,SCBLT1FUND,ผสม,9853433955.87,28387747076.280003,7,-0.6528983462691461
M0623_2569,DAOL-DRAM,ตราสารทุน,402996976.82,0.0,1,
M0624_2560,TCHT5M2,ตราสารทุน,37882542.86,44620766.68,1,-0.15101093776186103
M0624_2563,BCAP-DISRUPT,ตราสารทุน,322655776.56,211506385.33,1,0.5255131709455516
M0624_2569,DAOL-GALAXY,ตราสารทุน,26107942.26,0.0,1,
M0625_2560,KT-GCINCOME,ตราสารหนี้,1262209992.8700001,4497126737.42,6,-0.7193296816904632
M0625_2562,PRINCIPAL iPROPEN,ทรัพย์สินทางเลือก,4006739466.4,5244795194.25,8,-0.23605416074345698
M0625_2563,BCAP-CLEAN,ตราสารทุน,762879375.32,415763421.01,1,0.8348881521774163
M0625_2567,SCBWEQ,ตราสารทุน,2105049822.06,1357331042.02,4,0.5508742944000116
M0625_2569,B12/26,ตราสารหนี้,7886848219.64,0.0,1,
M0626_2547,SCBLT2FUND,ตราสารทุน,2875533442.4399996,2897661504.84,6,-0.007636524267254696
M0626_2551,1AM-TG,ตราสารหนี้,697821082.92,389817815.19,1,0.7901210661187379
M0626_2558,LHTPROPRMF,ทรัพย์สินทางเลือก,562882295.98,364191613.58,1,0.5455663309950292
M0626_2567,X-PEGINFRA-UI,ทรัพย์สินทางเลือก,235505310.22,54310056.32,1,3.336311287036426
M0627_2558,KT-HEALTHC RMF,ตราสารทุน,1072802339.22,829632310.3,1,0.29310578421429656
M0627_2563,BCAP-XHEALTH,ตราสารทุน,444299235.3,434099494.16,1,0.023496321182628677
M0628_2559,TLMMRMF,ตราสารหนี้,100391304.64,88307580.83,1,0.13683676640697762
M0628_2563,UCHI,ตราสารทุน,957013078.95,567320825.15,1,0.6868992579233544
M0628_2569,M-SEMI,ตราสารทุน,124049012.98,0.0,1,
M0629_2560,ASP-VIET,ตราสารทุน,1249121661.17,1724253813.83,2,-0.27555812772402244
M0629_2569,KT-BAI,ตราสารทุน,62328839.88,0.0,1,
M0630_2558,UGD,ตราสารทุน,1071292871.57,1455398230.98,1,-0.2639177039203632
M0630_2566,MUBONDUH,ตราสารหนี้,289102132.97,835735787.5,3,-0.6540747239808729
M0630_2567,PRINCIPAL GIFUH,ตราสารทุน,484939258.11999995,893705441.2600001,7,-0.45738356763689036
M0631_2562,K-AHYA-UI,ตราสารหนี้,920921390.47,1143249868.5,1,-0.19447059138673317
M0632_2566,KT-US RMF,ตราสารทุน,162827678.14,131759089.39,1,0.2357984477111752
M0633_2546,FLEX-RMF,ผสม,189439286.65,165299324.79,1,0.14603787335893825
M0633_2551,MM-GOV,ตราสารหนี้,3857220728.1600003,2378633794.09,3,0.6216118419505037
M0633_2566,KT-GESG RMF,ตราสารทุน,15496938.56,0.0,1,
M0634_2556,KT-FLEX,ผสม,454145150.21,254929965.96,1,0.7814506368437597
M0634_2569,SCBSB6M90,ตราสารหนี้,1768812352.25,0.0,1,
M0636_2567,KT-GPEQ-UI,ทรัพย์สินทางเลือก,293393150.74,189066990.68,1,0.5517946823228086
M0637_2559,ONE-UGERMF,ตราสารทุน,1699898415.09,2048840506.56,2,-0.1703119839503141
M0638_2547,ES-JBPDIV,ผสม,1275422747.1,0.0,1,
M0638_2560,ONE-TOP5M,ผสม,28283695.31,22020174.72,1,0.2844446363230311
M0639_2558,K-GHEALTH(UH),ตราสารทุน,937538980.92,743369358.74,1,0.26120207928547745
M0639_2569,SCBSB3M102,ตราสารหนี้,1702158560.95,0.0,1,
M0640_2566,SCBDBOND,ตราสารหนี้,90286607310.35,235301629102.75,5,-0.6162941682357659
M0641_2558,SCBUSSMFUND,ตราสารทุน,368236230.07,2760166656.96,5,-0.866589131804248
M0641_2562,DAOL-USREIT,ทรัพย์สินทางเลือก,45690147.1,61153879.06,1,-0.25286592114341666
M0641_2569,TLCHINAROBOT,ตราสารทุน,52280821.73,0.0,1,
M0642_2558,KT-INDIA,ตราสารทุน,5441606702.9800005,6871465798.099999,6,-0.20808647487052379
M0642_2569,KTGOV3M3S,ตราสารหนี้,2739857794.72,0.0,1,
M0643_2555,SCBS&P500FUND,ตราสารทุน,47838226032.65,19990361140.6,9,1.3930646223039753
M0643_2562,KFENFIX,ตราสารหนี้,4180865016.72,5644931975.06,1,-0.25935953963810854
M0643_2569,DAOL-AIINFRA,ตราสารทุน,74830643.5,0.0,1,
M0644_2553,UOBSDF,ตราสารทุน,231571371.1,168959463.06,1,0.3705735500459395
M0644_2557,UGH-M,ตราสารทุน,217203498.46,211548794.92,2,0.026730020098381768
M0645_2558,KKP GNP FUND,ตราสารทุน,6742761877.16,6155849884.610001,4,0.09534215478797092
M0647_2551,KTSIV3M1,ตราสารหนี้,24795977.41,28700117.67,1,-0.1360322039404378
M0647_2552,I-10,ผสม,6162191.95,6560337.29,1,-0.06068976676045268
M0647_2567,MSI40AI,ตราสารหนี้,381168733.93,384741623.98,1,-0.009286466104290625
M0647_2568,LHNUKZ,ตราสารทุน,433065139.39000005,0.0,3,
M0648_2552,TAPRMF,ตราสารทุน,60287587.3,47481286.38,1,0.2697125940841032
M0648_2560,ES-EAERMF,ตราสารทุน,113863131.19,55210763.49,1,1.0623357474602457
M0648_2569,K-GB6MDG,ตราสารหนี้,2171870664.7,0.0,1,
M0649_2551,KTSIV6M1,ตราสารหนี้,8194595.13,7935981.22,1,0.03258751537216975
M0650_2553,KT-GOLD,ทรัพย์สินทางเลือก,2282373580.22,1883544539.93,1,0.21174388597405924
M0650_2560,ES-GPROPRMF,ทรัพย์สินทางเลือก,44781726.4,44958156.17,1,-0.003924310626371552
M0650_2567,BCAP-SET RMF,ตราสารทุน,12803198.59,6778839.86,1,0.8887005526635938
M0651_2560,B-CHINE-EQ,ตราสารทุน,5297999401.0,5654097357.09,1,-0.06298051370542257
M0651_2566,ASP-USSMALL,ตราสารทุน,311143556.15,722601752.6,2,-0.5694121208113992
M0651_2568,BCAP-EESPE UI,ทรัพย์สินทางเลือก,1143243014.27,0.0,1,
M0652_2551,I-GOLD,ทรัพย์สินทางเลือก,1594163576.56,526178419.69,2,2.0297015554138604
M0652_2553,KT-GOLD RMF,ทรัพย์สินทางเลือก,1512248573.28,904686342.57,1,0.6715722368307886
M0653_2547,ES-EQDIV,ตราสารทุน,870599636.94,0.0,1,
M0653_2554,PRINCIPAL APDI,ตราสารทุน,1282249277.3999999,1823577106.26,7,-0.29684943236111194
M0653_2559,KTSET50RMF,ตราสารทุน,1192043572.18,944946651.17,1,0.2614929855606698
M0654_2551,I-OIL,ทรัพย์สินทางเลือก,84234901.87,61415108.88,1,0.3715664338328859
M0654_2557,UOBSHC-M,ตราสารทุน,1553563784.9499998,1860068669.34,2,-0.1647814886849075
M0656_2547,ES-BIGCAPEQ,ตราสารทุน,812011032.78,0.0,1,
M0658_2556,KT-HiDiv,ตราสารทุน,7449408941.139999,4081564473.2099996,6,0.8251356777616488
M0658_2560,LHROBOTE,ตราสารทุน,128303949.55999999,143799200.16,3,-0.10775616681288225
M0659_2547,ES-MIXEDRMF,ผสม,1148873748.75,1039446022.83,1,0.10527504412597732
M0659_2553,K-GEMO,ผสม,1143211514.37,633769613.06,1,0.8038282221362518
M0659_2567,KTWC-MODERATE RMF,ผสม,679657991.26,280685295.49,1,1.4214235735915643
M0659_2569,SCBSB17M1,ตราสารหนี้,165663963.54,0.0,1,
M0660_2566,M-MIX20,ผสม,9162270.02,7604256.31,1,0.20488705883718428
M0660_2568,TGSMART,ผสม,7499929981.190001,1051076418.0,2,6.1354754542595025
M0661_2568,DAOL-WGG,ตราสารทุน,31490423.73,96430000.28,1,-0.6734374817114748
M0661_2569,SCBSB6M91,ตราสารหนี้,1005205747.18,0.0,1,
M0662_2560,SCBINC,ผสม,6268758359.5,2753510494.39,4,1.2766422616772166
M0662_2569,M-GPLUS1Y2,ตราสารหนี้,31055839.86,0.0,1,
M0663_2557,B-ASIA,ตราสารทุน,6188221533.64,4656642518.97,1,0.3289019950384271
M0663_2569,KTGOV3M4S,ตราสารหนี้,3154292250.57,0.0,1,
M0664_2557,K-PROPI,ผสม,22279947143.31,26366141628.629997,3,-0.15497885670472733
M0664_2560,ONE-GLOBFIN,ตราสารทุน,242106969.14000002,220011404.39000002,4,0.10042917916578831
M0664_2569,SCBSB3M103,ตราสารหนี้,1805471807.84,0.0,1,
M0665_2546,KFMTFI,ตราสารหนี้,1597668136.87,1996586797.23,1,-0.19980030966519813
M0665_2568,AIA-GMA-UH,ผสม,238160576.5,0.0,1,
M0666_2562,BPLUS-M,ผสม,218909350.85,456980788.47,2,-0.5209659653682115
M0666_2566,M-MIX50,ผสม,7101501.79,3189586.25,1,1.2264648870993846
M0666_2569,TSEMICON,ตราสารทุน,67468210.0,0.0,1,
M0667_2559,B-INNOTECH,ตราสารทุน,15181068968.13,10245895431.02,1,0.48167322908337473
M0668_2551,PRINCIPAL FI,ตราสารหนี้,3188904889.94,3953187126.08,1,-0.19333317947381512
M0668_2558,K-EUX,ตราสารทุน,787500337.31,994917837.12,1,-0.2084770139516383
M0668_2566,M-MIX70,ผสม,8403022.24,3240559.96,1,1.5930772285416994
M0669_2552,KKP MMRMF FUND,ตราสารหนี้,1390158281.66,999960489.76,2,0.39021320931755143
M0669_2559,TLMMF,ตราสารหนี้,1092089933.11,873718376.8399999,2,0.24993357363020108
M0669_2567,ES-GAINCOMERMF,ผสม,461312050.32,40565956.01,1,10.371901360004458
M0669_2568,AIA-GMSH,ผสม,627487121.97,0.0,1,
M0670_2567,UUSA-M,ตราสารทุน,1809568802.54,4221693731.89,4,-0.5713642633830098
M0671_2551,KTSIV3M2,ตราสารหนี้,11795358.27,16739840.23,1,-0.29537211180419976
M0671_2560,KF-ACHINA,ตราสารทุน,8091732497.56,11677253338.17,3,-0.30705173012645326
M0671_2569,B13/26,ตราสารหนี้,5338419636.99,0.0,1,
M0672_2548,ES-CASH,ตราสารหนี้,17870487775.52,20986536028.7,1,-0.14847844584350023
M0672_2566,ONE-ULTRAPLUS,ผสม,62688396.32000001,21275739.53,2,1.946473199279668
M0673_2568,DAOL-ISTREAM,ผสม,621346525.0,0.0,3,
M0675_2551,KTSIV6M2,ตราสารหนี้,8227257.6,8746708.92,1,-0.059388202437174575
M0676_2558,SCBFSTFUND,ตราสารหนี้,2830578209.32,5392977039.08,5,-0.4751362394446844
M0676_2569,SCBSB6M92,ตราสารหนี้,619173269.76,0.0,1,
M0677_2569,KTGOV3M5S,ตราสารหนี้,3400482219.23,0.0,1,
M0678_2569,LHDRAM-AI,ตราสารทุน,23634828.7,0.0,1,
M0679_2557,K-EURMF,ตราสารทุน,822283709.89,997523807.17,1,-0.1756751027097393
M0680_2557,KT-WEQ,ตราสารทุน,1975723430.22,3247140090.25,6,-0.3915496790075702
M0680_2569,LHSUPERAI,ตราสารทุน,56094540.91,0.0,1,
M0681_2546,VAYU1,ผสม,595511355602.97,441632026171.33997,2,0.34843335698650035
M0681_2556,ES-GLOBALEQRMF,ตราสารทุน,435580596.13,343547613.08,1,0.26789003778806286
M0681_2567,B-OPP,ตราสารทุน,396863237.46,1266435506.94,1,-0.6866297294372984
M0681_2569,ES-GOVCP6M58,ตราสารหนี้,284047930.88,0.0,1,
M0682_2565,KF1MILD,ผสม,725897685.93,674118668.5,3,0.07680994437554278
M0682_2566,MEGA10CHINA,ตราสารทุน,1989362126.95,3423520429.6800003,4,-0.4189133180852823
M0682_2569,KFHTECH-USD,ตราสารทุน,9826679.29,0.0,1,
M0683_2559,TLMSEQ,ตราสารทุน,100306414.88,264400100.14999998,4,-0.6206264111734678
M0683_2562,DAOL-GEQUITY,ตราสารทุน,17292371.7,30798514.61,1,-0.4385322825151664
M0683_2565,KF1MEAN,ผสม,620069857.8499999,409099189.12,3,0.5156956414013238
M0683_2568,UGIS-USD,ตราสารหนี้,19292148.22,0.0,1,
M0683_2569,SCBSB3M104,ตราสารหนี้,1404885962.72,0.0,1,
M0684_2550,I-CHIC,ตราสารทุน,9724890.2,12329707.93,1,-0.21126353882739546
M0684_2559,SCBGIN,ผสม,929328688.89,886393233.1500001,3,0.04843838392969113
M0684_2565,KF1MAX,ผสม,592844269.89,416400012.59000003,3,0.4237373966502067
M0685_2567,ASP-VIETEQ-AI,ตราสารทุน,36221710.19,147053125.65,1,-0.7536828270062684
M0686_2565,ASP-GCC-UI,อื่น ๆ,10537843.7,18264193.71,1,-0.4230326360243143
M0688_2556,KT-OPP,ผสม,99974664.50999999,91146519.74,2,0.09685663034839642
M0688_2558,UGSE,ตราสารทุน,24191947.31,67261918.97,1,-0.6403321867639543
M0688_2562,K-WORLDX,ตราสารทุน,12766202146.41,4061752860.79,1,2.1430277970991587
M0688_2565,B-PREMIUM,ตราสารทุน,271360259.46,228117599.44,1,0.18956301541904375
M0688_2566,DCAF,ผสม,511150741.36,211342697.55,2,1.4185871917295398
M0688_2568,K-GDBONDUH,ตราสารหนี้,4870479751.36,0.0,1,
M0688_2569,SCBSB5M1,ตราสารหนี้,2506029247.86,0.0,1,
M0689_2569,TLWORLDXUS-X,ตราสารทุน,54921771.12,0.0,1,
M0690_2556,TJPRMF,ตราสารทุน,206587764.26,61328065.82,2,2.3685680690850783
M0690_2566,KKP NDQ100-UH FUND,ตราสารทุน,6130574502.57,4113986139.5499997,6,0.4901786964310435
M0691_2559,KT-SET50,ตราสารทุน,13080915282.990002,7878379183.27,4,0.6603561441632257
M0691_2567,KTESGSI,ตราสารหนี้,13196266371.24,6812210025.24,6,0.9371490782501357
M0692_2562,ES-GTECH,ตราสารทุน,10923161876.27,1786490670.64,1,5.114312297167967
M0693_2559,KFGTECH,ตราสารทุน,1455703583.05,1126917995.46,2,0.29175644449247784
M0694_2559,PRINCIPAL TDIF,ตราสารทุน,779859166.3100001,288111277.92,8,1.7067984701610461
M0694_2567,B-MIXED-THAIESG,ผสม,793858614.2,421712220.4,1,0.882465282715815
M0694_2568,KKP CAT-UI FUND,อื่น ๆ,630829509.9300001,0.0,3,
M0694_2569,KTGOV6M36,ตราสารหนี้,3128287080.51,0.0,1,
M0695_2567,K-THRE24A-UI,อื่น ๆ,1178986618.85,0.0,1,
M0695_2569,MKAI6S46,ตราสารหนี้,1500000000.0,0.0,1,
M0696_2556,TUSRMF,ตราสารทุน,226239113.35,337012640.77,3,-0.32869249998132644
M0696_2566,DAOL-USTBILL,ตราสารหนี้,12822242.74,19533597.66,1,-0.3435800735131963
M0696_2569,ASP-MEM,ตราสารทุน,90574238.48,0.0,1,
M0697_2562,BCAP-GPROP,ทรัพย์สินทางเลือก,154975701.53,137921157.58,1,0.12365429821822405
M0698_2547,ABTOPP,ผสม,3243249322.92,3020909174.58,1,0.07360040818536429
M0698_2558,TISCOIN,ตราสารทุน,146385925.27,100900098.57,1,0.4508006170920038
M0698_2567,B-EQ-THAIESG,ตราสารทุน,556950206.01,192161931.65,1,1.8983378821587733
M0698_2569,SCBNDQPINUH,ตราสารทุน,76756509.55,0.0,1,
M0699_2558,ES-PRIMELOWBETA,ตราสารทุน,289445706.75,318514045.35,1,-0.09126234470463679
M0699_2562,BCAP-TEQ,ตราสารทุน,180659729.32,170730472.83,1,0.05815749423880967
M0699_2569,DAOL-JAPANSEMI,ตราสารทุน,70935683.18,0.0,1,
M0700_2565,KT-TECHNOLOGY,ตราสารทุน,2714993468.56,4348069192.73,8,-0.37558641589708675
M0700_2569,TLWORLDXUSRMF,ตราสารทุน,3561565.29,0.0,1,
M0701_2569,KFTGB6M66,ตราสารหนี้,3427827295.34,0.0,1,
M0702_2562,BCAP-TFACTOR,ตราสารทุน,156779539.0,39638571.73,1,2.955226743988437
M0702_2569,KKP CNGROWTH-H,ตราสารทุน,236374632.39,0.0,1,
M0703_2547,TEQFOCUS,ตราสารทุน,914916069.21,362585.27999999997,3,2522.31277543865
M0703_2566,TGBOND,ตราสารหนี้,139060179.04999998,555762423.12,2,-0.7497848482282614
M0703_2567,MSOV-ThaiESG,ตราสารหนี้,155640629.88,79569632.27,1,0.9560305287307569
M0703_2568,KF-SINCOME-USD,ตราสารหนี้,11350552.05,0.0,1,
M0704_2547,CPRMF3,ผสม,46156051.73,45099369.22,1,0.023430095104997495
M0705_2548,K-CASH,ตราสารหนี้,75961942358.97,105783453204.58,2,-0.281910922192497
M0705_2559,KT-GOI,ผสม,299183199.72,242929740.64,4,0.2315626688267971
M0705_2568,LHCYBERRMF,ตราสารทุน,9717450.13,0.0,1,
M0706_2559,USDHY,ตราสารหนี้,34381871.300000004,120976983.43,2,-0.7157982425649245
M0706_2568,SCBRMMONEY,ตราสารหนี้,426044361.08,0.0,1,
M0708_2562,ES-GSBOND,ตราสารหนี้,6842769837.629999,10970010700.85,8,-0.37622942910166957
M0709_2567,KF-SINCOME-FXRMF,ตราสารหนี้,162512090.52,57928223.14,1,1.80540437305048
M0710_2546,ES-EQPLUS,ตราสารทุน,304248832.31,252912721.14,1,0.20297955333604145
M0710_2568,MEGA10CHINAPOP,ตราสารทุน,78629676.33,0.0,3,
M0710_2569,SCBSB3M105,ตราสารหนี้,2007449643.15,0.0,1,
M0711_2569,KTFUSD11M1,ตราสารหนี้,30525402.65,0.0,1,
M0712_2547,KF-SET50,ตราสารทุน,1597846309.3500001,17183018.12,2,91.98985185205636
M0714_2552,K-GDRMF,ทรัพย์สินทางเลือก,9999249969.1,7195054838.27,1,0.38973922977135333
M0714_2568,TGSMARTRMF,ผสม,198394391.1,0.0,3,
M0714_2569,ASP-KOREA,ตราสารทุน,15863216.64,0.0,1,
M0715_2547,ES-JB25DIV,ตราสารทุน,2633059737.78,0.0,1,
M0715_2555,PRINCIPAL iFIXED,ตราสารหนี้,3495400677.73,5391722301.45,6,-0.35170980953711595
M0715_2568,KT-WISLAMIC,ตราสารทุน,72072455.22,0.0,2,
M0715_2569,ES-GOVCP6M59,ตราสารหนี้,218071575.27,0.0,1,
M0716_2565,TUSBOND,ตราสารหนี้,253341388.35000002,631841899.49,2,-0.5990430698652811
M0716_2568,KKP GCON-UI FUND,อื่น ๆ,12750271798.47,0.0,3,
M0717_2558,ONE-UGG,ตราสารทุน,25956772801.160004,37733993341.65,6,-0.312111692866881
M0717_2567,KFGLOBALRMF,ตราสารทุน,39156436.71,12159328.4,1,2.2202795600125413
M0717_2568,KKP GMOD-UI FUND,อื่น ๆ,11355915761.97,0.0,3,
M0718_2546,KFCASH,ตราสารหนี้,26109439866.71,25620985678.43,2,0.01906461345440058
M0718_2551,RMF4,ตราสารหนี้,3507279144.86,2846211369.13,1,0.2322623621351314
M0718_2567,KFGLOBFXRMF,ตราสารทุน,20198402.07,9734998.99,1,1.074823232210731
M0719_2567,KKP PGE RMF-UH,ตราสารทุน,548857982.74,143523428.42,1,2.824169954565527
M0721_2551,FP FLEX RMF,ผสม,29232767.33,29809363.06,1,-0.01934277256576844
M0721_2567,ES-LINK2Y3MB,ผสม,328545531.36,326730976.56,1,0.005553666258108159
M0722_2566,PRINCIPAL GCREDIT,ตราสารหนี้,4127559148.3500004,2348770409.63,7,0.7573276346751199
M0723_2568,KKP GAG-UI FUND,อื่น ๆ,11779602350.49,0.0,3,
M0725_2567,KF-WORLD-INDXRMF,ตราสารทุน,994100847.42,95473904.98,1,9.412278073555758
M0725_2568,KKP GGRO-UI FUND,อื่น ๆ,5855909109.96,0.0,3,
M0726_2568,KKP GCORE-UI FUND,อื่น ๆ,31680095579.879997,0.0,3,
M0726_2569,TLCOREWEALTH-H-X,ผสม,166233210.62,0.0,1,
M0728_2567,MGOV-Roll6M2,ตราสารหนี้,57783502.55,0.0,1,
M0728_2568,UFGOV1Y2,ตราสารหนี้,1562342621.94,0.0,1,
M0728_2569,TLCOREWEALTH-UH-X,ผสม,217255097.79,0.0,1,
M0729_2555,KF-EM,ตราสารทุน,59128779.21,49301846.02,1,0.19932181010044858
M0729_2568,SCBUSDABSAP,ตราสารทุน,3205750.77,0.0,1,
M0729_2569,TLCOREWEALTHRMF,ผสม,2886539.43,0.0,1,
M0730_2555,KTSE-RMF,ตราสารทุน,469522097.92,449968458.58,1,0.0434555777569543
M0730_2567,ES-ESG3070,ผสม,1132223117.63,518966906.02,10,1.1816865478246243
M0730_2568,KKP GENH-UI FUND,อื่น ๆ,8112334927.83,0.0,3,
M0730_2569,SCBSB6M93,ตราสารหนี้,2780812660.11,0.0,1,
M0731_2567,B-OPPRMF,ตราสารทุน,124256181.38,143367513.78,1,-0.13330308865735574
M0732_2556,SCBSFFPLUS,ตราสารหนี้,438895080650.87994,134718771205.87999,8,2.257861370930644
M0732_2569,KTGOV3M6S,ตราสารหนี้,1321739770.23,0.0,1,
M0735_2562,ASP-PROPIN,ผสม,78477842.46,69977254.03999999,2,0.12147645026398068
M0737_2553,TISCOCH,ตราสารทุน,1010041907.8,1215844448.77,1,-0.16926716339265158
M0738_2556,K-S50RMF,ตราสารทุน,3909566162.66,3048473675.42,1,0.2824667617053849
M0738_2569,K-GB6MDI,ตราสารหนี้,2219462768.73,0.0,1,
M0739_2554,KT-ST,ตราสารหนี้,26020072647.22,11861103247.79,1,1.1937312325536111
M0739_2568,KFSGB9M5,ตราสารหนี้,1029341896.62,0.0,1,
M0740_2566,TUSHEALTH,ตราสารทุน,324611633.99,404768961.11,2,-0.19803229699279346
M0740_2567,DAOL-USEQG,ตราสารทุน,296150592.75,513042199.88,1,-0.4227558808626868
M0741_2558,UGBF,ผสม,1237688060.01,1955257114.4199998,3,-0.3669947287842279
M0741_2568,KT-CATBOND-UI,อื่น ๆ,10192076.81,0.0,1,
M0742_2562,KKP CorePath Ultra Light FUND,ผสม,55985942.86,7629017.040000001,3,6.338552603363957
M0742_2568,KT-CATBONDUH-UI,อื่น ๆ,15856801.47,0.0,1,
M0742_2569,K-GB3MP,ตราสารหนี้,4366373943.59,0.0,1,
M0743_2562,KKP GINFRAEQ-H FUND,ตราสารทุน,2363212564.38,1694268649.1499999,4,0.39482753550660554
M0743_2569,SCBSB3M106,ตราสารหนี้,1956434207.94,0.0,1,
M0744_2565,ES-GDIV,ตราสารทุน,1016565765.79,957294107.52,1,0.061915829006355505
M0745_2555,TSTARP,ตราสารทุน,1860667471.53,1840485759.13,1,0.010965427088954982
M0745_2568,UUSTECH,ตราสารทุน,958849606.2,0.0,1,
M0746_2550,1AM-DAILY,ตราสารหนี้,1599192703.08,1896821899.25,2,-0.15690940529929676
M0747_2553,KFTRB,ตราสารหนี้,467998766.72,739377159.87,2,-0.36703648405600564
M0747_2554,BSIRICG,ตราสารทุน,2517169850.6,2192170761.82,1,0.14825445829328388
M0747_2565,KT-GREEN,ตราสารทุน,649293198.61,74463317.07,6,7.719638395904729
M0748_2569,KKP CNGROWTH-UH,ตราสารทุน,3082541881.67,0.0,1,
M0749_2558,SCBLEQFUND,ตราสารทุน,4173686572.13,7058073575.049999,8,-0.40866491008484085
M0752_2569,TLCNTECH100-X,ตราสารทุน,23416693.41,0.0,1,
M0753_2553,KT-PRECIOUS,ตราสารทุน,67834308153.899994,11788975484.7,6,4.754046078214082
M0758_2554,KT-BOND,ตราสารหนี้,530304692.16,914626845.98,1,-0.42019557539688035
M0759_2558,KFTHAISM,ตราสารทุน,137369336.65,119671389.16,1,0.1478878754080304
M0759_2566,TGQUALITY,ตราสารทุน,943045459.88,5353970487.47,2,-0.8238605419871052
M0759_2569,KTGOV6M2S,ตราสารหนี้,1158130817.76,0.0,1,
M0760_2565,ES-LOVE,ตราสารทุน,52802988.42,64907760.3,1,-0.18649190519057235
M0761_2566,MEGA10CHINARMF,ตราสารทุน,177418247.47,160892804.3,1,0.10271089028435809
M0762_2547,KFCASHRMF,ตราสารหนี้,11632226459.09,10485797767.81,1,0.10933156605398064
M0762_2558,PRINCIPAL GIF,ตราสารทุน,725946189.5,324008237.62,1,1.2405176943414529
M0762_2565,KF-WORLD-INDX,ตราสารทุน,4885472755.440001,1162932883.77,3,3.200992872092719
M0766_2547,SVRMF,ตราสารหนี้,494328893.99,447662455.1,1,0.10424470124387697
M0767_2565,K-GTECH,ตราสารทุน,10004483915.59,1044311574.56,1,8.579979921035724
M0767_2569,SCBSB3M107,ตราสารหนี้,551874666.39,0.0,1,
M0768_2546,ONE-EC14,ตราสารทุน,135237961.64,208147495.34000003,4,-0.35027821776527
M0768_2555,ONEPROP-RMF,ทรัพย์สินทางเลือก,121111163.61,101033973.21,1,0.19871722116945145
M0768_2558,SCBGPLUS,ผสม,370196462.05,394619328.23,1,-0.06188968566122888
M0768_2565,MUBOND,ตราสารหนี้,640088525.28,1610531712.1599998,3,-0.6025607441026224
M0770_2546,KFSEQ,ตราสารทุน,796456332.46,695692996.27,1,0.14483879632287344
M0770_2550,ES-GLOBALFI,ตราสารหนี้,302526923.13,321167086.68,1,-0.05803883499610418
M0770_2566,B-TOP-THAIESG,ตราสารทุน,3145907338.51,1960065462.02,1,0.6050011591285824
M0770_2568,DAOL-RARE,ตราสารทุน,1927550247.92,0.0,1,
M0772_2557,B-NIPPON,ตราสารทุน,556492360.4,513110546.18,1,0.08454672105839256
M0772_2558,SCBPLUSFUND,ผสม,3789887986.8900003,5040381261.5,4,-0.2480949772910348
M0773_2554,KKP PROP,ทรัพย์สินทางเลือก,509607482.39,488592125.34,1,0.043012066629964485
M0774_2554,ABAPAC-RMF,ตราสารทุน,626903763.21,536362258.79,1,0.1688066282371472
M0774_2568,ONE-LS7UH-UI,อื่น ๆ,836583982.44,0.0,2,
M0775_2554,B-SM-RMF,ตราสารทุน,781212079.67,625234820.49,1,0.24946988566273332
M0776_2547,ASP-ERF,ตราสารทุน,267819928.07,196348589.07,1,0.36400230497464814
M0776_2567,K-BL30,ผสม,2588894992.68,824521281.86,2,2.1398764951704212
M0778_2554,SCBGOLDHRMF,ทรัพย์สินทางเลือก,5358563050.4,2745357614.06,1,0.9518634013131113
M0779_2567,UTSB,ตราสารหนี้,4910983708.2,2451205774.16,4,1.0034971196504046
M0784_2555,ES-US500,ตราสารทุน,3539521537.89,2794264583.82,1,0.2667095157650279
M0785_2547,ASP-MRF,ผสม,145833535.18,135439791.4,1,0.07674069542313244
M0787_2547,ASP-FRF,ตราสารหนี้,1191852033.7,1001581873.88,1,0.18996965178984104
M0787_2554,SCBRMS50,ตราสารทุน,4646348945.71,3671933536.56,1,0.2653684767025679
M0787_2567,UPD-UI,อื่น ๆ,683382934.9399999,452095807.59000003,2,0.5115887461618562
M0787_2568,K-USXNDQUH,ตราสารทุน,343625048.95,0.0,1,
M0789_2568,K-US500XUH,ตราสารทุน,301274808.48,0.0,1,
M0791_2556,PRINCIPAL JEQ,ตราสารทุน,639764555.64,537547225.19,7,0.19015507040124802
M0791_2568,ES-ULTIMATE GA1RMF,ผสม,102025321.81,0.0,1,
M0792_2555,SCBEMEQFUND,ตราสารทุน,267640382.19,361946426.81,4,-0.2605524951611278
M0793_2566,T-ThaiESG,ตราสารทุน,374385020.87,236298774.19,2,0.5843714050288278
M0793_2567,TDSThaiESG,ตราสารทุน,587696456.49,58913777.68,2,8.975535089298996
M0793_2568,UGTECH-USD,ตราสารทุน,17261528.28,0.0,1,
M0794_2548,MGA,ตราสารทุน,1292615305.74,331462154.35,2,2.8997372362912115
M0795_2553,CHINA,ตราสารทุน,287103585.74,323056890.35,1,-0.1112909387911466
M0796_2555,THDRMF,ตราสารทุน,1208216008.36,386194104.83,2,2.128520071252378
M0798_2557,K-GHEALTH,ตราสารทุน,3144655781.86,3040588305.84,1,0.03422609888360073
M0799_2557,ES-COF,ตราสารทุน,3209699039.7,4178721886.53,1,-0.23189455368006662
M0799_2566,K-TNZ,ตราสารทุน,6480012298.570001,3264932968.9700003,2,0.9847305779800657
M0799_2568,PRINCIPAL MYRFIUH,ตราสารหนี้,6271807748.059999,0.0,7,
M0800_2568,UUSTECH-USD,ตราสารทุน,2833908.28,0.0,1,
M0801_2567,LHSITHAIESG,ตราสารหนี้,23149772.03,13564224.74,1,0.7066785956246255
M0803_2568,MEGA10CHINATECH,ตราสารทุน,320368144.59000003,0.0,3,
M0804_2566,ASP-ThaiESG,ตราสารทุน,331083423.17,200086129.68,1,0.6547045199959909
M0804_2567,MSI42AI,ตราสารหนี้,387013194.17,390518967.96,1,-0.008977217696526929
M0805_2554,PRINCIPAL BARMF,ผสม,3246171.77,2409736.35,1,0.3471066118913797
M0805_2568,UGFO-USD,ตราสารทุน,3283160.85,0.0,1,
M0810_2566,LHTHAIESG,ตราสารทุน,47711780.019999996,23086105.490000002,2,1.066688122891359
M0814_2557,KF-HEUROPE,ตราสารทุน,1673457655.65,3839145775.2,2,-0.5641067691515773
M0814_2568,K-THAPE26A-UI,ทรัพย์สินทางเลือก,739051144.62,0.0,1,
M0815_2554,UOBGRMF-H,ทรัพย์สินทางเลือก,375621552.68,183259498.26,1,1.0496703103873273
M0815_2557,ASP-EUROPE QUALITY,ตราสารทุน,55468176.19,56013728.72,1,-0.009739621740361137
M0815_2566,ES-SETESG,ตราสารทุน,5243803446.389999,2789735579.07,9,0.879677588704697
M0817_2568,ASP-DEFENSE,ตราสารทุน,463079642.74,0.0,1,
M0818_2566,ONE-THAIESG,ตราสารทุน,169901684.29,98897890.18,1,0.717950544554276
M0819_2554,TGOLDRMF,ทรัพย์สินทางเลือก,405353317.18,172646030.47,2,1.347886690916051
M0819_2555,ES-LOWBETARMF,ตราสารทุน,1485006055.91,1341878565.94,1,0.10666202859402385
M0820_2553,PRINCIPAL MMRMF,ตราสารหนี้,1819233637.05,966040068.53,1,0.8831865222922732
M0820_2566,KFTHAIESG,ตราสารทุน,2244306574.71,1098294779.89,2,1.0434464551809843
M0821_2548,PRINCIPAL PRMF,ตราสารหนี้,141874819.14,133140513.75,1,0.06560216078481207
M0821_2566,KTAG,ตราสารทุน,2651325430.14,1515119668.08,6,0.7499115654011872
M0822_2556,KT-HiDiv RMF,ตราสารทุน,1390129679.78,1057098849.64,1,0.3150422784524032
M0822_2566,MEGA20THAIESG,ตราสารทุน,54340223.86,33321915.87,1,0.630765291887762
M0822_2567,SCBTD,ตราสารทุน,2393833328.87,505339906.58,7,3.7370755756670757
M0824_2555,KT-PROPERTY RMF,ตราสารทุน,226258484.89,237696519.37,1,-0.04812032801454491
M0826_2567,KKP SIB-H FUND,ตราสารหนี้,9276875.48,2024691177.61,6,-0.9954181281656244
M0828_2554,SCBGLOWFUND,ผสม,210098386.8,81309236.4,8,1.5839424412550502
M0829_2567,KKP SIB-UH FUND,ตราสารหนี้,3167765.49,12558357.3,6,-0.747756381322261
M0830_2547,PRINCIPAL AARMF,ผสม,44536011.81,31278364.93,1,0.4238599718901612
M0830_2548,M-CR,ผสม,28555214.72,26991676.54,1,0.057926678903510664
M0833_2553,PRINCIPAL SET100RMF,ตราสารทุน,32788265.82,21053532.74,1,0.5573759627383088
M0833_2568,ES-INDAERMF,ตราสารทุน,31709613.44,0.0,1,
M0835_2567,PRINCIPAL GSTEP,ผสม,311177989.09,1484043756.54,1,-0.7903175107077022
M0836_2566,MT25-ThaiESG,ตราสารทุน,160540872.13,68164566.85,1,1.3551953683396731
M0837_2568,B-USPASSIVERMF,ตราสารทุน,569033899.12,0.0,1,
M0838_2568,K-ESGBF,ตราสารหนี้,5649063996.51,0.0,3,
M0840_2566,KKP GB THAI ESG,ตราสารหนี้,9524247357.63,6131465247.97,1,0.5533395318163596
M0843_2548,ONE-GEM,ตราสารทุน,9573298.96,6899526.47,1,0.38752985463943035
M0843_2566,SCBTM,ผสม,3874831330.22,7022085572.84,7,-0.4481936612668094
M0843_2568,KKP CAT-USD-UI FUND,อื่น ๆ,7284215.01,0.0,3,
M0844_2553,ES-GOLDBULLION-H,ทรัพย์สินทางเลือก,1668252187.08,601900845.95,1,1.7716395454585916
M0844_2566,FP ThaiESG,ตราสารทุน,5758094.32,2628222.98,2,1.1908697868549951
M0844_2568,MEGA10CYBER,ตราสารทุน,225116334.39,0.0,3,
M0845_2566,PRINCIPAL EQESG,ตราสารทุน,382049514.72,210644260.08,8,0.813719085319023
M0846_2566,KTAG70/30,ผสม,9803671141.68,5890906695.299999,6,0.6642041113130788
M0846_2567,MGOV-Roll6M3,ตราสารหนี้,169027476.15,325114880.56,1,-0.48009923181967074
M0847_2554,KKP PROPRMF,ทรัพย์สินทางเลือก,322550286.4,312613219.82,1,0.031787096482105426
M0848_2566,SCBTA,ตราสารทุน,4389140669.21,2506501272.97,7,0.7511025095188666
M0849_2566,MFLEX-ThaiESG,ผสม,127736201.46,60917319.28,1,1.0968782436547162
M0850_2566,SCBTP,ตราสารทุน,5412784640.33,1034750379.39,7,4.231005224198046
M0851_2566,KKP EQ THAI ESG,ตราสารทุน,510437831.75,187471854.95,1,1.722743805389546
M0852_2548,CPRMF4,ผสม,41331097.37,64432737.74,1,-0.35853886052801465
M0852_2567,ONE-LIFESETUSD-UI,อื่น ๆ,10014562.17,0.0,1,
M0853_2557,ONE-STOXXASEANETF,ตราสารทุน,55282974.68,0.0,1,
M0853_2566,UTSEQ,ตราสารทุน,3064475586.96,1903203318.44,4,0.6101672150676265
M0854_2566,KTESG50,ตราสารทุน,4609334153.940001,2203307656.8,6,1.0920065973148847
M0856_2553,SCBGOLDHFUND,ทรัพย์สินทางเลือก,52882074750.61,19446485640.149998,8,1.7193640912385493
M0858_2567,DAOL-TAIWANEQ,ตราสารทุน,531693537.04,32578262.54,1,15.320500099941796
M0859_2567,KFNDQRMF,ตราสารทุน,218269288.69,84072877.64,1,1.5961914807368545
M0860_2548,UBIG CAP-DIV-M,ตราสารทุน,678636345.0,622004809.48,2,0.09104678075937112
M0860_2566,MGOV-Roll6M,ตราสารหนี้,128075506.75,246344339.69,1,-0.48009559744230224
M0861_2553,K-GARMF,ผสม,2940842898.97,2649314283.59,1,0.11003927211873044
M0861_2566,MFAI-Roll6M,ตราสารหนี้,786475100.29,521539878.78,1,0.5079865074359098
M0862_2554,UOBSG - H,ทรัพย์สินทางเลือก,905524503.82,674173945.93,1,0.34316152275932277
M0862_2568,KF-GDIVRMF,ตราสารทุน,114686081.12,0.0,1,
M0863_2566,ASP-INDO-UI,ตราสารทุน,21390622.23,82262117.6,1,-0.7399699539220226
M0863_2568,KF-CSI300-INDXRMF,ตราสารทุน,44732650.84,0.0,1,
M0864_2567,MEGAWORLD30,ตราสารทุน,293323662.12,209525823.23,4,0.3999403872906573
M0865_2568,KF-JP-INDXRMF,ตราสารทุน,85394116.29,0.0,1,
M0866_2554,SCBGLOBFUND,ตราสารหนี้,102582385.0,1202680775.16,7,-0.9147052259263454
M0866_2568,KF-HSHARE-INDXRMF,ตราสารทุน,65017020.29,0.0,1,
M0867_2548,K-7030,ผสม,5729688522.75,13898723.08,2,411.24567823751477
M0867_2567,KT-US500,ตราสารทุน,1037526184.5799999,1213625119.07,7,-0.14510159004037793
M0867_2568,KF-US-PLUSRMF,ตราสารทุน,68989386.08,0.0,1,
M0868_2567,ES-ULTIMATE GA1,ผสม,10802145849.11,3952240781.14,1,1.7331699780685392
M0869_2557,KT-WEQ RMF,ตราสารทุน,637538954.33,548432013.3,1,0.16247581991764104
M0869_2567,ES-ULTIMATE GA2,ผสม,18114093366.12,2062069734.2,1,7.784423274195204
M0869_2568,KKP US500 RMF-UH,ตราสารทุน,139869303.8,0.0,1,
M0870_2548,ES-GOLD,ทรัพย์สินทางเลือก,2165242848.56,1140925982.83,1,0.8977943189524373
M0871_2567,ES-ULTIMATE GA3,ผสม,8246139386.77,645187855.57,1,11.780989777752149
M0872_2547,ES-JB25RMF,ตราสารทุน,2856872029.32,2410355990.35,1,0.185249000876905
M0872_2568,KKP INDIA RMF-UH,ตราสารทุน,18081632.74,0.0,1,
M0873_2567,KF-EMXCN-INDXRMF,ตราสารทุน,240243270.36,25215528.07,1,8.52759227143959
M0873_2568,ES-ULTIMATE GA2RMF,ผสม,210253398.33,0.0,1,
M0874_2554,SCBGSIFUND,ผสม,1212727405.68,1446063858.01,8,-0.1613597152280023
M0874_2568,ES-ULTIMATE GA3RMF,ผสม,116714837.01,0.0,1,
M0876_2566,B-ASIATECH,ตราสารทุน,2803444907.2,243114758.28,1,10.531364558177986
M0877_2566,LHUS,ตราสารทุน,41506872.269999996,471607621.84,5,-0.9119885465208155
M0878_2566,KKP GC-UI FUND,อื่น ๆ,1559029124.23,2214460417.64,3,-0.29597787713383816
M0879_2568,DAOL-SILVER,ตราสารทุน,2388351264.83,0.0,1,
M0881_2554,LHMM,ตราสารหนี้,1812013979.48,1733614364.3,3,0.04522321503240212
M0881_2568,ASP-DAPP 3M5,ตราสารทุน,246737569.12,0.0,1,
M0882_2554,SCBCOMP,ทรัพย์สินทางเลือก,3134644303.86,100791493.17,1,30.10028639592581
M0884_2547,K-TREASURY,ตราสารหนี้,46773099014.29,32875108640.98,1,0.4227511618314672
M0884_2548,KTSS,ตราสารหนี้,44482852686.61,37399919643.56,1,0.18938364334880697
M0884_2568,LHAI,ตราสารทุน,1832490722.1599998,0.0,3,
M0885_2555,LHFLRMF,ผสม,258774924.6,237690645.81,1,0.08870470572432154
M0885_2567,LHTWGHD,ตราสารทุน,63322186.199999996,93897272.42999999,2,-0.3256227304450573
M0886_2555,KT-BOND RMF,ตราสารหนี้,124473465.14,122850779.09,1,0.013208593889430853
M0888_2555,PRINCIPAL iPROPRMF,ทรัพย์สินทางเลือก,1174090211.12,1091702275.48,1,0.07546740305526578
M0889_2550,TISCOCID,ตราสารทุน,79095505.33,95495162.19,1,-0.17173285519292336
M0890_2555,LHGOVRMF,ตราสารหนี้,604869055.85,694536062.37,1,-0.12910345679391333
M0899_2553,GLD,ทรัพย์สินทางเลือก,1272970533.72,671568786.89,1,0.8955177169788671
M0899_2568,PRINCIPAL PCREDITUI,อื่น ๆ,113181413.27,0.0,6,
M0900_2566,ASP-MAG7-AI,ตราสารทุน,157857775.02,395082222.66,1,-0.6004432344305978
M0901_2556,TISCOEU,ตราสารทุน,269145561.38,392124223.24,2,-0.31362169070777046
M0903_2568,KFSGB6M26,ตราสารหนี้,1798284048.79,0.0,1,
M0905_2553,ES-GOLDBULLION-UH,ทรัพย์สินทางเลือก,935203198.43,480966792.43,1,0.9444236341246148
M0906_2554,TBOND1Y,ตราสารหนี้,189672199.09,150749284.14,1,0.2581963501322668
M0907_2566,K-INDIARMF,ตราสารทุน,411095248.91,340435115.69,1,0.20755829808210247
M0909_2555,SCBGEQFUND,ตราสารทุน,571917607.49,727150486.47,4,-0.21348109073486043
M0909_2566,LHBLUESKY,ตราสารหนี้,157044514.59,167790450.43,2,-0.06404378683328626
M0910_2566,SCBMONEY,ตราสารหนี้,31735015671.510002,4991300620.33,4,5.358065379242142
M0912_2568,ES-GAINCOME-UH,ผสม,1300311265.25,0.0,7,
M0913_2554,ES-LOWBETA,ตราสารทุน,1000222161.2,964275508.38,1,0.037278404882844285
M0913_2568,KKP GC-USD-UI FUND,อื่น ๆ,2015969.52,0.0,4,
M0917_2568,MEGA10CHINAPOPRMF,ตราสารทุน,3516813.02,0.0,1,
M0920_2568,UGUSD6M11,ตราสารหนี้,6095012.88,0.0,1,
M0921_2568,UGUSD6M12,ตราสารหนี้,5560449.06,0.0,1,
M0922_2556,KFEURORMF,ตราสารทุน,394672934.44,397000479.24,1,-0.00586282617203826
M0925_2568,ASP-ACTFIX,ตราสารหนี้,198654671.07,0.0,1,
M0928_2556,KTFIX-1Y3Y,ตราสารหนี้,4236805299.28,4888872220.65,1,-0.13337777956555064
M0930_2556,UOBSJSM,ตราสารทุน,1165000138.43,974946394.27,1,0.19493763480432635
M0930_2567,TASIA,ตราสารทุน,511645051.3,64717525.16,1,6.905819173941973
M0931_2567,DAOL-DEFENSE,ตราสารทุน,1493487014.57,1303598731.31,1,0.1456646732612108
M0932_2554,SCBGLOWP,ผสม,170795023.36,53054042.4,1,2.2192650292751304
M0933_2547,MMM,ตราสารหนี้,1361560966.2,2185777436.46,2,-0.37708160790371636
M0933_2554,SCBRMGW,ผสม,88618232.48,72928488.66,1,0.2151387490442478
M0934_2547,B-TNTV,ตราสารหนี้,92903398406.85,92112302814.19,1,0.008588381448413118
M0935_2554,SCBRMGWP,ผสม,225589468.91,159369938.95,1,0.4155082846632414
M0936_2568,MEGA10CHINATECHRMF,ตราสารทุน,9520599.66,0.0,1,
M0939_2553,PRINCIPAL iPROP,ทรัพย์สินทางเลือก,13322525979.01,8801827030.73,6,0.5136091555192792
M0943_2554,ES-SET50DV2,ตราสารทุน,488897679.53,547644750.84,1,-0.10727222568990458
M0943_2555,B-SENIOR,ผสม,9485511998.46,7130663997.34,1,0.3302424573642011
M0948_2568,TLAWSRMF,ผสม,283520614.13,0.0,1,
M0952_2556,TISCONA,ตราสารทุน,82855052.09,64761963.95,1,0.27937831153435866
M0959_2567,FP CNGLOV,ตราสารทุน,26375181.16,0.0,1,
M0961_2568,X-QUANTUM,ตราสารทุน,24745714.04,0.0,1,
M0962_2555,KT-WCORP,ตราสารหนี้,154402064.86,193783893.46,1,-0.2032254997917513
M0962_2568,SCBGMLITE,ผสม,1667555962.84,0.0,4,
M0965_2550,ES-GLOBALENERGY,ตราสารทุน,161211458.12,127496125.09,1,0.2644420213257479
M0965_2567,KKP EWUS500-UH FUND,ตราสารทุน,679920023.1600001,1740535564.48,6,-0.6093616028103787
M0966_2568,KT-TECHNOLOGY RMF,ตราสารทุน,140347478.91,0.0,1,
M0970_2553,ES-GRMF,ตราสารหนี้,229586119.89,176552054.76,1,0.30038769700014556
M0970_2568,MAUTOCALL-H,ผสม,967308346.38,0.0,2,
M0972_2568,MAUTOCALL-UH,ผสม,782223946.12,0.0,2,
M0975_2568,DAOL-QUANTUM,ตราสารทุน,168465998.54,0.0,1,
M0976_2556,PRINCIPAL KEQ,ตราสารทุน,418666357.25,159538385.2,1,1.624235896114611
M0976_2567,TLGSELECT,ผสม,228878229.54,125210767.07,1,0.8279436736622174
M0980_2556,KT-EUROSM,ตราสารทุน,665326271.4,1045236355.25,1,-0.36346811124755896
M0983_2556,JSM,ตราสารทุน,285935492.24,227383976.8,1,0.2575006219171727
M0987_2567,ES-TECHRMF,ตราสารทุน,101170132.01,13990781.49,1,6.231199492488107
M0988_2568,TWORLD,ตราสารทุน,8120500194.67,0.0,1,
M0989_2555,ES-US500RMF,ตราสารทุน,2735269269.77,2136214751.94,1,0.2804280409008362
M0989_2567,MUSPIN-H,ตราสารทุน,121581876.71,221880640.48,2,-0.4520392745983658
M0990_2567,MUSPIN-UH,ตราสารทุน,318246585.71000004,557637892.2099999,2,-0.42929526462281353
M0991_2550,B25RMF,ผสม,3926101005.46,3997075204.31,1,-0.017756533270494645
M0991_2568,TWORLD-UH,ตราสารทุน,352135328.89,0.0,1,
M0992_2568,MGALL-RMF,ผสม,90674478.34,0.0,1,
M0994_2567,LHGSELECT,ตราสารทุน,155525580.76,35271653.779999994,3,3.409364577290881
M0994_2568,SCBUSDINC,ตราสารหนี้,10708132.23,0.0,1,
M0995_2567,PRINCIPAL GLEADER,ตราสารทุน,1774943950.36,1995188001.5900002,7,-0.11038761813647835
M0999_2568,A-RING,ตราสารทุน,1207173436.24,0.0,1,
M1002_2568,LHGDEFENSE,ตราสารทุน,105623797.52000001,0.0,3,
M1015_2567,KKP VIETNAM FUND,ตราสารทุน,611723127.75,15000000000.0,5,-0.95921845815
M1015_2568,MEGA10CYBERRMF,ตราสารทุน,7956253.11,0.0,1,
M1018_2568,M-HD,ตราสารทุน,191179246.45,0.0,1,
M1020_2567,SCBUSFOCUS,ตราสารทุน,14468440581.279999,9515172121.769999,7,0.5205653030886634
M1021_2567,SCBGMCORE,ผสม,134793691669.24,22734788674.710003,7,4.9289617158035615
M1021_2568,ONE-RAREEARTH,ตราสารทุน,1355320861.18,0.0,1,
M1024_2567,KT-WQUALITY,ตราสารทุน,470850480.39,4503813351.31,7,-0.8954551524092254
M1026_2568,X-DATACENEQ,ตราสารทุน,75338794.9,0.0,1,
M1027_2568,TLUS500RMF,ตราสารทุน,49950895.96,0.0,1,
M1029_2568,KTWC-INCOME RMF,ผสม,80802463.96,0.0,1,
M1030_2567,TUSENGY,ตราสารทุน,245035577.94,11790823.51,1,19.78188836701534
M1031_2553,I-Emerging 10S2,ผสม,20179243.12,19028459.41,1,0.060476977416008326
M1031_2568,A-SLVP,ตราสารทุน,1290695730.16,0.0,1,
M1034_2553,ES-GOLDSRMF,ทรัพย์สินทางเลือก,813925918.88,614385318.87,1,0.3247808726565966
M1035_2553,ES-GOLDS,ทรัพย์สินทางเลือก,1761713044.18,1001890867.18,1,0.7583881657077629
M1035_2568,SCBUSDUSFOCUS,ตราสารทุน,704031.85,0.0,1,
M1037_2568,SCBUSDGMCORE,ผสม,9225945.46,0.0,1,
M1038_2567,ES-GDIV-UH,ตราสารทุน,9811690.63,54094901.029999994,7,-0.8186207860042368
M1039_2568,MSILVER,ตราสารทุน,1151299393.06,0.0,1,
M1040_2568,TOP11VNM,ตราสารทุน,185703952.94,0.0,1,
M1041_2567,KT-NASDAQ,ตราสารทุน,4507287550.7,398739473.8,5,10.303840845616323
M1042_2567,KF-US-PLUS,ตราสารทุน,554771946.1,531403211.03000003,3,0.043975524770927255
M1048_2567,ASP-SDAILY,ตราสารหนี้,3468622838.62,4434434184.77,1,-0.21779810138282474
M1055_2568,SCBUSDSEMI,ตราสารทุน,11014374.65,0.0,1,
M1058_2568,UGDIVP-USD,ตราสารทุน,11930755.45,0.0,1,
M1060_2568,KF-GDIV-USD,ตราสารทุน,2714374.67,0.0,1,
M1063_2568,KKP AAA CLO-USD,ตราสารหนี้,27263814.74,0.0,1,
M1072_2568,TGOLD5M2,ทรัพย์สินทางเลือก,95195496.06,0.0,1,
M1077_2568,SCBUSDS&P500,ตราสารทุน,1611051.37,0.0,1,
M1078_2557,KF-INCOME,ผสม,939986430.19,966314565.42,1,-0.027245926090906702
M1080_2557,SCBMSEFUND,ตราสารทุน,699962765.41,431702207.82,4,0.6214018662185121
M1082_2568,B-WEALTHC,ผสม,7972740521.83,0.0,1,
M1084_2568,SCBUSDGOLD,ทรัพย์สินทางเลือก,3971240.46,0.0,1,
M1085_2568,KT-PRECIOUS RMF,ตราสารทุน,245275268.86,0.0,1,
M1086_2568,UGOV6M41,ตราสารหนี้,108115034.45,0.0,1,
M1087_2568,TLUSNDQRMF,ตราสารทุน,48146943.26,0.0,1,
M1088_2568,UGOV6M42,ตราสารหนี้,277892083.15,0.0,1,
M1089_2568,UGOV6M43,ตราสารหนี้,893191553.58,0.0,1,
M1090_2568,UGOV6M44,ตราสารหนี้,609756053.31,0.0,1,
M1094_2557,KFHCARERMF,ตราสารทุน,2243805164.88,2031650271.12,1,0.10442490854641262
M1094_2568,ASP-USDL,ตราสารหนี้,1564363.3,0.0,1,
M1106_2568,FP GLEQ,ตราสารทุน,909473.4,0.0,2,
M1112_2557,M-FLEX,ผสม,3288196.11,5834586.8,1,-0.4364303381346559
M1112_2568,TROBOTICS,ตราสารทุน,44107459.54,0.0,1,
M1115_2568,UGDIVP,ตราสารทุน,464656010.61,0.0,1,
M1121_2568,ONE-LITIGATE1-UI,อื่น ๆ,390083967.42,0.0,3,
M1127_2568,KT-GWB,ผสม,797939590.5,0.0,6,
M1128_2568,KT-GWA,ผสม,864591320.12,0.0,6,
M1129_2568,KT-GWG,ผสม,171772608.11,0.0,6,
M1137_2557,ES-JE,ตราสารทุน,1244073026.8,175910855.93,1,6.072178804559125
M1141_2568,KF-GEI,ตราสารทุน,1349953763.29,0.0,3,
M1142_2557,PRINCIPAL APDIRMF,ตราสารทุน,233993819.97,203656876.56,1,0.14896105607837073
M1148_2568,SIGNATURE GINGRO,ผสม,4892447387.4800005,0.0,9,
M1149_2568,TGOLD-UH,ทรัพย์สินทางเลือก,53977778.05,0.0,1,
M1150_2557,KT25/75RMF,ผสม,1296982183.26,1304762065.44,1,-0.005962682688338661
M1151_2557,TCHSTARP,ตราสารทุน,81840536.74,99202455.4,1,-0.17501500935631087
M1160_2568,PRINCIPAL INXUS,ตราสารทุน,1030269505.3499999,0.0,7,
M1168_2557,K-JP,ตราสารทุน,4027012988.46,3055396871.96,2,0.3179999709421448
M1173_2568,SCBCR1YAD,ผสม,5796239711.48,0.0,1,
M1183_2557,TJREIT,ทรัพย์สินทางเลือก,43050991.57,26232306.74,1,0.6411439526343388
M1199_2557,UOBSGA-M,ผสม,977077648.17,278593027.21,2,2.507186299510256
M1202_2557,ASP-EUPROP,ตราสารทุน,9973400.11,10488128.64,1,-0.04907725178321243
M1218_2557,PRINCIPAL DPLUS,ตราสารหนี้,11677671372.349998,49387548801.42,6,-0.7635502944415367
M1250_2557,KT-US,ตราสารทุน,9812411593.68,3855957328.67,6,1.544740710879315
M1257_2557,KF-HJAPAND,ผสม,1266894486.45,1272549303.35,1,-0.004443691796548466
M1261_2557,K-CHX,ตราสารทุน,1500223704.59,1967889287.68,1,-0.23764831996282898
