proj_id,fund_class_name,display_name,policy_desc,aum,aum_as_of,aum_year_ago,aum_year_ago_as_of,aum_growth_rate
M0008_2537,main,RKF4,ตราสารทุน,218631199.39,2026-07-31,170008981.5,2025-07-14,0.28599793646784466
M0009_2543,main,K-FEQ,ผสม,1093772486.38,2026-07-31,1004727261.97,2025-07-14,0.08862626483868508
M0014_2536,K-SELECT-A(A),K-SELECT,ตราสารทุน,371552102.38,2026-07-31,301617364.34,2025-07-14,0.23186575545155175
M0014_2536,K-SELECT-A(D),K-SELECT,ตราสารทุน,371552102.38,2026-07-31,301617364.34,2025-07-14,0.23186575545155175
M0014_2536,K-SELECT-C(A),K-SELECT,ตราสารทุน,371552102.38,2026-07-31,301617364.34,2025-07-14,0.23186575545155175
M0017_2538,K-FIXED-A,K-FIXED,ตราสารหนี้,60943361980.16,2026-07-31,194035904557.45,2025-07-14,-0.6859170877721966
M0017_2538,K-FIXED-Z,K-FIXED,ตราสารหนี้,481350089.03,2026-07-31,3032119810.45,2025-07-14,-0.8412496474014455
M0021_2538,main,RKBC,ผสม,159993583.66,2026-07-31,145745420.33,2025-07-14,0.09776062464082225
M0023_2538,K-VALUE-A(A),K-VALUE,ตราสารทุน,960860221.44,2026-07-31,5472.7,2025-07-14,175572.34066183056
M0023_2538,K-VALUE-A(D),K-VALUE,ตราสารทุน,2570853162.88,2026-07-31,1958377443.95,2025-07-14,0.31274651412173715
M0023_2538,K-VALUE-P(A),K-VALUE,ตราสารทุน,746400318.24,2026-07-31,5472.7,2025-07-14,136385.11987501598
M0023_2538,K-VALUE-P(D),K-VALUE,ตราสารทุน,746400318.24,2026-07-31,5472.7,2025-07-14,136385.11987501598
M0023_2538,K-VALUE-Z(A),K-VALUE,ตราสารทุน,746400318.24,2026-07-31,5472.7,2025-07-14,136385.11987501598
M0023_2563,main,K-AB22B,ตราสารหนี้,181111105.81,2026-07-31,319239133.99,2025-07-14,-0.4326788713326317
M0027_2535,main,K-EQUITY,ตราสารทุน,2142837579.93,2026-07-31,1898386732.87,2025-07-14,0.12876767564132563
M0036_2565,main,K-DFIXED,ตราสารหนี้,71412507.78,2026-07-31,277272120.31,2025-07-14,-0.7424461294552143
M0037_2536,K-STEQ-A(A),K-STEQ,ตราสารทุน,304936314.56,2026-07-31,280096829.52,2025-07-14,0.08868177866406879
M0037_2536,K-STEQ-C(A),K-STEQ,ตราสารทุน,304936314.56,2026-07-31,8282.73,2025-07-14,36814.91873210886
M0038_2559,K-SFPLUS-A,K-SFPLUS,ตราสารหนี้,230219550375.78,2026-07-31,135274227536.33,2025-07-14,0.7018729625637741
M0038_2559,K-SFPLUS-I,K-SFPLUS,ตราสารหนี้,2322451238.47,2026-07-31,64083654.33,2025-07-14,35.24093012097114
M0038_2559,K-SFPLUS-Z,K-SFPLUS,ตราสารหนี้,71090508.99,2026-07-31,64083654.33,2025-07-14,0.10933918693085243
M0045_2561,main,K-EUSMALL,ตราสารทุน,239829603.57,2026-07-30,455732251.18,2025-07-14,-0.4737488888508029
M0045_2565,main,K-VIETNAMRMF,ตราสารทุน,2584598848.16,2026-07-31,2600327976.89,2025-07-14,-0.0060489018576849185
M0054_2560,K-FIXEDPLUS-A,K-FIXEDPLUS,ตราสารหนี้,25524715396.2,2026-07-31,43433792589.99,2025-07-14,-0.41233049489483053
M0054_2560,K-FIXEDPLUS-SSF,K-FIXEDPLUS,ตราสารหนี้,2441221093.6,2026-07-31,2408473939.57,2025-07-14,0.013596640383763514
M0059_2554,K-INDIA-A(A),K-INDIA,ตราสารทุน,1515924403.29,2026-07-30,1303702507.08,2025-07-14,0.16278399025658796
M0059_2554,K-INDIA-A(D),K-INDIA,ตราสารทุน,2035835180.85,2026-07-30,1978724381.77,2025-07-14,0.028862432588470766
M0061_2544,main,K-FLRMF,ผสม,10218210062.94,2026-07-31,8838038807.0,2025-07-14,0.15616261549415933
M0062_2544,main,K-BLRMF,ผสม,5915566265.38,2026-07-31,5880895614.04,2025-07-14,0.005895471304953492
M0063_2544,main,K-SFRMF,ตราสารหนี้,15373152772.6,2026-07-31,12544585129.19,2025-07-14,0.22548116293046672
M0064_2544,main,K-GBRMF,ตราสารหนี้,12475047108.73,2026-07-31,12565310359.22,2025-07-14,-0.0071835273391211985
M0065_2544,main,K-FIRMF,ตราสารหนี้,16849035341.33,2026-07-31,15659675722.48,2025-07-14,0.07595046282744122
M0065_2568,main,K-WORLDXRMF,ตราสารทุน,1247971142.14,2026-07-30,61552611.75,2025-07-14,19.274869037380856
M0066_2560,main,K-SEMQ,ตราสารทุน,5274365226.44,2026-07-30,1221301950.67,2025-07-14,3.318641449435588
M0070_2557,K-GB-A(D),K-GB,ตราสารหนี้,423648670.4,2026-07-30,827402369.83,2025-07-14,-0.4879774510592183
M0070_2557,K-GB-C(A),K-GB,ตราสารหนี้,10138.76,2026-07-30,158474583.62,2025-07-14,-0.9999360228008277
M0074_2558,K-JPX-A(A),K-JPX,ตราสารทุน,1342861203.45,2026-07-31,685036936.88,2025-07-14,0.9602756160362096
M0074_2558,K-JPX-C(A),K-JPX,ตราสารทุน,14661.42,2026-07-31,68393790.17,2025-07-14,-0.9997856322925874
M0077_2564,main,K-ATECH,ตราสารทุน,15009069876.85,2026-07-30,1993344261.71,2025-07-14,6.529592436769751
M0080_2545,K-GA-A(A),K-GA,ผสม,3517449035.71,2026-07-30,594307081.14,2025-07-14,4.918571639703213
M0080_2545,K-GA-A(D),K-GA,ผสม,9769119362.32,2026-07-30,8982163047.62,2025-07-14,0.08761322974520236
M0080_2545,K-GA-C(A),K-GA,ผสม,3517449035.71,2026-07-30,594307081.14,2025-07-14,4.918571639703213
M0080_2545,K-GA-C(D),K-GA,ผสม,3517449035.71,2026-07-30,594307081.14,2025-07-14,4.918571639703213
M0095_2567,K-ESGSI-A,K-ESGSI,ตราสารหนี้,1243399193.36,2026-07-31,337109811.82,2025-07-14,2.688409977292247
M0095_2567,K-ESGSI-ThaiESG,K-ESGSI,ตราสารหนี้,10063265051.91,2026-07-31,6429653502.7,2025-07-14,0.5651333384737047
M0096_2563,main,K-GTPE20A-UI,ผสม,1552162335.51,2026-06-30,,,
M0110_2568,main,K-CHINNO25A-UI,ทรัพย์สินทางเลือก,591558667.65,2026-06-30,,,
M0118_2561,main,K-VIETNAM,ตราสารทุน,7879672334.05,2026-07-31,10985567197.04,2025-07-14,-0.28272503433658547
M0130_2545,main,KACB,ตราสารหนี้,1671540633.49,2026-07-31,2427286185.47,2025-07-14,-0.3113541190585499
M0131_2562,K-CHANGE-A(A),K-CHANGE,ตราสารทุน,4638945615.79,2026-07-30,6477860021.34,2025-07-14,-0.28387683579022527
M0131_2562,K-CHANGE-C(A),K-CHANGE,ตราสารทุน,6681606.15,2026-07-30,6158147.85,2025-07-14,0.08500255478601426
M0131_2562,K-CHANGE-SSF,K-CHANGE,ตราสารทุน,4835776801.79,2026-07-30,4723182309.74,2025-07-14,0.023838692785118853
M0131_2569,main,K-FGB6MP(USD),ตราสารหนี้,16489064.38,2026-07-31,,,
M0134_2545,main,KASF,ตราสารหนี้,409460816.16,2026-07-31,573118911.98,2025-07-14,-0.28555696278560627
M0135_2545,main,KAEQ,ตราสารทุน,2363795636.77,2026-07-31,1030651812.83,2025-07-14,1.2934958318070646
M0135_2568,main,K-GDBONDRMF,ตราสารหนี้,824740179.1,2026-07-30,24938892.64,2025-07-14,32.070441057883315
M0140_2558,main,K-ENERGY,ตราสารทุน,212383279.93,2026-07-31,181443082.38,2025-07-14,0.17052288323233689
M0140_2569,main,K-GSF(USD),ตราสารหนี้,2025260.85,2026-07-30,,,
M0142_2569,main,K-GB6MCW,ตราสารหนี้,2758685280.91,2026-07-31,,,
M0144_2564,main,K-AHYC-UI,ตราสารหนี้,789822236.5,2026-07-27,963485880.74,2025-07-14,-0.18024513665588815
M0145_2549,main,ABFTH,ตราสารหนี้,11079595451.93,2026-07-31,12343560153.12,2025-07-14,-0.10239871524185151
M0154_2541,K-CBOND-A,K-CBOND,ตราสารหนี้,7489491872.03,2026-07-31,7047428005.24,2025-07-14,0.0627269787589615
M0154_2541,K-CBOND-Z,K-CBOND,ตราสารหนี้,2181674.97,2026-07-31,644626227.88,2025-07-14,-0.9966155969527102
M0159_2549,K-STAR-A(A),K-STAR,ตราสารทุน,880596318.72,2026-07-31,1279870824.33,2025-07-14,-0.3119646905139949
M0159_2549,K-STAR-A(R),K-STAR,ตราสารทุน,1102504558.53,2026-07-31,1165562292.27,2025-07-14,-0.05410069814217433
M0159_2549,K-STAR-C(A),K-STAR,ตราสารทุน,11765.56,2026-07-30,8041.62,2025-07-14,0.4630833090844879
M0159_2549,K-STAR-I(D),K-STAR,ตราสารทุน,1214.98,2026-07-30,829.62,2025-07-14,0.4645018201104121
M0159_2549,K-STAR-SSF,K-STAR,ตราสารทุน,1684364698.48,2026-07-31,1202079017.57,2025-07-15,0.4012096325289327
M0159_2555,K-USA-A(A),K-USA,ตราสารทุน,1786040628.63,2026-07-30,3651187694.8,2025-07-14,-0.5108329732887551
M0159_2555,K-USA-A(D),K-USA,ตราสารทุน,4625083697.58,2026-07-30,6585790611.85,2025-07-14,-0.2977177729796092
M0159_2555,K-USA-SSF,K-USA,ตราสารทุน,999015979.77,2026-07-30,1108766743.14,2025-07-14,-0.09898453759461501
M0161_2563,main,K-SUPSTAR-SSFX,ผสม,2255517879.79,2026-07-31,1585186867.66,2025-07-14,0.42287191863980067
M0176_2569,main,K-GB6MCX,ตราสารหนี้,513826106.87,2026-07-31,,,
M0192_2559,main,K-GIFRMF,ตราสารทุน,590578075.02,2026-07-30,415876062.06,2025-07-14,0.42008191597908096
M0204_2549,main,K-GLOBE,ตราสารทุน,22545702842.69,2026-07-30,13123416351.15,2025-07-14,0.7179751247253789
M0208_2550,main,K-2500,ผสม,93713726.21,2026-07-31,219426109.12,2025-07-14,-0.5729144239678892
M0208_2556,main,K-ASIA,ตราสารทุน,476237555.34,2026-07-30,737281342.93,2025-07-14,-0.3540626520570783
M0209_2548,main,K-SET50,ตราสารทุน,6834125136.4,2026-07-31,5797326326.19,2025-07-14,0.17884085729764054
M0210_2550,main,K-2520,ผสม,154935970.49,2026-07-31,175681251.46,2025-07-14,-0.11808477454250943
M0211_2550,main,K-2530,ผสม,339210201.6,2026-07-31,361095264.74,2025-07-14,-0.06060744982562405
M0212_2550,main,K-SD,ผสม,117241349.03,2026-07-31,,,
M0212_2566,main,K-GVC23A-UI,ทรัพย์สินทางเลือก,1392300981.63,2026-06-30,,,
M0214_2567,main,K-GPEQ-UI,ทรัพย์สินทางเลือก,,,1137638981.36,2025-08-01,
M0217_2558,K-GINCOME-A(A),K-GINCOME,ผสม,3393141994.72,2026-07-30,2843855467.69,2025-07-14,0.19314853840873036
M0217_2558,K-GINCOME-A(R),K-GINCOME,ผสม,4705878937.44,2026-07-30,3568694552.74,2025-07-14,0.31865556659279903
M0217_2558,K-GINCOME-C(A),K-GINCOME,ผสม,2844871510.35,2026-07-30,2672272837.74,2025-07-14,0.0645887164560528
M0217_2558,K-GINCOME-C(R),K-GINCOME,ผสม,2844871510.35,2026-07-30,2672272837.74,2025-07-14,0.0645887164560528
M0217_2558,K-GINCOME-SSF,K-GINCOME,ผสม,2844871510.35,2026-07-30,2672272837.74,2025-07-14,0.0645887164560528
M0218_2569,main,K-GB6MCY,ตราสารหนี้,3229224772.6,2026-07-31,,,
M0237_2552,main,K-OIL,ทรัพย์สินทางเลือก,741572648.97,2026-07-30,942300183.19,2025-07-14,-0.21301867260650476
M0250_2558,main,K-ICT,ตราสารทุน,201851369.98,2026-07-31,192963785.34,2025-07-14,0.0460583037606781
M0250_2569,main,K-WPLIGHTRMF,ผสม,7112994.42,2026-07-30,,,
M0253_2558,main,K-INDX,ตราสารทุน,676015845.32,2026-07-30,596787023.27,2025-07-14,0.13275895580952524
M0254_2550,K-GROWTH-A(D),K-GROWTH,ตราสารทุน,21375676.26,2026-07-31,1694758883.74,2025-07-14,-0.9873871873662476
M0254_2550,K-GROWTH-T(D),K-GROWTH,ตราสารทุน,1791398585.47,2026-07-31,1694758883.74,2025-07-14,0.057022684853396566
M0256_2564,main,K-ASIAX,ตราสารทุน,797591745.29,2026-07-30,387506188.76,2025-07-14,1.0582684055763156
M0257_2564,K-US500X-A(A),K-US500X,ตราสารทุน,12608300348.65,2026-07-30,5266066776.84,2025-07-14,1.3942537918624422
M0257_2564,K-US500X-C(A),K-US500X,ตราสารทุน,12852.22,2026-07-30,16.87,2025-07-14,760.8387670420865
M0262_2550,K-20SELECT-A(D),K-20SELECT,ตราสารทุน,24719537.58,2026-07-31,6259613.88,2025-07-14,2.949051499642978
M0262_2550,K-20SELECT-T(D),K-20SELECT,ตราสารทุน,4024185987.71,2026-07-31,6259613.88,2025-07-14,641.880865314651
M0265_2547,K-EQ-A(A),K-EQ,ตราสารทุน,6071856.14,2026-07-31,3563952781.08,2025-07-14,-0.998296314089167
M0265_2547,K-EQ-T(A),K-EQ,ตราสารทุน,3603767248.45,2026-07-31,3563952781.08,2025-07-14,0.011171435149579745
M0278_2562,main,K-AHY,ตราสารหนี้,998419831.36,2026-07-27,1711100561.57,2025-07-14,-0.4165042933280837
M0278_2564,main,K-WPLIGHT,ผสม,6084825707.35,2026-07-30,9930088874.29,2025-07-14,-0.38723350975193926
M0279_2557,main,K-MIDSMALL,ตราสารทุน,282249053.14,2026-07-31,282771691.12,2025-07-14,-0.0018482683960687751
M0279_2560,main,K-FITM,ผสม,153650239.62,2026-07-30,125268243.68,2025-07-14,0.226569760269828
M0279_2564,main,K-WPBALANCED,ผสม,41710308275.65,2026-07-30,14065687571.18,2025-07-14,1.9653941952409535
M0280_2564,main,K-WPSPEEDUP,ผสม,32439503895.47,2026-07-30,9569660516.77,2025-07-14,2.3898280757841497
M0281_2560,main,K-FITL,ผสม,180167900.05,2026-07-30,206510258.49,2025-07-14,-0.127559563542339
M0281_2564,main,K-WPULTIMATE,ผสม,12282293220.28,2026-07-30,4795079514.36,2025-07-14,1.5614368194516417
M0282_2560,main,K-FITXL,ผสม,222490406.68,2026-07-30,288680117.28,2025-07-14,-0.22928392583338353
M0282_2564,main,K-WPSPARK,ผสม,5175226329.05,2026-07-30,850258104.3,2025-07-14,5.086653338412643
M0283_2569,main,K-GB6MCZ,ตราสารหนี้,4321733612.17,2026-07-31,,,
M0304_2558,main,K-SGM,ผสม,128759914.95,2026-07-27,386602286.67,2025-07-14,-0.6669447662633505
M0315_2547,K-EQD-A(A),K-EQD,ตราสารทุน,41205703.58,2026-07-31,6229067.91,2025-07-14,5.615067322327523
M0315_2547,K-EQD-A(D),K-EQD,ตราสารทุน,41205703.58,2026-07-31,6229067.91,2025-07-14,5.615067322327523
M0315_2547,K-EQD-T(A),K-EQD,ตราสารทุน,41205703.58,2026-07-31,6229067.91,2025-07-14,5.615067322327523
M0315_2547,K-EQD-T(D),K-EQD,ตราสารทุน,5483720486.55,2026-07-31,6229067.91,2025-07-14,879.3436671073313
M0317_2567,main,K-GPC-UI,อื่น ๆ,,,885186969.71,2025-08-01,
M0327_2556,K-EUROPE-A(A),K-EUROPE,ตราสารทุน,1815880146.94,2026-07-30,2538817112.1,2025-07-14,-0.28475346322288553
M0327_2556,K-EUROPE-A(D),K-EUROPE,ตราสารทุน,1815880146.94,2026-07-30,2538817112.1,2025-07-14,-0.28475346322288553
M0337_2550,main,K-MONEY,ตราสารหนี้,19704981685.25,2026-07-31,21014144506.64,2025-07-14,-0.062299125285653845
M0345_2562,K-GNEXT-A(A),K-GNEXT,ตราสารทุน,4482307480.93,2026-07-30,892403551.49,2025-07-14,4.0227360407140065
M0345_2562,K-GNEXT-C(A),K-GNEXT,ตราสารทุน,4482307480.93,2026-07-30,892403551.49,2025-07-14,4.0227360407140065
M0350_2563,K-ASIACV-A(A),K-ASIACV,ผสม,1392610009.23,2026-07-27,1374458570.18,2025-07-14,0.013206246767861973
M0350_2563,K-ASIACV-C(A),K-ASIACV,ผสม,1392610009.23,2026-07-27,1374458570.18,2025-07-14,0.013206246767861973
M0352_2564,K-GDBOND-A(A),K-GDBOND,ตราสารหนี้,45332466317.64,2026-07-30,9196672155.07,2025-07-14,3.9292250015293666
M0352_2564,K-GDBOND-C(A),K-GDBOND,ตราสารหนี้,45332466317.64,2026-07-30,9196672155.07,2025-07-14,3.9292250015293666
M0369_2555,K-USXNDQ-A(A),K-USXNDQ,ตราสารทุน,7343474614.9,2026-07-30,5601195165.41,2025-07-14,0.3110549441750201
M0369_2555,K-USXNDQ-A(D),K-USXNDQ,ตราสารทุน,9150479159.3,2026-07-30,6737482849.42,2025-07-14,0.35814507640456905
M0373_2558,main,K-BANKING,ตราสารทุน,1067212628.88,2026-07-31,280335264.48,2025-07-14,2.8069153763426655
M0377_2556,K-SF-A,K-SF,ตราสารหนี้,294896492284.41,2026-07-31,225123530026.41,2025-07-14,0.30993189494592
M0377_2556,K-SF-I,K-SF,ตราสารหนี้,294896492284.41,2026-07-31,893332.36,2025-07-14,330107.3734215225
M0377_2556,K-SF-SSF,K-SF,ตราสารหนี้,1241002082.53,2026-07-31,1129198520.47,2025-07-14,0.09901143158907488
M0377_2556,K-SF-Z,K-SF,ตราสารหนี้,2006059.31,2026-07-31,893332.36,2025-07-14,1.2455912265396947
M0381_2563,K-PLANET-A(A),K-PLANET,ตราสารทุน,434144409.5,2026-07-27,1046169014.76,2025-07-14,-0.5850150373650701
M0381_2563,K-PLANET-C(A),K-PLANET,ตราสารทุน,434144409.5,2026-07-27,1046169014.76,2025-07-14,-0.5850150373650701
M0383_2566,main,K-TFT6,ผสม,165564086.48,2026-07-31,181036859.5,2025-07-14,-0.08546752889292142
M0393_2551,main,K-AGRI,ทรัพย์สินทางเลือก,108564501.4,2026-07-30,68087225.66,2025-07-14,0.5944914827654619
M0393_2564,K-ALLRD-UI-A(A),K-ALLRD-UI,ผสม,1048363929.19,2026-07-27,1176874130.01,2025-07-14,-0.10919621524768153
M0393_2564,K-ALLRD-UI-C(A),K-ALLRD-UI,ผสม,1048363929.19,2026-07-27,1176874130.01,2025-07-14,-0.10919621524768153
M0399_2569,main,K-GB6MDA,ตราสารหนี้,3323279779.6,2026-07-31,,,
M0405_2549,main,K-STARRMF,ตราสารทุน,9489339487.61,2026-07-31,7838583110.34,2025-07-14,0.21059372006816668
M0405_2564,main,K-GPA22A-UI,ผสม,1075273250.56,2026-07-20,,,
M0408_2567,main,K-US500XRMF,ตราสารทุน,2455372767.5,2026-07-30,473675678.09,2025-07-14,4.183658104213388
M0410_2558,main,K-GHRMF,ตราสารทุน,3017754853.73,2026-07-30,2781080531.42,2025-07-14,0.08510157100310778
M0415_2562,main,K-FIXEDPRO,ตราสารหนี้,760387360.53,2026-07-30,759350864.77,2025-07-14,0.0013649760711260672
M0420_2565,main,K-GPE22B-UI,ทรัพย์สินทางเลือก,3451964697.0,2026-06-30,,,
M0425_2559,K-S50-A(A),K-S50,ตราสารทุน,20953327.87,2026-07-31,9526094.99,2025-07-14,1.1995715864680876
M0425_2559,K-S50-T(A),K-S50,ตราสารทุน,510917249.46,2026-07-31,9526094.99,2025-07-14,52.63344056471559
M0429_2557,K-GPROP-A(A),K-GPROP,ตราสารทุน,123434792.72,2026-07-30,123100295.71,2025-07-14,0.0027172721890775797
M0429_2557,K-GPROP-A(D),K-GPROP,ตราสารทุน,202188015.21,2026-07-30,233681418.86,2025-07-14,-0.13477067968706535
M0429_2568,K-HDThaiESGX-68,K-HDThaiESGX,ตราสารทุน,723800631.92,2026-07-31,511689808.86,2025-07-14,0.4145300910576355
M0429_2568,K-HDThaiESGX-L,K-HDThaiESGX,ตราสารทุน,1957716672.11,2026-07-31,1371901214.28,2025-07-16,0.4270099419202331
M0429_2568,K-HDThaiESGX-N,K-HDThaiESGX,ตราสารทุน,1957716672.11,2026-07-31,511689808.86,2025-07-14,2.8259833168685162
M0430_2558,main,K-AEC,ตราสารทุน,65155876.08,2026-07-31,88189706.6,2025-07-15,-0.26118502269742216
M0431_2560,main,K-ALLBASIC,ผสม,1077874113.78,2026-07-27,1299929699.91,2025-07-14,-0.17082122682893852
M0432_2567,main,K-CHAPE24B-UI,ทรัพย์สินทางเลือก,435427105.65,2026-06-30,,,
M0433_2558,main,K-MSRMF,ตราสารทุน,2444291293.45,2026-07-31,2288957654.03,2025-07-14,0.067862172612287
M0438_2569,main,K-GB6MDB,ตราสารหนี้,2180078013.19,2026-07-31,,,
M0440_2561,K-CCTV-A(A),K-CCTV,ผสม,3190152165.79,2026-07-30,4026018812.78,2025-07-14,-0.20761618011735694
M0440_2561,K-CCTV-C(A),K-CCTV,ผสม,3190152165.79,2026-07-30,4026018812.78,2025-07-14,-0.20761618011735694
M0447_2551,K-GOLD-A(A),K-GOLD,ทรัพย์สินทางเลือก,9297106957.75,2026-07-30,3900843896.5,2025-07-15,1.3833578590755073
M0447_2551,K-GOLD-A(D),K-GOLD,ทรัพย์สินทางเลือก,10081267792.37,2026-07-31,7295753476.49,2025-07-14,0.3817994021941813
M0447_2551,K-GOLD-C(A),K-GOLD,ทรัพย์สินทางเลือก,10081267792.37,2026-07-31,7295753476.49,2025-07-14,0.3817994021941813
M0448_2566,main,K-CHAPE23A-UI,ทรัพย์สินทางเลือก,824666580.83,2026-06-30,,,
M0450_2567,K-GPIN-A(A),K-GPIN,ตราสารทุน,188200631.27,2026-07-30,72028555.68,2025-07-14,1.6128613782860737
M0450_2567,K-GPIN-A(R),K-GPIN,ตราสารทุน,188200631.27,2026-07-30,72028555.68,2025-07-14,1.6128613782860737
M0450_2567,K-GPIN-C(A),K-GPIN,ตราสารทุน,188200631.27,2026-07-30,72028555.68,2025-07-14,1.6128613782860737
M0455_2561,main,K-GPE19A-UI,ผสม,3562111311.06,2026-07-20,,,
M0455_2567,main,K-WPSPEEDRMF,ผสม,573326217.32,2026-07-30,139865601.85,2025-07-15,3.099122369879539
M0455_2568,K-70ThaiESGX-68,K-70ThaiESGX,ผสม,1614732771.9,2026-07-31,1261997670.96,2025-07-15,0.27950535017364575
M0455_2568,K-70ThaiESGX-L,K-70ThaiESGX,ผสม,4877474292.18,2026-07-31,3832634495.52,2025-07-14,0.27261660298714174
M0455_2568,K-70ThaiESGX-N,K-70ThaiESGX,ผสม,1614732771.9,2026-07-31,3832634495.52,2025-07-14,-0.5786885564518414
M0463_2559,K-MV-A(A),K-MV,ตราสารทุน,340755.69,2026-07-31,564032.33,2025-07-15,-0.3958578757355983
M0463_2559,K-MV-T(A),K-MV,ตราสารทุน,60129019.65,2026-07-27,564032.33,2025-07-15,105.60562604629419
M0468_2563,main,K-CHANGERMF,ตราสารทุน,3467456725.53,2026-07-30,3708474643.88,2025-07-14,-0.06499111939399282
M0470_2563,main,K-USARMF,ตราสารทุน,1303509166.2,2026-07-27,1719842548.05,2025-07-15,-0.24207645189499993
M0475_2569,main,K-GB6MDC,ตราสารหนี้,2707126913.74,2026-07-31,,,
M0511_2559,K-MS-A(A),K-MS,ตราสารทุน,5708401.24,2026-07-27,315053570.14,2025-07-14,-0.9818811726606895
M0511_2559,K-MS-T(A),K-MS,ตราสารทุน,293522483.68,2026-07-31,315053570.14,2025-07-14,-0.06834103308346018
M0511_2565,main,K-VIETNAM-SSF,ตราสารทุน,1346421478.9,2026-07-31,1326924336.22,2025-07-14,0.014693484886667552
M0512_2563,main,K-CHINARMF,ตราสารทุน,4816530810.09,2026-07-30,4716130939.75,2025-07-14,0.021288609587528207
M0512_2567,K-GPINUH-A(A),K-GPINUH,ตราสารทุน,632794211.47,2026-07-30,1400380918.34,2025-07-14,-0.5481270822940738
M0512_2567,K-GPINUH-A(R),K-GPINUH,ตราสารทุน,891119384.42,2026-07-30,821608958.71,2025-07-14,0.08460280888263139
M0512_2567,K-GPINUH-C(A),K-GPINUH,ตราสารทุน,10872.23,2026-07-30,75189582.05,2025-07-14,-0.9998554024413546
M0518_2569,main,K-GB6MDD,ตราสารหนี้,3235457391.86,2026-07-31,,,
M0521_2562,K-ALLGR-UI-A(A),K-ALLGR-UI,ผสม,5215403608.13,2026-07-27,7830495091.53,2025-07-14,-0.33396247016726466
M0521_2562,K-ALLGR-UI-C(A),K-ALLGR-UI,ผสม,21797.87,2026-07-27,113284584.31,2025-07-14,-0.9998075830870302
M0527_2560,main,K-THAICGRMF,ตราสารทุน,476509355.03,2026-07-31,330586611.52,2025-07-14,0.44140548475046715
M0527_2564,K-ALLEN-UI-A(A),K-ALLEN-UI,ผสม,6097249763.63,2026-07-27,9646001279.1,2025-07-14,-0.3678987191468742
M0527_2564,K-ALLEN-UI-C(A),K-ALLEN-UI,ผสม,364604725.86,2026-07-24,661334376.86,2025-07-14,-0.44868324010142246
M0529_2563,main,K-2035RMF,ผสม,1322266585.65,2026-07-30,883175900.37,2025-07-14,0.4971724037035503
M0544_2567,main,K-GSELECT,ตราสารทุน,933304884.47,2026-07-30,1554966193.69,2025-07-14,-0.39979088403508733
M0545_2563,main,K-2040RMF,ผสม,1054478325.92,2026-07-30,555480514.79,2025-07-14,0.8983173987995721
M0552_2565,main,K-GINCOMERMF,ผสม,761087792.04,2026-07-30,568974027.86,2025-07-14,0.33764944403977415
M0563_2569,main,K-GB6MDE,ตราสารหนี้,3326807581.23,2026-07-31,,,
M0564_2569,main,K-FGB6MQ(USD),ตราสารหนี้,3620801.64,2026-07-31,,,
M0571_2552,main,K-PLAN1,ตราสารหนี้,13028311134.03,2026-07-30,16434899440.65,2025-07-15,-0.20727770917746902
M0573_2566,main,K-WPBALRMF,ผสม,2399304204.12,2026-07-30,1188182608.47,2025-07-15,1.0193059442349002
M0574_2552,main,K-PLAN2,ผสม,1233942880.51,2026-07-31,1408415233.27,2025-07-15,-0.12387849026236197
M0575_2552,main,K-PLAN3,ผสม,1695311279.28,2026-07-31,1370724577.01,2025-07-14,0.2367993597795044
M0579_2552,K-CHINA-A(A),K-CHINA,ตราสารทุน,3685381407.71,2026-07-30,4066788186.39,2025-07-14,-0.09378574963811093
M0579_2552,K-CHINA-A(D),K-CHINA,ตราสารทุน,10653620820.22,2026-07-30,11877900251.37,2025-07-14,-0.10307204179533269
M0579_2552,K-CHINA-C(A),K-CHINA,ตราสารทุน,10653620820.22,2026-07-30,11877900251.37,2025-07-14,-0.10307204179533269
M0579_2552,K-CHINA-C(D),K-CHINA,ตราสารทุน,10653620820.22,2026-07-30,11877900251.37,2025-07-14,-0.10307204179533269
M0579_2552,K-CHINA-SSF,K-CHINA,ตราสารทุน,1635354978.23,2026-07-30,1573387189.83,2025-07-14,0.03938495800686903
M0579_2568,main,K-GSF(UH),ตราสารหนี้,542499928.42,2026-07-30,0.0,2025-07-14,
M0580_2566,main,K-PLANETRMF,ตราสารทุน,49339022.09,2026-07-27,28995295.86,2025-07-14,0.7016216122859043
M0583_2567,K-GSELECTU-A(A),K-GSELECTU,ตราสารทุน,1568717862.45,2026-07-30,2069072036.06,2025-07-14,-0.241825400416117
M0583_2567,K-GSELECTU-C(A),K-GSELECTU,ตราสารทุน,11500.18,2026-07-30,297499411.87,2025-07-14,-0.9999613438563535
M0588_2560,K-APB-A(A),K-APB,ตราสารหนี้,3503320839.84,2026-07-24,3616744933.4,2025-07-14,-0.03136082185739686
M0588_2560,K-APB-C(A),K-APB,ตราสารหนี้,10720.01,2026-07-27,80695786.32,2025-07-14,-0.9998671552693286
M0592_2567,main,K-USXNDQRMF,ตราสารทุน,1258898113.7,2026-07-30,406675134.54,2025-07-14,2.095586640978111
M0596_2558,K-GINFRA-A(D),K-GINFRA,ตราสารทุน,12458795160.49,2026-07-30,866116864.99,2025-07-16,13.384658311247462
M0596_2558,K-GINFRA-C(A),K-GINFRA,ตราสารทุน,14088.35,2026-07-30,17726669.14,2025-07-14,-0.9992052455038939
M0596_2562,main,K-PROPIRMF,ผสม,600192811.72,2026-07-31,460523262.71,2025-07-14,0.30328445991652875
M0596_2566,main,K-WPULTIRMF,ผสม,636996365.68,2026-07-30,317754686.02,2025-07-14,1.0046796906715212
M0599_2566,main,K-GTECHRMF,ตราสารทุน,2215861642.81,2026-07-24,648767451.11,2025-07-14,2.415494471892511
M0608_2557,main,K-JPRMF,ตราสารทุน,931818565.27,2026-07-30,590659546.04,2025-07-14,0.5775899526508228
M0611_2569,main,K-GB6MDF,ตราสารหนี้,2025742575.82,2026-07-31,,,
M0612_2567,main,K-GSELECTRMF,ตราสารทุน,380982772.43,2026-07-30,139693575.61,2025-07-14,1.7272748282543584
M0631_2562,main,K-AHYA-UI,ตราสารหนี้,920921390.47,2026-07-23,1143249868.5,2025-07-14,-0.19447059138673317
M0639_2558,main,K-GHEALTH(UH),ตราสารทุน,937538980.92,2026-07-30,743369358.74,2025-07-14,0.26120207928547745
M0648_2569,main,K-GB6MDG,ตราสารหนี้,2171870664.7,2026-07-31,,,
M0659_2553,main,K-GEMO,ผสม,1143211514.37,2026-07-30,633769613.06,2025-07-14,0.8038282221362518
M0664_2557,K-PROPI-A(D),K-PROPI,ผสม,7426649047.77,2026-07-31,8788713876.21,2025-07-15,-0.15497885670472733
M0664_2557,K-PROPI-C(A),K-PROPI,ผสม,7426649047.77,2026-07-31,8788713876.21,2025-07-15,-0.15497885670472733
M0664_2557,K-PROPI-Z(A),K-PROPI,ผสม,7426649047.77,2026-07-31,8788713876.21,2025-07-15,-0.15497885670472733
M0668_2558,main,K-EUX,ตราสารทุน,787500337.31,2026-07-27,994917837.12,2025-07-14,-0.2084770139516383
M0679_2557,main,K-EURMF,ตราสารทุน,822283709.89,2026-07-30,997523807.17,2025-07-14,-0.1756751027097393
M0688_2562,main,K-WORLDX,ตราสารทุน,12766202146.41,2026-07-30,4061752860.79,2025-07-14,2.1430277970991587
M0688_2568,main,K-GDBONDUH,ตราสารหนี้,4870479751.36,2026-07-27,0.0,2025-08-14,
M0695_2567,main,K-THRE24A-UI,อื่น ๆ,1178986618.85,2026-06-30,,,
M0705_2548,K-CASH-A,K-CASH,ตราสารหนี้,60723984724.79,2026-07-31,52891726602.29,2025-07-16,0.1480809689082998
M0705_2548,K-CASH-I,K-CASH,ตราสารหนี้,15237957634.18,2026-07-31,52891726602.29,2025-07-16,-0.7119028132932939
M0706_2569,main,K-GB6MDH,ตราสารหนี้,0.0,2026-07-06,,,
M0714_2552,main,K-GDRMF,ทรัพย์สินทางเลือก,9999249969.1,2026-07-31,7195054838.27,2025-07-14,0.38973922977135333
M0738_2556,main,K-S50RMF,ตราสารทุน,3909566162.66,2026-07-31,3048473675.42,2025-07-14,0.2824667617053849
M0738_2569,main,K-GB6MDI,ตราสารหนี้,2219462768.73,2026-07-31,,,
M0742_2569,main,K-GB3MP,ตราสารหนี้,4366373943.59,2026-07-31,,,
M0767_2565,main,K-GTECH,ตราสารทุน,10004483915.59,2026-07-27,1044311574.56,2025-07-14,8.579979921035724
M0776_2567,K-BL30-A(A),K-BL30,ผสม,1294447496.34,2026-07-31,412260640.93,2025-07-14,2.1398764951704212
M0776_2567,K-BL30-ThaiESG,K-BL30,ผสม,1294447496.34,2026-07-31,412260640.93,2025-07-14,2.1398764951704212
M0787_2568,main,K-USXNDQUH,ตราสารทุน,343625048.95,2026-07-30,,,
M0789_2568,main,K-US500XUH,ตราสารทุน,301274808.48,2026-07-30,,,
M0798_2557,main,K-GHEALTH,ตราสารทุน,3144655781.86,2026-07-30,3040588305.84,2025-07-15,0.03422609888360073
M0799_2566,K-TNZ-A(A),K-TNZ,ตราสารทุน,238444725.64,2026-07-31,123919146.11,2025-07-14,0.9241960029997174
M0799_2566,K-TNZ-ThaiESG,K-TNZ,ตราสารทุน,6241567572.93,2026-07-31,3141013822.86,2025-07-14,0.9871187855030961
M0814_2568,main,K-THAPE26A-UI,ทรัพย์สินทางเลือก,739051144.62,2026-06-30,,,
M0838_2568,K-ESGBF-A,K-ESGBF,ตราสารหนี้,1883021332.17,2026-07-31,,,
M0838_2568,K-ESGBF-ThaiESG,K-ESGBF,ตราสารหนี้,1883021332.17,2026-07-31,,,
M0838_2568,K-ESGBF-Z,K-ESGBF,ตราสารหนี้,1883021332.17,2026-07-31,,,
M0861_2553,main,K-GARMF,ผสม,2940842898.97,2026-07-30,2649314283.59,2025-07-14,0.11003927211873044
M0867_2548,K-7030-A(D),K-7030,ผสม,11389031.73,2026-07-30,6949361.54,2025-07-14,0.6388601549143176
M0867_2548,K-7030-T(D),K-7030,ผสม,5718299491.02,2026-07-31,6949361.54,2025-07-14,821.8524963201153
M0884_2547,main,K-TREASURY,ตราสารหนี้,46773099014.29,2026-07-31,32875108640.98,2025-07-14,0.4227511618314672
M0907_2566,main,K-INDIARMF,ตราสารทุน,411095248.91,2026-07-30,340435115.69,2025-07-14,0.20755829808210247
M1168_2557,K-JP-A(D),K-JP,ตราสารทุน,2013506494.23,2026-07-30,1527698435.98,2025-07-14,0.3179999709421448
M1168_2557,K-JP-C(A),K-JP,ตราสารทุน,2013506494.23,2026-07-30,1527698435.98,2025-07-14,0.3179999709421448
M1261_2557,main,K-CHX,ตราสารทุน,1500223704.59,2026-07-31,1967889287.68,2025-07-14,-0.23764831996282898
M0000_2552,HIDIV-AR,HI-DIV,ตราสารทุน,84434500.44,2026-07-31,89558154.8,2025-07-14,-0.05721036092628384
M0000_2552,HIDIV-D,HI-DIV,ตราสารทุน,2816659691.7,2026-07-31,2331496266.39,2025-07-14,0.2080910153294857
M0000_2552,HIDIV-SSF,HI-DIV,ตราสารทุน,1053070.65,2026-07-31,925210.18,2025-07-14,0.13819613398546893
M0001_2524,main,SSB,ผสม,23098339.46,2026-07-31,19779088.98,2025-07-14,0.16781614579702442
M0001_2530,main,SF5,ตราสารทุน,150544574.78,2026-07-31,110708330.66,2025-07-14,0.3598305916321909
M0001_2531,main,TNP,ตราสารทุน,140799480.37,2026-07-31,109716191.11,2025-07-14,0.2833063100854123
M0002_2530,main,SF4,ตราสารทุน,32962416.86,2026-07-31,24681566.68,2025-07-14,0.33550747759906785
M0002_2533,main,SAN,ตราสารทุน,89231260.69,2026-07-31,66782493.85,2025-07-14,0.33614747736767847
M0003_2533,main,RPF2,ตราสารทุน,148737634.73,2026-07-31,108922574.83,2025-07-14,0.36553542699611175
M0003_2561,main,SI5A4,ผสม,22869412.5,2026-07-30,24074693.33,2025-07-14,-0.05006422360105711
M0005_2564,main,MFTECH,ตราสารทุน,783102992.42,2026-07-30,1123597560.48,2025-07-14,-0.3030396113663161
M0006_2568,main,METHETF-UI,อื่น ๆ,94631984.19,2026-07-30,34000420.86,2025-07-14,1.7832592008097867
M0009_2565,main,M-EUBANK,ตราสารทุน,545901874.69,2026-07-30,85827631.83,2025-07-14,5.360444335354325
M0017_2540,main,MFF,ตราสารหนี้,192099883.3,2026-07-31,165790818.69,2025-07-14,0.1586883086643862
M0019_2535,main,RRF1,ตราสารทุน,37314005.82,2026-07-31,28146587.07,2025-07-14,0.3257026767473019
M0019_2537,main,TS,ตราสารทุน,14275274.29,2026-07-31,10648353.51,2025-07-14,0.34060859987357794
M0020_2537,main,DE-1,ตราสารทุน,39213391.09,2026-07-31,28402080.59,2025-07-14,0.3806520605327246
M0022_2537,main,SCDF,ตราสารทุน,4332099.67,2026-07-31,3372513.87,2025-07-14,0.28453131313585955
M0023_2536,main,AGF,ตราสารทุน,30236883.59,2026-07-31,23868167.49,2025-07-14,0.26682886747247325
M0024_2536,main,UNF,ตราสารทุน,38883868.87,2026-07-31,29391448.2,2025-07-14,0.3229653947436315
M0025_2537,main,SF8,ตราสารทุน,67099041.7,2026-07-31,48173552.93,2025-07-14,0.39286055561441025
M0026_2537,main,SF7,ตราสารทุน,147849748.68,2026-07-31,107786705.03,2025-07-14,0.371688174704379
M0026_2569,main,MCMIDSMALL,ตราสารทุน,114393651.06,2026-07-30,,,
M0031_2536,main,SCIF,ตราสารทุน,104801122.86,2026-07-31,77754006.35,2025-07-14,0.34785495667259614
M0032_2536,main,SCIF2,ตราสารทุน,21381430.02,2026-07-31,15596000.8,2025-07-14,0.3709559453215723
M0035_2538,main,KAF,ผสม,7210902.87,2026-07-31,6729019.79,2025-07-14,0.07161267094445556
M0037_2567,main,MFAI-Roll6M2,ตราสารหนี้,1261760130.01,2026-07-31,1164208035.75,2025-07-23,0.08379266528353368
M0039_2536,main,STD,ตราสารทุน,87562084.27,2026-07-31,66022321.87,2025-07-14,0.3262496954047218
M0040_2536,main,STD2,ตราสารทุน,52161376.95,2026-07-31,38481957.5,2025-07-14,0.3554761851706738
M0042_2569,main,MKAI6S40,ตราสารหนี้,1096638442.6,2026-07-31,,,
M0044_2567,main,MGOV-Roll3M,ตราสารหนี้,286440637.99,2026-07-31,476002800.29,2025-07-30,-0.39823749394858843
M0046_2561,main,M-VI,ผสม,45910864.88,2026-07-27,44071900.77,2025-07-14,0.04172645331539204
M0047_2563,main,M-FOCUS,ตราสารทุน,24644981.32,2026-07-31,33889109.34,2025-07-14,-0.27277577369343764
M0048_2565,main,MGMVOL,ตราสารทุน,94869370.24,2026-07-30,94732356.95,2025-07-14,0.001446319868007695
M0054_2568,MPINFRAUI-H,MPINFRA-UI,อื่น ๆ,5417015.89,2026-06-30,1108160586.21,2025-07-31,-0.9951117049664014
M0054_2568,MPINFRAUI-UH,MPINFRA-UI,อื่น ๆ,3671748528.78,2026-06-30,1108160586.21,2025-07-31,2.313372244484602
M0057_2545,main,M-FIX,ตราสารหนี้,2131831115.84,2026-07-31,2091718521.12,2025-07-14,0.019176860708066013
M0061_2567,MPCREDITUI-DH,MPCREDIT-UI,อื่น ๆ,,,5972442101.13,2025-07-31,
M0061_2567,MPCREDITUI-H,MPCREDIT-UI,อื่น ๆ,,,5972442101.13,2025-07-31,
M0063_2569,main,MKAI6S41,ตราสารหนี้,508132717.94,2026-07-31,,,
M0066_2564,main,MCANN,ตราสารทุน,38230686.41,2026-07-30,26493922.28,2025-07-14,0.4429983603771632
M0066_2567,MGPROP-AC,MGPROP,ตราสารทุน,40529848.43,2026-07-30,127473659.15,2025-07-14,-0.6820531496447594
M0066_2567,MGPROP-AR,MGPROP,ตราสารทุน,92873100.48,2026-07-30,141354833.08,2025-07-14,-0.3429789526373087
M0068_2553,main,M-ACTIVE,ตราสารทุน,10875077.8,2026-07-31,12213541.2,2025-07-14,-0.10958847872883903
M0071_2549,main,MGS,ผสม,2678378.37,2026-07-30,3168885.34,2025-07-14,-0.1547884878662097
M0072_2538,main,BMBF,ตราสารทุน,43684546.89,2026-07-31,31007838.55,2025-07-14,0.40882270202609794
M0078_2560,HIDIVEQL,HIDIVEQ,ตราสารทุน,33838489.2,2026-07-31,141291.51,2025-07-14,238.49414370332656
M0078_2560,HIDIVEQMF,HIDIVEQ,ตราสารทุน,142027.6,2026-07-31,141291.51,2025-07-14,0.005209725623287698
M0081_2566,main,MTOP4,ผสม,12488212.98,2026-07-31,25241066.66,2025-07-14,-0.5052422645913649
M0082_2545,main,M-BOND,ตราสารหนี้,54836463.88,2026-07-31,61599987.88,2025-07-14,-0.10979748913548004
M0084_2545,main,MMF-RMF,ตราสารหนี้,370037096.61,2026-07-31,322812119.21,2025-07-14,0.14629245492880227
M0084_2563,MRENEW-A,MRENEW,ตราสารทุน,721115833.19,2026-07-30,534328820.42,2025-07-14,0.34957315726143934
M0084_2563,MRENEW-D,MRENEW,ตราสารทุน,867498026.97,2026-07-30,998999772.66,2025-07-14,-0.13163340902456366
M0084_2563,MRENEW-IA,MRENEW,ตราสารทุน,0.0,2026-07-30,0.0,2025-07-14,
M0084_2563,MRENEW-SSF,MRENEW,ตราสารทุน,47040031.62,2026-07-30,37462927.59,2025-07-14,0.2556421680337768
M0089_2542,main,MFX,ผสม,11154063.53,2026-07-31,8569731.84,2025-07-14,0.3015650592399399
M0089_2556,main,SPOT33S7,ผสม,50530131.12,2026-07-31,37986347.2,2025-07-14,0.3302182190342322
M0090_2556,main,SPOT33S8,ผสม,55036137.76,2026-07-31,40401714.21,2025-07-14,0.36222283722748005
M0093_2545,main,M-VALUE,ผสม,1097700496.08,2026-07-31,957232988.05,2025-07-14,0.14674327962322886
M0094_2558,M-MIDSMALL-A,M-MIDSMALL,ตราสารทุน,10880292.3,2026-07-31,11546984.46,2025-07-14,-0.057737339329544723
M0094_2558,M-MIDSMALL-D,M-MIDSMALL,ตราสารทุน,78031254.04,2026-07-30,91360789.76,2025-07-14,-0.14589996162485008
M0094_2558,M-MIDSMALL-SSF,M-MIDSMALL,ตราสารทุน,17945526.63,2026-07-31,14587723.81,2025-07-16,0.23018003793698072
M0111_2561,main,M-SUKUK,ตราสารหนี้,584189453.67,2026-07-27,140274068.29,2025-07-14,3.1646290065691796
M0113_2561,main,M-TWSUK RMF,ผสม,324241090.15,2026-07-31,265808437.2,2025-07-14,0.21982994055991534
M0115_2556,main,SPOT33S10,ผสม,42127015.56,2026-07-31,31605612.4,2025-07-14,0.3328966712253929
M0118_2556,main,SPOT33S11,ผสม,33091922.68,2026-07-31,26313718.33,2025-07-14,0.25759203868471303
M0121_2564,main,MCBOND,ตราสารหนี้,62772265.55,2026-07-30,87296198.98,2025-07-14,-0.28092784928263104
M0132_2556,main,I-SMART,ผสม,36980131.44,2026-07-27,49849744.8,2025-07-14,-0.2581680891573993
M0132_2569,main,MKAI6S42,ตราสารหนี้,463157029.47,2026-07-31,,,
M0138_2562,M-MEGA-A,M-MEGA,ตราสารทุน,55046533.4,2026-07-31,55239713.16,2025-07-14,-0.0034971173626564545
M0138_2562,M-MEGA-D,M-MEGA,ตราสารทุน,33606112.23,2026-07-31,40740773.35,2025-07-14,-0.17512336004785256
M0140_2557,main,MMM-PLUS,ตราสารหนี้,3360302173.53,2026-07-31,2607000893.85,2025-07-14,0.28895321112357975
M0144_2559,main,M-PROP RMF,ผสม,232965629.04,2026-07-31,209025976.34,2025-07-14,0.11452955809214793
M0152_2561,main,HI-DIV RMF,ตราสารทุน,65812390.83,2026-07-31,55972131.52,2025-07-14,0.17580640655937607
M0155_2547,M-S50-G,M-S50,ตราสารทุน,866714966.04,2026-07-31,591023749.87,2025-07-14,0.4664638540001824
M0155_2547,M-S50-SSF,M-S50,ตราสารทุน,1233590.3,2026-07-31,759848.53,2025-07-14,0.6234686931617806
M0155_2563,MTQ-SSF,MTQS,ตราสารทุน,24332050.57,2026-07-31,18517670.39,2025-07-14,0.31399091017085534
M0155_2563,MTQ-SSFX,MTQS,ตราสารทุน,24973744.95,2026-07-31,17409492.02,2025-07-14,0.4344901575135103
M0155_2569,main,M-MEM,ตราสารทุน,1934964042.68,2026-07-30,,,
M0166_2567,main,MFAI-Roll6M3,ตราสารหนี้,733271856.08,2026-07-31,552022787.1,2025-07-31,0.32833620860503787
M0175_2560,MIDSMALLEQL,MIDSMALLEQ,ตราสารทุน,30160124.68,2026-07-31,37190487.36,2025-07-14,-0.18903658378947363
M0175_2560,MIDSMALLEQMF,MIDSMALLEQ,ตราสารทุน,1308698.1,2026-07-31,37190487.36,2025-07-14,-0.9648109451394938
M0176_2563,MTF-SSF,MTFS,ผสม,82501639.13,2026-07-31,68273487.94,2025-07-14,0.20839935997563153
M0176_2563,MTF-SSFX,MTFS,ผสม,56285558.1,2026-07-31,44436270.32,2025-07-14,0.26665801820606094
M0180_2564,main,MCHEVO,ตราสารทุน,168103119.58,2026-07-30,265842202.57,2025-07-14,-0.36765826511034827
M0182_2569,main,M-FREEDOM,ตราสารทุน,247736895.26,2026-07-30,,,
M0198_2556,main,SPOT33S14,ผสม,33433301.81,2026-07-31,26178917.86,2025-07-14,0.27710786170746626
M0200_2563,MGFGA,MGF,ตราสารทุน,353244538.59,2026-07-30,295037878.92,2025-07-14,0.1972853786878761
M0200_2563,MGFGD,MGF,ตราสารทุน,371413400.03,2026-07-30,364053036.4,2025-07-14,0.020217833376104277
M0200_2563,MGFIA,MGF,ตราสารทุน,0.0,2026-07-30,0.0,2025-07-15,
M0200_2563,MGFSSF,MGF,ตราสารทุน,64032853.67,2026-07-30,53128824.66,2025-07-14,0.20523753498747177
M0203_2556,main,SPOT33S15,ผสม,41397422.12,2026-07-31,31162536.7,2025-07-14,0.32843556731374823
M0204_2542,SMARTA,SMART,ตราสารหนี้,43852318.15,2026-07-31,564970097.97,2025-07-14,-0.9223811697157669
M0204_2542,SMARTMF,SMART,ตราสารหนี้,598697197.92,2026-07-31,564970097.97,2025-07-14,0.05969714162074258
M0204_2542,SMARTSSF,SMART,ตราสารหนี้,10230667.0,2026-07-31,10696701.07,2025-07-14,-0.04356801849002223
M0210_2561,M-MULTI-A,M-MULTI,ผสม,9299150.19,2026-07-27,15589489.33,2025-07-14,-0.4034987296148975
M0210_2561,M-MULTI-D,M-MULTI,ผสม,45050615.07,2026-07-27,78038877.42,2025-07-14,-0.42271574682525725
M0218_2568,main,MSI45AI,ตราสารหนี้,370460374.41,2026-07-31,371018610.56,2025-07-31,-0.001504604173783619
M0226_2567,main,MINDIA,ตราสารทุน,309531609.22,2026-07-30,305478551.43,2025-07-14,0.013267896456320427
M0245_2565,main,MINFRA,ตราสารทุน,22330846.28,2026-07-27,31075287.76,2025-07-14,-0.2813953501423666
M0246_2550,MGCOREL,MGCORE,ตราสารทุน,70045963.03,2026-07-31,71033029.93,2025-07-14,-0.013895886195094298
M0246_2550,MGCOREMF,MGCORE,ตราสารทุน,81217.56,2026-07-31,71033029.93,2025-07-14,-0.9988566226151406
M0249_2563,main,MGTECH,ตราสารทุน,608874491.44,2026-07-30,596783772.54,2025-07-14,0.02025979836640035
M0250_2550,M-IslamicEQL,M-IslamicEQ,ตราสารทุน,59347861.4,2026-07-31,386768.84,2025-07-14,152.4453018500663
M0250_2550,M-IslamicEQMF,M-IslamicEQ,ตราสารทุน,2701364.05,2026-07-31,386768.84,2025-07-14,5.984440757947304
M0250_2550,M-IslamicEQSSF,M-IslamicEQ,ตราสารทุน,41139091.63,2026-07-31,386768.84,2025-07-14,105.36609616741617
M0258_2563,MCHINAGA,MCHINA,ตราสารทุน,318714149.22,2026-07-27,306206920.04,2025-07-14,0.04084567774747283
M0258_2563,MCHINAGD,MCHINA,ตราสารทุน,430580242.52,2026-07-30,394514443.65,2025-07-14,0.09141819634364601
M0258_2563,MCHINAIA,MCHINA,ตราสารทุน,0.0,2026-07-30,0.0,2025-07-15,
M0258_2563,MCHINASSF,MCHINA,ตราสารทุน,93400481.99,2026-07-30,69690291.89,2025-07-14,0.34022228142514366
M0259_2569,main,MKAI6S43,ตราสารหนี้,679373215.17,2026-07-31,,,
M0262_2569,main,MKAI6S44,ตราสารหนี้,872032236.89,2026-07-31,,,
M0264_2562,MPII-A,MPII,ผสม,87519417.98,2026-07-30,93878008.11,2025-07-14,-0.06773247811723293
M0264_2562,MPII-D,MPII,ผสม,418746497.31,2026-07-30,462497268.44,2025-07-14,-0.0945968205986838
M0264_2562,MPII-IA,MPII,ผสม,87519417.98,2026-07-30,462497268.44,2025-07-14,-0.8107677083689545
M0264_2562,MPII-ID,MPII,ผสม,155763971.26,2026-07-30,129789486.64,2025-07-14,0.20012780150711285
M0264_2562,MPII-U,MPII,ผสม,87519417.98,2026-07-30,462497268.44,2025-07-14,-0.8107677083689545
M0268_2568,main,M-CTECH,ตราสารทุน,475769912.36,2026-07-31,2000000000.0,2025-07-29,-0.76211504382
M0281_2567,main,MBTCETF-UI,อื่น ๆ,2115100888.18,2026-07-30,5990610361.98,2025-07-14,-0.646930653076071
M0286_2553,main,I-GOLDRMF,ทรัพย์สินทางเลือก,176254395.72,2026-07-31,95217935.17,2025-07-14,0.8510629893971056
M0294_2563,MIPLUS-G,MIPLUS,ผสม,67119640.33,2026-07-31,39051945.59,2025-07-14,0.718727180322285
M0294_2563,MIPLUS-SSF,MIPLUS,ผสม,1511422.69,2026-07-31,1199889.23,2025-07-14,0.2596351831576986
M0298_2549,main,HAPPY D5,ผสม,3420808.9,2026-07-31,2536710.73,2025-07-14,0.34852147686543655
M0316_2550,main,Q-PORT,ผสม,19277413.66,2026-07-31,16468735.57,2025-07-14,0.1705460676116739
M0319_2568,main,MSF-UI,ผสม,216966100.77,2026-07-30,203061710.35,2025-07-14,0.06847371863476481
M0328_2550,main,I-20,ผสม,10194494.88,2026-07-30,10638160.8,2025-07-14,-0.04170513384230856
M0332_2561,MATECH-A,M-ATECH,ตราสารทุน,182985545.89,2026-07-27,113866182.14,2025-07-14,0.6070227564582502
M0332_2561,MATECH-D,M-ATECH,ตราสารทุน,346736237.3,2026-07-27,171098114.37,2025-07-14,1.0265345329883777
M0332_2561,MATECH-IA,M-ATECH,ตราสารทุน,0.0,2026-07-27,0.0,2025-07-14,
M0353_2563,MHEALTHG,MHEALTH,ตราสารทุน,80853795.71,2026-07-30,116715453.64,2025-07-14,-0.3072571524299823
M0353_2563,MHEALTHSSF,MHEALTH,ตราสารทุน,10855259.29,2026-07-30,9503772.08,2025-07-14,0.142205347374029
M0355_2564,main,MTOP2,ผสม,93733694.78,2026-07-31,109605990.89,2025-07-14,-0.14481230433771952
M0358_2563,main,MVIET,ตราสารทุน,152530963.82,2026-07-27,151774929.95,2025-07-14,0.0049812829447464235
M0371_2560,main,M-SELECTCG,ตราสารทุน,33987545.41,2026-07-31,20798821.25,2025-07-14,0.6341092123189431
M0382_2560,M-SMART INCOME-AC,M-SMART INCOME,ตราสารหนี้,127654666.7,2026-07-27,104528343.11,2025-07-14,0.22124452470908396
M0382_2560,M-SMART INCOME-AR,M-SMART INCOME,ตราสารหนี้,33765481.22,2026-07-27,29489446.59,2025-07-14,0.1450021999209039
M0382_2564,main,MCONVERT,ผสม,10493119.96,2026-07-27,21893293.46,2025-07-15,-0.520715328684038
M0384_2568,main,MJAPAN,ตราสารทุน,175536899.07,2026-07-30,,,
M0386_2553,IREITG,I-REITs,ทรัพย์สินทางเลือก,115439469.8,2026-07-30,117960006.72,2025-07-14,-0.02136772445243218
M0386_2568,main,MSI47AI,ตราสารหนี้,550552381.85,2026-07-31,,,
M0396_2565,main,MHEALTHRMF,ตราสารทุน,49190302.25,2026-07-30,45376982.5,2025-07-14,0.08403643300873953
M0399_2559,main,M-INCOMEAI,ผสม,263951397.83,2026-07-27,282032214.78,2025-07-15,-0.06410904855001742
M0401_2564,main,MCONT,ตราสารทุน,6938939.6,2026-07-27,17447611.66,2025-07-14,-0.6022985990737026
M0405_2567,main,M-US500H,ตราสารทุน,303023334.91,2026-07-30,,,
M0419_2564,main,M-EDGE,ตราสารทุน,1036192802.85,2026-07-30,1774957959.81,2025-07-14,-0.4162155801363774
M0421_2569,main,MKAI6S45,ตราสารหนี้,1456709164.65,2026-07-31,,,
M0422_2563,main,M-EM,ตราสารทุน,962424525.04,2026-07-30,1296084118.98,2025-07-14,-0.2574366810408768
M0444_2568,MIF-ESGX,MIF-Thai ESGX,ตราสารทุน,4247782.74,2026-07-31,2738829.38,2025-07-14,0.5509482887174229
M0444_2568,MIF-ESGX68,MIF-Thai ESGX,ตราสารทุน,4334273.87,2026-07-27,2738829.38,2025-07-14,0.5825278864213148
M0444_2568,MIF-ESGXLTF,MIF-Thai ESGX,ตราสารทุน,7158549.65,2026-07-31,5034378.17,2025-07-14,0.42193323748660716
M0447_2568,MIX-ESGX,MIX-Thai ESGX,ผสม,127931.57,2026-07-31,19419752.88,2025-07-14,-0.9934122967068364
M0447_2568,MIX-ESGX68,MIX-Thai ESGX,ผสม,24329757.78,2026-07-31,19419752.88,2025-07-14,0.2528356014796005
M0447_2568,MIX-ESGXLTF,MIX-Thai ESGX,ผสม,112569945.13,2026-07-31,92740163.83,2025-07-15,0.21382085690887442
M0448_2568,MEQUITY-ESGX,MEQUITY-Thai ESGX,ตราสารทุน,921017.17,2026-07-30,16360366.51,2025-07-14,-0.9437043681486571
M0448_2568,MEQUITY-ESGX68,MEQUITY-Thai ESGX,ตราสารทุน,3846557.6,2026-07-31,3103247.38,2025-07-14,0.23952657618935946
M0448_2568,MEQUITY-ESGXLTF,MEQUITY-Thai ESGX,ตราสารทุน,21205023.2,2026-07-31,16360366.51,2025-07-14,0.29612152558066374
M0449_2568,HIDIV-ESGX,HIDIV-Thai ESGX,ตราสารทุน,3360385.93,2026-07-31,54754735.92,2025-07-14,-0.9386283967306549
M0449_2568,HIDIV-ESGX68,HIDIV-Thai ESGX,ตราสารทุน,18449986.46,2026-07-31,13394619.25,2025-07-14,0.37741776124020854
M0449_2568,HIDIV-ESGXLTF,HIDIV-Thai ESGX,ตราสารทุน,78171099.52,2026-07-31,54754735.92,2025-07-14,0.4276591459451604
M0454_2569,main,MKAI9S2,ตราสารหนี้,1484995368.69,2026-07-31,,,
M0456_2547,MVEQL,MVEQ,ตราสารทุน,871507546.75,2026-07-31,6896118.55,2025-07-14,125.37653202032033
M0456_2547,MVEQMF,MVEQ,ตราสารทุน,1361805.8,2026-07-31,6896118.55,2025-07-14,-0.8025257555933403
M0456_2547,MVEQSSF,MVEQ,ตราสารทุน,8562284.39,2026-07-31,6896118.55,2025-07-14,0.2416092223356574
M0460_2567,main,M-USEQH,ตราสารทุน,81746710.31,2026-07-30,205337966.52,2025-07-14,-0.6018918873337638
M0479_2564,main,MRENEWRMF,ตราสารทุน,115743281.52,2026-07-30,94977692.94,2025-07-14,0.21863648123268464
M0485_2567,main,M-USEQUH,ตราสารทุน,24712730.13,2026-07-27,110661745.5,2025-07-14,-0.776682267044125
M0489_2564,main,M-META,ตราสารทุน,177095862.17,2026-07-30,335756146.14,2025-07-14,-0.4725461791065577
M0493_2562,MDIVA-A,MDIVA,ตราสารทุน,13234713.72,2026-07-30,12937571.03,2025-07-14,0.02296742482116465
M0493_2562,MDIVA-D,MDIVA,ตราสารทุน,61322808.41,2026-07-30,69707586.69,2025-07-15,-0.1202850174298582
M0493_2562,MDIVA-IA,MDIVA,ตราสารทุน,0.0,2026-07-30,12937571.03,2025-07-14,-1.0
M0493_2562,MDIVA-ID,MDIVA,ตราสารทุน,0.0,2026-07-30,0.0,2025-07-14,
M0493_2562,MDIVA-U,MDIVA,ตราสารทุน,0.0,2026-07-30,12937571.03,2025-07-14,-1.0
M0497_2546,MBT-G,M-BT,ผสม,224684622.61,2026-07-31,237328767.05,2025-07-14,-0.053276914539972964
M0497_2546,MBT-U,M-BT,ผสม,224684622.61,2026-07-31,237328767.05,2025-07-14,-0.053276914539972964
M0498_2554,main,I-ASEAN STAR 10,ผสม,5826324.47,2026-07-30,5052055.06,2025-07-15,0.15325830791717454
M0512_2569,main,M-GPLUS1Y1,ตราสารหนี้,75392716.15,2026-07-31,,,
M0517_2556,MPDIVMF,M-PROP DIV,ผสม,2787791134.49,2026-07-31,2278814971.97,2025-07-14,0.223351245616926
M0517_2556,MPDIVSSF,M-PROP DIV,ผสม,8592598.37,2026-07-31,7452219.38,2025-07-15,0.15302541858342322
M0517_2556,MPDIVUNIT,M-PROP DIV,ผสม,2787791134.49,2026-07-31,35669784.45,2025-07-14,77.15553633069402
M0538_2568,MPEQS-UI-G,MPEQS-UI,ทรัพย์สินทางเลือก,,,1500000000.0,2025-07-23,
M0538_2568,MPEQS-UI-S,MPEQS-UI,ทรัพย์สินทางเลือก,,,201665209.65,2025-07-31,
M0542_2555,HIDIVPLUSG,HI-DIV PLUS,ตราสารทุน,102324956.79,2026-07-31,122862888.53,2025-07-14,-0.16716139418279385
M0542_2555,HIDIVPLUSUNIT,HI-DIV PLUS,ตราสารทุน,102324956.79,2026-07-31,122862888.53,2025-07-14,-0.16716139418279385
M0543_2569,main,MKAI9S3,ตราสารหนี้,1977482073.56,2026-07-31,,,
M0550_2563,main,MGFRMF,ตราสารทุน,450147292.94,2026-07-30,362658510.18,2025-07-15,0.2412428780909519
M0556_2552,main,M-PROPERTY,ผสม,1463376261.45,2026-07-31,1212660520.9,2025-07-15,0.20674849739804047
M0574_2547,MIF-G,MIF,ผสม,39886430.3,2026-07-31,30086084.63,2025-07-14,0.32574347212424226
M0574_2547,MIF-U,MIF,ผสม,2466302912.8,2026-07-31,30086084.63,2025-07-14,80.9748712114156
M0575_2560,MS50EQL,MS50EQ,ตราสารทุน,21069980.6,2026-07-31,24562829.75,2025-07-15,-0.14220060088964293
M0575_2560,MS50EQMF,MS50EQ,ตราสารทุน,146359.53,2026-07-31,24562829.75,2025-07-15,-0.9940414222836031
M0575_2565,main,M-ASIA,ตราสารทุน,110442037.63,2026-07-30,107109984.32,2025-07-14,0.03110870878334948
M0580_2560,main,M-S50 RMF,ตราสารทุน,86994216.47,2026-07-30,68430790.62,2025-07-14,0.2712729997974703
M0583_2560,main,SMO5A1,ผสม,33200852.57,2026-07-31,36434639.86,2025-07-14,-0.08875584615151455
M0586_2569,main,MKAI9S4,ตราสารหนี้,2034832677.67,2026-07-31,,,
M0610_2568,main,MGALL-H,ผสม,700970921.57,2026-07-30,78540591.39,2025-08-18,7.924950896909717
M0611_2568,main,MGALL-UH,ผสม,478358004.86,2026-07-30,1000000000.0,2025-08-15,-0.52164199514
M0613_2548,MCOREL,MCORE,ตราสารทุน,40512604.07,2026-07-31,39971851.62,2025-07-14,0.013528331265230564
M0613_2548,MCOREMF,MCORE,ตราสารทุน,12866.2,2026-07-31,39971851.62,2025-07-14,-0.9996781184889227
M0616_2563,MEURO-G,MEURO,ตราสารทุน,281899717.58,2026-07-30,680560614.5,2025-07-14,-0.5857830859237888
M0616_2563,MEURO-SSF,MEURO,ตราสารทุน,1388964.37,2026-07-30,1228098.5,2025-07-14,0.1309877587180508
M0622_2562,main,SMART-PLUS,ตราสารหนี้,39983928.53,2026-07-30,39587381.58,2025-07-15,0.010017003756579435
M0628_2569,main,M-SEMI,ตราสารทุน,124049012.98,2026-07-30,,,
M0630_2566,MUBONDUH-A,MUBONDUH,ตราสารหนี้,235065526.15,2026-07-30,748818196.09,2025-07-14,-0.6860846499492013
M0630_2566,MUBONDUH-D,MUBONDUH,ตราสารหนี้,50785062.59,2026-07-30,83539972.5,2025-07-15,-0.39208667335867264
M0630_2566,MUBONDUH-SSF,MUBONDUH,ตราสารหนี้,3251544.23,2026-07-30,3377618.91,2025-07-15,-0.03732649637492713
M0633_2551,MMGOVMF,MM-GOV,ตราสารหนี้,3850197326.88,2026-07-31,2372633467.26,2025-07-14,0.6227526838885662
M0633_2551,MMGOVP,MM-GOV,ตราสารหนี้,0.0,2026-07-31,0.0,2025-07-15,
M0633_2551,MMGOVSSF,MM-GOV,ตราสารหนี้,7023401.28,2026-07-31,6000326.83,2025-07-14,0.1705031207441745
M0647_2552,main,I-10,ผสม,6162191.95,2026-07-30,6560337.29,2025-07-14,-0.06068976676045268
M0647_2567,main,MSI40AI,ตราสารหนี้,381168733.93,2026-07-31,384741623.98,2025-07-31,-0.009286466104290625
M0652_2551,IGOLD-G,I-GOLD,ทรัพย์สินทางเลือก,1573678609.12,2026-07-31,513989187.12,2025-07-14,2.0616959433284663
M0652_2551,IGOLD-SSF,I-GOLD,ทรัพย์สินทางเลือก,20484967.44,2026-07-31,12189232.57,2025-07-14,0.6805789308194323
M0654_2551,main,I-OIL,ทรัพย์สินทางเลือก,84234901.87,2026-07-30,61415108.88,2025-07-14,0.3715664338328859
M0660_2566,main,M-MIX20,ผสม,9162270.02,2026-07-27,7604256.31,2025-07-14,0.20488705883718428
M0662_2569,main,M-GPLUS1Y2,ตราสารหนี้,31055839.86,2026-07-31,,,
M0666_2566,main,M-MIX50,ผสม,7101501.79,2026-07-27,3189586.25,2025-07-14,1.2264648870993846
M0668_2566,main,M-MIX70,ผสม,8403022.24,2026-07-24,3240559.96,2025-07-14,1.5930772285416994
M0684_2550,main,I-CHIC,ตราสารทุน,9724890.2,2026-07-27,12329707.93,2025-07-14,-0.21126353882739546
M0695_2569,main,MKAI6S46,ตราสารหนี้,1500000000.0,2026-07-07,,,
M0703_2567,main,MSOV-ThaiESG,ตราสารหนี้,155640629.88,2026-07-31,79569632.27,2025-07-14,0.9560305287307569
M0728_2567,main,MGOV-Roll6M2,ตราสารหนี้,57783502.55,2026-06-30,,,
M0768_2565,MUBOND-A,MUBOND,ตราสารหนี้,549496330.93,2026-07-30,1382456463.82,2025-07-14,-0.6025217825582492
M0768_2565,MUBOND-D,MUBOND,ตราสารหนี้,86365555.28,2026-07-30,223137639.89,2025-07-14,-0.6129494095098632
M0768_2565,MUBOND-SSF,MUBOND,ตราสารหนี้,4226639.07,2026-07-30,4937608.45,2025-07-14,-0.14399063579049076
M0794_2548,MGAG,MGA,ตราสารทุน,67371401.49,2026-07-30,173317247.76,2025-07-14,-0.6112827640599732
M0794_2548,MGAI,MGA,ตราสารทุน,1225243904.25,2026-07-30,158144906.59,2025-07-14,6.74760269343683
M0804_2567,main,MSI42AI,ตราสารหนี้,387013194.17,2026-07-30,390518967.96,2025-07-30,-0.008977217696526929
M0830_2548,main,M-CR,ผสม,28555214.72,2026-07-31,26991676.54,2025-07-18,0.057926678903510664
M0836_2566,main,MT25-ThaiESG,ตราสารทุน,160540872.13,2026-07-31,68164566.85,2025-07-14,1.3551953683396731
M0846_2567,main,MGOV-Roll6M3,ตราสารหนี้,169027476.15,2026-07-31,325114880.56,2025-07-31,-0.48009923181967074
M0849_2566,main,MFLEX-ThaiESG,ผสม,127736201.46,2026-07-31,60917319.28,2025-07-14,1.0968782436547162
M0860_2566,main,MGOV-Roll6M,ตราสารหนี้,128075506.75,2026-07-31,246344339.69,2025-07-31,-0.48009559744230224
M0861_2566,main,MFAI-Roll6M,ตราสารหนี้,786475100.29,2026-06-30,521539878.78,2025-07-31,0.5079865074359098
M0933_2547,MMM-MF,MMM,ตราสารหนี้,1350617520.26,2026-07-31,2176994922.03,2025-07-14,-0.3795954659367884
M0933_2547,MMM-SSF,MMM,ตราสารหนี้,10943445.94,2026-07-31,8782514.43,2025-07-14,0.24604929797991804
M0970_2568,M-AUTOCALL-H-AC,MAUTOCALL-H,ผสม,483654173.19,2026-07-30,,,
M0970_2568,M-AUTOCALL-H-AR,MAUTOCALL-H,ผสม,483654173.19,2026-07-30,,,
M0972_2568,M-AUTOCALL-UH-AC,MAUTOCALL-UH,ผสม,391111973.06,2026-07-30,,,
M0972_2568,M-AUTOCALL-UH-AR,MAUTOCALL-UH,ผสม,391111973.06,2026-07-30,,,
M0989_2567,MUSPIN-H-AC,MUSPIN-H,ตราสารทุน,2409851.41,2026-07-30,8011449.72,2025-07-15,-0.6991990845322311
M0989_2567,MUSPIN-H-AR,MUSPIN-H,ตราสารทุน,119172025.3,2026-07-30,213869190.76,2025-07-14,-0.44278077231922286
M0990_2567,MUSPIN-UH-AC,MUSPIN-UH,ตราสารทุน,6685013.55,2026-07-30,49249028.68,2025-07-14,-0.8642610071878478
M0990_2567,MUSPIN-UH-AR,MUSPIN-UH,ตราสารทุน,311561572.16,2026-07-30,508388863.53,2025-07-15,-0.3871589357865334
M0992_2568,main,MGALL-RMF,ผสม,90674478.34,2026-07-30,,,
M1018_2568,main,M-HD,ตราสารทุน,191179246.45,2026-07-31,,,
M1031_2553,main,I-Emerging 10S2,ผสม,20179243.12,2026-07-30,19028459.41,2025-07-14,0.060476977416008326
M1039_2568,main,MSILVER,ตราสารทุน,1151299393.06,2026-07-27,,,
M1112_2557,main,M-FLEX,ผสม,3288196.11,2026-07-30,5834586.8,2025-07-14,-0.4364303381346559
M0002_2563,SCBDPLUSA,SCBDPLUS,ผสม,310234671.41,2026-07-30,488954332.85,2025-07-14,-0.36551401518069193
M0002_2563,SCBDPLUSD,SCBDPLUS,ผสม,310234671.41,2026-07-30,488954332.85,2025-07-14,-0.36551401518069193
M0002_2563,SCBDPLUSP,SCBDPLUS,ผสม,310234671.41,2026-07-30,488954332.85,2025-07-14,-0.36551401518069193
M0002_2563,SCBDPLUSR,SCBDPLUS,ผสม,310234671.41,2026-07-30,488954332.85,2025-07-14,-0.36551401518069193
M0003_2539,main,SCBSFF,ตราสารหนี้,91416495473.58,2026-07-31,80393018952.49,2025-07-14,0.13711982289910707
M0004_2564,SCBAAA,SCBAA,ผสม,262243845.38,2026-07-30,593849572.74,2025-07-14,-0.5584002120772495
M0004_2564,SCBAAD,SCBAA,ผสม,262243845.38,2026-07-30,593849572.74,2025-07-14,-0.5584002120772495
M0004_2564,SCBAAP,SCBAA,ผสม,262243845.38,2026-07-30,593849572.74,2025-07-14,-0.5584002120772495
M0004_2564,SCBAAR,SCBAA,ผสม,262243845.38,2026-07-30,593849572.74,2025-07-14,-0.5584002120772495
M0005_2537,SCBDA,SCBDAFUND,ตราสารทุน,102483565.15,2026-07-31,100860142.73,2025-07-14,0.016095777539655742
M0005_2537,SCBDAD,SCBDAFUND,ตราสารทุน,102483565.15,2026-07-31,0.0,2025-07-14,
M0005_2537,SCBDAP,SCBDAFUND,ตราสารทุน,0.0,2026-07-31,0.0,2025-07-14,
M0005_2537,SCBDAR,SCBDAFUND,ตราสารทุน,102483565.15,2026-07-31,0.0,2025-07-14,
M0005_2558,SCBCHA,SCBCHAFUND,ตราสารทุน,4573002980.68,2026-07-31,5020404361.68,2025-07-16,-0.08911660272127642
M0005_2558,SCBCHA(IN),SCBCHAFUND,ตราสารทุน,4573002980.68,2026-07-31,237723528.6,2025-07-14,18.23664438102237
M0005_2558,SCBCHA(SSFE),SCBCHAFUND,ตราสารทุน,52174785.0,2026-07-31,48749542.02,2025-07-15,0.07026205453570733
M0005_2558,SCBCHAA,SCBCHAFUND,ตราสารทุน,636585391.81,2026-07-23,740095395.27,2025-07-14,-0.13986035330247903
M0005_2558,SCBCHAE,SCBCHAFUND,ตราสารทุน,243123551.97,2026-07-31,237723528.6,2025-07-14,0.022715561231156922
M0005_2558,SCBCHAP,SCBCHAFUND,ตราสารทุน,0.0,2026-07-24,33000734.11,2025-07-17,-1.0
M0005_2558,SCBCHAR,SCBCHAFUND,ตราสารทุน,4573002980.68,2026-07-31,237723528.6,2025-07-14,18.23664438102237
M0005_2558,SCBCHA-SSF,SCBCHAFUND,ตราสารทุน,373500019.89,2026-07-30,356671291.01,2025-07-16,0.04718274025460656
M0005_2565,SCBCIO(A),SCBCIO,ผสม,11916397118.13,2026-07-27,225854464.94,2025-07-14,51.76139712932256
M0005_2565,SCBCIO(D),SCBCIO,ผสม,11916397118.13,2026-07-27,225854464.94,2025-07-14,51.76139712932256
M0005_2565,SCBCIO(E),SCBCIO,ผสม,11916397118.13,2026-07-27,225854464.94,2025-07-14,51.76139712932256
M0005_2565,SCBCIO(P),SCBCIO,ผสม,11916397118.13,2026-07-27,225854464.94,2025-07-14,51.76139712932256
M0005_2565,SCBCIO(R),SCBCIO,ผสม,11916397118.13,2026-07-27,225854464.94,2025-07-14,51.76139712932256
M0005_2565,SCBCIO(SSF),SCBCIO,ผสม,11916397118.13,2026-07-27,225854464.94,2025-07-14,51.76139712932256
M0006_2539,SCBRF,SCBRFFUND,ตราสารหนี้,1722730792.64,2026-07-31,1548273550.18,2025-07-14,0.11267856538640597
M0006_2539,SCBRF(IA),SCBRFFUND,ตราสารหนี้,1722730792.64,2026-07-31,1548273550.18,2025-07-14,0.11267856538640597
M0006_2539,SCBRF(IR),SCBRFFUND,ตราสารหนี้,1722730792.64,2026-07-31,1548273550.18,2025-07-14,0.11267856538640597
M0006_2539,SCBRF(P),SCBRFFUND,ตราสารหนี้,1722730792.64,2026-07-31,1548273550.18,2025-07-14,0.11267856538640597
M0006_2539,SCBRF(R),SCBRFFUND,ตราสารหนี้,0.0,2026-07-31,1548273550.18,2025-07-14,-1.0
M0006_2563,SCBSPLUSA,SCBSPLUS,ผสม,1060276162.72,2026-07-30,1460858642.8,2025-07-14,-0.27421029546856845
M0006_2563,SCBSPLUSD,SCBSPLUS,ผสม,1060276162.72,2026-07-30,1460858642.8,2025-07-14,-0.27421029546856845
M0006_2563,SCBSPLUSP,SCBSPLUS,ผสม,1060276162.72,2026-07-30,1460858642.8,2025-07-14,-0.27421029546856845
M0006_2563,SCBSPLUSR,SCBSPLUS,ผสม,1060276162.72,2026-07-30,1460858642.8,2025-07-14,-0.27421029546856845
M0007_2538,SCBPMO,SCBPMOFUND,ตราสารทุน,45819836.73,2026-07-31,34021035.05,2025-07-14,0.34680901573569267
M0007_2538,SCBPMOA,SCBPMOFUND,ตราสารทุน,386407.46,2026-07-31,502630.83,2025-07-14,-0.23123008590619076
M0007_2538,SCBPMOP,SCBPMOFUND,ตราสารทุน,0.0,2026-07-31,0.0,2025-07-14,
M0007_2538,SCBPMOR,SCBPMOFUND,ตราสารทุน,0.0,2026-07-31,0.0,2025-07-14,
M0012_2569,main,SCBCR1YAE,ผสม,5754518973.07,2026-07-31,,,
M0015_2564,SCBAOA,SCBAO,ตราสารทุน,959439230.99,2026-07-30,1149712330.34,2025-07-14,-0.16549626748260693
M0015_2564,SCBAOD,SCBAO,ตราสารทุน,959439230.99,2026-07-30,1149712330.34,2025-07-14,-0.16549626748260693
M0015_2564,SCBAOP,SCBAO,ตราสารทุน,959439230.99,2026-07-30,1149712330.34,2025-07-14,-0.16549626748260693
M0015_2564,SCBAOR,SCBAO,ตราสารทุน,959439230.99,2026-07-30,1149712330.34,2025-07-14,-0.16549626748260693
M0017_2565,SCBEV(A),SCBEV,ตราสารทุน,949569139.83,2026-07-30,383985854.7,2025-07-14,1.472927396171607
M0017_2565,SCBEV(D),SCBEV,ตราสารทุน,69431723.78,2026-07-30,9590141.0,2025-07-14,6.23990646018656
M0017_2565,SCBEV(E),SCBEV,ตราสารทุน,14831611.76,2026-07-30,9590141.0,2025-07-14,0.5465478307357525
M0017_2565,SCBEV(IN),SCBEV,ตราสารทุน,69431723.78,2026-07-30,9590141.0,2025-07-14,6.23990646018656
M0017_2565,SCBEV(P),SCBEV,ตราสารทุน,69431723.78,2026-07-30,9590141.0,2025-07-14,6.23990646018656
M0017_2565,SCBEV(R),SCBEV,ตราสารทุน,69431723.78,2026-07-30,9590141.0,2025-07-14,6.23990646018656
M0017_2565,SCBEV(SSF),SCBEV,ตราสารทุน,69431723.78,2026-07-30,58346425.57,2025-07-14,0.18999104232530284
M0017_2565,SCBEV(SSFE),SCBEV,ตราสารทุน,9476450.04,2026-07-30,7747886.69,2025-07-14,0.2231012686634939
M0024_2560,SCBUSHYA,SCBUSHY,ตราสารหนี้,43441010.44,2026-07-27,165802909.97,2025-07-14,-0.7379960915772823
M0024_2560,SCBUSHYD,SCBUSHY,ตราสารหนี้,43441010.44,2026-07-27,165802909.97,2025-07-14,-0.7379960915772823
M0024_2560,SCBUSHYR,SCBUSHY,ตราสารหนี้,43441010.44,2026-07-27,165802909.97,2025-07-14,-0.7379960915772823
M0026_2539,SCBSET,SCBSETFUND,ตราสารทุน,11947307990.18,2026-07-31,9666040975.3,2025-07-14,0.2360084155146258
M0026_2539,SCBSETD,SCBSETFUND,ตราสารทุน,11947307990.18,2026-07-31,9666040975.3,2025-07-14,0.2360084155146258
M0026_2539,SCBSETE,SCBSETFUND,ตราสารทุน,115383469.34,2026-07-31,132076274.88,2025-07-14,-0.12638761621015204
M0026_2539,SCBSETP,SCBSETFUND,ตราสารทุน,428940187.0,2026-07-31,360257380.51,2025-07-14,0.19064926967705387
M0026_2539,SCBSETR,SCBSETFUND,ตราสารทุน,11947307990.18,2026-07-31,9666040975.3,2025-07-14,0.2360084155146258
M0026_2551,SCBAEM,SCBAEMFUND,ตราสารทุน,1308816842.82,2026-07-30,932084972.05,2025-07-14,0.40418189549974937
M0026_2551,SCBAEMD,SCBAEMFUND,ตราสารทุน,0.0,2026-07-30,39080765.86,2025-07-14,-1.0
M0026_2551,SCBAEME,SCBAEMFUND,ตราสารทุน,0.0,2026-07-30,39080765.86,2025-07-14,-1.0
M0026_2551,SCBAEMP,SCBAEMFUND,ตราสารทุน,0.0,2026-07-30,39080765.86,2025-07-14,-1.0
M0026_2551,SCBAEMR,SCBAEMFUND,ตราสารทุน,0.0,2026-07-30,39080765.86,2025-07-14,-1.0
M0030_2569,main,SCBCR1YAF,ผสม,5285605358.46,2026-07-31,,,
M0031_2557,SCBEUEQ,SCBEUEQFUND,ตราสารทุน,589156583.39,2026-07-30,529501589.44,2025-07-14,0.11266253990491504
M0031_2557,SCBEUEQA,SCBEUEQFUND,ตราสารทุน,262214048.9,2026-07-30,104007594.22,2025-07-14,1.5211048372617575
M0031_2557,SCBEUEQE,SCBEUEQFUND,ตราสารทุน,156331511.58,2026-07-30,102314639.54,2025-07-14,0.5279486130514299
M0031_2557,SCBEUEQP,SCBEUEQFUND,ตราสารทุน,0.0,2026-07-27,0.0,2025-07-14,
M0031_2557,SCBEUEQR,SCBEUEQFUND,ตราสารทุน,262214048.9,2026-07-30,0.0,2025-07-14,
M0033_2560,SCBGMTA,SCBGMT,ผสม,91484752.25,2026-07-27,88187078.84,2025-07-14,0.037394065586218606
M0033_2560,SCBGMTD,SCBGMT,ผสม,91484752.25,2026-07-27,88187078.84,2025-07-14,0.037394065586218606
M0033_2560,SCBGMTR,SCBGMT,ผสม,91484752.25,2026-07-27,88187078.84,2025-07-14,0.037394065586218606
M0035_2567,main,SCBVNALPHA,ตราสารทุน,9077501140.57,2026-07-31,8094200335.6,2025-07-14,0.12148214328785945
M0047_2569,main,SCBCR1YAG,ผสม,1824359231.21,2026-07-31,,,
M0049_2565,SCBRMUSA(A),SCBRMUSA,ตราสารทุน,178004379.8,2026-07-30,170437418.01,2025-07-14,0.04439730358715033
M0049_2565,SCBRMUSA(E),SCBRMUSA,ตราสารทุน,178004379.8,2026-07-30,170437418.01,2025-07-14,0.04439730358715033
M0053_2569,main,SCBSB6M71,ตราสารหนี้,730819387.68,2026-07-31,,,
M0054_2569,main,SCBCR1YAH,ผสม,2806472979.81,2026-07-31,,,
M0057_2567,SCBLOWBET(SSFA),SCBLOWBETA,ตราสารทุน,3872892.8,2026-07-31,2310539.29,2025-07-14,0.676185649281904
M0057_2567,SCBLOWBET(SSFE),SCBLOWBETA,ตราสารทุน,3872892.8,2026-07-31,2310539.29,2025-07-14,0.676185649281904
M0057_2567,SCBLOWBETA(A),SCBLOWBETA,ตราสารทุน,36192740.46,2026-07-31,2310539.29,2025-07-14,14.664196067403815
M0057_2567,SCBLOWBETA(D),SCBLOWBETA,ตราสารทุน,3872892.8,2026-07-31,2310539.29,2025-07-14,0.676185649281904
M0057_2567,SCBLOWBETA(E),SCBLOWBETA,ตราสารทุน,3872892.8,2026-07-31,2310539.29,2025-07-14,0.676185649281904
M0057_2567,SCBLOWBETA(IN),SCBLOWBETA,ตราสารทุน,3872892.8,2026-07-31,2310539.29,2025-07-14,0.676185649281904
M0057_2567,SCBLOWBETA(P),SCBLOWBETA,ตราสารทุน,0.0,2026-07-31,0.0,2025-07-14,
M0057_2567,SCBLOWBETA(R),SCBLOWBETA,ตราสารทุน,3872892.8,2026-07-31,2310539.29,2025-07-14,0.676185649281904
M0057_2567,SCBLOWBETA(SSF),SCBLOWBETA,ตราสารทุน,3872892.8,2026-07-31,965930.34,2025-07-14,3.0094949290028516
M0059_2564,SCBCLEAN(E),SCBCLEAN,ตราสารทุน,27836576.17,2026-07-27,4579140.02,2025-07-14,5.078996503365277
M0059_2564,SCBCLEAN(IN),SCBCLEAN,ตราสารทุน,27836576.17,2026-07-27,0.0,2025-07-14,
M0059_2564,SCBCLEAN(SSF),SCBCLEAN,ตราสารทุน,27836576.17,2026-07-27,0.0,2025-07-14,
M0059_2564,SCBCLEAN(SSFE),SCBCLEAN,ตราสารทุน,27836576.17,2026-07-27,0.0,2025-07-14,
M0059_2564,SCBCLEANA,SCBCLEAN,ตราสารทุน,1395153964.88,2026-07-27,416418313.71,2025-07-14,2.350366491930051
M0059_2564,SCBCLEAND,SCBCLEAN,ตราสารทุน,27836576.17,2026-07-27,0.0,2025-07-14,
M0059_2564,SCBCLEANP,SCBCLEAN,ตราสารทุน,0.0,2026-07-27,0.0,2025-07-14,
M0059_2564,SCBCLEANR,SCBCLEAN,ตราสารทุน,27836576.17,2026-07-27,0.0,2025-07-14,
M0061_2561,SCBFINA,SCBFIN,ตราสารหนี้,1191613948.97,2026-07-30,1605235774.81,2025-07-14,-0.2576704508650496
M0061_2561,SCBFIND,SCBFIN,ตราสารหนี้,1191613948.97,2026-07-30,1605235774.81,2025-07-14,-0.2576704508650496
M0061_2561,SCBFINP,SCBFIN,ตราสารหนี้,1191613948.97,2026-07-30,1605235774.81,2025-07-14,-0.2576704508650496
M0061_2561,SCBFINR,SCBFIN,ตราสารหนี้,7834570.77,2026-07-30,7307379.27,2025-07-14,0.07214508519687124
M0065_2558,SCBINDIA,SCBINDIAFUND,ตราสารทุน,542871073.92,2026-07-30,458451791.8,2025-07-14,0.18413993276926255
M0065_2558,SCBINDIAA,SCBINDIAFUND,ตราสารทุน,396386039.76,2026-07-30,361838433.23,2025-07-14,0.09547799060925088
M0065_2558,SCBINDIAE,SCBINDIAFUND,ตราสารทุน,139844451.28,2026-07-30,110706545.37,2025-07-14,0.26319948664838355
M0065_2558,SCBINDIAP,SCBINDIAFUND,ตราสารทุน,0.0,2026-07-30,0.0,2025-07-16,
M0065_2558,SCBINDIAR,SCBINDIAFUND,ตราสารทุน,542871073.92,2026-07-30,361838433.23,2025-07-14,0.500313466079287
M0072_2569,main,SCBCR1YAI,ผสม,1279727318.84,2026-07-31,,,
M0074_2544,main,SCBRM2,ตราสารหนี้,10950159381.81,2026-07-31,10496989991.72,2025-07-14,0.043171365357827174
M0079_2544,main,SCBRM1,ตราสารหนี้,18939677393.53,2026-07-31,17414713676.89,2025-07-14,0.0875675446024522
M0079_2564,SCBCHINA,SCBCHIN,ตราสารทุน,460773429.21,2026-07-30,495223531.87,2025-07-14,-0.06956475297107534
M0079_2564,SCBCHIND,SCBCHIN,ตราสารทุน,460773429.21,2026-07-30,495223531.87,2025-07-14,-0.06956475297107534
M0079_2564,SCBCHINP,SCBCHIN,ตราสารทุน,460773429.21,2026-07-30,495223531.87,2025-07-14,-0.06956475297107534
M0079_2564,SCBCHINR,SCBCHIN,ตราสารทุน,460773429.21,2026-07-30,495223531.87,2025-07-14,-0.06956475297107534
M0080_2544,main,SCBRM3,ผสม,4308921083.73,2026-07-31,3573744885.88,2025-07-14,0.2057159146291354
M0081_2544,main,SCBRM4,ตราสารทุน,7599623856.14,2026-07-31,6472094906.84,2025-07-14,0.17421390840674733
M0083_2569,main,SCBSB6M72,ตราสารหนี้,2552096653.3,2026-07-31,,,
M0086_2559,main,SCBST555B,ผสม,63531051.37,2026-07-31,57526664.74,2025-07-14,0.10437571267407342
M0088_2565,SCBRMCLEAN(A),SCBRMCLEAN,ตราสารทุน,172844727.5,2026-07-27,62956679.91,2025-07-14,1.7454549342038201
M0088_2565,SCBRMCLEAN(E),SCBRMCLEAN,ตราสารทุน,172844727.5,2026-07-27,62956679.91,2025-07-14,1.7454549342038201
M0090_2561,SCBLTSE(E),SCBLTSE,ตราสารทุน,84516768.64,2026-07-31,91498.78,2025-07-14,922.6928474893326
M0090_2561,SCBLTSE(IN),SCBLTSE,ตราสารทุน,84516768.64,2026-07-31,91498.78,2025-07-14,922.6928474893326
M0090_2561,SCBLTSE(SSFE),SCBLTSE,ตราสารทุน,84516768.64,2026-07-31,91498.78,2025-07-14,922.6928474893326
M0090_2561,SCBLTSEA,SCBLTSE,ตราสารทุน,70178489.3,2026-07-31,87156012.77,2025-07-15,-0.19479463241168182
M0090_2561,SCBLTSEA-2020,SCBLTSE,ตราสารทุน,302478.66,2026-07-31,91498.78,2025-07-14,2.3058217825417997
M0090_2561,SCBLTSED,SCBLTSE,ตราสารทุน,84516768.64,2026-07-31,92739565.85,2025-07-14,-0.08866547017590976
M0090_2561,SCBLTSED-2020,SCBLTSE,ตราสารทุน,506427.0,2026-07-31,359989.66,2025-07-14,0.4067820725739735
M0090_2561,SCBLTSE-SSF,SCBLTSE,ตราสารทุน,84516768.64,2026-07-31,91498.78,2025-07-14,922.6928474893326
M0094_2561,SCBOPPA,SCBOPP,ผสม,659472779.49,2026-07-27,1189374766.72,2025-07-14,-0.4455298717084254
M0094_2561,SCBOPPD,SCBOPP,ผสม,659472779.49,2026-07-27,3220069.22,2025-07-14,203.800808440385
M0094_2561,SCBOPPP,SCBOPP,ผสม,659472779.49,2026-07-27,3220069.22,2025-07-14,203.800808440385
M0094_2561,SCBOPPR,SCBOPP,ผสม,3649839.16,2026-07-27,3220069.22,2025-07-14,0.13346605636011755
M0110_2559,SCBABS,SCBABSFUND,ผสม,9181208.37,2026-07-31,11640828.94,2025-07-14,-0.21129256195392565
M0110_2559,SCBABSD,SCBABSFUND,ผสม,9181208.37,2026-07-31,11640828.94,2025-07-14,-0.21129256195392565
M0110_2559,SCBABSP,SCBABSFUND,ผสม,0.0,2026-07-31,0.0,2025-07-14,
M0110_2559,SCBABSR,SCBABSFUND,ผสม,9181208.37,2026-07-31,11640828.94,2025-07-14,-0.21129256195392565
M0110_2564,SCBGEX(A),SCBGEX,ตราสารทุน,981277982.36,2026-07-27,3593821401.79,2025-07-14,-0.7269541603065617
M0110_2564,SCBGEX(D),SCBGEX,ตราสารทุน,981277982.36,2026-07-27,3593821401.79,2025-07-14,-0.7269541603065617
M0110_2564,SCBGEX(E),SCBGEX,ตราสารทุน,981277982.36,2026-07-27,3593821401.79,2025-07-14,-0.7269541603065617
M0110_2564,SCBGEX(IN),SCBGEX,ตราสารทุน,981277982.36,2026-07-27,3593821401.79,2025-07-14,-0.7269541603065617
M0110_2564,SCBGEX(P),SCBGEX,ตราสารทุน,981277982.36,2026-07-27,3593821401.79,2025-07-14,-0.7269541603065617
M0110_2564,SCBGEX(R),SCBGEX,ตราสารทุน,981277982.36,2026-07-27,3593821401.79,2025-07-14,-0.7269541603065617
M0110_2564,SCBGEX(SSF),SCBGEX,ตราสารทุน,14524077.77,2026-07-27,14566856.09,2025-07-14,-0.002936688585079561
M0110_2564,SCBGEX(SSFE),SCBGEX,ตราสารทุน,981277982.36,2026-07-27,3593821401.79,2025-07-14,-0.7269541603065617
M0114_2569,main,SCBSB6M73,ตราสารหนี้,1124811828.21,2026-07-31,,,
M0116_2564,main,SCBCHTG2,ผสม,429012940.85,2026-07-31,471784358.78,2025-07-14,-0.09065882989551355
M0119_2569,main,SCBCR1YAJ,ผสม,4707133668.97,2026-07-31,,,
M0120_2564,SCBCTECH(IN),SCBCTECH,ตราสารทุน,233036213.85,2026-07-30,2572692155.72,2025-07-14,-0.909419316519515
M0120_2564,SCBCTECH(SSFE),SCBCTECH,ตราสารทุน,19477956.37,2026-07-30,16908141.21,2025-07-14,0.15198685225553543
M0120_2564,SCBCTECHA,SCBCTECH,ตราสารทุน,3798244233.15,2026-07-30,2572692155.72,2025-07-14,0.4763695006047135
M0120_2564,SCBCTECHD,SCBCTECH,ตราสารทุน,233036213.85,2026-07-30,2572692155.72,2025-07-14,-0.909419316519515
M0120_2564,SCBCTECHE,SCBCTECH,ตราสารทุน,136998422.31,2026-07-30,96928608.17,2025-07-14,0.41339512551054924
M0120_2564,SCBCTECHP,SCBCTECH,ตราสารทุน,0.0,2026-07-30,0.0,2025-07-16,
M0120_2564,SCBCTECHR,SCBCTECH,ตราสารทุน,233036213.85,2026-07-30,2572692155.72,2025-07-14,-0.909419316519515
M0120_2564,SCBCTECH-SSF,SCBCTECH,ตราสารทุน,233036213.85,2026-07-30,225998726.14,2025-07-14,0.031139501669759317
M0124_2561,SCBCHEQA,SCBCHEQ,ตราสารทุน,1244622390.74,2026-07-30,1056291776.44,2025-07-14,0.17829412147345036
M0124_2561,SCBCHEQD,SCBCHEQ,ตราสารทุน,1244622390.74,2026-07-30,1056291776.44,2025-07-14,0.17829412147345036
M0124_2561,SCBCHEQP,SCBCHEQ,ตราสารทุน,0.0,2026-07-30,0.0,2025-07-14,
M0124_2561,SCBCHEQR,SCBCHEQ,ตราสารทุน,1244622390.74,2026-07-30,1056291776.44,2025-07-14,0.17829412147345036
M0134_2564,SCBDJI(A),SCBDJI,ตราสารทุน,408563166.33,2026-07-30,394362755.69,2025-07-15,0.036008498356175034
M0134_2564,SCBDJI(D),SCBDJI,ตราสารทุน,408563166.33,2026-07-30,9507851.73,2025-07-14,41.97113353596649
M0134_2564,SCBDJI(E),SCBDJI,ตราสารทุน,31271974.47,2026-07-27,26359789.71,2025-07-14,0.18635143959955358
M0134_2564,SCBDJI(IN),SCBDJI,ตราสารทุน,408563166.33,2026-07-30,9507851.73,2025-07-14,41.97113353596649
M0134_2564,SCBDJI(P),SCBDJI,ตราสารทุน,85059354.12,2026-07-24,0.0,2025-07-14,
M0134_2564,SCBDJI(R),SCBDJI,ตราสารทุน,408563166.33,2026-07-30,9507851.73,2025-07-14,41.97113353596649
M0134_2564,SCBDJI(SSF),SCBDJI,ตราสารทุน,72883457.28,2026-07-30,65978379.9,2025-07-15,0.1046566676912295
M0134_2564,SCBDJI(SSFE),SCBDJI,ตราสารทุน,10647713.34,2026-07-30,9507851.73,2025-07-14,0.11988634681832577
M0141_2559,SCBEUSM,SCBEUSMFUND,ตราสารทุน,475718334.11,2026-07-30,824894839.02,2025-07-14,-0.42329820528981876
M0141_2559,SCBEUSMD,SCBEUSMFUND,ตราสารทุน,2061405.6,2026-07-30,824894839.02,2025-07-14,-0.9975010080043063
M0141_2559,SCBEUSME,SCBEUSMFUND,ตราสารทุน,2061405.6,2026-07-30,3073502.05,2025-07-14,-0.32929747029125933
M0141_2559,SCBEUSMP,SCBEUSMFUND,ตราสารทุน,0.0,2026-07-30,0.0,2025-07-14,
M0141_2559,SCBEUSMR,SCBEUSMFUND,ตราสารทุน,2061405.6,2026-07-30,824894839.02,2025-07-14,-0.9975010080043063
M0142_2561,SCBJPSMA,SCBJPSM,ตราสารทุน,89011547.35,2026-07-30,339253824.33,2025-07-14,-0.7376255152737308
M0142_2561,SCBJPSMD,SCBJPSM,ตราสารทุน,0.0,2026-07-30,0.0,2025-07-14,
M0142_2561,SCBJPSMP,SCBJPSM,ตราสารทุน,0.0,2026-07-30,0.0,2025-07-14,
M0142_2561,SCBJPSMR,SCBJPSM,ตราสารทุน,0.0,2026-07-30,0.0,2025-07-14,
M0144_2563,SCBSET-SSF,SCBSETSSF,ตราสารทุน,819746606.83,2026-07-31,577186781.7,2025-07-14,0.42024494118798694
M0144_2563,SCBSET-SSFX,SCBSETSSF,ตราสารทุน,819746606.83,2026-07-31,577186781.7,2025-07-14,0.42024494118798694
M0144_2567,SCBSNLOAN(A),SCBSNLOAN,อื่น ๆ,89204362.28,2026-07-27,1075644590.49,2025-07-14,-0.9170689249323851
M0144_2567,SCBSNLOAN(D),SCBSNLOAN,อื่น ๆ,24751503.03,2026-07-27,161077381.53,2025-07-14,-0.8463378110887025
M0144_2567,SCBSNLOAN(P),SCBSNLOAN,อื่น ๆ,24751503.03,2026-07-27,161077381.53,2025-07-14,-0.8463378110887025
M0144_2567,SCBSNLOAN(R),SCBSNLOAN,อื่น ๆ,24751503.03,2026-07-27,161077381.53,2025-07-14,-0.8463378110887025
M0146_2565,SCBRMPGF(A),SCBRMPGF,ตราสารทุน,82897087.68,2026-07-27,58477455.82,2025-07-14,0.4175905315574313
M0146_2565,SCBRMPGF(E),SCBRMPGF,ตราสารทุน,82897087.68,2026-07-27,58477455.82,2025-07-14,0.4175905315574313
M0151_2563,SCB70-SSF,SCB70SSF,ผสม,1518970521.69,2026-07-31,1216944175.14,2025-07-14,0.24818422465044798
M0151_2563,SCB70-SSFX,SCB70SSF,ผสม,1518970521.69,2026-07-31,1216944175.14,2025-07-14,0.24818422465044798
M0152_2564,SCBFINTEC(SSFE),SCBFINTECH,ตราสารทุน,3738262.05,2026-07-30,4829053.92,2025-07-14,-0.22588107071705676
M0152_2564,SCBFINTECH(A),SCBFINTECH,ตราสารทุน,82220605.47,2026-07-30,46771455.06,2025-07-14,0.7579227621745919
M0152_2564,SCBFINTECH(D),SCBFINTECH,ตราสารทุน,82220605.47,2026-07-30,4829053.92,2025-07-14,16.026234710172794
M0152_2564,SCBFINTECH(E),SCBFINTECH,ตราสารทุน,10200548.51,2026-07-30,13476223.08,2025-07-14,-0.24307066976810543
M0152_2564,SCBFINTECH(IN),SCBFINTECH,ตราสารทุน,82220605.47,2026-07-30,4829053.92,2025-07-14,16.026234710172794
M0152_2564,SCBFINTECH(P),SCBFINTECH,ตราสารทุน,82220605.47,2026-07-30,4829053.92,2025-07-14,16.026234710172794
M0152_2564,SCBFINTECH(R),SCBFINTECH,ตราสารทุน,82220605.47,2026-07-30,4829053.92,2025-07-14,16.026234710172794
M0152_2564,SCBFINTECH(SSF),SCBFINTECH,ตราสารทุน,66035198.78,2026-07-30,83266254.85,2025-07-14,-0.20693924688988208
M0154_2561,SCBFIXEDA,SCBFIXED,ตราสารหนี้,16586914403.49,2026-07-31,8920124194.69,2025-07-14,0.8594936619115583
M0154_2561,SCBFIXEDD,SCBFIXED,ตราสารหนี้,16586914403.49,2026-07-31,8920124194.69,2025-07-14,0.8594936619115583
M0154_2561,SCBFIXEDP,SCBFIXED,ตราสารหนี้,16586914403.49,2026-07-31,8920124194.69,2025-07-14,0.8594936619115583
M0154_2561,SCBFIXEDR,SCBFIXED,ตราสารหนี้,2445330.07,2026-07-31,8920124194.69,2025-07-14,-0.9997258636744704
M0155_2556,SCBCEH,SCBCEHFUND,ตราสารทุน,2158712005.99,2026-07-31,1960890839.65,2025-07-14,0.10088331402236994
M0155_2556,SCBCEHD,SCBCEHFUND,ตราสารทุน,131143440.59,2026-07-31,1960890839.65,2025-07-14,-0.9331204787445446
M0155_2556,SCBCEHE,SCBCEHFUND,ตราสารทุน,131143440.59,2026-07-31,62104427.13,2025-07-14,1.1116600965577574
M0155_2556,SCBCEHP,SCBCEHFUND,ตราสารทุน,0.0,2026-07-31,0.0,2025-07-14,
M0155_2556,SCBCEHR,SCBCEHFUND,ตราสารทุน,131143440.59,2026-07-31,1960890839.65,2025-07-14,-0.9331204787445446
M0158_2564,SCBAUTO(A),SCBAUTO,ตราสารทุน,128036726.45,2026-07-30,27939292.19,2025-07-14,3.5826760957039117
M0158_2564,SCBAUTO(D),SCBAUTO,ตราสารทุน,0.0,2026-07-30,5948382.47,2025-07-14,-1.0
M0158_2564,SCBAUTO(E),SCBAUTO,ตราสารทุน,18078835.95,2026-07-30,5948382.47,2025-07-14,2.039286064939264
M0158_2564,SCBAUTO(IN),SCBAUTO,ตราสารทุน,0.0,2026-07-30,5948382.47,2025-07-14,-1.0
M0158_2564,SCBAUTO(P),SCBAUTO,ตราสารทุน,0.0,2026-07-30,0.0,2025-07-14,
M0158_2564,SCBAUTO(R),SCBAUTO,ตราสารทุน,0.0,2026-07-30,5948382.47,2025-07-14,-1.0
M0158_2564,SCBAUTO(SSF),SCBAUTO,ตราสารทุน,83303898.82,2026-07-24,76005868.36,2025-07-17,0.09601930242324253
M0158_2564,SCBAUTO(SSFE),SCBAUTO,ตราสารทุน,3376657.65,2026-07-27,2694412.26,2025-07-14,0.25320749913749285
M0161_2569,SCBGOFIX(A),SCBGOFIX,ตราสารหนี้,861693634.48,2026-07-27,,,
M0161_2569,SCBGOFIX(IA),SCBGOFIX,ตราสารหนี้,861693634.48,2026-07-27,,,
M0161_2569,SCBGOFIX(IR),SCBGOFIX,ตราสารหนี้,861693634.48,2026-07-27,,,
M0161_2569,SCBGOFIX(P),SCBGOFIX,ตราสารหนี้,861693634.48,2026-07-27,,,
M0161_2569,SCBGOFIX(R),SCBGOFIX,ตราสารหนี้,861693634.48,2026-07-27,,,
M0161_2569,SCBGOFIX(W),SCBGOFIX,ตราสารหนี้,861693634.48,2026-07-27,,,
M0162_2564,SCBINNO(A),SCBINNO,ตราสารทุน,269579370.45,2026-07-30,113410784.48,2025-07-14,1.3770170684035814
M0162_2564,SCBINNO(D),SCBINNO,ตราสารทุน,94645096.66,2026-07-30,113410784.48,2025-07-14,-0.16546651983797311
M0162_2564,SCBINNO(E),SCBINNO,ตราสารทุน,32080837.05,2026-07-30,28801010.69,2025-07-14,0.11387886332540353
M0162_2564,SCBINNO(IN),SCBINNO,ตราสารทุน,94645096.66,2026-07-30,113410784.48,2025-07-14,-0.16546651983797311
M0162_2564,SCBINNO(P),SCBINNO,ตราสารทุน,94645096.66,2026-07-30,113410784.48,2025-07-14,-0.16546651983797311
M0162_2564,SCBINNO(R),SCBINNO,ตราสารทุน,94645096.66,2026-07-30,113410784.48,2025-07-14,-0.16546651983797311
M0162_2564,SCBINNO(SSF),SCBINNO,ตราสารทุน,94645096.66,2026-07-30,98170645.72,2025-07-14,-0.03591245666301812
M0162_2564,SCBINNO(SSFE),SCBINNO,ตราสารทุน,6912624.77,2026-07-30,7096923.11,2025-07-14,-0.0259687666251186
M0162_2569,main,SCBCR1YAK,ผสม,2075219862.9,2026-07-31,,,
M0163_2564,SCBNEXT(A),SCBNEXT,ตราสารทุน,167428714.96,2026-07-30,296010525.33,2025-07-14,-0.4343825619938809
M0163_2564,SCBNEXT(D),SCBNEXT,ตราสารทุน,167428714.96,2026-07-30,8509318.86,2025-07-14,18.67592444408647
M0163_2564,SCBNEXT(E),SCBNEXT,ตราสารทุน,17432341.45,2026-07-30,20301849.48,2025-07-14,-0.14134219805081527
M0163_2564,SCBNEXT(IN),SCBNEXT,ตราสารทุน,167428714.96,2026-07-30,8509318.86,2025-07-14,18.67592444408647
M0163_2564,SCBNEXT(P),SCBNEXT,ตราสารทุน,167428714.96,2026-07-30,8509318.86,2025-07-14,18.67592444408647
M0163_2564,SCBNEXT(R),SCBNEXT,ตราสารทุน,167428714.96,2026-07-30,8509318.86,2025-07-14,18.67592444408647
M0163_2564,SCBNEXT(SSF),SCBNEXT,ตราสารทุน,118556673.64,2026-07-27,120797209.54,2025-07-15,-0.01854791106956899
M0163_2564,SCBNEXT(SSFE),SCBNEXT,ตราสารทุน,8361941.07,2026-07-30,8509318.86,2025-07-14,-0.017319575447193758
M0164_2564,SCBGENOME(A),SCBGENOME,ตราสารทุน,138822847.64,2026-07-30,61866515.21,2025-07-14,1.2439092806307102
M0164_2564,SCBGENOME(D),SCBGENOME,ตราสารทุน,34960690.94,2026-07-30,9988275.41,2025-07-14,2.500172903221938
M0164_2564,SCBGENOME(E),SCBGENOME,ตราสารทุน,28178080.83,2026-07-30,9988275.41,2025-07-14,1.82111572552243
M0164_2564,SCBGENOME(IN),SCBGENOME,ตราสารทุน,34960690.94,2026-07-30,9988275.41,2025-07-14,2.500172903221938
M0164_2564,SCBGENOME(P),SCBGENOME,ตราสารทุน,34960690.94,2026-07-30,9988275.41,2025-07-14,2.500172903221938
M0164_2564,SCBGENOME(R),SCBGENOME,ตราสารทุน,34960690.94,2026-07-30,9988275.41,2025-07-14,2.500172903221938
M0164_2564,SCBGENOME(SSF),SCBGENOME,ตราสารทุน,34960690.94,2026-07-30,22828561.43,2025-07-14,0.5314452050428653
M0164_2564,SCBGENOME(SSFE),SCBGENOME,ตราสารทุน,2536184.82,2026-07-30,1678635.24,2025-07-14,0.5108611803002538
M0173_2552,SCBAUD,SCBAUDFUND,ตราสารหนี้,186460309.08,2026-07-31,41884615.38,2025-07-14,3.451761282474023
M0173_2552,SCBAUDD,SCBAUDFUND,ตราสารหนี้,186460309.08,2026-07-31,41884615.38,2025-07-14,3.451761282474023
M0173_2552,SCBAUDE,SCBAUDFUND,ตราสารหนี้,186460309.08,2026-07-31,41884615.38,2025-07-14,3.451761282474023
M0173_2552,SCBAUDP,SCBAUDFUND,ตราสารหนี้,186460309.08,2026-07-31,41884615.38,2025-07-14,3.451761282474023
M0173_2552,SCBAUDR,SCBAUDFUND,ตราสารหนี้,186460309.08,2026-07-31,41884615.38,2025-07-14,3.451761282474023
M0181_2563,SCBEQ-SSF,SCBEQSSF,ตราสารทุน,831613930.2,2026-07-31,620561801.96,2025-07-14,0.3400984842660424
M0181_2563,SCBEQ-SSFX,SCBEQSSF,ตราสารทุน,831613930.2,2026-07-31,620561801.96,2025-07-14,0.3400984842660424
M0181_2564,main,SCBRMCHA,ตราสารทุน,881086024.22,2026-07-31,762106982.07,2025-07-14,0.15611855677641806
M0181_2569,main,SCBSB6M75,ตราสารหนี้,2663848539.08,2026-07-31,,,
M0182_2565,SCBGQUAL(A),SCBGQUAL,ตราสารทุน,288713870.81,2026-07-30,156465494.72,2025-07-14,0.8452239027311594
M0182_2565,SCBGQUAL(D),SCBGQUAL,ตราสารทุน,42565299.85,2026-07-30,156465494.72,2025-07-14,-0.727957273096078
M0182_2565,SCBGQUAL(E),SCBGQUAL,ตราสารทุน,42565299.85,2026-07-30,23791922.39,2025-07-14,0.7890651773431581
M0182_2565,SCBGQUAL(IN),SCBGQUAL,ตราสารทุน,42565299.85,2026-07-30,156465494.72,2025-07-14,-0.727957273096078
M0182_2565,SCBGQUAL(P),SCBGQUAL,ตราสารทุน,28882300.63,2026-07-30,19789166.3,2025-07-14,0.4595006273710478
M0182_2565,SCBGQUAL(R),SCBGQUAL,ตราสารทุน,42565299.85,2026-07-30,156465494.72,2025-07-14,-0.727957273096078
M0182_2565,SCBGQUAL(SSF),SCBGQUAL,ตราสารทุน,42565299.85,2026-07-30,156465494.72,2025-07-14,-0.727957273096078
M0182_2565,SCBGQUAL(SSFE),SCBGQUAL,ตราสารทุน,42565299.85,2026-07-30,156465494.72,2025-07-14,-0.727957273096078
M0185_2565,SCBGVALUE(A),SCBGVALUE,ตราสารทุน,428303226.03,2026-07-30,25744647.82,2025-07-14,15.636592934756251
M0185_2565,SCBGVALUE(D),SCBGVALUE,ตราสารทุน,0.0,2026-07-30,6517658.85,2025-07-14,-1.0
M0185_2565,SCBGVALUE(E),SCBGVALUE,ตราสารทุน,141998456.67,2026-07-30,6517658.85,2025-07-14,20.786727402892527
M0185_2565,SCBGVALUE(IN),SCBGVALUE,ตราสารทุน,0.0,2026-07-30,6517658.85,2025-07-14,-1.0
M0185_2565,SCBGVALUE(P),SCBGVALUE,ตราสารทุน,0.0,2026-07-30,0.0,2025-07-14,
M0185_2565,SCBGVALUE(R),SCBGVALUE,ตราสารทุน,0.0,2026-07-30,6517658.85,2025-07-14,-1.0
M0185_2565,SCBGVALUE(SSF),SCBGVALUE,ตราสารทุน,0.0,2026-07-30,6517658.85,2025-07-14,-1.0
M0185_2565,SCBGVALUE(SSFE),SCBGVALUE,ตราสารทุน,0.0,2026-07-30,6517658.85,2025-07-14,-1.0
M0191_2550,main,SCBLTS,ผสม,297735401.97,2026-07-31,314359135.21,2025-07-14,-0.05288134295475422
M0196_2564,SCBTRAVEL(A),SCBTRAVEL,ตราสารทุน,250646394.56,2026-07-27,406586305.21,2025-07-14,-0.38353458700350895
M0196_2564,SCBTRAVEL(D),SCBTRAVEL,ตราสารทุน,250646394.56,2026-07-27,0.0,2025-07-14,
M0196_2564,SCBTRAVEL(E),SCBTRAVEL,ตราสารทุน,2021476.41,2026-07-27,2410787.13,2025-07-14,-0.16148697458825412
M0196_2564,SCBTRAVEL(IN),SCBTRAVEL,ตราสารทุน,250646394.56,2026-07-27,0.0,2025-07-14,
M0196_2564,SCBTRAVEL(P),SCBTRAVEL,ตราสารทุน,0.0,2026-07-27,0.0,2025-07-14,
M0196_2564,SCBTRAVEL(R),SCBTRAVEL,ตราสารทุน,250646394.56,2026-07-27,0.0,2025-07-14,
M0196_2564,SCBTRAVEL(SSF),SCBTRAVEL,ตราสารทุน,250646394.56,2026-07-27,0.0,2025-07-14,
M0196_2564,SCBTRAVEL(SSFE),SCBTRAVEL,ตราสารทุน,250646394.56,2026-07-27,0.0,2025-07-14,
M0207_2549,SCBPGF,SCBPGFUND,ตราสารทุน,508629893.17,2026-07-27,406702379.82,2025-07-14,0.25061941706638535
M0207_2549,SCBPGF(E),SCBPGFUND,ตราสารทุน,20115757.01,2026-07-27,15581296.35,2025-07-14,0.29101947348559376
M0207_2549,SCBPGF(SSF),SCBPGFUND,ตราสารทุน,48531463.71,2026-07-24,45318827.54,2025-07-14,0.07088965766301913
M0207_2549,SCBPGF(SSFE),SCBPGFUND,ตราสารทุน,11652808.23,2026-07-24,10370919.1,2025-07-14,0.12360419724033922
M0207_2549,SCBPGFD,SCBPGFUND,ตราสารทุน,0.0,2026-07-27,406702379.82,2025-07-14,-1.0
M0207_2549,SCBPGFP,SCBPGFUND,ตราสารทุน,0.0,2026-07-27,0.0,2025-07-14,
M0207_2549,SCBPGFR,SCBPGFUND,ตราสารทุน,0.0,2026-07-27,406702379.82,2025-07-14,-1.0
M0211_2564,SCBIHEALT(SSFE),SCBIHEALTH,ตราสารทุน,9011369.56,2026-07-24,7243071.58,2025-07-14,0.24413647724851018
M0211_2564,SCBIHEALTH(A),SCBIHEALTH,ตราสารทุน,391807750.05,2026-07-27,421564763.08,2025-07-14,-0.07058705004799704
M0211_2564,SCBIHEALTH(D),SCBIHEALTH,ตราสารทุน,80667984.06,2026-07-27,0.0,2025-07-14,
M0211_2564,SCBIHEALTH(E),SCBIHEALTH,ตราสารทุน,27786247.9,2026-07-27,18144346.22,2025-07-14,0.531399784984923
M0211_2564,SCBIHEALTH(IN),SCBIHEALTH,ตราสารทุน,80667984.06,2026-07-27,0.0,2025-07-14,
M0211_2564,SCBIHEALTH(P),SCBIHEALTH,ตราสารทุน,0.0,2026-07-24,0.0,2025-07-14,
M0211_2564,SCBIHEALTH(R),SCBIHEALTH,ตราสารทุน,80667984.06,2026-07-27,0.0,2025-07-14,
M0211_2564,SCBIHEALTH(SSF),SCBIHEALTH,ตราสารทุน,80667984.06,2026-07-27,68976783.64,2025-07-14,0.16949471696184193
M0223_2569,main,SCBSB6M76,ตราสารหนี้,1061359614.21,2026-07-31,,,
M0228_2554,SCBSE,SCBSEFUND,ตราสารทุน,2047818242.98,2026-07-31,1726109580.85,2025-07-14,0.18637789031422836
M0228_2554,SCBSE(E),SCBSEFUND,ตราสารทุน,2047818242.98,2026-07-31,164103184.51,2025-07-14,11.478845240539568
M0228_2554,SCBSE(IN),SCBSEFUND,ตราสารทุน,2047818242.98,2026-07-31,164103184.51,2025-07-14,11.478845240539568
M0228_2554,SCBSE(SSFE),SCBSEFUND,ตราสารทุน,1740178.55,2026-07-31,1799440.73,2025-07-15,-0.0329336660063263
M0228_2554,SCBSEA,SCBSEFUND,ตราสารทุน,405324185.85,2026-07-30,546907074.21,2025-07-14,-0.25887924116636196
M0228_2554,SCBSEP,SCBSEFUND,ตราสารทุน,0.0,2026-07-31,0.0,2025-07-16,
M0228_2554,SCBSER,SCBSEFUND,ตราสารทุน,2047818242.98,2026-07-31,164103184.51,2025-07-14,11.478845240539568
M0228_2554,SCBSE-SSF,SCBSEFUND,ตราสารทุน,211488081.07,2026-07-27,164103184.51,2025-07-14,0.2887506217596436
M0231_2568,SCBABSAP(A),SCBABSAP,ตราสารทุน,489630230.44,2026-07-27,396587734.91,2025-07-14,0.23460759710865653
M0231_2568,SCBABSAP(D),SCBABSAP,ตราสารทุน,489630230.44,2026-07-27,396587734.91,2025-07-14,0.23460759710865653
M0231_2568,SCBABSAP(IA),SCBABSAP,ตราสารทุน,489630230.44,2026-07-27,396587734.91,2025-07-14,0.23460759710865653
M0231_2568,SCBABSAP(ID),SCBABSAP,ตราสารทุน,489630230.44,2026-07-27,396587734.91,2025-07-14,0.23460759710865653
M0231_2568,SCBABSAP(IR),SCBABSAP,ตราสารทุน,489630230.44,2026-07-27,396587734.91,2025-07-14,0.23460759710865653
M0231_2568,SCBABSAP(P),SCBABSAP,ตราสารทุน,489630230.44,2026-07-27,396587734.91,2025-07-14,0.23460759710865653
M0231_2568,SCBABSAP(R),SCBABSAP,ตราสารทุน,489630230.44,2026-07-27,396587734.91,2025-07-14,0.23460759710865653
M0232_2564,SCBSEMI(A),SCBSEMI,ตราสารทุน,12821454580.22,2026-07-30,2555065584.1,2025-07-14,4.018053023768565
M0232_2564,SCBSEMI(D),SCBSEMI,ตราสารทุน,123011164.21,2026-07-30,0.0,2025-07-14,
M0232_2564,SCBSEMI(E),SCBSEMI,ตราสารทุน,1104814017.02,2026-07-27,216618636.39,2025-07-14,4.100272236184212
M0232_2564,SCBSEMI(IN),SCBSEMI,ตราสารทุน,123011164.21,2026-07-30,0.0,2025-07-14,
M0232_2564,SCBSEMI(P),SCBSEMI,ตราสารทุน,73150802.81,2026-07-27,0.0,2025-07-14,
M0232_2564,SCBSEMI(R),SCBSEMI,ตราสารทุน,123011164.21,2026-07-30,0.0,2025-07-14,
M0232_2564,SCBSEMI(SSF),SCBSEMI,ตราสารทุน,869941726.92,2026-07-30,473848864.11,2025-07-14,0.8359054812845352
M0232_2564,SCBSEMI(SSFE),SCBSEMI,ตราสารทุน,123011164.21,2026-07-30,66132554.36,2025-07-14,0.8600697553639753
M0241_2554,SCBGOLD,SCBGOLDFUND,ทรัพย์สินทางเลือก,7380877975.48,2026-07-31,3499921050.56,2025-07-14,1.108869848449591
M0241_2554,SCBGOLDD,SCBGOLDFUND,ทรัพย์สินทางเลือก,351643230.52,2026-07-31,128189290.35,2025-07-14,1.7431560745823256
M0241_2554,SCBGOLDE,SCBGOLDFUND,ทรัพย์สินทางเลือก,351643230.52,2026-07-31,128189290.35,2025-07-14,1.7431560745823256
M0241_2554,SCBGOLDP,SCBGOLDFUND,ทรัพย์สินทางเลือก,351643230.52,2026-07-31,128189290.35,2025-07-14,1.7431560745823256
M0241_2554,SCBGOLDR,SCBGOLDFUND,ทรัพย์สินทางเลือก,351643230.52,2026-07-31,128189290.35,2025-07-14,1.7431560745823256
M0245_2559,SCBDIGI,SCBDIGIFUND,ตราสารทุน,1639009873.8,2026-07-27,1735776292.77,2025-07-14,-0.05574820866782171
M0245_2559,SCBDIGID,SCBDIGIFUND,ตราสารทุน,0.0,2026-07-27,0.0,2025-07-14,
M0245_2559,SCBDIGIE,SCBDIGIFUND,ตราสารทุน,0.0,2026-07-27,0.0,2025-07-14,
M0245_2559,SCBDIGIP,SCBDIGIFUND,ตราสารทุน,0.0,2026-07-27,0.0,2025-07-14,
M0245_2559,SCBDIGIR,SCBDIGIFUND,ตราสารทุน,0.0,2026-07-27,0.0,2025-07-14,
M0255_2569,main,SCBSB6M77,ตราสารหนี้,3015468081.61,2026-07-31,,,
M0259_2563,SCBWIPA,SCBWIP,ผสม,96931805.53,2026-07-27,117821370.0,2025-07-14,-0.17729860440427736
M0259_2563,SCBWIPD,SCBWIP,ผสม,3514055.0,2026-07-27,1642294.42,2025-07-14,1.1397229127771134
M0259_2563,SCBWIPP,SCBWIP,ผสม,3514055.0,2026-07-27,117821370.0,2025-07-14,-0.9701747229725813
M0259_2563,SCBWIPR,SCBWIP,ผสม,139601.97,2026-07-27,132116.83,2025-07-14,0.05665546168493463
M0260_2550,SCBLT4,SCBLT4FUND,ตราสารทุน,307232156.84,2026-07-31,324642250.81,2025-07-14,-0.05362855243444409
M0260_2550,SCBLT4(E),SCBLT4FUND,ตราสารทุน,536583.94,2026-07-31,654516.15,2025-07-14,-0.1801822766328991
M0260_2550,SCBLT4(IN),SCBLT4FUND,ตราสารทุน,536583.94,2026-07-31,654516.15,2025-07-14,-0.1801822766328991
M0260_2550,SCBLT4(SSFE),SCBLT4FUND,ตราสารทุน,776607.95,2026-07-30,654516.15,2025-07-14,0.18653749032777855
M0260_2550,SCBLT4-2020,SCBLT4FUND,ตราสารทุน,536583.94,2026-07-31,613392.32,2025-07-15,-0.1252190115454983
M0260_2550,SCBLT4-SSF,SCBLT4FUND,ตราสารทุน,107154464.67,2026-07-31,84766744.26,2025-07-14,0.264109711956513
M0263_2550,SCBLTT,SCBLTTFUND,ตราสารทุน,1083152627.44,2026-07-31,1117316723.1,2025-07-14,-0.030576912484771013
M0263_2550,SCBLTT(E),SCBLTTFUND,ตราสารทุน,142036819.21,2026-07-31,119248953.42,2025-07-14,0.19109489128797752
M0263_2550,SCBLTT(IN),SCBLTTFUND,ตราสารทุน,142036819.21,2026-07-31,119248953.42,2025-07-14,0.19109489128797752
M0263_2550,SCBLTT(SSFE),SCBLTTFUND,ตราสารทุน,1528270.53,2026-07-31,1309018.93,2025-07-14,0.16749307055475526
M0263_2550,SCBLTT-2020,SCBLTTFUND,ตราสารทุน,1966672.79,2026-07-31,1567803.93,2025-07-15,0.25441246342583157
M0263_2550,SCBLTT-SSF,SCBLTTFUND,ตราสารทุน,142036819.21,2026-07-31,119248953.42,2025-07-14,0.19109489128797752
M0272_2569,main,SCBSB6M78,ตราสารหนี้,1843916212.13,2026-07-31,,,
M0274_2564,SCBEUROPE(A),SCBEUROPE,ตราสารทุน,697372103.2,2026-07-30,825023772.32,2025-07-14,-0.15472483751715227
M0274_2564,SCBEUROPE(D),SCBEUROPE,ตราสารทุน,697372103.2,2026-07-30,825023772.32,2025-07-14,-0.15472483751715227
M0274_2564,SCBEUROPE(E),SCBEUROPE,ตราสารทุน,697372103.2,2026-07-30,825023772.32,2025-07-14,-0.15472483751715227
M0274_2564,SCBEUROPE(IN),SCBEUROPE,ตราสารทุน,697372103.2,2026-07-30,825023772.32,2025-07-14,-0.15472483751715227
M0274_2564,SCBEUROPE(P),SCBEUROPE,ตราสารทุน,525146.3,2026-07-30,550466.47,2025-07-14,-0.04599766085661838
M0274_2564,SCBEUROPE(R),SCBEUROPE,ตราสารทุน,697372103.2,2026-07-30,825023772.32,2025-07-14,-0.15472483751715227
M0274_2564,SCBEUROPE(SSF),SCBEUROPE,ตราสารทุน,54405547.35,2026-07-30,63277635.81,2025-07-14,-0.14020891182849649
M0274_2564,SCBEUROPE(SSFE),SCBEUROPE,ตราสารทุน,8121668.31,2026-07-30,9749544.41,2025-07-14,-0.1669694532936643
M0277_2564,SCBBLOC(A),SCBBLOC,ตราสารทุน,1031265952.48,2026-07-30,794115664.06,2025-07-14,0.29863444225183056
M0277_2564,SCBBLOC(D),SCBBLOC,ตราสารทุน,1031265952.48,2026-07-30,67365105.25,2025-07-14,14.30860745563817
M0277_2564,SCBBLOC(E),SCBBLOC,ตราสารทุน,86207740.11,2026-07-30,67365105.25,2025-07-14,0.2797091281914088
M0277_2564,SCBBLOC(IN),SCBBLOC,ตราสารทุน,1031265952.48,2026-07-30,67365105.25,2025-07-14,14.30860745563817
M0277_2564,SCBBLOC(P),SCBBLOC,ตราสารทุน,0.0,2026-07-30,0.0,2025-07-14,
M0277_2564,SCBBLOC(R),SCBBLOC,ตราสารทุน,1031265952.48,2026-07-30,67365105.25,2025-07-14,14.30860745563817
M0277_2564,SCBBLOC(SSF),SCBBLOC,ตราสารทุน,1031265952.48,2026-07-30,67365105.25,2025-07-14,14.30860745563817
M0277_2564,SCBBLOC(SSFE),SCBBLOC,ตราสารทุน,1031265952.48,2026-07-30,67365105.25,2025-07-14,14.30860745563817
M0279_2561,SCBPIN(E),SCBPIN,ทรัพย์สินทางเลือก,11917938.7,2026-07-30,9621004.03,2025-07-15,0.23874168047718825
M0279_2561,SCBPIN(IN),SCBPIN,ทรัพย์สินทางเลือก,4126134.86,2026-07-31,3868162.66,2025-07-14,0.06669114581649982
M0279_2561,SCBPIN(SSFE),SCBPIN,ทรัพย์สินทางเลือก,4126134.86,2026-07-31,3868162.66,2025-07-14,0.06669114581649982
M0279_2561,SCBPINA,SCBPIN,ทรัพย์สินทางเลือก,3402394201.14,2026-07-31,3480821316.73,2025-07-15,-0.022531209865054858
M0279_2561,SCBPIND,SCBPIN,ทรัพย์สินทางเลือก,1483683743.76,2026-07-30,1659222181.36,2025-07-15,-0.10579561891832823
M0279_2561,SCBPINP,SCBPIN,ทรัพย์สินทางเลือก,649131493.82,2026-07-31,299549329.12,2025-07-15,1.1670270326659846
M0279_2561,SCBPINR,SCBPIN,ทรัพย์สินทางเลือก,4126134.86,2026-07-31,3868162.66,2025-07-14,0.06669114581649982
M0279_2561,SCBPIN-SSF,SCBPIN,ทรัพย์สินทางเลือก,104422664.3,2026-07-31,93302553.61,2025-07-15,0.11918334771930783
M0284_2555,SCBEMBOND,SCBEMBONDFUND,ตราสารหนี้,141444543.36,2026-07-30,112080721.4,2025-07-14,0.2619881599013334
M0284_2555,SCBEMBOND(A),SCBEMBONDFUND,ตราสารหนี้,141444543.36,2026-07-30,112080721.4,2025-07-14,0.2619881599013334
M0284_2555,SCBEMBOND(E),SCBEMBONDFUND,ตราสารหนี้,141444543.36,2026-07-30,112080721.4,2025-07-14,0.2619881599013334
M0284_2555,SCBEMBOND(IN),SCBEMBONDFUND,ตราสารหนี้,141444543.36,2026-07-30,112080721.4,2025-07-14,0.2619881599013334
M0284_2555,SCBEMBOND(P),SCBEMBONDFUND,ตราสารหนี้,141444543.36,2026-07-30,112080721.4,2025-07-14,0.2619881599013334
M0284_2555,SCBEMBOND(R),SCBEMBONDFUND,ตราสารหนี้,141444543.36,2026-07-30,112080721.4,2025-07-14,0.2619881599013334
M0284_2555,SCBEMBOND(SFF),SCBEMBONDFUND,ตราสารหนี้,141444543.36,2026-07-30,112080721.4,2025-07-14,0.2619881599013334
M0284_2555,SCBEMBOND(SSFE),SCBEMBONDFUND,ตราสารหนี้,141444543.36,2026-07-30,112080721.4,2025-07-14,0.2619881599013334
M0285_2564,SCBABOND(A),SCBABOND,ตราสารหนี้,258835203.97,2026-07-30,523439542.36,2025-07-14,-0.5055107934662226
M0285_2564,SCBABOND(D),SCBABOND,ตราสารหนี้,258835203.97,2026-07-30,523439542.36,2025-07-14,-0.5055107934662226
M0285_2564,SCBABOND(E),SCBABOND,ตราสารหนี้,258835203.97,2026-07-30,523439542.36,2025-07-14,-0.5055107934662226
M0285_2564,SCBABOND(IN),SCBABOND,ตราสารหนี้,258835203.97,2026-07-30,523439542.36,2025-07-14,-0.5055107934662226
M0285_2564,SCBABOND(P),SCBABOND,ตราสารหนี้,258835203.97,2026-07-30,523439542.36,2025-07-14,-0.5055107934662226
M0285_2564,SCBABOND(R),SCBABOND,ตราสารหนี้,258835203.97,2026-07-30,523439542.36,2025-07-14,-0.5055107934662226
M0285_2564,SCBABOND(SSF),SCBABOND,ตราสารหนี้,258835203.97,2026-07-30,523439542.36,2025-07-14,-0.5055107934662226
M0285_2564,SCBABOND(SSFE),SCBABOND,ตราสารหนี้,258835203.97,2026-07-30,523439542.36,2025-07-14,-0.5055107934662226
M0293_2563,main,SCBDM,ผสม,29889568.69,2026-07-27,62389452.07,2025-07-14,-0.5209195192728353
M0295_2564,main,SCBRMCTECH,ตราสารทุน,802611598.15,2026-07-30,599462503.79,2025-07-14,0.3388854066361522
M0298_2560,SCBWINA,SCBWIN,ผสม,253715690.01,2026-07-30,435783244.93,2025-07-14,-0.4177938391120236
M0298_2560,SCBWIND,SCBWIN,ผสม,253715690.01,2026-07-30,435783244.93,2025-07-14,-0.4177938391120236
M0298_2560,SCBWINR,SCBWIN,ผสม,367031254.84,2026-07-30,465500832.11,2025-07-14,-0.21153469656254287
M0300_2559,SCBMPLUSA,SCBMPLUS,ผสม,1303019007.08,2026-07-30,1937318556.96,2025-07-14,-0.32741107424033034
M0300_2559,SCBMPLUSD,SCBMPLUS,ผสม,1303019007.08,2026-07-30,1937318556.96,2025-07-14,-0.32741107424033034
M0300_2559,SCBMPLUSR,SCBMPLUS,ผสม,1303019007.08,2026-07-30,1937318556.96,2025-07-14,-0.32741107424033034
M0306_2552,main,SCBTMF,ตราสารหนี้,5073650739.48,2026-07-31,4337705121.57,2025-07-14,0.1696624360771739
M0310_2564,main,SCBRMMLCA,ตราสารทุน,117672874.82,2026-07-30,80993180.43,2025-07-14,0.4528738616666763
M0311_2555,SCBSMART2,SCBSMART2FUND,ผสม,337786426.04,2026-07-31,638845239.76,2025-07-14,-0.4712546873372667
M0311_2555,SCBSMART2(E),SCBSMART2FUND,ผสม,337786426.04,2026-07-31,2472216.42,2025-07-14,135.6330323297505
M0311_2555,SCBSMART2(IN),SCBSMART2FUND,ผสม,337786426.04,2026-07-31,2472216.42,2025-07-14,135.6330323297505
M0311_2555,SCBSMART2(SSFE),SCBSMART2FUND,ผสม,2576269.27,2026-07-31,2472216.42,2025-07-14,0.04208889203963784
M0311_2555,SCBSMART2A,SCBSMART2FUND,ผสม,129179488.59,2026-07-31,356730521.12,2025-07-16,-0.6378793488585589
M0311_2555,SCBSMART2P,SCBSMART2FUND,ผสม,337786426.04,2026-07-31,2472216.42,2025-07-14,135.6330323297505
M0311_2555,SCBSMART2R,SCBSMART2FUND,ผสม,337786426.04,2026-07-31,2472216.42,2025-07-14,135.6330323297505
M0311_2555,SCBSMART2-SSF,SCBSMART2FUND,ผสม,87491632.72,2026-07-31,82705189.02,2025-07-14,0.05787355976953923
M0311_2564,SCBNDQ(A),SCBNDQ,ตราสารทุน,5502380122.46,2026-07-30,2992955195.87,2025-07-14,0.8384438664677552
M0311_2564,SCBNDQ(D),SCBNDQ,ตราสารทุน,688177402.3,2026-07-30,344920176.3,2025-07-14,0.9951787386929964
M0311_2564,SCBNDQ(E),SCBNDQ,ตราสารทุน,1020791785.16,2026-07-30,344920176.3,2025-07-14,1.9595015174529817
M0311_2564,SCBNDQ(IN),SCBNDQ,ตราสารทุน,688177402.3,2026-07-30,344920176.3,2025-07-14,0.9951787386929964
M0311_2564,SCBNDQ(P),SCBNDQ,ตราสารทุน,148115291.57,2026-07-27,0.0,2025-07-14,
M0311_2564,SCBNDQ(R),SCBNDQ,ตราสารทุน,688177402.3,2026-07-30,344920176.3,2025-07-14,0.9951787386929964
M0311_2564,SCBNDQ(SSF),SCBNDQ,ตราสารทุน,688177402.3,2026-07-30,586798166.78,2025-07-15,0.17276678977425752
M0311_2564,SCBNDQ(SSFE),SCBNDQ,ตราสารทุน,196831307.65,2026-07-30,171255494.13,2025-07-16,0.14934302487595175
M0317_2565,SCBRMWORLD(A),SCBRMWORLD,ตราสารทุน,1268795908.1,2026-07-30,377576218.78,2025-07-14,2.360370290797582
M0317_2565,SCBRMWORLD(E),SCBRMWORLD,ตราสารทุน,1268795908.1,2026-07-30,377576218.78,2025-07-14,2.360370290797582
M0322_2561,SCBGEARA,SCBGEAR,ตราสารทุน,1820331353.49,2026-07-30,182359801.27,2025-07-14,8.982086736291386
M0322_2561,SCBGEARD,SCBGEAR,ตราสารทุน,1820331353.49,2026-07-30,182359801.27,2025-07-14,8.982086736291386
M0322_2561,SCBGEARP,SCBGEAR,ตราสารทุน,1820331353.49,2026-07-30,182359801.27,2025-07-14,8.982086736291386
M0322_2561,SCBGEARR,SCBGEAR,ตราสารทุน,1820331353.49,2026-07-30,182359801.27,2025-07-14,8.982086736291386
M0324_2562,SCBMILD(E),SCBMILD,ผสม,7009257.42,2026-07-27,29965548.27,2025-07-14,-0.7660894652470845
M0324_2562,SCBMILD(IN),SCBMILD,ผสม,7009257.42,2026-07-27,29965548.27,2025-07-14,-0.7660894652470845
M0324_2562,SCBMILD(SSF),SCBMILD,ผสม,7009257.42,2026-07-27,29965548.27,2025-07-14,-0.7660894652470845
M0324_2562,SCBMILD(SSFE),SCBMILD,ผสม,7009257.42,2026-07-27,29965548.27,2025-07-14,-0.7660894652470845
M0324_2562,SCBMILDA,SCBMILD,ผสม,7009257.42,2026-07-27,29965548.27,2025-07-14,-0.7660894652470845
M0324_2562,SCBMILDD,SCBMILD,ผสม,7009257.42,2026-07-27,29965548.27,2025-07-14,-0.7660894652470845
M0324_2562,SCBMILDP,SCBMILD,ผสม,7009257.42,2026-07-27,29965548.27,2025-07-14,-0.7660894652470845
M0324_2562,SCBMILDR,SCBMILD,ผสม,7009257.42,2026-07-27,29965548.27,2025-07-14,-0.7660894652470845
M0325_2562,SCBCLASSI(SSFE),SCBCLASSIC,ผสม,67741766.89,2026-07-27,182217805.7,2025-07-14,-0.6282373907985217
M0325_2562,SCBCLASSIC(E),SCBCLASSIC,ผสม,67741766.89,2026-07-27,182217805.7,2025-07-14,-0.6282373907985217
M0325_2562,SCBCLASSIC(IN),SCBCLASSIC,ผสม,67741766.89,2026-07-27,182217805.7,2025-07-14,-0.6282373907985217
M0325_2562,SCBCLASSIC(SSF),SCBCLASSIC,ผสม,67741766.89,2026-07-27,182217805.7,2025-07-14,-0.6282373907985217
M0325_2562,SCBCLASSICA,SCBCLASSIC,ผสม,67741766.89,2026-07-27,182217805.7,2025-07-14,-0.6282373907985217
M0325_2562,SCBCLASSICD,SCBCLASSIC,ผสม,67741766.89,2026-07-27,182217805.7,2025-07-14,-0.6282373907985217
M0325_2562,SCBCLASSICP,SCBCLASSIC,ผสม,67741766.89,2026-07-27,182217805.7,2025-07-14,-0.6282373907985217
M0325_2562,SCBCLASSICR,SCBCLASSIC,ผสม,67741766.89,2026-07-27,182217805.7,2025-07-14,-0.6282373907985217
M0327_2562,SCBSPICY(E),SCBSPICY,ผสม,21683827.05,2026-07-27,36794268.07,2025-07-14,-0.41067377644944136
M0327_2562,SCBSPICY(IN),SCBSPICY,ผสม,21683827.05,2026-07-27,36794268.07,2025-07-14,-0.41067377644944136
M0327_2562,SCBSPICY(SSF),SCBSPICY,ผสม,21683827.05,2026-07-27,36794268.07,2025-07-14,-0.41067377644944136
M0327_2562,SCBSPICY(SSFE),SCBSPICY,ผสม,21683827.05,2026-07-27,36794268.07,2025-07-14,-0.41067377644944136
M0327_2562,SCBSPICYA,SCBSPICY,ผสม,21683827.05,2026-07-27,36794268.07,2025-07-14,-0.41067377644944136
M0327_2562,SCBSPICYD,SCBSPICY,ผสม,21683827.05,2026-07-27,36794268.07,2025-07-14,-0.41067377644944136
M0327_2562,SCBSPICYP,SCBSPICY,ผสม,21683827.05,2026-07-27,36794268.07,2025-07-14,-0.41067377644944136
M0327_2562,SCBSPICYR,SCBSPICY,ผสม,21683827.05,2026-07-27,36794268.07,2025-07-14,-0.41067377644944136
M0328_2564,SCBGA(A),SCBGA,ผสม,2387243983.31,2026-07-27,3174361128.51,2025-07-14,-0.247960806390501
M0328_2564,SCBGA(D),SCBGA,ผสม,2387243983.31,2026-07-27,3174361128.51,2025-07-14,-0.247960806390501
M0328_2564,SCBGA(E),SCBGA,ผสม,2387243983.31,2026-07-27,3174361128.51,2025-07-14,-0.247960806390501
M0328_2564,SCBGA(P),SCBGA,ผสม,2387243983.31,2026-07-27,3174361128.51,2025-07-14,-0.247960806390501
M0328_2564,SCBGA(R),SCBGA,ผสม,2387243983.31,2026-07-27,3174361128.51,2025-07-14,-0.247960806390501
M0328_2564,SCBGA(SSF),SCBGA,ผสม,2387243983.31,2026-07-27,3174361128.51,2025-07-14,-0.247960806390501
M0329_2563,SCBMLCA(E),SCBMLCA,ตราสารทุน,3860625.32,2026-07-30,3046396.4,2025-07-14,0.26727609053109447
M0329_2563,SCBMLCA(IN),SCBMLCA,ตราสารทุน,3860625.32,2026-07-30,294772450.06,2025-07-14,-0.986903032087245
M0329_2563,SCBMLCA(SSF),SCBMLCA,ตราสารทุน,16927218.49,2026-07-30,14674324.48,2025-07-14,0.15352625008875354
M0329_2563,SCBMLCA(SSFE),SCBMLCA,ตราสารทุน,3284453.42,2026-07-30,2981347.76,2025-07-14,0.10166732779942467
M0329_2563,SCBMLCAA,SCBMLCA,ตราสารทุน,298034290.74,2026-07-30,294772450.06,2025-07-14,0.011065622582219214
M0329_2563,SCBMLCAD,SCBMLCA,ตราสารทุน,3860625.32,2026-07-30,294772450.06,2025-07-14,-0.986903032087245
M0329_2563,SCBMLCAP,SCBMLCA,ตราสารทุน,3860625.32,2026-07-30,294772450.06,2025-07-14,-0.986903032087245
M0329_2563,SCBMLCAR,SCBMLCA,ตราสารทุน,3860625.32,2026-07-30,294772450.06,2025-07-14,-0.986903032087245
M0341_2562,SCBRAAA,SCBRAA,ผสม,54473476.48,2026-07-31,143521417.6,2025-07-14,-0.6204505404773817
M0341_2562,SCBRAAD,SCBRAA,ผสม,54473476.48,2026-07-31,143521417.6,2025-07-14,-0.6204505404773817
M0341_2562,SCBRAAP,SCBRAA,ผสม,54473476.48,2026-07-31,143521417.6,2025-07-14,-0.6204505404773817
M0341_2562,SCBRAAR,SCBRAA,ผสม,54473476.48,2026-07-31,143521417.6,2025-07-14,-0.6204505404773817
M0343_2563,main,SCBDM2,ผสม,28422446.32,2026-07-27,42050515.93,2025-07-14,-0.3240880476397998
M0348_2561,SCBLTSET(E),SCBLTSET,ตราสารทุน,82987630.38,2026-07-31,1664198.98,2025-07-14,48.866411034574725
M0348_2561,SCBLTSET(IN),SCBLTSET,ตราสารทุน,82987630.38,2026-07-31,1664198.98,2025-07-14,48.866411034574725
M0348_2561,SCBLTSET(SSFE),SCBLTSET,ตราสารทุน,5053672.26,2026-07-31,4111908.79,2025-07-15,0.22903316150648356
M0348_2561,SCBLTSETA,SCBLTSET,ตราสารทุน,82987630.38,2026-07-31,98136843.4,2025-07-14,-0.15436825248446917
M0348_2561,SCBLTSETA-2020,SCBLTSET,ตราสารทุน,1654648.71,2026-07-30,1664198.98,2025-07-14,-0.005738658726975099
M0348_2561,SCBLTSETD,SCBLTSET,ตราสารทุน,52993921.87,2026-07-31,62477651.36,2025-07-14,-0.15179395005350282
M0348_2561,SCBLTSETD-2020,SCBLTSET,ตราสารทุน,3006317.98,2026-07-30,1896012.23,2025-07-14,0.5856005211527564
M0348_2561,SCBLTSET-SSF,SCBLTSET,ตราสารทุน,464903293.75,2026-07-31,347469810.51,2025-07-14,0.3379674426035362
M0363_2569,SCBRARE(A),SCBRARE,ตราสารทุน,1011373108.26,2026-07-30,,,
M0363_2569,SCBRARE(D),SCBRARE,ตราสารทุน,1011373108.26,2026-07-30,,,
M0363_2569,SCBRARE(E),SCBRARE,ตราสารทุน,1011373108.26,2026-07-30,,,
M0363_2569,SCBRARE(IA),SCBRARE,ตราสารทุน,1011373108.26,2026-07-30,,,
M0363_2569,SCBRARE(ID),SCBRARE,ตราสารทุน,1011373108.26,2026-07-30,,,
M0363_2569,SCBRARE(IR),SCBRARE,ตราสารทุน,1011373108.26,2026-07-30,,,
M0363_2569,SCBRARE(P),SCBRARE,ตราสารทุน,1011373108.26,2026-07-30,,,
M0363_2569,SCBRARE(R),SCBRARE,ตราสารทุน,1011373108.26,2026-07-30,,,
M0366_2558,SCBGIF,SCBGIFUND,ตราสารทุน,249201777.46,2026-07-30,164379243.0,2025-07-14,0.5160173079760442
M0366_2558,SCBGIFA,SCBGIFUND,ตราสารทุน,249201777.46,2026-07-30,0.0,2025-07-14,
M0366_2558,SCBGIFD,SCBGIFUND,ตราสารทุน,249201777.46,2026-07-30,0.0,2025-07-14,
M0366_2558,SCBGIFE,SCBGIFUND,ตราสารทุน,249201777.46,2026-07-30,0.0,2025-07-14,
M0366_2558,SCBGIFP,SCBGIFUND,ตราสารทุน,0.0,2026-07-30,0.0,2025-07-14,
M0367_2567,SCBCLIMATE(A),SCBCLIMATE,ตราสารทุน,136181399.33,2026-07-30,79762532.89,2025-07-14,0.7073354417895292
M0367_2567,SCBCLIMATE(D),SCBCLIMATE,ตราสารทุน,136181399.33,2026-07-30,79762532.89,2025-07-14,0.7073354417895292
M0367_2567,SCBCLIMATE(P),SCBCLIMATE,ตราสารทุน,136181399.33,2026-07-30,79762532.89,2025-07-14,0.7073354417895292
M0367_2567,SCBCLIMATE(R),SCBCLIMATE,ตราสารทุน,136181399.33,2026-07-30,79762532.89,2025-07-14,0.7073354417895292
M0368_2568,SCBDLITE(A),SCBDLITE,ตราสารหนี้,626375406.14,2026-07-31,1404414825.12,2025-07-14,-0.5539954471169304
M0368_2568,SCBDLITE(P),SCBDLITE,ตราสารหนี้,626375406.14,2026-07-31,1404414825.12,2025-07-14,-0.5539954471169304
M0368_2568,SCBDLITE(R),SCBDLITE,ตราสารหนี้,626375406.14,2026-07-31,1404414825.12,2025-07-14,-0.5539954471169304
M0370_2569,main,SCBSB6M79,ตราสารหนี้,1536354735.11,2026-07-31,,,
M0374_2565,SCBRMJAPAN(A),SCBRMJAPAN,ตราสารทุน,120761269.17,2026-07-30,59141414.33,2025-07-14,1.041907021299333
M0374_2565,SCBRMJAPAN(E),SCBRMJAPAN,ตราสารทุน,120761269.17,2026-07-30,59141414.33,2025-07-14,1.041907021299333
M0380_2561,SCBGMLA,SCBGML,ตราสารทุน,32579257.87,2026-07-30,366001176.96,2025-07-14,-0.9109859204809044
M0380_2561,SCBGMLD,SCBGML,ตราสารทุน,2235089.98,2026-07-30,675295.71,2025-07-14,2.309794430650241
M0380_2561,SCBGMLE,SCBGML,ตราสารทุน,2235089.98,2026-07-30,675295.71,2025-07-14,2.309794430650241
M0380_2561,SCBGMLP,SCBGML,ตราสารทุน,2235089.98,2026-07-30,675295.71,2025-07-14,2.309794430650241
M0380_2561,SCBGMLR,SCBGML,ตราสารทุน,2235089.98,2026-07-30,675295.71,2025-07-14,2.309794430650241
M0380_2561,SCBGMLS,SCBGML,ตราสารทุน,2235089.98,2026-07-30,675295.71,2025-07-14,2.309794430650241
M0386_2558,SCBBLN,SCBBLNFUND,ตราสารทุน,1281714415.15,2026-07-30,1270364046.37,2025-07-14,0.00893473710345738
M0386_2558,SCBBLNA,SCBBLNFUND,ตราสารทุน,294454766.7,2026-07-30,333962373.68,2025-07-14,-0.11829957532238611
M0386_2558,SCBBLNE,SCBBLNFUND,ตราสารทุน,14546307.2,2026-07-30,8871852.96,2025-07-14,0.6396019259543722
M0386_2558,SCBBLNP,SCBBLNFUND,ตราสารทุน,0.0,2026-07-30,0.0,2025-07-14,
M0386_2558,SCBBLNR,SCBBLNFUND,ตราสารทุน,1281714415.15,2026-07-30,1270364046.37,2025-07-14,0.00893473710345738
M0386_2564,SCBJAPAN(A),SCBJAPAN,ตราสารทุน,702126137.25,2026-07-30,279442438.86,2025-07-14,1.5125966553769001
M0386_2564,SCBJAPAN(D),SCBJAPAN,ตราสารทุน,164967047.38,2026-07-30,1253233.71,2025-07-14,130.63310726775774
M0386_2564,SCBJAPAN(E),SCBJAPAN,ตราสารทุน,164967047.38,2026-07-30,1253233.71,2025-07-14,130.63310726775774
M0386_2564,SCBJAPAN(IN),SCBJAPAN,ตราสารทุน,164967047.38,2026-07-30,1253233.71,2025-07-14,130.63310726775774
M0386_2564,SCBJAPAN(P),SCBJAPAN,ตราสารทุน,1583289.18,2026-07-30,1253233.71,2025-07-14,0.26336306418058286
M0386_2564,SCBJAPAN(R),SCBJAPAN,ตราสารทุน,164967047.38,2026-07-30,1253233.71,2025-07-14,130.63310726775774
M0386_2564,SCBJAPAN(SSF),SCBJAPAN,ตราสารทุน,164967047.38,2026-07-30,131670368.43,2025-07-14,0.2528790596321717
M0386_2564,SCBJAPAN(SSFE),SCBJAPAN,ตราสารทุน,15768782.93,2026-07-30,12877305.32,2025-07-14,0.22454058035800295
M0396_2564,SCBINDEQ(A),SCBINDEQ,ตราสารทุน,340662586.51,2026-07-30,285048007.59,2025-07-14,0.19510600824824387
M0396_2564,SCBINDEQ(D),SCBINDEQ,ตราสารทุน,729234.38,2026-07-30,285048007.59,2025-07-14,-0.9974417138145765
M0396_2564,SCBINDEQ(E),SCBINDEQ,ตราสารทุน,729234.38,2026-07-30,285048007.59,2025-07-14,-0.9974417138145765
M0396_2564,SCBINDEQ(IN),SCBINDEQ,ตราสารทุน,729234.38,2026-07-30,285048007.59,2025-07-14,-0.9974417138145765
M0396_2564,SCBINDEQ(P),SCBINDEQ,ตราสารทุน,729234.38,2026-07-30,825407.79,2025-07-14,-0.11651623738612893
M0396_2564,SCBINDEQ(R),SCBINDEQ,ตราสารทุน,729234.38,2026-07-30,285048007.59,2025-07-14,-0.9974417138145765
M0396_2564,SCBINDEQ(SSF),SCBINDEQ,ตราสารทุน,729234.38,2026-07-30,285048007.59,2025-07-14,-0.9974417138145765
M0396_2564,SCBINDEQ(SSFE),SCBINDEQ,ตราสารทุน,729234.38,2026-07-30,285048007.59,2025-07-14,-0.9974417138145765
M0400_2555,SCBTMFPLUS-A,SCBTMFPLUS,ตราสารหนี้,7439210867.85,2026-07-31,5713726758.68,2025-07-14,0.3019892588578432
M0400_2555,SCBTMFPLUS-B,SCBTMFPLUS,ตราสารหนี้,1702017423.01,2026-07-31,1234118444.24,2025-07-14,0.37913620119189084
M0400_2555,SCBTMFPLUS-E,SCBTMFPLUS,ตราสารหนี้,240364221.94,2026-07-30,158780497.68,2025-07-14,0.5138145140747741
M0400_2555,SCBTMFPLUS-I,SCBTMFPLUS,ตราสารหนี้,15033293190.35,2026-07-30,8057314383.19,2025-07-14,0.8657945408849885
M0400_2555,SCBTMFPLUS-P,SCBTMFPLUS,ตราสารหนี้,0.0,2026-07-31,0.0,2025-07-15,
M0406_2559,SCBGPROP,SCBGPROPFUND,ตราสารทุน,163954743.6,2026-07-30,191493472.09,2025-07-14,-0.14381027295310145
M0406_2559,SCBGPROPA,SCBGPROPFUND,ตราสารทุน,99363104.8,2026-07-30,89521908.23,2025-07-14,0.10993059424868323
M0406_2559,SCBGPROPP,SCBGPROPFUND,ตราสารทุน,0.0,2026-07-30,0.0,2025-07-14,
M0406_2559,SCBGPROPR,SCBGPROPFUND,ตราสารทุน,99363104.8,2026-07-30,89521908.23,2025-07-14,0.10993059424868323
M0408_2560,SCBROBOA,SCBROBO,ผสม,1934877530.21,2026-07-27,1525220925.44,2025-07-14,0.2685883716497144
M0408_2560,SCBROBOD,SCBROBO,ผสม,1934877530.21,2026-07-27,0.0,2025-07-14,
M0408_2560,SCBROBOE,SCBROBO,ผสม,1934877530.21,2026-07-27,0.0,2025-07-14,
M0408_2560,SCBROBOP,SCBROBO,ผสม,0.0,2026-07-27,0.0,2025-07-14,
M0408_2560,SCBROBOR,SCBROBO,ผสม,1934877530.21,2026-07-27,0.0,2025-07-14,
M0410_2559,SCBTEQ,SCBTEQFUND,ตราสารทุน,1383903607.43,2026-07-31,1079749131.41,2025-07-14,0.2816899473888135
M0410_2559,SCBTEQD,SCBTEQFUND,ตราสารทุน,1383903607.43,2026-07-31,5517120.71,2025-07-14,249.83801500330054
M0410_2559,SCBTEQP,SCBTEQFUND,ตราสารทุน,18716327.72,2026-07-31,5517120.71,2025-07-14,2.3924085956785235
M0410_2559,SCBTEQR,SCBTEQFUND,ตราสารทุน,1383903607.43,2026-07-31,5517120.71,2025-07-14,249.83801500330054
M0411_2564,SCBGPA(A),SCBGPA,ทรัพย์สินทางเลือก,1053109243.72,2026-07-30,819674307.3,2025-07-14,0.28478986634207515
M0411_2564,SCBGPA(D),SCBGPA,ทรัพย์สินทางเลือก,1053109243.72,2026-07-30,819674307.3,2025-07-14,0.28478986634207515
M0411_2564,SCBGPA(P),SCBGPA,ทรัพย์สินทางเลือก,1053109243.72,2026-07-30,819674307.3,2025-07-14,0.28478986634207515
M0411_2564,SCBGPA(R),SCBGPA,ทรัพย์สินทางเลือก,1053109243.72,2026-07-30,819674307.3,2025-07-14,0.28478986634207515
M0416_2560,SCBAEMHA,SCBAEMH,ตราสารทุน,1434137057.24,2026-07-30,1326066807.02,2025-07-14,0.08149683684705189
M0416_2560,SCBAEMHD,SCBAEMH,ตราสารทุน,0.0,2026-07-30,1326066807.02,2025-07-14,-1.0
M0416_2560,SCBAEMHE,SCBAEMH,ตราสารทุน,0.0,2026-07-30,1326066807.02,2025-07-14,-1.0
M0416_2560,SCBAEMHP,SCBAEMH,ตราสารทุน,0.0,2026-07-30,0.0,2025-07-14,
M0416_2560,SCBAEMHR,SCBAEMH,ตราสารทุน,0.0,2026-07-30,1326066807.02,2025-07-14,-1.0
M0416_2569,main,SCBSB6M80,ตราสารหนี้,681062602.04,2026-07-31,,,
M0420_2564,SCBASHARE(SSFE),SCBASHARES,ตราสารทุน,30250843.52,2026-07-30,23764805.81,2025-07-14,0.27292618176037187
M0420_2564,SCBASHARES(A),SCBASHARES,ตราสารทุน,998129953.65,2026-07-30,927639828.98,2025-07-14,0.07598867843730739
M0420_2564,SCBASHARES(D),SCBASHARES,ตราสารทุน,30250843.52,2026-07-30,23764805.81,2025-07-14,0.27292618176037187
M0420_2564,SCBASHARES(E),SCBASHARES,ตราสารทุน,30250843.52,2026-07-30,23764805.81,2025-07-14,0.27292618176037187
M0420_2564,SCBASHARES(IN),SCBASHARES,ตราสารทุน,30250843.52,2026-07-30,23764805.81,2025-07-14,0.27292618176037187
M0420_2564,SCBASHARES(P),SCBASHARES,ตราสารทุน,0.0,2026-07-30,0.0,2025-07-14,
M0420_2564,SCBASHARES(R),SCBASHARES,ตราสารทุน,30250843.52,2026-07-30,23764805.81,2025-07-14,0.27292618176037187
M0420_2564,SCBASHARES(SSF),SCBASHARES,ตราสารทุน,118255737.53,2026-07-27,92638917.26,2025-07-15,0.27652331253077933
M0424_2562,main,SCBRMPIN,ทรัพย์สินทางเลือก,298893896.85,2026-07-27,241692298.45,2025-07-14,0.23667116729345672
M0425_2562,main,SCBRMLEQ,ตราสารทุน,499925191.96,2026-07-30,461154369.95,2025-07-14,0.0840734134519936
M0425_2569,main,SCBSB6M81,ตราสารหนี้,2720925329.0,2026-07-31,,,
M0426_2562,main,SCBRMS&P500,ตราสารทุน,9266326177.94,2026-07-30,5054198512.93,2025-07-14,0.8333918136049157
M0429_2556,SCBNK225,SCBNKY225,ตราสารทุน,3226023253.78,2026-07-31,689819174.88,2025-07-14,3.676621600640769
M0429_2556,SCBNK225D,SCBNKY225,ตราสารทุน,1132201955.97,2026-07-24,370728873.02,2025-07-14,2.053989150472562
M0429_2556,SCBNK225E,SCBNKY225,ตราสารทุน,237342948.66,2026-07-31,65472521.02,2025-07-14,2.6250772837584555
M0429_2556,SCBNK225P,SCBNKY225,ตราสารทุน,32885714.22,2026-07-31,0.0,2025-07-14,
M0429_2559,main,SCBFLX,ผสม,365185878.05,2026-07-31,353025244.86,2025-07-14,0.03444692232937219
M0443_2568,SCBT70X(25A),SCBT70X,ผสม,329120937.56,2026-07-30,260988457.57,2025-07-15,0.2610555295217456
M0443_2568,SCBT70X(25D),SCBT70X,ผสม,481804907.66,2026-07-31,397268159.47,2025-07-16,0.21279517669571457
M0443_2568,SCBT70X(26A),SCBT70X,ผสม,15020353.36,2026-07-30,643741749.42,2025-07-14,-0.9766671132118849
M0443_2568,SCBT70X(26D),SCBT70X,ผสม,32047628.94,2026-07-31,643741749.42,2025-07-14,-0.9502166373877812
M0443_2568,SCBT70X(LTFA),SCBT70X,ผสม,827973630.11,2026-07-31,643741749.42,2025-07-14,0.28618911365619804
M0443_2568,SCBT70X(LTFD),SCBT70X,ผสม,1892543528.59,2026-07-31,1570080800.83,2025-07-14,0.20537970249017423
M0445_2568,SCBTAPX(25A),SCBTAPX,ตราสารทุน,294415244.27,2026-07-31,209478261.37,2025-07-14,0.4054691992596615
M0445_2568,SCBTAPX(25D),SCBTAPX,ตราสารทุน,284634915.7,2026-07-31,212854676.64,2025-07-14,0.3372265068030502
M0445_2568,SCBTAPX(26A),SCBTAPX,ตราสารทุน,22043431.47,2026-07-31,209478261.37,2025-07-14,-0.8947698375677042
M0445_2568,SCBTAPX(26D),SCBTAPX,ตราสารทุน,19543386.09,2026-07-30,209478261.37,2025-07-14,-0.9067044667919949
M0445_2568,SCBTAPX(LTFA),SCBTAPX,ตราสารทุน,366310556.53,2026-07-31,263570296.49,2025-07-14,0.3898021188586325
M0445_2568,SCBTAPX(LTFD),SCBTAPX,ตราสารทุน,500840528.19,2026-07-31,375056860.66,2025-07-14,0.3353722614449828
M0448_2555,SCBSMART3,SCBSMART3FUND,ผสม,56808956.14,2026-07-27,65837092.07,2025-07-14,-0.13712841266441433
M0448_2555,SCBSMART3A,SCBSMART3FUND,ผสม,56808956.14,2026-07-27,65837092.07,2025-07-14,-0.13712841266441433
M0448_2555,SCBSMART3E,SCBSMART3FUND,ผสม,56808956.14,2026-07-27,65837092.07,2025-07-14,-0.13712841266441433
M0448_2555,SCBSMART3P,SCBSMART3FUND,ผสม,56808956.14,2026-07-27,65837092.07,2025-07-14,-0.13712841266441433
M0448_2555,SCBSMART3R,SCBSMART3FUND,ผสม,56808956.14,2026-07-27,65837092.07,2025-07-14,-0.13712841266441433
M0449_2555,SCBSMART4,SCBSMART4FUND,ผสม,43760655.58,2026-07-27,58581621.69,2025-07-14,-0.25299685605204014
M0449_2555,SCBSMART4A,SCBSMART4FUND,ผสม,43760655.58,2026-07-27,58581621.69,2025-07-14,-0.25299685605204014
M0449_2555,SCBSMART4E,SCBSMART4FUND,ผสม,43760655.58,2026-07-27,58581621.69,2025-07-14,-0.25299685605204014
M0449_2555,SCBSMART4P,SCBSMART4FUND,ผสม,43760655.58,2026-07-27,58581621.69,2025-07-14,-0.25299685605204014
M0449_2555,SCBSMART4R,SCBSMART4FUND,ผสม,43760655.58,2026-07-27,58581621.69,2025-07-14,-0.25299685605204014
M0449_2558,SCBGHC,SCBGHCFUND,ตราสารทุน,1164857985.3,2026-07-27,793300196.83,2025-07-14,0.4683697167285876
M0449_2558,SCBGHCA,SCBGHCFUND,ตราสารทุน,863386414.13,2026-07-27,363732805.71,2025-07-14,1.373683100826402
M0449_2558,SCBGHCE,SCBGHCFUND,ตราสารทุน,1164857985.3,2026-07-27,793300196.83,2025-07-14,0.4683697167285876
M0449_2558,SCBGHCP,SCBGHCFUND,ตราสารทุน,0.0,2026-07-24,0.0,2025-07-14,
M0449_2558,SCBGHCR,SCBGHCFUND,ตราสารทุน,1164857985.3,2026-07-27,793300196.83,2025-07-14,0.4683697167285876
M0450_2565,SCBINDO(A),SCBINDO,ตราสารทุน,174752979.77,2026-07-30,112175326.7,2025-07-14,0.5578557683844036
M0450_2565,SCBINDO(D),SCBINDO,ตราสารทุน,174752979.77,2026-07-30,112175326.7,2025-07-14,0.5578557683844036
M0450_2565,SCBINDO(E),SCBINDO,ตราสารทุน,174752979.77,2026-07-30,112175326.7,2025-07-14,0.5578557683844036
M0450_2565,SCBINDO(IN),SCBINDO,ตราสารทุน,174752979.77,2026-07-30,112175326.7,2025-07-14,0.5578557683844036
M0450_2565,SCBINDO(P),SCBINDO,ตราสารทุน,174752979.77,2026-07-30,112175326.7,2025-07-14,0.5578557683844036
M0450_2565,SCBINDO(R),SCBINDO,ตราสารทุน,174752979.77,2026-07-30,112175326.7,2025-07-14,0.5578557683844036
M0450_2565,SCBINDO(SSF),SCBINDO,ตราสารทุน,174752979.77,2026-07-30,112175326.7,2025-07-14,0.5578557683844036
M0450_2565,SCBINDO(SSFE),SCBINDO,ตราสารทุน,174752979.77,2026-07-30,112175326.7,2025-07-14,0.5578557683844036
M0450_2568,SCBTS100X(25A),SCBTS100X,ตราสารทุน,319836985.93,2026-07-23,218067625.99,2025-07-14,0.4666871548584055
M0450_2568,SCBTS100X(25D),SCBTS100X,ตราสารทุน,171155926.03,2026-07-31,125288829.67,2025-07-15,0.36609086764406684
M0450_2568,SCBTS100X(26A),SCBTS100X,ตราสารทุน,21515732.76,2026-07-31,218067625.99,2025-07-14,-0.9013345852584892
M0450_2568,SCBTS100X(26D),SCBTS100X,ตราสารทุน,17153429.35,2026-07-31,218067625.99,2025-07-14,-0.9213389457874568
M0450_2568,SCBTS100X(LTFA),SCBTS100X,ตราสารทุน,176440508.3,2026-07-23,117716589.03,2025-07-14,0.4988584850605402
M0450_2568,SCBTS100X(LTFD),SCBTS100X,ตราสารทุน,212135115.87,2026-07-31,150512087.25,2025-07-14,0.409422457331579
M0451_2569,main,SCBSB6M82,ตราสารหนี้,1418402396.71,2026-07-31,,,
M0452_2546,SCBDV,SCBDVFUND,ตราสารทุน,6833603433.49,2026-07-31,5777264846.72,2025-07-14,0.1828440645870213
M0452_2546,SCBDV(E),SCBDVFUND,ตราสารทุน,6833603433.49,2026-07-31,424326384.38,2025-07-14,15.104592325727864
M0452_2546,SCBDV(IN),SCBDVFUND,ตราสารทุน,6833603433.49,2026-07-31,424326384.38,2025-07-14,15.104592325727864
M0452_2546,SCBDV(SSFE),SCBDVFUND,ตราสารทุน,6064086.04,2026-07-30,4735873.83,2025-07-14,0.28045768482814504
M0452_2546,SCBDVA,SCBDVFUND,ตราสารทุน,108076221.54,2026-07-30,196110790.09,2025-07-14,-0.44890221751489956
M0452_2546,SCBDVP,SCBDVFUND,ตราสารทุน,0.0,2026-07-27,0.0,2025-07-14,
M0452_2546,SCBDVR,SCBDVFUND,ตราสารทุน,6833603433.49,2026-07-31,424326384.38,2025-07-14,15.104592325727864
M0452_2546,SCBDV-SSF,SCBDVFUND,ตราสารทุน,545055237.99,2026-07-30,424326384.38,2025-07-14,0.28451884693996043
M0452_2568,SCBTAX(25A),SCBTAX,ตราสารทุน,44860498.54,2026-07-30,33097009.44,2025-07-14,0.3554245322776206
M0452_2568,SCBTAX(25D),SCBTAX,ตราสารทุน,37610655.77,2026-07-31,28238905.43,2025-07-14,0.33187371101302654
M0452_2568,SCBTAX(26A),SCBTAX,ตราสารทุน,9666799.07,2026-07-31,33097009.44,2025-07-14,-0.7079253009996422
M0452_2568,SCBTAX(26D),SCBTAX,ตราสารทุน,15951646.8,2026-07-31,33097009.44,2025-07-14,-0.5180335906506
M0452_2568,SCBTAX(LTFA),SCBTAX,ตราสารทุน,133730232.35,2026-07-30,95794066.07,2025-07-14,0.39601791464075387
M0452_2568,SCBTAX(LTFD),SCBTAX,ตราสารทุน,133566407.93,2026-07-31,98596673.54,2025-07-14,0.35467458621525405
M0457_2565,SCBRMDIGI(A),SCBRMDIGI,ตราสารทุน,403411450.67,2026-07-27,208930331.89,2025-07-15,0.9308419558840919
M0457_2565,SCBRMDIGI(E),SCBRMDIGI,ตราสารทุน,403411450.67,2026-07-27,208930331.89,2025-07-15,0.9308419558840919
M0458_2569,SCBNDQPIN(A),SCBNDQPIN,ตราสารทุน,143108528.09,2026-07-27,,,
M0458_2569,SCBNDQPIN(D),SCBNDQPIN,ตราสารทุน,24933200.57,2026-07-30,,,
M0458_2569,SCBNDQPIN(E),SCBNDQPIN,ตราสารทุน,8483632.05,2026-07-30,,,
M0458_2569,SCBNDQPIN(IA),SCBNDQPIN,ตราสารทุน,8483632.05,2026-07-30,,,
M0458_2569,SCBNDQPIN(ID),SCBNDQPIN,ตราสารทุน,8483632.05,2026-07-30,,,
M0458_2569,SCBNDQPIN(IR),SCBNDQPIN,ตราสารทุน,8483632.05,2026-07-30,,,
M0458_2569,SCBNDQPIN(P),SCBNDQPIN,ตราสารทุน,8483632.05,2026-07-30,,,
M0458_2569,SCBNDQPIN(R),SCBNDQPIN,ตราสารทุน,8483632.05,2026-07-30,,,
M0462_2560,SCBTHAICGA,SCBTHAICG,ตราสารทุน,210257748.77,2026-07-31,485035362.29,2025-07-14,-0.5665104750768913
M0462_2560,SCBTHAICGD,SCBTHAICG,ตราสารทุน,210257748.77,2026-07-31,308383.96,2025-07-14,680.8050743300656
M0462_2560,SCBTHAICGP,SCBTHAICG,ตราสารทุน,0.0,2026-07-30,308383.96,2025-07-14,-1.0
M0462_2560,SCBTHAICGR,SCBTHAICG,ตราสารทุน,210257748.77,2026-07-31,308383.96,2025-07-14,680.8050743300656
M0464_2548,SCBLT3,SCBLT3FUND,ตราสารทุน,721614306.59,2026-07-30,757925067.01,2025-07-14,-0.047908113876277025
M0464_2548,SCBLT3(E),SCBLT3FUND,ตราสารทุน,4193713.77,2026-07-31,757925067.01,2025-07-14,-0.9944668490955918
M0464_2548,SCBLT3(IN),SCBLT3FUND,ตราสารทุน,4193713.77,2026-07-31,757925067.01,2025-07-14,-0.9944668490955918
M0464_2548,SCBLT3(SSFE),SCBLT3FUND,ตราสารทุน,622491.72,2026-07-31,488157.34,2025-07-15,0.27518664371614276
M0464_2548,SCBLT3-2020,SCBLT3FUND,ตราสารทุน,4193713.77,2026-07-31,1958417.55,2025-07-14,1.141378772877112
M0464_2548,SCBLT3-SSF,SCBLT3FUND,ตราสารทุน,94132486.82,2026-07-31,77648065.6,2025-07-15,0.2122966115462379
M0465_2564,SCBWORLD(A),SCBWORLD,ตราสารทุน,9011874979.46,2026-07-30,4423950198.35,2025-07-15,1.0370651963535114
M0465_2564,SCBWORLD(D),SCBWORLD,ตราสารทุน,88884026.07,2026-07-30,320572355.61,2025-07-14,-0.7227333408057992
M0465_2564,SCBWORLD(E),SCBWORLD,ตราสารทุน,583775090.39,2026-07-24,104951812.97,2025-07-15,4.562315446202625
M0465_2564,SCBWORLD(IN),SCBWORLD,ตราสารทุน,88884026.07,2026-07-30,320572355.61,2025-07-14,-0.7227333408057992
M0465_2564,SCBWORLD(P),SCBWORLD,ตราสารทุน,1318166786.93,2026-07-27,677684156.34,2025-07-15,0.945104920334989
M0465_2564,SCBWORLD(R),SCBWORLD,ตราสารทุน,88884026.07,2026-07-30,320572355.61,2025-07-14,-0.7227333408057992
M0465_2564,SCBWORLD(SSF),SCBWORLD,ตราสารทุน,398294845.6,2026-07-27,320572355.61,2025-07-14,0.24244913396261514
M0465_2564,SCBWORLD(SSFE),SCBWORLD,ตราสารทุน,88884026.07,2026-07-30,70521165.0,2025-07-15,0.26038794268359
M0466_2564,SCBMEGA(A),SCBMEGA,ตราสารทุน,256498120.73,2026-07-27,715086174.89,2025-07-14,-0.6413046011280298
M0466_2564,SCBMEGA(D),SCBMEGA,ตราสารทุน,256498120.73,2026-07-27,715086174.89,2025-07-14,-0.6413046011280298
M0466_2564,SCBMEGA(E),SCBMEGA,ตราสารทุน,256498120.73,2026-07-27,715086174.89,2025-07-14,-0.6413046011280298
M0466_2564,SCBMEGA(IN),SCBMEGA,ตราสารทุน,256498120.73,2026-07-27,715086174.89,2025-07-14,-0.6413046011280298
M0466_2564,SCBMEGA(P),SCBMEGA,ตราสารทุน,256498120.73,2026-07-27,715086174.89,2025-07-14,-0.6413046011280298
M0466_2564,SCBMEGA(R),SCBMEGA,ตราสารทุน,256498120.73,2026-07-27,715086174.89,2025-07-14,-0.6413046011280298
M0466_2564,SCBMEGA(SSF),SCBMEGA,ตราสารทุน,256498120.73,2026-07-27,715086174.89,2025-07-14,-0.6413046011280298
M0466_2564,SCBMEGA(SSFE),SCBMEGA,ตราสารทุน,256498120.73,2026-07-27,715086174.89,2025-07-14,-0.6413046011280298
M0467_2569,main,SCBSB6M83,ตราสารหนี้,2292116292.05,2026-07-30,,,
M0479_2569,main,SCBSB3M95,ตราสารหนี้,1284598705.61,2026-07-31,,,
M0481_2559,SCBAPLUS,SCBAPLUSFUND,ผสม,245904697.95,2026-07-27,241476143.72,2025-07-14,0.01833951032088299
M0481_2559,SCBAPLUSA,SCBAPLUSFUND,ผสม,125758828.74,2026-07-30,79236737.62,2025-07-14,0.587127795986611
M0481_2559,SCBAPLUSD,SCBAPLUSFUND,ผสม,125758828.74,2026-07-30,241476143.72,2025-07-14,-0.479208062532994
M0485_2569,main,SCBSB16M1,ตราสารหนี้,1434891476.53,2026-07-31,,,
M0489_2553,SCBFP,SCBFPFUND,ตราสารหนี้,10348094003.26,2026-07-31,11704453797.86,2025-07-14,-0.11588407438952786
M0489_2553,SCBFP(E),SCBFPFUND,ตราสารหนี้,10348094003.26,2026-07-31,11704453797.86,2025-07-14,-0.11588407438952786
M0489_2553,SCBFP(IN),SCBFPFUND,ตราสารหนี้,10348094003.26,2026-07-31,11704453797.86,2025-07-14,-0.11588407438952786
M0489_2553,SCBFP(SSFE),SCBFPFUND,ตราสารหนี้,51189565.03,2026-07-31,56082769.82,2025-07-14,-0.08724969907343993
M0489_2553,SCBFPD,SCBFPFUND,ตราสารหนี้,10348094003.26,2026-07-31,11704453797.86,2025-07-14,-0.11588407438952786
M0489_2553,SCBFPP,SCBFPFUND,ตราสารหนี้,5618418.06,2026-07-31,12302484.56,2025-07-14,-0.5433102937379342
M0489_2553,SCBFPR,SCBFPFUND,ตราสารหนี้,134469.41,2026-07-31,11704453797.86,2025-07-14,-0.9999885112614119
M0489_2553,SCBFP-SSF,SCBFPFUND,ตราสารหนี้,830343917.39,2026-07-30,829498974.23,2025-07-14,0.0010186186918246243
M0490_2569,main,SCBSB6M84,ตราสารหนี้,2836363279.65,2026-07-31,,,
M0499_2569,main,SCBSB3M96,ตราสารหนี้,3175082908.95,2026-07-30,,,
M0510_2569,main,SCBSB6M85,ตราสารหนี้,209277147.7,2026-07-31,,,
M0511_2558,main,SCBRMJP,ตราสารทุน,1007517129.02,2026-07-31,464355194.35,2025-07-15,1.169712197212121
M0513_2564,SCBAXJ(A),SCBAXJ,ตราสารทุน,1096187503.06,2026-07-31,237128539.36,2025-07-14,3.622756526981375
M0513_2564,SCBAXJ(D),SCBAXJ,ตราสารทุน,78796292.99,2026-07-31,237128539.36,2025-07-14,-0.6677064127216914
M0513_2564,SCBAXJ(E),SCBAXJ,ตราสารทุน,78796292.99,2026-07-31,15940727.38,2025-07-14,3.9430801438121073
M0513_2564,SCBAXJ(P),SCBAXJ,ตราสารทุน,126332607.11,2026-07-31,0.0,2025-07-14,
M0513_2564,SCBAXJ(R),SCBAXJ,ตราสารทุน,78796292.99,2026-07-31,237128539.36,2025-07-14,-0.6677064127216914
M0513_2564,SCBAXJ(SSF),SCBAXJ,ตราสารทุน,47931264.52,2026-07-31,27402028.48,2025-07-14,0.7491867273615798
M0515_2565,SCBRS2000(A),SCBRS2000,ตราสารทุน,1035610822.63,2026-07-30,1051201194.29,2025-07-15,-0.01483100641883306
M0515_2565,SCBRS2000(D),SCBRS2000,ตราสารทุน,0.0,2026-07-30,26094270.37,2025-07-14,-1.0
M0515_2565,SCBRS2000(E),SCBRS2000,ตราสารทุน,17756517.19,2026-07-30,26171073.44,2025-07-14,-0.3215212501425009
M0515_2565,SCBRS2000(IN),SCBRS2000,ตราสารทุน,0.0,2026-07-30,26094270.37,2025-07-14,-1.0
M0515_2565,SCBRS2000(P),SCBRS2000,ตราสารทุน,0.0,2026-07-30,0.0,2025-07-16,
M0515_2565,SCBRS2000(R),SCBRS2000,ตราสารทุน,0.0,2026-07-30,26094270.37,2025-07-14,-1.0
M0515_2565,SCBRS2000(SSF),SCBRS2000,ตราสารทุน,26563904.4,2026-07-30,26094270.37,2025-07-14,0.01799759193650141
M0515_2565,SCBRS2000(SSFE),SCBRS2000,ตราสารทุน,0.0,2026-07-30,26094270.37,2025-07-14,-1.0
M0515_2569,main,SCBSB3M97,ตราสารหนี้,2135700573.65,2026-07-30,,,
M0518_2558,main,SCBRMGIF,ตราสารทุน,553049602.72,2026-07-30,519840915.91,2025-07-14,0.06388240285370195
M0519_2569,SCBSPACE(A),SCBSPACE,ตราสารทุน,,,,,
M0519_2569,SCBSPACE(D),SCBSPACE,ตราสารทุน,,,,,
M0519_2569,SCBSPACE(E),SCBSPACE,ตราสารทุน,,,,,
M0519_2569,SCBSPACE(IA),SCBSPACE,ตราสารทุน,,,,,
M0519_2569,SCBSPACE(ID),SCBSPACE,ตราสารทุน,,,,,
M0519_2569,SCBSPACE(IR),SCBSPACE,ตราสารทุน,,,,,
M0519_2569,SCBSPACE(P),SCBSPACE,ตราสารทุน,,,,,
M0519_2569,SCBSPACE(R),SCBSPACE,ตราสารทุน,,,,,
M0521_2569,main,SCBSB15M1,ตราสารหนี้,2284923385.73,2026-07-31,,,
M0522_2555,SCBOIL,SCBOILFUND,ทรัพย์สินทางเลือก,644553328.81,2026-07-30,516363483.81,2025-07-14,0.2482550548581557
M0522_2555,SCBOILD,SCBOILFUND,ทรัพย์สินทางเลือก,644553328.81,2026-07-30,516363483.81,2025-07-14,0.2482550548581557
M0522_2555,SCBOILE,SCBOILFUND,ทรัพย์สินทางเลือก,644553328.81,2026-07-30,516363483.81,2025-07-14,0.2482550548581557
M0522_2555,SCBOILP,SCBOILFUND,ทรัพย์สินทางเลือก,644553328.81,2026-07-30,516363483.81,2025-07-14,0.2482550548581557
M0522_2555,SCBOILR,SCBOILFUND,ทรัพย์สินทางเลือก,644553328.81,2026-07-30,516363483.81,2025-07-14,0.2482550548581557
M0522_2558,main,SCBRMEU,ตราสารทุน,434666015.07,2026-07-30,336576623.99,2025-07-14,0.2914325716301507
M0526_2560,SCBPOPA,SCBPOP,ผสม,522078734.59,2026-07-27,765818382.86,2025-07-14,-0.31827343626792814
M0526_2560,SCBPOPD,SCBPOP,ผสม,0.0,2026-07-27,0.0,2025-07-14,
M0526_2560,SCBPOPP,SCBPOP,ผสม,0.0,2026-07-27,0.0,2025-07-14,
M0526_2560,SCBPOPR,SCBPOP,ผสม,0.0,2026-07-27,0.0,2025-07-14,
M0529_2562,SCBLARGEA,SCBLARGE,ตราสารทุน,625791806.52,2026-07-31,316293305.22,2025-07-14,0.9785173956961437
M0529_2562,SCBLARGED,SCBLARGE,ตราสารทุน,10098565.88,2026-07-31,316293305.22,2025-07-14,-0.9680721478661211
M0529_2562,SCBLARGEE,SCBLARGE,ตราสารทุน,5019121.94,2026-07-31,3110698.25,2025-07-14,0.6135033155337393
M0529_2562,SCBLARGEP,SCBLARGE,ตราสารทุน,10098565.88,2026-07-31,0.0,2025-07-15,
M0529_2562,SCBLARGER,SCBLARGE,ตราสารทุน,10098565.88,2026-07-31,316293305.22,2025-07-14,-0.9680721478661211
M0534_2563,SCBGEESG(SSF),SCBGEESG,ตราสารทุน,0.0,2026-07-27,332115350.32,2025-07-14,-1.0
M0534_2563,SCBGEESG(SSFA),SCBGEESG,ตราสารทุน,0.0,2026-07-27,332115350.32,2025-07-14,-1.0
M0534_2563,SCBGEESG(SSFE),SCBGEESG,ตราสารทุน,0.0,2026-07-27,332115350.32,2025-07-14,-1.0
M0534_2563,SCBGEESGA,SCBGEESG,ตราสารทุน,168427098.17,2026-07-27,332115350.32,2025-07-14,-0.49286566246421004
M0534_2563,SCBGEESGD,SCBGEESG,ตราสารทุน,0.0,2026-07-27,332115350.32,2025-07-14,-1.0
M0534_2563,SCBGEESGP,SCBGEESG,ตราสารทุน,0.0,2026-07-27,0.0,2025-07-15,
M0534_2563,SCBGEESGR,SCBGEESG,ตราสารทุน,0.0,2026-07-27,332115350.32,2025-07-14,-1.0
M0536_2562,SCBMOMENTA,SCBMOMENT,ตราสารทุน,4291630.85,2026-07-31,4651922.27,2025-07-14,-0.07745000863911677
M0536_2562,SCBMOMENTD,SCBMOMENT,ตราสารทุน,868221.47,2026-07-31,4651922.27,2025-07-14,-0.8133628595647192
M0536_2562,SCBMOMENTE,SCBMOMENT,ตราสารทุน,868221.47,2026-07-31,489051.4,2025-07-15,0.7753174206228628
M0536_2562,SCBMOMENTP,SCBMOMENT,ตราสารทุน,0.0,2026-07-31,0.0,2025-07-15,
M0536_2562,SCBMOMENTR,SCBMOMENT,ตราสารทุน,868221.47,2026-07-31,4651922.27,2025-07-14,-0.8133628595647192
M0536_2563,SCBUSA(E),SCBUSA,ตราสารทุน,31300220.91,2026-07-30,34001610.63,2025-07-14,-0.07944887521347399
M0536_2563,SCBUSA(IN),SCBUSA,ตราสารทุน,0.0,2026-07-30,34001610.63,2025-07-14,-1.0
M0536_2563,SCBUSA(SSF),SCBUSA,ตราสารทุน,88988554.93,2026-07-27,106781842.68,2025-07-15,-0.166632147408453
M0536_2563,SCBUSA(SSFE),SCBUSA,ตราสารทุน,9659837.05,2026-07-30,12293440.98,2025-07-15,-0.21422837871711975
M0536_2563,SCBUSAA,SCBUSA,ตราสารทุน,2587423556.73,2026-07-27,3346954204.17,2025-07-14,-0.2269318912382171
M0536_2563,SCBUSAD,SCBUSA,ตราสารทุน,0.0,2026-07-30,34001610.63,2025-07-14,-1.0
M0536_2563,SCBUSAP,SCBUSA,ตราสารทุน,0.0,2026-07-30,0.0,2025-07-15,
M0536_2563,SCBUSAR,SCBUSA,ตราสารทุน,0.0,2026-07-30,34001610.63,2025-07-14,-1.0
M0537_2562,SCBQUALITYA,SCBQUALITY,ตราสารทุน,7712192.64,2026-07-31,5772391.49,2025-07-17,0.33604809260780044
M0537_2562,SCBQUALITYD,SCBQUALITY,ตราสารทุน,3904905.43,2026-07-31,0.0,2025-07-14,
M0537_2562,SCBQUALITYE,SCBQUALITY,ตราสารทุน,3904905.43,2026-07-31,3019898.66,2025-07-15,0.2930584332919304
M0537_2562,SCBQUALITYP,SCBQUALITY,ตราสารทุน,0.0,2026-07-30,0.0,2025-07-14,
M0537_2562,SCBQUALITYR,SCBQUALITY,ตราสารทุน,3904905.43,2026-07-31,0.0,2025-07-14,
M0538_2562,SCBVALUEA,SCBVALUE,ตราสารทุน,41516864.96,2026-07-30,20055095.21,2025-07-14,1.0701405067026855
M0538_2562,SCBVALUED,SCBVALUE,ตราสารทุน,6461608.0,2026-07-31,20055095.21,2025-07-14,-0.6778071640977266
M0538_2562,SCBVALUEE,SCBVALUE,ตราสารทุน,6461608.0,2026-07-31,2222196.49,2025-07-14,1.907757270375312
M0538_2562,SCBVALUEP,SCBVALUE,ตราสารทุน,0.0,2026-07-31,0.0,2025-07-14,
M0538_2562,SCBVALUER,SCBVALUE,ตราสารทุน,6461608.0,2026-07-31,20055095.21,2025-07-14,-0.6778071640977266
M0539_2564,SCBVIET(A),SCBVIET,ตราสารทุน,1671812645.01,2026-07-31,2058723721.7,2025-07-14,-0.1879373480820955
M0539_2564,SCBVIET(D),SCBVIET,ตราสารทุน,98369444.64,2026-07-31,481006657.55,2025-07-14,-0.7954925506830961
M0539_2564,SCBVIET(E),SCBVIET,ตราสารทุน,98369444.64,2026-07-31,100982308.8,2025-07-14,-0.02587447436139423
M0539_2564,SCBVIET(IN),SCBVIET,ตราสารทุน,98369444.64,2026-07-31,481006657.55,2025-07-14,-0.7954925506830961
M0539_2564,SCBVIET(P),SCBVIET,ตราสารทุน,98369444.64,2026-07-31,481006657.55,2025-07-14,-0.7954925506830961
M0539_2564,SCBVIET(R),SCBVIET,ตราสารทุน,98369444.64,2026-07-31,481006657.55,2025-07-14,-0.7954925506830961
M0539_2564,SCBVIET(SSF),SCBVIET,ตราสารทุน,454633797.1,2026-07-31,481006657.55,2025-07-14,-0.054828472820583674
M0539_2564,SCBVIET(SSFA),SCBVIET,ตราสารทุน,165101641.86,2026-07-31,173718658.84,2025-07-14,-0.049603289810892015
M0539_2564,SCBVIET(SSFE),SCBVIET,ตราสารทุน,100287199.58,2026-07-31,105729353.0,2025-07-18,-0.05147249335763926
M0540_2568,main,SCBUSDYIELD,ตราสารหนี้,41724225.09,2026-07-30,,,
M0542_2569,main,SCBSB6M86,ตราสารหนี้,2296216680.01,2026-07-31,,,
M0543_2562,SCBEQUALA,SCBEQUAL,ตราสารทุน,4840029.18,2026-07-31,1339826.59,2025-07-14,2.612429560753828
M0543_2562,SCBEQUALD,SCBEQUAL,ตราสารทุน,0.0,2026-07-31,1767100.23,2025-07-14,-1.0
M0543_2562,SCBEQUALE,SCBEQUAL,ตราสารทุน,1496276.37,2026-07-31,1767100.23,2025-07-14,-0.15325891276693449
M0543_2562,SCBEQUALP,SCBEQUAL,ตราสารทุน,0.0,2026-07-31,0.0,2025-07-14,
M0543_2562,SCBEQUALR,SCBEQUAL,ตราสารทุน,0.0,2026-07-31,1767100.23,2025-07-14,-1.0
M0547_2564,SCBRMNDQ(A),SCBRMNDQ,ตราสารทุน,1667554487.97,2026-07-30,732488005.8,2025-07-14,1.2765621754430647
M0547_2564,SCBRMNDQ(E),SCBRMNDQ,ตราสารทุน,1667554487.97,2026-07-30,732488005.8,2025-07-14,1.2765621754430647
M0548_2564,SCBRMVIET(A),SCBRMVIET,ตราสารทุน,725194960.36,2026-07-31,725335428.2,2025-07-14,-0.00019365914656699346
M0548_2564,SCBRMVIET(E),SCBRMVIET,ตราสารทุน,725194960.36,2026-07-31,725335428.2,2025-07-14,-0.00019365914656699346
M0548_2569,main,SCBSB3M98,ตราสารหนี้,2802985038.61,2026-07-31,,,
M0550_2560,SCBMLT(E),SCBMLT,ตราสารทุน,904427.31,2026-07-31,55209.5,2025-07-15,15.381733397331981
M0550_2560,SCBMLT(IN),SCBMLT,ตราสารทุน,215784732.23,2026-07-31,284651235.32,2025-07-14,-0.24193291489700186
M0550_2560,SCBMLT(SSF),SCBMLT,ตราสารทุน,3441470.36,2026-07-30,1534559.75,2025-07-14,1.2426434421989758
M0550_2560,SCBMLT(SSFE),SCBMLT,ตราสารทุน,127803.73,2026-07-31,122081.1,2025-07-14,0.04687564250322107
M0550_2560,SCBMLTA,SCBMLT,ตราสารทุน,215784732.23,2026-07-31,284651235.32,2025-07-14,-0.24193291489700186
M0550_2560,SCBMLTD,SCBMLT,ตราสารทุน,215784732.23,2026-07-31,284651235.32,2025-07-14,-0.24193291489700186
M0550_2560,SCBMLTP,SCBMLT,ตราสารทุน,574249.99,2026-07-31,390054.42,2025-07-15,0.47223043902438033
M0550_2560,SCBMLTR,SCBMLT,ตราสารทุน,215784732.23,2026-07-31,284651235.32,2025-07-14,-0.24193291489700186
M0555_2564,SCBRMASHARES(A),SCBRMASHARES,ตราสารทุน,239964116.04,2026-07-30,151527888.5,2025-07-14,0.5836300394300022
M0555_2564,SCBRMASHARES(E),SCBRMASHARES,ตราสารทุน,239964116.04,2026-07-30,151527888.5,2025-07-14,0.5836300394300022
M0555_2569,main,SCBSB15M3,ตราสารหนี้,1536377593.21,2026-07-31,,,
M0559_2557,SCBKEQTG,SCBKEQTGFUND,ตราสารทุน,9483363244.16,2026-07-30,1241907829.52,2025-07-14,6.636124854632199
M0559_2557,SCBKEQTGD,SCBKEQTGFUND,ตราสารทุน,821049.58,2026-07-30,1241907829.52,2025-07-14,-0.9993388804221346
M0559_2557,SCBKEQTGE,SCBKEQTGFUND,ตราสารทุน,334749442.19,2026-07-30,71741624.77,2025-07-14,3.6660421096286804
M0559_2557,SCBKEQTGP,SCBKEQTGFUND,ตราสารทุน,821049.58,2026-07-30,0.0,2025-07-14,
M0559_2557,SCBKEQTGR,SCBKEQTGFUND,ตราสารทุน,821049.58,2026-07-30,1241907829.52,2025-07-14,-0.9993388804221346
M0559_2568,SCBROYALTY(A),SCBROYALTY,อื่น ๆ,373801771.46,2026-07-30,,,
M0559_2568,SCBROYALTY(D),SCBROYALTY,อื่น ๆ,373801771.46,2026-07-30,,,
M0559_2568,SCBROYALTY(P),SCBROYALTY,อื่น ๆ,373801771.46,2026-07-30,,,
M0559_2568,SCBROYALTY(R),SCBROYALTY,อื่น ๆ,373801771.46,2026-07-30,,,
M0568_2569,main,SCBSB3M99,ตราสารหนี้,1564353376.34,2026-07-31,,,
M0570_2560,main,SCBRMPOP,ผสม,919065747.76,2026-07-30,967513949.2,2025-07-16,-0.0500749384337662
M0571_2567,SCBTB(A),SCBTB,ตราสารหนี้,323917895.37,2026-07-31,161407299.49,2025-07-14,1.006835480139288
M0571_2567,SCBTB(D),SCBTB,ตราสารหนี้,323917895.37,2026-07-31,161407299.49,2025-07-14,1.006835480139288
M0571_2567,SCBTB(P),SCBTB,ตราสารหนี้,323917895.37,2026-07-31,161407299.49,2025-07-14,1.006835480139288
M0571_2567,SCBTB(R),SCBTB,ตราสารหนี้,323917895.37,2026-07-31,161407299.49,2025-07-14,1.006835480139288
M0571_2567,SCBTB(ThaiESG),SCBTB,ตราสารหนี้,323917895.37,2026-07-31,161407299.49,2025-07-14,1.006835480139288
M0571_2567,SCBTB(ThaiESGA),SCBTB,ตราสารหนี้,4778997597.44,2026-07-30,2510883620.17,2025-07-14,0.9033130643930187
M0571_2567,SCBTB(ThaiESGE),SCBTB,ตราสารหนี้,323917895.37,2026-07-31,161407299.49,2025-07-14,1.006835480139288
M0578_2569,main,SCBSB15M4,ตราสารหนี้,1796672042.83,2026-07-31,,,
M0587_2569,main,SCBSB6M88,ตราสารหนี้,1672405887.76,2026-07-31,,,
M0591_2552,SCBBANKING,SCBBANKINGFUND,ตราสารทุน,1411235637.4,2026-07-31,952476513.46,2025-07-14,0.48164875191882195
M0591_2552,SCBBANKINGA,SCBBANKINGFUND,ตราสารทุน,409399116.06,2026-07-31,80501684.51,2025-07-14,4.085596885977511
M0591_2552,SCBBANKINGE,SCBBANKINGFUND,ตราสารทุน,51835715.93,2026-07-31,9355398.72,2025-07-14,4.540727603537137
M0591_2552,SCBBANKINGP,SCBBANKINGFUND,ตราสารทุน,1471439.94,2026-07-31,0.0,2025-07-14,
M0591_2552,SCBBANKINGR,SCBBANKINGFUND,ตราสารทุน,1411235637.4,2026-07-31,80501684.51,2025-07-14,16.530510646950436
M0593_2552,SCBENERGY,SCBENERGYFUND,ตราสารทุน,329265245.66,2026-07-31,382839931.16,2025-07-16,-0.13994017117720559
M0593_2552,SCBENERGYA,SCBENERGYFUND,ตราสารทุน,25349002.32,2026-07-30,12575674.71,2025-07-14,1.015717081155322
M0593_2552,SCBENERGYE,SCBENERGYFUND,ตราสารทุน,12144346.0,2026-07-31,4388170.74,2025-07-16,1.7675190232000864
M0593_2552,SCBENERGYP,SCBENERGYFUND,ตราสารทุน,0.0,2026-07-31,0.0,2025-07-14,
M0593_2552,SCBENERGYR,SCBENERGYFUND,ตราสารทุน,329265245.66,2026-07-31,0.0,2025-07-14,
M0593_2558,main,SCBRMGHC,ตราสารทุน,2270534002.27,2026-07-24,1544922378.44,2025-07-14,0.4696751331692748
M0595_2569,main,SCBSB3M100,ตราสารหนี้,2693758222.44,2026-07-30,,,
M0597_2552,SCBSET50,SCBSET50FUND,ตราสารทุน,5126655672.91,2026-07-27,5625976055.18,2025-07-14,-0.08875266751451272
M0597_2552,SCBSET50(SSF),SCBSET50FUND,ตราสารทุน,367747122.63,2026-07-31,272355575.12,2025-07-16,0.3502463552213697
M0597_2552,SCBSET50(SSFE),SCBSET50FUND,ตราสารทุน,51031311.98,2026-07-31,39547939.98,2025-07-14,0.2903658700252736
M0597_2552,SCBSET50D,SCBSET50FUND,ตราสารทุน,168247791.04,2026-07-31,5625976055.18,2025-07-14,-0.9700944708278505
M0597_2552,SCBSET50E,SCBSET50FUND,ตราสารทุน,168247791.04,2026-07-31,133627637.45,2025-07-14,0.25907929116051265
M0597_2552,SCBSET50P,SCBSET50FUND,ตราสารทุน,11795914.86,2026-07-24,7656151.55,2025-07-14,0.5407107321432267
M0597_2552,SCBSET50R,SCBSET50FUND,ตราสารทุน,168247791.04,2026-07-31,5625976055.18,2025-07-14,-0.9700944708278505
M0597_2569,main,SCBSB15M5,ตราสารหนี้,907197619.44,2026-07-30,,,
M0611_2556,main,SCB2576,ผสม,42054543.87,2026-07-27,39649049.67,2025-07-14,0.060669655893923924
M0612_2556,main,SCB2586,ผสม,12760486.75,2026-07-27,19511427.72,2025-07-14,-0.3459993326413532
M0612_2569,main,SCBSB3M101,ตราสารหนี้,2283195250.88,2026-07-31,,,
M0613_2569,main,SCBSB6M89,ตราสารหนี้,2020179402.02,2026-07-31,,,
M0620_2552,SCBCE,SCBCEFUND,ตราสารทุน,627700040.64,2026-07-30,715379352.0,2025-07-14,-0.1225633799953455
M0620_2552,SCBCE(SSF),SCBCEFUND,ตราสารทุน,100862752.47,2026-07-31,100782923.03,2025-07-14,0.0007920929220939232
M0620_2552,SCBCE(SSFE),SCBCEFUND,ตราสารทุน,35975513.63,2026-07-31,36846915.92,2025-07-14,-0.023649259869996664
M0620_2552,SCBCED,SCBCEFUND,ตราสารทุน,100862752.47,2026-07-31,36846915.92,2025-07-14,1.7373458524720946
M0620_2552,SCBCEE,SCBCEFUND,ตราสารทุน,105514709.18,2026-07-31,82705201.05,2025-07-15,0.27579291072891987
M0620_2552,SCBCEP,SCBCEFUND,ตราสารทุน,0.0,2026-07-27,0.0,2025-07-15,
M0620_2552,SCBCER,SCBCEFUND,ตราสารทุน,100862752.47,2026-07-31,36846915.92,2025-07-14,1.7373458524720946
M0623_2547,SCBLT1,SCBLT1FUND,ผสม,7540720347.85,2026-07-27,8820726829.93,2025-07-14,-0.1451134931122403
M0623_2547,SCBLT1(E),SCBLT1FUND,ผสม,46299130.46,2026-07-31,8820726829.93,2025-07-14,-0.9947510980271036
M0623_2547,SCBLT1(IN),SCBLT1FUND,ผสม,46299130.46,2026-07-31,8820726829.93,2025-07-14,-0.9947510980271036
M0623_2547,SCBLT1(SSFA),SCBLT1FUND,ผสม,46299130.46,2026-07-31,36655302.3,2025-07-14,0.26309503823134484
M0623_2547,SCBLT1(SSFE),SCBLT1FUND,ผสม,3327940.11,2026-07-24,2735486.66,2025-07-14,0.2165806394391263
M0623_2547,SCBLT1-2020,SCBLT1FUND,ผสม,14941801.18,2026-07-31,11418648.56,2025-07-14,0.30854374766745596
M0623_2547,SCBLT1-SSF,SCBLT1FUND,ผสม,2155546475.35,2026-07-31,1874757148.97,2025-07-14,0.14977370617536612
M0625_2567,SCBWEQ(A),SCBWEQ,ตราสารทุน,694282949.74,2026-07-30,1356722953.21,2025-07-14,-0.4882647572982164
M0625_2567,SCBWEQ(D),SCBWEQ,ตราสารทุน,694282949.74,2026-07-30,202696.27,2025-07-14,3424.2379175008996
M0625_2567,SCBWEQ(P),SCBWEQ,ตราสารทุน,22200972.84,2026-07-30,202696.27,2025-07-14,108.52827518730365
M0625_2567,SCBWEQ(R),SCBWEQ,ตราสารทุน,694282949.74,2026-07-30,202696.27,2025-07-14,3424.2379175008996
M0626_2547,SCBLT2,SCBLT2FUND,ตราสารทุน,2421432247.16,2026-07-31,2516286137.13,2025-07-14,-0.03769598718140532
M0626_2547,SCBLT2(E),SCBLT2FUND,ตราสารทุน,2326647.53,2026-07-31,1723206.01,2025-07-14,0.3501853617606636
M0626_2547,SCBLT2(IN),SCBLT2FUND,ตราสารทุน,2326647.53,2026-07-31,1723206.01,2025-07-14,0.3501853617606636
M0626_2547,SCBLT2(SSFE),SCBLT2FUND,ตราสารทุน,2236531.67,2026-07-31,1723206.01,2025-07-14,0.297889896519105
M0626_2547,SCBLT2-2020,SCBLT2FUND,ตราสารทุน,2326647.53,2026-07-31,2324014.63,2025-07-14,0.0011329102519461731
M0626_2547,SCBLT2-SSF,SCBLT2FUND,ตราสารทุน,444884721.02,2026-07-30,373881735.05,2025-07-14,0.18990760797797357
M0634_2569,main,SCBSB6M90,ตราสารหนี้,1768812352.25,2026-07-30,,,
M0639_2569,main,SCBSB3M102,ตราสารหนี้,1702158560.95,2026-07-31,,,
M0640_2566,SCBDBOND(A),SCBDBOND,ตราสารหนี้,18057321462.07,2026-07-30,47060325820.55,2025-07-16,-0.6162941682357659
M0640_2566,SCBDBOND(IN),SCBDBOND,ตราสารหนี้,18057321462.07,2026-07-30,47060325820.55,2025-07-16,-0.6162941682357659
M0640_2566,SCBDBOND(P),SCBDBOND,ตราสารหนี้,18057321462.07,2026-07-30,47060325820.55,2025-07-16,-0.6162941682357659
M0640_2566,SCBDBOND(R),SCBDBOND,ตราสารหนี้,18057321462.07,2026-07-30,47060325820.55,2025-07-16,-0.6162941682357659
M0640_2566,SCBDBOND(SSFA),SCBDBOND,ตราสารหนี้,18057321462.07,2026-07-30,47060325820.55,2025-07-16,-0.6162941682357659
M0641_2558,SCBUSSM,SCBUSSMFUND,ตราสารทุน,368236230.07,2026-07-27,690041664.24,2025-07-14,-0.46635652721699195
M0641_2558,SCBUSSMD,SCBUSSMFUND,ตราสารทุน,0.0,2026-07-27,690041664.24,2025-07-14,-1.0
M0641_2558,SCBUSSME,SCBUSSMFUND,ตราสารทุน,0.0,2026-07-27,690041664.24,2025-07-14,-1.0
M0641_2558,SCBUSSMP,SCBUSSMFUND,ตราสารทุน,0.0,2026-07-27,0.0,2025-07-14,
M0641_2558,SCBUSSMR,SCBUSSMFUND,ตราสารทุน,0.0,2026-07-27,690041664.24,2025-07-14,-1.0
M0643_2555,SCBS&P500,SCBS&P500FUND,ตราสารทุน,10357207309.76,2026-07-21,4360682029.59,2025-07-14,1.3751347242196892
M0643_2555,SCBS&P500(IN),SCBS&P500FUND,ตราสารทุน,9466767434.65,2026-07-30,3187245933.4,2025-07-14,1.97020300047926
M0643_2555,SCBS&P500(SSFA),SCBS&P500FUND,ตราสารทุน,758593734.85,2026-07-30,636600456.52,2025-07-15,0.19163240786360847
M0643_2555,SCBS&P500(SSFE),SCBS&P500FUND,ตราสารทุน,443888096.31,2026-07-27,408517630.31,2025-07-15,0.08658247129544794
M0643_2555,SCBS&P500A,SCBS&P500FUND,ตราสารทุน,9466767434.65,2026-07-30,3187245933.4,2025-07-14,1.97020300047926
M0643_2555,SCBS&P500E,SCBS&P500FUND,ตราสารทุน,3675751648.52,2026-07-24,1145545927.92,2025-07-14,2.208733546977174
M0643_2555,SCBS&P500P,SCBS&P500FUND,ตราสารทุน,13653127.88,2026-07-22,30863990.97,2025-07-14,-0.5576356961330461
M0643_2555,SCBS&P500R,SCBS&P500FUND,ตราสารทุน,9466767434.65,2026-07-30,3187245933.4,2025-07-14,1.97020300047926
M0643_2555,SCBS&P500-SSF,SCBS&P500FUND,ตราสารทุน,4188829811.38,2026-07-30,3846413305.09,2025-07-17,0.08902228625220188
M0659_2569,main,SCBSB17M1,ตราสารหนี้,165663963.54,2026-07-31,,,
M0661_2569,main,SCBSB6M91,ตราสารหนี้,1005205747.18,2026-07-31,,,
M0662_2560,SCBINCA,SCBINC,ผสม,5064330707.5,2026-07-30,2717930369.87,2025-07-14,0.8633040653437452
M0662_2560,SCBINCD,SCBINC,ผสม,53096881.28,2026-07-30,2328759.17,2025-07-14,21.800503359907328
M0662_2560,SCBINCP,SCBINC,ผสม,1098233889.44,2026-07-30,2328759.17,2025-07-14,470.59616313609627
M0662_2560,SCBINCR,SCBINC,ผสม,53096881.28,2026-07-30,30922606.18,2025-07-14,0.7170894642878385
M0664_2569,main,SCBSB3M103,ตราสารหนี้,1805471807.84,2026-07-31,,,
M0676_2558,SCBFST,SCBFSTFUND,ตราสารหนี้,707644552.33,2026-07-31,1348244259.77,2025-07-14,-0.4751362394446844
M0676_2558,SCBFSTD,SCBFSTFUND,ตราสารหนี้,707644552.33,2026-07-31,1348244259.77,2025-07-14,-0.4751362394446844
M0676_2558,SCBFSTE,SCBFSTFUND,ตราสารหนี้,707644552.33,2026-07-31,1348244259.77,2025-07-14,-0.4751362394446844
M0676_2558,SCBFSTP,SCBFSTFUND,ตราสารหนี้,0.0,2026-07-31,0.0,2025-07-14,
M0676_2558,SCBFSTR,SCBFSTFUND,ตราสารหนี้,707644552.33,2026-07-31,1348244259.77,2025-07-14,-0.4751362394446844
M0676_2569,main,SCBSB6M92,ตราสารหนี้,619173269.76,2026-07-31,,,
M0683_2569,main,SCBSB3M104,ตราสารหนี้,1404885962.72,2026-07-27,,,
M0684_2559,SCBGINA,SCBGIN,ผสม,33465948.75,2026-07-27,31092654.31,2025-07-14,0.07632974709517493
M0684_2559,SCBGIND,SCBGIN,ผสม,447931370.07,2026-07-30,427650289.42,2025-07-14,0.047424452062235556
M0684_2559,SCBGINR,SCBGIN,ผสม,447931370.07,2026-07-30,427650289.42,2025-07-14,0.047424452062235556
M0688_2569,main,SCBSB5M1,ตราสารหนี้,2506029247.86,2026-07-31,,,
M0698_2569,main,SCBNDQPINUH,ตราสารทุน,76756509.55,2026-07-30,,,
M0706_2568,main,SCBRMMONEY,ตราสารหนี้,426044361.08,2026-07-31,,,
M0710_2569,main,SCBSB3M105,ตราสารหนี้,2007449643.15,2026-07-31,,,
M0729_2568,main,SCBUSDABSAP,ตราสารทุน,3205750.77,2026-07-27,,,
M0730_2569,main,SCBSB6M93,ตราสารหนี้,2780812660.11,2026-07-31,,,
M0732_2556,SCBSFFPLU(SSFE),SCBSFFPLUS,ตราสารหนี้,69373646.51,2026-07-27,69006455.89,2025-07-14,0.005321105326512088
M0732_2556,SCBSFFPLUS(IN),SCBSFFPLUS,ตราสารหนี้,131971411901.18,2026-07-31,69006455.89,2025-07-14,1911.4502222161577
M0732_2556,SCBSFFPLUS-A,SCBSFFPLUS,ตราสารหนี้,131971411901.18,2026-07-31,96189600034.23,2025-07-15,0.3719925215846276
M0732_2556,SCBSFFPLUS-B,SCBSFFPLUS,ตราสารหนี้,36789784956.03,2026-07-31,26012024787.42,2025-07-14,0.4143376094975262
M0732_2556,SCBSFFPLUS-E,SCBSFFPLUS,ตราสารหนี้,131971411901.18,2026-07-31,69006455.89,2025-07-14,1911.4502222161577
M0732_2556,SCBSFFPLUS-I,SCBSFFPLUS,ตราสารหนี้,4869357244.67,2026-07-31,11138314363.52,2025-07-14,-0.5628281725807607
M0732_2556,SCBSFFPLUS-P,SCBSFFPLUS,ตราสารหนี้,270438592.51,2026-07-27,249985813.15,2025-07-14,0.08181576027167448
M0732_2556,SCBSFFPLUS-SSF,SCBSFFPLUS,ตราสารหนี้,981890507.62,2026-07-21,921826839.89,2025-07-15,0.06515721297197996
M0743_2569,main,SCBSB3M106,ตราสารหนี้,1956434207.94,2026-07-31,,,
M0749_2558,SCBLEQ,SCBLEQFUND,ตราสารทุน,977278482.94,2026-07-30,944388156.91,2025-07-14,0.03482712673739563
M0749_2558,SCBLEQ(E),SCBLEQFUND,ตราสารทุน,0.0,2026-07-30,944388156.91,2025-07-14,-1.0
M0749_2558,SCBLEQ(IN),SCBLEQFUND,ตราสารทุน,0.0,2026-07-30,944388156.91,2025-07-14,-1.0
M0749_2558,SCBLEQ(SSFE),SCBLEQFUND,ตราสารทุน,11984810.03,2026-07-30,12741304.05,2025-07-16,-0.05937335904012131
M0749_2558,SCBLEQA,SCBLEQFUND,ตราสารทุน,2386675137.97,2026-07-30,2475574340.31,2025-07-14,-0.03591053635208863
M0749_2558,SCBLEQP,SCBLEQFUND,ตราสารทุน,0.0,2026-07-30,0.0,2025-07-14,
M0749_2558,SCBLEQR,SCBLEQFUND,ตราสารทุน,0.0,2026-07-30,944388156.91,2025-07-14,-1.0
M0749_2558,SCBLEQ-SSF,SCBLEQFUND,ตราสารทุน,797748141.19,2026-07-30,792205303.05,2025-07-14,0.006996719308315802
M0767_2569,main,SCBSB3M107,ตราสารหนี้,551874666.39,2026-07-30,,,
M0768_2558,main,SCBGPLUS,ผสม,370196462.05,2026-07-30,394619328.23,2025-07-14,-0.06188968566122888
M0772_2558,SCBPLUS,SCBPLUSFUND,ผสม,3586746282.09,2026-07-30,4937354422.7,2025-07-14,-0.27354895455761463
M0772_2558,SCBPLUSA,SCBPLUSFUND,ผสม,67713901.6,2026-07-30,34342279.6,2025-07-14,0.9717357842488705
M0772_2558,SCBPLUSD,SCBPLUSFUND,ผสม,67713901.6,2026-07-30,34342279.6,2025-07-14,0.9717357842488705
M0772_2558,SCBPLUSP,SCBPLUSFUND,ผสม,67713901.6,2026-07-30,34342279.6,2025-07-14,0.9717357842488705
M0778_2554,main,SCBGOLDHRMF,ทรัพย์สินทางเลือก,5358563050.4,2026-07-31,2745357614.06,2025-07-14,0.9518634013131113
M0787_2554,main,SCBRMS50,ตราสารทุน,4646348945.71,2026-07-27,3671933536.56,2025-07-15,0.2653684767025679
M0792_2555,SCBEMEQ,SCBEMEQFUND,ตราสารทุน,124216518.56,2026-07-27,118178378.48,2025-07-14,0.05109344160634155
M0792_2555,SCBEMEQA,SCBEMEQFUND,ตราสารทุน,19207345.07,2026-07-27,125589669.85,2025-07-15,-0.8470626995600785
M0792_2555,SCBEMEQP,SCBEMEQFUND,ตราสารทุน,0.0,2026-07-27,0.0,2025-07-14,
M0792_2555,SCBEMEQR,SCBEMEQFUND,ตราสารทุน,124216518.56,2026-07-27,118178378.48,2025-07-14,0.05109344160634155
M0822_2567,SCBTD(A),SCBTD,ตราสารทุน,429397372.19,2026-07-31,70178901.77,2025-07-14,5.118610598913053
M0822_2567,SCBTD(D),SCBTD,ตราสารทุน,429397372.19,2026-07-31,70178901.77,2025-07-14,5.118610598913053
M0822_2567,SCBTD(P),SCBTD,ตราสารทุน,429397372.19,2026-07-31,70178901.77,2025-07-14,5.118610598913053
M0822_2567,SCBTD(R),SCBTD,ตราสารทุน,429397372.19,2026-07-31,70178901.77,2025-07-14,5.118610598913053
M0822_2567,SCBTD(ThaiESG),SCBTD,ตราสารทุน,429397372.19,2026-07-31,144565273.4,2025-07-15,1.9702663861873204
M0822_2567,SCBTD(ThaiESGA),SCBTD,ตราสารทุน,211020959.69,2026-07-31,70178901.77,2025-07-14,2.0069002843844306
M0822_2567,SCBTD(ThaiESGE),SCBTD,ตราสารทุน,35825508.23,2026-07-31,9880124.33,2025-07-14,2.626017956193067
M0828_2554,SCBGLOW,SCBGLOWFUND,ผสม,26262298.35,2026-07-24,10163654.55,2025-07-14,1.5839424412550502
M0828_2554,SCBGLOW(D),SCBGLOWFUND,ผสม,26262298.35,2026-07-24,10163654.55,2025-07-14,1.5839424412550502
M0828_2554,SCBGLOW(E),SCBGLOWFUND,ผสม,26262298.35,2026-07-24,10163654.55,2025-07-14,1.5839424412550502
M0828_2554,SCBGLOW(IN),SCBGLOWFUND,ผสม,26262298.35,2026-07-24,10163654.55,2025-07-14,1.5839424412550502
M0828_2554,SCBGLOW(P),SCBGLOWFUND,ผสม,26262298.35,2026-07-24,10163654.55,2025-07-14,1.5839424412550502
M0828_2554,SCBGLOW(R),SCBGLOWFUND,ผสม,26262298.35,2026-07-24,10163654.55,2025-07-14,1.5839424412550502
M0828_2554,SCBGLOW(SSF),SCBGLOWFUND,ผสม,26262298.35,2026-07-24,10163654.55,2025-07-14,1.5839424412550502
M0828_2554,SCBGLOW(SSFE),SCBGLOWFUND,ผสม,26262298.35,2026-07-24,10163654.55,2025-07-14,1.5839424412550502
M0843_2566,SCBTM(A),SCBTM,ผสม,63541369.68,2026-07-31,1271901024.45,2025-07-14,-0.9500422057545894
M0843_2566,SCBTM(D),SCBTM,ผสม,63541369.68,2026-07-31,1271901024.45,2025-07-14,-0.9500422057545894
M0843_2566,SCBTM(P),SCBTM,ผสม,63541369.68,2026-07-31,1271901024.45,2025-07-14,-0.9500422057545894
M0843_2566,SCBTM(R),SCBTM,ผสม,63541369.68,2026-07-31,1271901024.45,2025-07-14,-0.9500422057545894
M0843_2566,SCBTM(ThaiESG),SCBTM,ผสม,2360834386.26,2026-07-31,1271901024.45,2025-07-14,0.85614630452938
M0843_2566,SCBTM(ThaiESGA),SCBTM,ผสม,1196290095.56,2026-07-31,638486700.79,2025-07-14,0.8736335370491344
M0843_2566,SCBTM(ThaiESGE),SCBTM,ผสม,63541369.68,2026-07-31,24093749.8,2025-07-15,1.6372553134091232
M0848_2566,SCBTA(A),SCBTA,ตราสารทุน,699104692.82,2026-07-31,429624794.69,2025-07-14,0.627244752771883
M0848_2566,SCBTA(D),SCBTA,ตราสารทุน,699104692.82,2026-07-31,429624794.69,2025-07-14,0.627244752771883
M0848_2566,SCBTA(P),SCBTA,ตราสารทุน,699104692.82,2026-07-31,429624794.69,2025-07-14,0.627244752771883
M0848_2566,SCBTA(R),SCBTA,ตราสารทุน,699104692.82,2026-07-31,429624794.69,2025-07-14,0.627244752771883
M0848_2566,SCBTA(ThaiESG),SCBTA,ตราสารทุน,849969793.68,2026-07-31,429624794.69,2025-07-14,0.9784002324477199
M0848_2566,SCBTA(ThaiESGA),SCBTA,ตราสารทุน,699104692.82,2026-07-31,344361849.92,2025-07-14,1.030145595345163
M0848_2566,SCBTA(ThaiESGE),SCBTA,ตราสารทุน,43647411.43,2026-07-31,14015449.6,2025-07-14,2.1142355526004675
M0850_2566,SCBTP(A),SCBTP,ตราสารทุน,869889613.4,2026-07-31,20346555.38,2025-07-14,41.75365520863906
M0850_2566,SCBTP(D),SCBTP,ตราสารทุน,869889613.4,2026-07-31,20346555.38,2025-07-14,41.75365520863906
M0850_2566,SCBTP(P),SCBTP,ตราสารทุน,869889613.4,2026-07-31,20346555.38,2025-07-14,41.75365520863906
M0850_2566,SCBTP(R),SCBTP,ตราสารทุน,869889613.4,2026-07-31,20346555.38,2025-07-14,41.75365520863906
M0850_2566,SCBTP(ThaiESG),SCBTP,ตราสารทุน,1009560703.03,2026-07-31,514762583.51,2025-07-14,0.9612161710474978
M0850_2566,SCBTP(ThaiESGA),SCBTP,ตราสารทุน,869889613.4,2026-07-31,418255018.98,2025-07-14,1.079806754074112
M0850_2566,SCBTP(ThaiESGE),SCBTP,ตราสารทุน,53775870.3,2026-07-31,20346555.38,2025-07-14,1.642996285890236
M0856_2553,SCBGOLDH,SCBGOLDHFUND,ทรัพย์สินทางเลือก,12874085274.47,2026-07-31,4600885905.99,2025-07-14,1.7981752943947011
M0856_2553,SCBGOLDH(IN),SCBGOLDHFUND,ทรัพย์สินทางเลือก,12874085274.47,2026-07-31,4600885905.99,2025-07-14,1.7981752943947011
M0856_2553,SCBGOLDH(SSFE),SCBGOLDHFUND,ทรัพย์สินทางเลือก,75625039.44,2026-07-31,64261423.3,2025-07-14,0.1768341807020013
M0856_2553,SCBGOLDHD,SCBGOLDHFUND,ทรัพย์สินทางเลือก,12874085274.47,2026-07-31,4600885905.99,2025-07-14,1.7981752943947011
M0856_2553,SCBGOLDHE,SCBGOLDHFUND,ทรัพย์สินทางเลือก,245875337.14,2026-07-31,69556319.23,2025-07-15,2.53491012551959
M0856_2553,SCBGOLDHP,SCBGOLDHFUND,ทรัพย์สินทางเลือก,0.0,2026-07-24,314323.77,2025-07-15,-1.0
M0856_2553,SCBGOLDHR,SCBGOLDHFUND,ทรัพย์สินทางเลือก,12874085274.47,2026-07-31,4600885905.99,2025-07-14,1.7981752943947011
M0856_2553,SCBGOLDH-SSF,SCBGOLDHFUND,ทรัพย์สินทางเลือก,1064233276.15,2026-07-27,908809949.89,2025-07-14,0.17101851303323867
M0866_2554,SCBGLOB,SCBGLOBFUND,ตราสารหนี้,102582385.0,2026-07-30,200446795.86,2025-07-14,-0.4882313555580724
M0866_2554,SCBGLOB(D),SCBGLOBFUND,ตราสารหนี้,0.0,2026-07-30,200446795.86,2025-07-14,-1.0
M0866_2554,SCBGLOB(IN),SCBGLOBFUND,ตราสารหนี้,0.0,2026-07-30,200446795.86,2025-07-14,-1.0
M0866_2554,SCBGLOB(P),SCBGLOBFUND,ตราสารหนี้,0.0,2026-07-30,0.0,2025-07-14,
M0866_2554,SCBGLOB(R),SCBGLOBFUND,ตราสารหนี้,0.0,2026-07-30,200446795.86,2025-07-14,-1.0
M0866_2554,SCBGLOB(SSF),SCBGLOBFUND,ตราสารหนี้,0.0,2026-07-30,200446795.86,2025-07-14,-1.0
M0866_2554,SCBGLOB(SSFA),SCBGLOBFUND,ตราสารหนี้,0.0,2026-07-30,200446795.86,2025-07-14,-1.0
M0874_2554,SCBGSIF,SCBGSIFUND,ผสม,715188294.12,2026-07-27,908522078.87,2025-07-14,-0.21280031520033538
M0874_2554,SCBGSIF(E),SCBGSIFUND,ผสม,95178914.42,2026-07-27,102995619.85,2025-07-14,-0.075893571409969
M0874_2554,SCBGSIF(IN),SCBGSIFUND,ผสม,95178914.42,2026-07-27,102995619.85,2025-07-14,-0.075893571409969
M0874_2554,SCBGSIF(P),SCBGSIFUND,ผสม,95178914.42,2026-07-27,102995619.85,2025-07-14,-0.075893571409969
M0874_2554,SCBGSIF(SSFE),SCBGSIFUND,ผสม,14239274.44,2026-07-27,14798475.83,2025-07-14,-0.037787769255693715
M0874_2554,SCBGSIFD,SCBGSIFUND,ผสม,95178914.42,2026-07-27,102995619.85,2025-07-14,-0.075893571409969
M0874_2554,SCBGSIFR,SCBGSIFUND,ผสม,7405265.02,2026-07-27,7765204.06,2025-07-15,-0.04635281149327586
M0874_2554,SCBGSIF-SSF,SCBGSIFUND,ผสม,95178914.42,2026-07-27,102995619.85,2025-07-14,-0.075893571409969
M0882_2554,main,SCBCOMP,ทรัพย์สินทางเลือก,3134644303.86,2026-07-27,100791493.17,2025-07-14,30.10028639592581
M0909_2555,SCBGEQ,SCBGEQFUND,ตราสารทุน,219014212.09,2026-07-27,282228660.46,2025-07-14,-0.22398309323712118
M0909_2555,SCBGEQA,SCBGEQFUND,ตราสารทุน,133889183.31,2026-07-27,162693165.55,2025-07-14,-0.1770448201842122
M0909_2555,SCBGEQP,SCBGEQFUND,ตราสารทุน,0.0,2026-07-27,0.0,2025-07-14,
M0909_2555,SCBGEQR,SCBGEQFUND,ตราสารทุน,219014212.09,2026-07-27,282228660.46,2025-07-14,-0.22398309323712118
M0910_2566,SCBMONEY(A),SCBMONEY,ตราสารหนี้,10552184510.24,2026-07-31,1651252317.3,2025-07-14,5.390413142610522
M0910_2566,SCBMONEY(P),SCBMONEY,ตราสารหนี้,10552184510.24,2026-07-31,1651252317.3,2025-07-14,5.390413142610522
M0910_2566,SCBMONEY(R),SCBMONEY,ตราสารหนี้,78462140.79,2026-07-30,37543668.43,2025-07-14,1.0898900952178479
M0910_2566,SCBMONEY(SSFA),SCBMONEY,ตราสารหนี้,10552184510.24,2026-07-31,1651252317.3,2025-07-14,5.390413142610522
M0932_2554,main,SCBGLOWP,ผสม,170795023.36,2026-07-24,53054042.4,2025-07-14,2.2192650292751304
M0933_2554,main,SCBRMGW,ผสม,88618232.48,2026-07-27,72928488.66,2025-07-14,0.2151387490442478
M0935_2554,main,SCBRMGWP,ผสม,225589468.91,2026-07-27,159369938.95,2025-07-14,0.4155082846632414
M0962_2568,SCBGMLITE(A),SCBGMLITE,ผสม,416888990.71,2026-07-27,,,
M0962_2568,SCBGMLITE(D),SCBGMLITE,ผสม,416888990.71,2026-07-27,,,
M0962_2568,SCBGMLITE(P),SCBGMLITE,ผสม,416888990.71,2026-07-27,,,
M0962_2568,SCBGMLITE(R),SCBGMLITE,ผสม,416888990.71,2026-07-27,,,
M0994_2568,main,SCBUSDINC,ตราสารหนี้,10708132.23,2026-07-27,,,
M1020_2567,SCBUSFOCUS(A),SCBUSFOCUS,ตราสารทุน,2066920083.04,2026-07-30,1359310303.11,2025-07-14,0.5205653030886634
M1020_2567,SCBUSFOCUS(D),SCBUSFOCUS,ตราสารทุน,2066920083.04,2026-07-30,1359310303.11,2025-07-14,0.5205653030886634
M1020_2567,SCBUSFOCUS(IA),SCBUSFOCUS,ตราสารทุน,2066920083.04,2026-07-30,1359310303.11,2025-07-14,0.5205653030886634
M1020_2567,SCBUSFOCUS(ID),SCBUSFOCUS,ตราสารทุน,2066920083.04,2026-07-30,1359310303.11,2025-07-14,0.5205653030886634
M1020_2567,SCBUSFOCUS(IR),SCBUSFOCUS,ตราสารทุน,2066920083.04,2026-07-30,1359310303.11,2025-07-14,0.5205653030886634
M1020_2567,SCBUSFOCUS(P),SCBUSFOCUS,ตราสารทุน,2066920083.04,2026-07-30,1359310303.11,2025-07-14,0.5205653030886634
M1020_2567,SCBUSFOCUS(R),SCBUSFOCUS,ตราสารทุน,2066920083.04,2026-07-30,1359310303.11,2025-07-14,0.5205653030886634
M1021_2567,SCBGMCORE(A),SCBGMCORE,ผสม,22451478275.61,2026-07-27,3247826953.53,2025-07-14,5.912769244435244
M1021_2567,SCBGMCORE(D),SCBGMCORE,ผสม,84822015.58,2026-07-24,3247826953.53,2025-07-14,-0.9738834559865301
M1021_2567,SCBGMCORE(IA),SCBGMCORE,ผสม,22451478275.61,2026-07-27,3247826953.53,2025-07-14,5.912769244435244
M1021_2567,SCBGMCORE(ID),SCBGMCORE,ผสม,22451478275.61,2026-07-27,3247826953.53,2025-07-14,5.912769244435244
M1021_2567,SCBGMCORE(IR),SCBGMCORE,ผสม,22451478275.61,2026-07-27,3247826953.53,2025-07-14,5.912769244435244
M1021_2567,SCBGMCORE(P),SCBGMCORE,ผสม,22451478275.61,2026-07-27,3247826953.53,2025-07-14,5.912769244435244
M1021_2567,SCBGMCORE(R),SCBGMCORE,ผสม,22451478275.61,2026-07-27,3247826953.53,2025-07-14,5.912769244435244
M1035_2568,main,SCBUSDUSFOCUS,ตราสารทุน,704031.85,2026-07-30,,,
M1037_2568,main,SCBUSDGMCORE,ผสม,9225945.46,2026-07-27,,,
M1055_2568,main,SCBUSDSEMI,ตราสารทุน,11014374.65,2026-07-30,,,
M1077_2568,main,SCBUSDS&P500,ตราสารทุน,1611051.37,2026-07-30,,,
M1080_2557,SCBMSE,SCBMSEFUND,ตราสารทุน,231692262.28,2026-07-31,143900735.94,2025-07-14,0.610083928803568
M1080_2557,SCBMSED,SCBMSEFUND,ตราสารทุน,231692262.28,2026-07-31,143900735.94,2025-07-14,0.610083928803568
M1080_2557,SCBMSEP,SCBMSEFUND,ตราสารทุน,4885978.57,2026-07-27,0.0,2025-07-14,
M1080_2557,SCBMSER,SCBMSEFUND,ตราสารทุน,231692262.28,2026-07-31,143900735.94,2025-07-14,0.610083928803568
M1084_2568,main,SCBUSDGOLD,ทรัพย์สินทางเลือก,3971240.46,2026-07-31,,,
M1173_2568,main,SCBCR1YAD,ผสม,5796239711.48,2026-07-31,,,
M0020_2539,main,ABG,ตราสารทุน,1354554753.22,2026-07-31,1253548455.6,2025-07-14,0.08057630095491941
M0027_2541,main,ABCC,ตราสารหนี้,137675120.16,2026-07-31,524804642.43,2025-07-14,-0.7376640581483356
M0035_2547,main,ABSL,ตราสารทุน,139717227.2,2026-07-31,128319762.61,2025-07-14,0.08882080482520927
M0041_2554,main,ABIG,ตราสารทุน,353561802.1,2026-07-30,631907059.94,2025-07-14,-0.44048448812461294
M0045_2564,ABGS-A,ABGS-M,ตราสารทุน,24074809.07,2026-07-30,58688227.51,2025-07-14,-0.5897846963277626
M0045_2564,ABGS-D,ABGS-M,ตราสารทุน,24074809.07,2026-07-30,58688227.51,2025-07-14,-0.5897846963277626
M0045_2564,ABGS-SSF,ABGS-M,ตราสารทุน,2527273.45,2026-07-30,2942339.0,2025-07-14,-0.14106652904373007
M0065_2549,main,ABWOOF,ตราสารทุน,67929163.55,2026-07-30,182701725.99,2025-07-14,-0.628196377555196
M0066_2546,main,ABFC,ผสม,36766185.29,2026-07-31,109440823.7,2025-07-14,-0.6640541979948567
M0071_2546,main,ABTED,ตราสารทุน,19444082.66,2026-07-31,38985511.32,2025-07-14,-0.5012484894606225
M0140_2545,main,ABSC-RMF,ตราสารทุน,2985953258.35,2026-07-31,2508251187.09,2025-07-14,0.19045224565974017
M0141_2545,main,ABSI-RMF,ตราสารหนี้,552602000.14,2026-07-31,528311620.15,2025-07-14,0.0459773721863308
M0157_2550,main,ABGEM,ตราสารทุน,377451659.06,2026-07-30,190821540.07,2025-07-14,0.9780348639966829
M0187_2563,ABTESSF,ABTESSF-M,ตราสารทุน,46517763.96,2026-07-31,36043055.61,2025-07-14,0.29061654659195524
M0187_2563,ABTESSFX,ABTESSF-M,ตราสารทุน,33456329.37,2026-07-31,26552274.81,2025-07-14,0.26001744142086936
M0250_2564,ABGDD-A,ABGDD-M,ตราสารทุน,479328024.11,2026-07-30,628028943.13,2025-07-14,-0.23677399050893644
M0250_2564,ABGDD-R,ABGDD-M,ตราสารทุน,166061589.42,2026-07-30,158214671.75,2025-07-14,0.04959664981259859
M0250_2564,ABGDD-SSF,ABGDD-M,ตราสารทุน,44685428.28,2026-07-30,38899219.06,2025-07-14,0.14874872452002386
M0256_2550,main,AEOB,ตราสารหนี้,105960574.45,2026-07-30,97205791.81,2025-07-14,0.09006441362169282
M0285_2546,ABV,ABV-M,ผสม,153542603.91,2026-07-31,236715897.99,2025-07-14,-0.3513633633661295
M0285_2546,ABV-D,ABV-M,ผสม,153542603.91,2026-07-31,236715897.99,2025-07-14,-0.3513633633661295
M0303_2564,ABCA-A,ABCA,ตราสารทุน,137790766.28,2026-07-30,201347040.64,2025-07-14,-0.31565536875029576
M0303_2564,ABCA-D,ABCA,ตราสารทุน,137790766.28,2026-07-30,201347040.64,2025-07-14,-0.31565536875029576
M0303_2564,ABCA-SSF,ABCA,ตราสารทุน,137790766.28,2026-07-30,201347040.64,2025-07-14,-0.31565536875029576
M0363_2549,main,ABEG,ตราสารทุน,173954904.81,2026-07-30,403548585.85,2025-07-14,-0.5689368990264299
M0401_2552,ABCG,ABCG-M,ตราสารทุน,171281337.74,2026-07-30,220088888.58,2025-07-14,-0.22176290295663414
M0401_2552,ABCG-SSF,ABCG-M,ตราสารทุน,7198536.86,2026-07-30,4289970.48,2025-07-14,0.6779921665101993
M0413_2548,ABSM,ABSM-M,ตราสารทุน,787529629.57,2026-07-31,1130253996.2,2025-07-14,-0.30322774153620813
M0413_2548,ABSM-SSF,ABSM-M,ตราสารทุน,6501020.05,2026-07-31,5505866.56,2025-07-14,0.18074420786543732
M0462_2568,ABALL-TESGX1,ABALL-TESGX-M,ผสม,45409469.0,2026-07-31,36814543.8,2025-07-14,0.23346548165021686
M0462_2568,ABALL-TESGX2,ABALL-TESGX-M,ผสม,651912325.41,2026-07-31,526994889.29,2025-07-15,0.2370372818762938
M0462_2568,ABALL-TESGX3,ABALL-TESGX-M,ผสม,651912325.41,2026-07-31,36814543.8,2025-07-14,16.708010425216788
M0529_2559,main,ABMIX70,ผสม,125520233.76,2026-07-31,135831385.15,2025-07-14,-0.07591140573743904
M0532_2556,main,ABJO,ตราสารทุน,285654481.62,2026-07-30,182380298.28,2025-07-14,0.5662573442085721
M0536_2564,ABINNO-A,ABINNO-M,ตราสารทุน,30469905.1,2026-07-30,37605211.06,2025-07-14,-0.18974247873826455
M0536_2564,ABINNO-D,ABINNO-M,ตราสารทุน,3072831.89,2026-07-30,3106827.97,2025-07-14,-0.01094237605952808
M0536_2564,ABINNO-SSF,ABINNO-M,ตราสารทุน,3072831.89,2026-07-30,3106827.97,2025-07-14,-0.01094237605952808
M0562_2558,ABAGS,ABAGS-M,ตราสารทุน,333656882.7,2026-07-30,721964787.53,2025-07-14,-0.5378488141485218
M0562_2558,ABAGS-SSF,ABAGS-M,ตราสารทุน,3625737.32,2026-07-30,3376905.11,2025-07-14,0.07368646790315059
M0569_2565,main,ABSM-RMF,ตราสารทุน,39401290.91,2026-07-31,32447735.44,2025-07-14,0.21430017767674436
M0570_2565,main,ABGDD-RMF,ตราสารทุน,142044710.16,2026-07-30,73783504.41,2025-07-14,0.9251553757962796
M0581_2566,ABGFIX-A,ABGFIX-M,ตราสารหนี้,272105045.93,2026-07-30,1252657402.29,2025-07-14,-0.782777760756803
M0581_2566,ABGFIX-D,ABGFIX-M,ตราสารหนี้,272105045.93,2026-07-30,1252657402.29,2025-07-14,-0.782777760756803
M0581_2566,ABGFIX-SSF,ABGFIX-M,ตราสารหนี้,272105045.93,2026-07-30,1252657402.29,2025-07-14,-0.782777760756803
M0582_2548,ABAPAC,ABAPAC-M,ตราสารทุน,1039287161.22,2026-07-30,846905759.08,2025-07-14,0.2271579807757893
M0582_2548,ABAPAC-SSF,ABAPAC-M,ตราสารทุน,7191828.46,2026-07-30,5355691.22,2025-07-14,0.3428385178636195
M0698_2547,main,ABTOPP,ผสม,3243249322.92,2026-07-31,3020909174.58,2025-07-14,0.07360040818536429
M0774_2554,main,ABAPAC-RMF,ตราสารทุน,626903763.21,2026-07-30,536362258.79,2025-07-14,0.1688066282371472
M0004_2535,main,TISCOEQF,ตราสารทุน,72805383.66,2026-07-31,53659029.87,2025-07-14,0.35681513132805365
M0004_2556,main,TCHRMF,ตราสารทุน,132989121.7,2026-07-31,136041367.86,2025-07-14,-0.022436161941131516
M0005_2535,main,TISCOEGF,ตราสารทุน,376669299.81,2026-07-31,370158283.07,2025-07-14,0.017589817755796933
M0005_2539,main,TISCOFLEXP,ผสม,180716985.42,2026-07-31,140832426.82,2025-07-14,0.2832057893241948
M0006_2543,main,TISCOAGF,ผสม,104184992.46,2026-07-31,108980253.55,2025-07-14,-0.04400119226920263
M0010_2561,TISCOINA-A,TISCOINA,ตราสารทุน,372893896.76,2026-07-27,524975036.77,2025-07-14,-0.2896921364979669
M0010_2561,TISCOINA-D,TISCOINA,ตราสารทุน,372893896.76,2026-07-27,524975036.77,2025-07-14,-0.2896921364979669
M0010_2561,TISCOINA-R,TISCOINA,ตราสารทุน,372893896.76,2026-07-27,524975036.77,2025-07-14,-0.2896921364979669
M0010_2562,main,TGHDIGI,ตราสารทุน,721898640.59,2026-07-27,957063251.7,2025-07-14,-0.24571480588381678
M0011_2547,TSF-A,TSF,ตราสารทุน,1677644679.79,2026-07-31,1772038828.04,2025-07-14,-0.05326866813319586
M0011_2547,TSF-MF,TSF,ตราสารทุน,1677644679.79,2026-07-31,132772775.95,2025-07-14,11.63545683809287
M0011_2547,TSF-SSF,TSF,ตราสารทุน,167410626.44,2026-07-31,132772775.95,2025-07-14,0.2608806680598741
M0012_2563,main,TTHREIT,ผสม,350075865.55,2026-07-31,255950884.21,2025-07-14,0.36774626362600604
M0025_2561,TGINC-A,TGINC,ผสม,736042636.7,2026-07-27,1361182468.69,2025-07-14,-0.4592623299002915
M0025_2561,TGINC-D,TGINC,ผสม,736042636.7,2026-07-27,1361182468.69,2025-07-14,-0.4592623299002915
M0025_2561,TGINC-R,TGINC,ผสม,400154126.51,2026-07-27,1586117062.17,2025-07-14,-0.7477146321328006
M0029_2559,main,TUSFIX,ตราสารหนี้,297212224.67,2026-07-30,210783953.46,2025-07-14,0.4100324991124209
M0030_2563,main,TBIOTECH,ตราสารทุน,663986543.47,2026-07-27,246072793.36,2025-07-14,1.698333832048632
M0033_2563,TCHTECH-A,TCHTECH,ตราสารทุน,2550902674.64,2026-07-30,1836871741.74,2025-07-14,0.38872117016924923
M0033_2563,TCHTECH-SSF,TCHTECH,ตราสารทุน,62571667.81,2026-07-30,56651078.89,2025-07-14,0.10450972931152958
M0035_2537,main,TISCOEDF,ตราสารทุน,79236470.26,2026-07-31,62671146.54,2025-07-14,0.2643213764954364
M0039_2553,main,TW-E20,ผสม,61509531.16,2026-07-31,104434486.13,2025-07-14,-0.4110228006155652
M0042_2565,main,TCHSTRATEGY,ตราสารทุน,24465574.69,2026-07-31,26948803.04,2025-07-14,-0.09214614639151697
M0043_2552,main,TISCOOIL,ทรัพย์สินทางเลือก,25347171.75,2026-07-30,19268465.25,2025-07-14,0.31547434739256164
M0049_2564,main,TNEWENGY,ตราสารทุน,97890803.88,2026-07-30,75796535.59,2025-07-14,0.29149443464689084
M0052_2567,main,TISCOAI,ตราสารทุน,297239916.34,2026-07-30,549334359.29,2025-07-14,-0.45890892984707043
M0059_2544,main,TSFIRMF,ตราสารหนี้,477772727.02,2026-07-31,448413962.22,2025-07-14,0.06547245909706079
M0074_2545,TFPRMF-A,TFPRMF,ผสม,852382963.27,2026-07-31,749037211.5,2025-07-14,0.13797145212991868
M0074_2545,TFPRMF-P,TFPRMF,ผสม,852382963.27,2026-07-31,749037211.5,2025-07-14,0.13797145212991868
M0080_2566,main,TCHNEWENGY,ตราสารทุน,71579401.58,2026-07-31,15056420.83,2025-07-14,3.7540781695858056
M0081_2555,TISCOHD-A,TISCOHD,ตราสารทุน,2087342945.93,2026-07-31,391509283.01,2025-07-14,4.3315286163385425
M0081_2555,TISCOHD-MF,TISCOHD,ตราสารทุน,2087342945.93,2026-07-31,391509283.01,2025-07-14,4.3315286163385425
M0081_2555,TISCOHD-SSF,TISCOHD,ตราสารทุน,30257430.07,2026-07-31,12940473.74,2025-07-14,1.3382011105568692
M0086_2565,main,TVIETNAM,ตราสารทุน,96742201.0,2026-07-27,303903200.19,2025-07-14,-0.6816677121546701
M0090_2558,main,TGHSTARP,ตราสารทุน,148149131.86,2026-07-27,180167773.42,2025-07-14,-0.17771569772003226
M0091_2560,main,TISCOGEM,ตราสารทุน,41276737.35,2026-07-30,48118934.22,2025-07-14,-0.14219344174826154
M0095_2545,TFIRMF-A,TFIRMF,ตราสารหนี้,397006914.03,2026-07-31,401675314.79,2025-07-14,-0.01162232427063814
M0095_2545,TFIRMF-B,TFIRMF,ตราสารหนี้,38660145.94,2026-07-31,31499229.13,2025-07-14,0.22733625576823746
M0095_2545,TFIRMF-P,TFIRMF,ตราสารหนี้,38660145.94,2026-07-31,31499229.13,2025-07-14,0.22733625576823746
M0095_2559,TINC-A,TINC,ผสม,305182212.07,2026-07-31,430707807.6,2025-07-14,-0.29144026022991465
M0095_2559,TINC-R,TINC,ผสม,214939107.15,2026-07-31,324671286.53,2025-07-14,-0.33797931610395304
M0095_2559,TINC-SSF,TINC,ผสม,30532799.12,2026-07-31,25963030.18,2025-07-14,0.17601061618455516
M0096_2545,TEGRMF-A,TEGRMF,ตราสารทุน,438078094.18,2026-07-31,374454828.43,2025-07-14,0.16990905422893654
M0096_2545,TEGRMF-B,TEGRMF,ตราสารทุน,79198873.17,2026-07-31,63679717.6,2025-07-14,0.2437064132018072
M0096_2545,TEGRMF-P,TEGRMF,ตราสารทุน,79198873.17,2026-07-31,374454828.43,2025-07-14,-0.7884955216038687
M0122_2569,main,TJPT5M3,ตราสารทุน,81587553.15,2026-07-31,,,
M0128_2552,main,TGOLD,ทรัพย์สินทางเลือก,1927810952.28,2026-07-31,686084361.82,2025-07-14,1.8098744987657613
M0132_2563,TEG-SSF,TEGSSF,ตราสารทุน,69819552.66,2026-07-31,57519676.23,2025-07-14,0.21383772017104774
M0132_2563,TEG-SSFX,TEGSSF,ตราสารทุน,105846893.01,2026-07-31,80361772.86,2025-07-14,0.31712988953588894
M0135_2566,TNASDAQ-A,TNASDAQ,ตราสารทุน,721642587.97,2026-07-30,175179682.42,2025-07-14,3.1194422663687353
M0135_2566,TNASDAQ-SSF,TNASDAQ,ตราสารทุน,35123503.0,2026-07-30,25325642.64,2025-07-14,0.3868750933303069
M0152_2558,main,TISCOC19,ตราสารทุน,68560086.22,2026-07-31,82976413.81,2025-07-14,-0.17374006573736267
M0152_2567,TGQUALITYRMF-A,TGQUALITYRMF,ตราสารทุน,58432630.54,2026-07-30,34673522.14,2025-07-14,0.685223390461134
M0152_2567,TGQUALITYRMF-B,TGQUALITYRMF,ตราสารทุน,5456068.73,2026-07-30,1946594.24,2025-07-14,1.8028793150030076
M0152_2567,TGQUALITYRMF-P,TGQUALITYRMF,ตราสารทุน,58432630.54,2026-07-30,28430637.86,2025-07-14,1.0552697701591418
M0154_2569,main,TSILVER,ตราสารทุน,286926536.77,2026-07-30,,,
M0159_2564,main,TUSMS,ตราสารทุน,42340891.47,2026-07-30,59284874.9,2025-07-14,-0.2858061766779574
M0163_2556,main,TUSREIT,ทรัพย์สินทางเลือก,238841620.29,2026-07-30,317374569.8,2025-07-14,-0.2474456272898271
M0189_2569,main,TDEFENSE,ตราสารทุน,41950425.17,2026-07-30,,,
M0190_2552,main,TISCOAP,ตราสารทุน,52524826.93,2026-07-30,52339599.77,2025-07-14,0.0035389487274253284
M0196_2562,TISCOWB-A,TISCOWB,ตราสารทุน,125995551.01,2026-07-31,59794895.75,2025-07-14,1.1071288682696636
M0196_2562,TISCOWB-SSF,TISCOWB,ตราสารทุน,37592050.37,2026-07-31,37014178.28,2025-07-14,0.015612182057064272
M0200_2542,main,TISCOFLEX,ผสม,41998901.95,2026-07-31,44830450.07,2025-07-14,-0.06316126908337316
M0203_2560,main,TISCOBIG,ตราสารทุน,83545082.14,2026-07-31,96139960.76,2025-07-14,-0.13100565592533742
M0219_2556,TISCOMS-A,TISCOMS,ตราสารทุน,361708866.07,2026-07-31,346755922.83,2025-07-14,0.043122387407152685
M0219_2556,TISCOMS-SSF,TISCOMS,ตราสารทุน,27082715.46,2026-07-31,22417327.14,2025-07-14,0.20811528024121073
M0226_2550,TDEQFOCUS-A,TDEQFOCUS,ตราสารทุน,175983227.27,2026-07-31,55640.67,2025-07-14,3161.852411194905
M0226_2550,TDEQFOCUS-N,TDEQFOCUS,ตราสารทุน,450075.15,2026-07-31,55640.67,2025-07-14,7.088959928052628
M0237_2561,TINRMF-A,TINRMF,ผสม,111772253.88,2026-07-31,105914324.07,2025-07-14,0.05530819236620377
M0237_2561,TINRMF-B,TINRMF,ผสม,474995.86,2026-07-31,112926.67,2025-07-14,3.2062327703455704
M0237_2561,TINRMF-P,TINRMF,ผสม,474995.86,2026-07-31,105914324.07,2025-07-14,-0.9955152821474264
M0237_2568,main,TUSUTIL,ตราสารทุน,66639128.41,2026-07-30,,,
M0247_2562,main,TAREIT,ทรัพย์สินทางเลือก,18469968.37,2026-07-27,24432801.53,2025-07-14,-0.24405032524323866
M0248_2567,main,TEMxCH,ตราสารทุน,1400061628.56,2026-07-30,1140958910.85,2025-07-14,0.2270920672480412
M0258_2562,TISCOCHA-A,TISCOCHA,ตราสารทุน,471083633.0,2026-07-31,504126175.92,2025-07-14,-0.06554419210567541
M0258_2562,TISCOCHA-SSF,TISCOCHA,ตราสารทุน,66110034.64,2026-07-31,57682519.1,2025-07-14,0.14610172495049722
M0291_2558,main,TISCOC20,ตราสารทุน,55953027.7,2026-07-31,70033756.04,2025-07-14,-0.20105630678951092
M0304_2563,main,TCLOUD,ตราสารทุน,492985728.85,2026-07-30,522335073.11,2025-07-14,-0.056188729746315946
M0309_2552,TISCOUS-A,TISCOUS,ตราสารทุน,1086671788.26,2026-07-30,910080444.83,2025-07-14,0.19403926810336714
M0309_2552,TISCOUS-SSF,TISCOUS,ตราสารทุน,32426062.44,2026-07-30,27017901.32,2025-07-14,0.20016954892038963
M0324_2546,main,TW-BAL,ผสม,36241793.67,2026-07-31,41712059.33,2025-07-14,-0.1311435049687344
M0324_2558,main,TISCOC21,ตราสารทุน,32888195.54,2026-07-31,42232675.6,2025-07-14,-0.22126185299043666
M0332_2564,main,TFINTECH,ตราสารทุน,119752781.36,2026-07-27,122034031.49,2025-07-14,-0.018693557052459786
M0367_2556,main,TISCOJP,ตราสารทุน,1042722150.5,2026-07-31,188973935.13,2025-07-14,4.517809372931166
M0376_2560,TISCOGIF-A,TISCOGIF,ตราสารทุน,110890048.66,2026-07-27,195790069.25,2025-07-14,-0.4336278183833372
M0376_2560,TISCOGIF-D,TISCOGIF,ตราสารทุน,110890048.66,2026-07-27,195790069.25,2025-07-14,-0.4336278183833372
M0376_2560,TISCOGIF-R,TISCOGIF,ตราสารทุน,110890048.66,2026-07-27,195790069.25,2025-07-14,-0.4336278183833372
M0377_2560,TISTECH-A,TISTECH,ตราสารทุน,474361382.38,2026-07-27,433836640.58,2025-07-14,0.09341014107481138
M0377_2560,TISTECH-D,TISTECH,ตราสารทุน,474361382.38,2026-07-27,433836640.58,2025-07-14,0.09341014107481138
M0377_2560,TISTECH-R,TISTECH,ตราสารทุน,474361382.38,2026-07-27,433836640.58,2025-07-14,0.09341014107481138
M0390_2559,TISCOFIX-A,TISCOFIX,ตราสารหนี้,1125421043.54,2026-07-31,1244380806.11,2025-07-14,-0.0955975550136251
M0390_2559,TISCOFIX-SSF,TISCOFIX,ตราสารหนี้,37850703.26,2026-07-31,38359545.03,2025-07-14,-0.013265062700875352
M0403_2563,TNEXTGEN-A,TNEXTGEN,ตราสารทุน,1506137434.53,2026-07-30,1849510814.0,2025-07-14,-0.18565632429440881
M0403_2563,TNEXTGEN-SSF,TNEXTGEN,ตราสารทุน,36424877.33,2026-07-30,38316274.77,2025-07-14,-0.049362769511217985
M0406_2565,main,TUSTREASURY,ตราสารหนี้,619682044.42,2026-07-30,246175441.82,2025-07-14,1.517237462188055
M0409_2563,TTECHRMF-A,TTECHRMF,ตราสารทุน,267831624.74,2026-07-30,193267927.38,2025-07-14,0.3858048170268531
M0409_2563,TTECHRMF-P,TTECHRMF,ตราสารทุน,267831624.74,2026-07-30,147877982.16,2025-07-14,0.8111663469292771
M0420_2559,TMSFOCUS-A,TMSFOCUS,ตราสารทุน,85129431.67,2026-07-31,86303277.28,2025-07-14,-0.013601402484306635
M0420_2559,TMSFOCUS-B,TMSFOCUS,ตราสารทุน,2059960.16,2026-07-31,86303277.28,2025-07-14,-0.9761311479132279
M0420_2559,TMSFOCUS-N,TMSFOCUS,ตราสารทุน,356332.79,2026-07-31,86303277.28,2025-07-14,-0.9958711557517808
M0426_2564,TSFRMF-A,TSFRMF,ตราสารทุน,210759804.49,2026-07-31,174553517.2,2025-07-14,0.20742227295549465
M0426_2564,TSFRMF-P,TSFRMF,ตราสารทุน,210759804.49,2026-07-31,124625778.15,2025-07-14,0.6911413322236495
M0438_2566,TWBRMF-A,TWBRMF,ตราสารทุน,10371394.07,2026-07-31,8583212.45,2025-07-14,0.20833477330506955
M0438_2566,TWBRMF-P,TWBRMF,ตราสารทุน,10371394.07,2026-07-31,1972319.45,2025-07-14,4.258475785958507
M0439_2566,TNASDAQRMF-A,TNASDAQRMF,ตราสารทุน,80848250.61,2026-07-30,50623463.03,2025-07-14,0.5970509674948248
M0439_2566,TNASDAQRMF-B,TNASDAQRMF,ตราสารทุน,8709684.7,2026-07-30,2110503.83,2025-07-14,3.126827242005052
M0439_2566,TNASDAQRMF-P,TNASDAQRMF,ตราสารทุน,80848250.61,2026-07-30,69837045.91,2025-07-14,0.15766996665624
M0439_2568,TThaiESGX-A,TThaiESGX,ตราสารทุน,328387.27,2026-07-24,72466045.98,2025-07-14,-0.995468398122748
M0439_2568,TThaiESGX-L,TThaiESGX,ตราสารทุน,107112883.41,2026-07-31,72466045.98,2025-07-14,0.4781113273320061
M0439_2568,TThaiESGX-S,TThaiESGX,ตราสารทุน,66157914.06,2026-07-31,48171081.65,2025-07-14,0.3733948209983782
M0444_2565,TUSTECH-A,TUSTECH,ตราสารทุน,413230767.19,2026-07-30,48485613.04,2025-07-14,7.522750178472323
M0444_2565,TUSTECH-SSF,TUSTECH,ตราสารทุน,25794893.59,2026-07-30,17882433.76,2025-07-14,0.4424710828622691
M0445_2558,TGHRMF-A,TGHRMF,ตราสารทุน,130976101.49,2026-07-30,119735472.64,2025-07-14,0.09387885312647803
M0445_2558,TGHRMF-B,TGHRMF,ตราสารทุน,2009315.57,2026-07-30,732981.29,2025-07-14,1.7412917593026145
M0445_2558,TGHRMF-P,TGHRMF,ตราสารทุน,130976101.49,2026-07-30,59371156.18,2025-07-16,1.206056103959133
M0446_2568,TThai70ESGX-A,TThai70ESGX,ผสม,1709232.81,2026-07-31,207871817.3,2025-07-14,-0.9917774673248118
M0446_2568,TThai70ESGX-L,TThai70ESGX,ผสม,188859758.65,2026-07-31,149855206.24,2025-07-15,0.26028159707399423
M0446_2568,TThai70ESGX-S,TThai70ESGX,ผสม,264097572.63,2026-07-31,207871817.3,2025-07-14,0.27048281994309575
M0447_2547,main,TISCOSTF,ตราสารหนี้,3327381513.29,2026-07-31,2791877780.65,2025-07-14,0.19180772752714303
M0448_2559,TDSFOCUS-A,TDSFOCUS,ตราสารทุน,71776410.36,2026-07-31,1352757.99,2025-07-14,52.059313558369745
M0448_2559,TDSFOCUS-B,TDSFOCUS,ตราสารทุน,1132849.67,2026-07-31,1352757.99,2025-07-14,-0.16256294298435459
M0448_2559,TDSFOCUS-N,TDSFOCUS,ตราสารทุน,971413.88,2026-07-31,1352757.99,2025-07-14,-0.28190120688180154
M0459_2564,TNEXTGENRMF-A,TNEXTGENRMF,ตราสารทุน,67386777.46,2026-07-30,66103776.46,2025-07-14,0.01940889112101396
M0459_2564,TNEXTGENRMF-P,TNEXTGENRMF,ตราสารทุน,67386777.46,2026-07-30,47757067.44,2025-07-14,0.411032566952775
M0463_2563,main,TGENOME,ตราสารทุน,1222690990.97,2026-07-30,1091624816.56,2025-07-15,0.12006522059751679
M0468_2558,TEURMF-A,TEURMF,ตราสารทุน,23836572.64,2026-07-30,18331470.83,2025-07-14,0.30030878924296345
M0468_2558,TEURMF-P,TEURMF,ตราสารทุน,23836572.64,2026-07-30,11333941.73,2025-07-17,1.103114098152329
M0484_2564,main,TCYBER,ตราสารทุน,47229101.3,2026-07-27,48645191.45,2025-07-15,-0.029110588483458488
M0488_2565,main,TGHIDIV,ตราสารทุน,501650407.03,2026-07-27,512547181.59,2025-07-14,-0.021260041907159688
M0489_2558,TISESG-A,TISESG,ตราสารทุน,3979285.93,2026-07-31,13863185.18,2025-07-14,-0.7129601979391579
M0489_2558,TISESG-D,TISESG,ตราสารทุน,59224971.34,2026-07-31,41515662.58,2025-07-14,0.4265693393637753
M0499_2559,main,TISCODS,ตราสารทุน,61275410.61,2026-07-31,64738809.24,2025-07-14,-0.05349802800914172
M0503_2562,main,TGREIT,ทรัพย์สินทางเลือก,71117104.98,2026-07-27,82638059.77,2025-07-14,-0.1394146331855486
M0505_2563,TCHARMF-A,TCHARMF,ตราสารทุน,97722760.47,2026-07-31,94321659.21,2025-07-15,0.03605853934808034
M0505_2563,TCHARMF-P,TCHARMF,ตราสารทุน,97722760.47,2026-07-31,49037932.1,2025-07-14,0.9927993756082547
M0512_2550,main,TCIRMF,ตราสารทุน,103450904.34,2026-07-30,125801550.21,2025-07-15,-0.17766590183260977
M0514_2562,main,TCHT5M4,ตราสารทุน,105965472.68,2026-07-31,119350273.45,2025-07-14,-0.1121472149421372
M0533_2564,main,TBRAND,ตราสารทุน,494029525.18,2026-07-27,1066684673.2,2025-07-14,-0.5368551385500493
M0536_2559,main,TISCOGC,ตราสารทุน,21556620.06,2026-07-30,21226915.03,2025-07-14,0.01553240447488613
M0546_2564,main,TRAREEARTH,ตราสารทุน,242506344.37,2026-07-30,28936570.79,2025-07-14,7.380617942945962
M0549_2567,TAIRMF-A,TAIRMF,ตราสารทุน,58933403.8,2026-07-30,19305173.22,2025-07-15,2.052725978078533
M0549_2567,TAIRMF-P,TAIRMF,ตราสารทุน,58933403.8,2026-07-30,20207493.99,2025-07-15,1.9164132786165435
M0552_2563,TCHTECHRMF-A,TCHTECHRMF,ตราสารทุน,123830077.88,2026-07-30,110483636.71,2025-07-14,0.12080016161155194
M0552_2563,TCHTECHRMF-P,TCHTECHRMF,ตราสารทุน,123830077.88,2026-07-30,76883490.46,2025-07-14,0.6106198761153385
M0554_2562,main,TCIEZERO,ผสม,83374712.23,2026-07-31,113470144.52,2025-07-14,-0.26522776028275385
M0559_2567,main,TSIThaiESG,ตราสารหนี้,295397742.61,2026-07-31,166962161.02,2025-07-14,0.769249635997554
M0561_2557,TMSRMF-A,TMSRMF,ตราสารทุน,133450832.81,2026-07-31,118330421.38,2025-07-14,0.12778126920923505
M0561_2557,TMSRMF-B,TMSRMF,ตราสารทุน,19518152.92,2026-07-31,16678867.43,2025-07-15,0.17023251140500273
M0561_2557,TMSRMF-P,TMSRMF,ตราสารทุน,133450832.81,2026-07-31,118330421.38,2025-07-14,0.12778126920923505
M0568_2563,main,TCHCON,ตราสารทุน,1114609793.56,2026-07-30,1569376225.45,2025-07-14,-0.2897752779194812
M0577_2565,TVIETNAMRMF-A,TVIETNAMRMF,ตราสารทุน,95767890.08,2026-07-24,89481869.71,2025-07-14,0.07024909504430621
M0577_2565,TVIETNAMRMF-P,TVIETNAMRMF,ตราสารทุน,95767890.08,2026-07-24,58079999.89,2025-07-14,0.6488961821862702
M0597_2560,TUSFIN-A,TUSFIN,ตราสารทุน,419599565.59,2026-07-30,857557921.83,2025-07-14,-0.5107041111641899
M0597_2560,TUSFIN-D,TUSFIN,ตราสารทุน,419599565.59,2026-07-30,857557921.83,2025-07-14,-0.5107041111641899
M0597_2560,TUSFIN-R,TUSFIN,ตราสารทุน,419599565.59,2026-07-30,857557921.83,2025-07-14,-0.5107041111641899
M0604_2558,main,TUSEQ-UH,ตราสารทุน,122651101.83,2026-07-30,104435871.22,2025-07-14,0.17441546086812076
M0604_2567,main,TGQUALITY-UH,ตราสารทุน,137690606.67,2026-07-27,73691334.42,2025-07-14,0.8684775863229643
M0608_2558,main,TSTAR-UH,ตราสารทุน,20713481.85,2026-07-27,18983015.18,2025-07-14,0.09115868335938404
M0624_2560,main,TCHT5M2,ตราสารทุน,37882542.86,2026-07-31,44620766.68,2025-07-14,-0.15101093776186103
M0648_2552,main,TAPRMF,ตราสารทุน,60287587.3,2026-07-30,47481286.38,2025-07-14,0.2697125940841032
M0660_2568,TGSMART-A,TGSMART,ผสม,6314436833.96,2026-07-30,525538209.0,2025-08-15,11.015181248144033
M0660_2568,TGSMART-D,TGSMART,ผสม,1185493147.23,2026-07-27,525538209.0,2025-08-15,1.2557696603749702
M0666_2569,main,TSEMICON,ตราสารทุน,67468210.0,2026-07-30,,,
M0690_2556,TJPRMF-A,TJPRMF,ตราสารทุน,103293882.13,2026-07-31,58503281.76,2025-07-14,0.7656083389261137
M0690_2556,TJPRMF-P,TJPRMF,ตราสารทุน,103293882.13,2026-07-31,2824784.06,2025-07-14,35.56700120645682
M0696_2556,TUSRMF-A,TUSRMF,ตราสารทุน,215409195.97,2026-07-30,165816949.54,2025-07-14,0.29907827015016264
M0696_2556,TUSRMF-B,TUSRMF,ตราสารทุน,5414958.69,2026-07-30,2072228.38,2025-07-15,1.613109029034725
M0696_2556,TUSRMF-P,TUSRMF,ตราสารทุน,5414958.69,2026-07-30,169123462.85,2025-07-15,-0.9679822148934908
M0698_2558,main,TISCOIN,ตราสารทุน,146385925.27,2026-07-30,100900098.57,2025-07-14,0.4508006170920038
M0703_2547,TEQFOCUS-A,TEQFOCUS,ตราสารทุน,901170501.26,2026-07-31,120861.76,2025-07-14,7455.208657395027
M0703_2547,TEQFOCUS-B,TEQFOCUS,ตราสารทุน,13617944.75,2026-07-30,120861.76,2025-07-14,111.67372533711242
M0703_2547,TEQFOCUS-N,TEQFOCUS,ตราสารทุน,127623.2,2026-07-27,120861.76,2025-07-14,0.055943583810131425
M0703_2566,TGBOND-A,TGBOND,ตราสารหนี้,137274437.82,2026-07-27,548774168.19,2025-07-14,-0.7498525882281106
M0703_2566,TGBOND-R,TGBOND,ตราสารหนี้,1785741.23,2026-07-27,6988254.93,2025-07-16,-0.7444653568183437
M0714_2568,TGSMARTRMF-A,TGSMARTRMF,ผสม,190361344.68,2026-07-30,,,
M0714_2568,TGSMARTRMF-B,TGSMARTRMF,ผสม,4016523.21,2026-07-30,,,
M0714_2568,TGSMARTRMF-P,TGSMARTRMF,ผสม,4016523.21,2026-07-30,,,
M0716_2565,TUSBOND-A,TUSBOND,ตราสารหนี้,236438546.3,2026-07-30,612349865.02,2025-07-14,-0.6138832392944551
M0716_2565,TUSBOND-SSF,TUSBOND,ตราสารหนี้,16902842.05,2026-07-30,19492034.47,2025-07-15,-0.13283335939021645
M0737_2553,main,TISCOCH,ตราสารทุน,1010041907.8,2026-07-31,1215844448.77,2025-07-14,-0.16926716339265158
M0740_2566,TUSHEALTH-A,TUSHEALTH,ตราสารทุน,319849492.7,2026-07-30,402912135.2,2025-07-14,-0.20615572290660555
M0740_2566,TUSHEALTH-SSF,TUSHEALTH,ตราสารทุน,4762141.29,2026-07-30,1856825.91,2025-07-14,1.5646676214249942
M0745_2555,main,TSTARP,ตราสารทุน,1860667471.53,2026-07-27,1840485759.13,2025-07-14,0.010965427088954982
M0759_2566,TGQUALITY-A,TGQUALITY,ตราสารทุน,931105788.92,2026-07-30,5345987184.12,2025-07-14,-0.8258308976710971
M0759_2566,TGQUALITY-SSF,TGQUALITY,ตราสารทุน,11939670.96,2026-07-30,7983303.35,2025-07-14,0.4955802675342409
M0793_2566,T-ThaiESG-A,T-ThaiESG,ตราสารทุน,257151726.68,2026-07-31,158822350.84,2025-07-14,0.6191154791497733
M0793_2566,T-ThaiESG-D,T-ThaiESG,ตราสารทุน,117233294.19,2026-07-31,77476423.35,2025-07-14,0.5131479890391715
M0793_2567,TDSThaiESG-A,TDSThaiESG,ตราสารทุน,479474359.94,2026-07-31,37931607.35,2025-07-14,11.64049676344654
M0793_2567,TDSThaiESG-D,TDSThaiESG,ตราสารทุน,108222096.55,2026-07-31,20982170.33,2025-07-16,4.1578123162629
M0796_2555,THDRMF-A,THDRMF,ตราสารทุน,604108004.18,2026-07-31,379489842.75,2025-07-14,0.591895055220157
M0796_2555,THDRMF-P,THDRMF,ตราสารทุน,604108004.18,2026-07-31,6704262.08,2025-07-15,89.10805320128534
M0819_2554,TGOLDRMF-A,TGOLDRMF,ทรัพย์สินทางเลือก,202676658.59,2026-07-31,129030180.3,2025-07-14,0.5707693976616106
M0819_2554,TGOLDRMF-P,TGOLDRMF,ทรัพย์สินทางเลือก,202676658.59,2026-07-31,43615850.17,2025-07-14,3.6468579151852856
M0889_2550,main,TISCOCID,ตราสารทุน,79095505.33,2026-07-30,95495162.19,2025-07-14,-0.17173285519292336
M0901_2556,TISCOEU-A,TISCOEU,ตราสารทุน,257432041.87,2026-07-30,382520683.49,2025-07-14,-0.32701144544323735
M0901_2556,TISCOEU-SSF,TISCOEU,ตราสารทุน,11713519.51,2026-07-30,9603539.75,2025-07-14,0.21970854652837768
M0906_2554,main,TBOND1Y,ตราสารหนี้,189672199.09,2026-07-31,150749284.14,2025-07-14,0.2581963501322668
M0930_2567,main,TASIA,ตราสารทุน,511645051.3,2026-07-27,64717525.16,2025-07-14,6.905819173941973
M0952_2556,main,TISCONA,ตราสารทุน,82855052.09,2026-07-31,64761963.95,2025-07-14,0.27937831153435866
M0988_2568,main,TWORLD,ตราสารทุน,8120500194.67,2026-07-30,,,
M0991_2568,main,TWORLD-UH,ตราสารทุน,352135328.89,2026-07-30,,,
M1030_2567,main,TUSENGY,ตราสารทุน,245035577.94,2026-07-30,11790823.51,2025-07-16,19.78188836701534
M1072_2568,main,TGOLD5M2,ทรัพย์สินทางเลือก,95195496.06,2026-07-27,,,
M1112_2568,main,TROBOTICS,ตราสารทุน,44107459.54,2026-07-27,,,
M1149_2568,main,TGOLD-UH,ทรัพย์สินทางเลือก,53977778.05,2026-07-30,,,
M1151_2557,main,TCHSTARP,ตราสารทุน,81840536.74,2026-07-27,99202455.4,2025-07-14,-0.17501500935631087
M1183_2557,main,TJREIT,ทรัพย์สินทางเลือก,43050991.57,2026-07-30,26232306.74,2025-07-14,0.6411439526343388
M0004_2565,main,B-SMEQ,ตราสารทุน,109129751.64,2026-07-31,93712563.44,2025-07-14,0.16451570242095603
M0008_2565,main,B-GLOB-INFRA,ตราสารทุน,306300305.77,2026-07-27,213973109.12,2025-07-14,0.4314897186366591
M0012_2537,main,B-INFRA,ตราสารทุน,1401075074.14,2026-07-31,1093920498.17,2025-07-14,0.28078327125584845
M0013_2537,main,BKD,ตราสารทุน,2247682673.06,2026-07-31,2274697514.97,2025-07-14,-0.011876234854178436
M0014_2537,main,BTK,ตราสารทุน,736399279.22,2026-07-31,567806926.8,2025-07-14,0.2969184496746793
M0015_2537,main,BTP,ตราสารทุน,5144377976.88,2026-07-31,4848511949.0,2025-07-14,0.06102202716877336
M0016_2563,main,BCAP-USND100,ตราสารทุน,2365809014.03,2026-07-30,971802393.84,2025-07-14,1.434454812034053
M0022_2565,main,BCAP-GPE22A UI,ทรัพย์สินทางเลือก,1562315534.03,2026-07-31,1118739153.01,2025-07-31,0.3964966988297003
M0023_2547,main,B-ACTIVE,ผสม,129660657.16,2026-07-31,156734264.47,2025-07-14,-0.17273572821839522
M0024_2537,main,BKA2,ตราสารทุน,574792013.53,2026-07-31,521064187.28,2025-07-14,0.10311172320336182
M0029_2564,main,B-SIP,ตราสารทุน,2178291412.7,2026-07-27,2188656861.03,2025-07-14,-0.0047359860353450856
M0033_2544,main,B-FLEX,ผสม,338012151.94,2026-07-31,381839515.43,2025-07-14,-0.11477953883490766
M0034_2538,main,BBASIC,ตราสารทุน,797215365.21,2026-07-31,818225100.98,2025-07-14,-0.02567720758607417
M0034_2539,main,BCAP,ตราสารทุน,511609733.65,2026-07-31,472173676.52,2025-07-14,0.0835202364957115
M0035_2536,main,BKA,ตราสารทุน,1721718396.2,2026-07-31,1704976701.59,2025-07-14,0.009819309902820095
M0037_2563,main,BCAP-2030 RMF,ผสม,172479837.62,2026-07-27,170774093.58,2025-07-14,0.009988306799010527
M0041_2563,main,BCAP-2040 RMF,ผสม,106896837.83,2026-07-27,96199277.74,2025-07-14,0.11120208323094216
M0042_2562,main,B-TOPTEN,ตราสารทุน,272516673.4,2026-07-31,,,
M0042_2563,main,BCAP-2050 RMF,ผสม,104232640.18,2026-07-27,78532951.18,2025-07-14,0.3272472078770541
M0044_2563,main,B-INCOMESSF,ผสม,509115689.54,2026-07-27,419028353.89,2025-07-14,0.21499102581886143
M0047_2566,main,B-DYNAMIC BOND,ตราสารหนี้,6453569102.32,2026-07-27,4811867944.05,2025-07-14,0.3411775172051439
M0050_2558,main,BMSCITH,ตราสารทุน,871578403.61,2026-07-31,775710390.8,2025-07-14,0.12358737738594705
M0052_2569,main,BP2/26 (AI),ตราสารหนี้,4493218488.48,2026-07-31,,,
M0053_2563,main,B-FUTURESSF,ตราสารทุน,1347298396.51,2026-07-27,1239956860.1,2025-07-14,0.08656876691769999
M0056_2564,main,BCAP-GMA,ผสม,9088001478.91,2026-07-27,7788262042.87,2025-07-14,0.16688439973971936
M0057_2559,main,B-ASEAN,ตราสารทุน,226594612.9,2026-07-31,329098051.72,2025-07-14,-0.3114677777163233
M0057_2564,main,BCAP-GMA PLUS,ผสม,3648728002.77,2026-07-27,3369441710.63,2025-07-14,0.0828880022642624
M0059_2545,main,BFLRMF,ผสม,15650356470.91,2026-07-31,14224973968.61,2025-07-14,0.10020281973417777
M0062_2545,main,BFRMF,ตราสารหนี้,13633872792.3,2026-07-31,13401081180.46,2025-07-14,0.01737110675662734
M0064_2563,main,B-ENHANCED,ตราสารหนี้,581287090.87,2026-07-30,587838900.19,2025-07-14,-0.011145586516786099
M0067_2545,main,BERMF,ตราสารทุน,9520537928.26,2026-07-31,7897831336.38,2025-07-14,0.20546230006271227
M0068_2563,main,BCAP-GW10 SSF,ผสม,12555617.88,2026-07-27,12420218.87,2025-07-14,0.010901499516006607
M0069_2563,main,BCAP-GW90 SSF,ผสม,80046187.66,2026-07-27,63764257.22,2025-07-14,0.2553457242326831
M0070_2563,main,BCAP-GW25 SSF,ผสม,14233238.6,2026-07-27,13498968.09,2025-07-14,0.05439456594789238
M0072_2563,main,BCAP-GW75 SSF,ผสม,47336192.62,2026-07-27,39869585.25,2025-07-14,0.1872757723257228
M0073_2563,main,BCAP-GW50 SSF,ผสม,40039874.54,2026-07-27,35949902.63,2025-07-14,0.11376865056059815
M0078_2565,main,B-INNOTECHSSF,ตราสารทุน,1980153622.59,2026-07-27,1572404739.29,2025-07-14,0.2593154759150078
M0082_2564,main,B-GTORMF,ตราสารทุน,402393859.08,2026-07-27,421079016.84,2025-07-14,-0.04437446895412489
M0083_2558,main,BCARERMF,ตราสารทุน,8093858303.88,2026-07-27,6676962498.68,2025-07-14,0.2122066441859023
M0084_2565,main,B-ASIASSF,ตราสารทุน,272263945.72,2026-07-30,191852084.17,2025-07-14,0.4191346781447898
M0086_2563,main,BMAPS25,ผสม,189941167.57,2026-07-27,182196259.61,2025-07-14,0.04250860021264069
M0087_2561,main,B-FUTURE,ตราสารทุน,2360413867.47,2026-07-27,2331859497.47,2025-07-14,0.012245321826199529
M0088_2568,main,B-US2000P,ตราสารทุน,142565958.22,2026-07-30,99209171.86,2025-07-14,0.4370239721503104
M0089_2561,main,B-TOPTENRMF,ตราสารทุน,3115022654.93,2026-07-31,2727789210.22,2025-07-14,0.1419587126670867
M0092_2567,main,B-SI-THAIESG,ตราสารหนี้,6669914414.9,2026-07-31,4060867560.21,2025-07-14,0.6424850887171207
M0096_2562,main,BCAP-GW25,ผสม,801132585.52,2026-07-27,111806836.78,2025-07-14,6.165327350208217
M0107_2563,main,BMAPS55,ผสม,308795935.05,2026-07-27,323196392.52,2025-07-14,-0.0445563682122746
M0108_2563,main,BMAPS100,ผสม,230725619.15,2026-07-27,292409922.56,2025-07-14,-0.21095147137950798
M0110_2563,main,B-CHINAARMF,ตราสารทุน,4841876127.27,2026-07-30,3498751031.36,2025-07-14,0.38388701678722015
M0112_2564,main,B-FUTURERMF,ตราสารทุน,498690920.64,2026-07-27,481499299.28,2025-07-14,0.03570435384995818
M0112_2569,main,BP3/26 (AI),ตราสารหนี้,5582125304.29,2026-07-31,,,
M0113_2553,main,BGOLD,ทรัพย์สินทางเลือก,6893851402.49,2026-07-31,2837515243.98,2025-07-14,1.4295381027875775
M0116_2553,main,BGOLDRMF,ทรัพย์สินทางเลือก,7495842954.15,2026-07-31,4328787976.92,2025-07-14,0.7316262644684688
M0121_2560,main,B-INCOME,ผสม,3687128813.16,2026-07-27,3122435271.12,2025-07-14,0.18085035973778485
M0124_2563,main,BEQSSF,ตราสารทุน,3977427480.69,2026-07-31,2880023514.09,2025-07-14,0.38103993291414007
M0129_2564,main,B-GTOSSF,ตราสารทุน,227952020.6,2026-07-27,213113730.5,2025-07-14,0.06962615719403398
M0136_2566,main,BCAP-MNH UI,ผสม,4499022682.93,2026-07-22,1706476490.1,2025-07-21,1.6364398859467184
M0146_2562,main,BCAP-GW10,ผสม,931646473.18,2026-07-27,187330206.53,2025-07-14,3.973284823826858
M0147_2562,main,BCAP-GW50,ผสม,469872696.77,2026-07-27,173608365.1,2025-07-14,1.7065095423215872
M0148_2560,main,B-ASEANRMF,ตราสารทุน,883418589.18,2026-07-31,827408573.65,2025-07-14,0.06769329846670491
M0148_2562,main,BCAP-GW75,ผสม,212245417.73,2026-07-27,123080499.09,2025-07-14,0.7244439151550728
M0148_2569,main,B2/26,ตราสารหนี้,2839961152.71,2026-07-31,,,
M0149_2562,main,BCAP-GW90,ผสม,268238580.08,2026-07-27,166427861.64,2025-07-14,0.6117408313532666
M0149_2565,main,BMAPS100RMF,ผสม,125470389.79,2026-07-27,70279906.17,2025-07-14,0.7852953515119925
M0167_2565,main,BMAPS55RMF,ผสม,164592016.72,2026-07-27,111663986.64,2025-07-14,0.47399373488820307
M0170_2550,main,B-MIXED75,ผสม,7756184993.73,2026-07-31,,,
M0170_2564,main,B-CHINESSF,ตราสารทุน,566640869.66,2026-07-30,492414462.71,2025-07-14,0.15073969708666834
M0171_2564,main,B-FINTECH,ตราสารทุน,547822170.2,2026-07-27,753699836.26,2025-07-14,-0.27315604456225384
M0178_2565,main,BMAPS25RMF,ผสม,107412403.54,2026-07-27,91514590.63,2025-07-14,0.17371888789052226
M0186_2563,main,BCAP-GTAC,ผสม,5522264079.32,2026-07-27,1043496069.48,2025-07-14,4.292079424958334
M0197_2561,main,B-ASIARMF,ตราสารทุน,1401098702.35,2026-07-30,755789033.07,2025-07-14,0.8538224835821775
M0202_2556,main,BSIRIRMF,ตราสารทุน,3574002899.33,2026-07-31,2703917769.84,2025-07-14,0.32178683064813973
M0213_2561,main,B-INNOTECHRMF,ตราสารทุน,21150128689.78,2026-07-27,15651560573.33,2025-07-14,0.3513111737764647
M0217_2568,main,BCAP-EPC UI,อื่น ๆ,2601994961.87,2026-07-24,2172695150.36,2025-08-15,0.1975886085256222
M0219_2563,main,BM70SSF,ผสม,2740038272.96,2026-07-31,2235114981.1,2025-07-14,0.22590483985369958
M0237_2557,main,BBASICRMF,ตราสารทุน,1831525689.23,2026-07-31,1783749141.84,2025-07-14,0.026784342186545906
M0243_2569,main,B3/26,ตราสารหนี้,5769468198.23,2026-07-31,,,
M0259_2551,main,IN-RMF,ตราสารทุน,6755891218.52,2026-07-31,5592939299.16,2025-07-14,0.20793215466054926
M0259_2560,main,BSET100,ตราสารทุน,1736944556.17,2026-07-31,886306108.48,2025-07-14,0.9597569502807903
M0266_2567,main,B-ST,ตราสารหนี้,39903039826.28,2026-07-31,21670188957.25,2025-07-14,0.8413794132113461
M0277_2568,main,1I01BSET50,ไม่ระบุ เนื่องจากเป็นกองทุนรวมอีทีเอฟแบบ leveraged management หรือ inverse management,3401103.74,2026-07-31,,,
M0277_2569,main,B4/26,ตราสารหนี้,4168985716.63,2026-07-31,,,
M0278_2568,main,2I01BSET50,ไม่ระบุ เนื่องจากเป็นกองทุนรวมอีทีเอฟแบบ leveraged management หรือ inverse management,69612320.96,2026-07-31,,,
M0279_2568,main,2X01BSET50,ไม่ระบุ เนื่องจากเป็นกองทุนรวมอีทีเอฟแบบ leveraged management หรือ inverse management,25922115.46,2026-07-31,,,
M0280_2569,main,B-WEALTHD,ผสม,1656463267.38,2026-07-27,,,
M0282_2559,main,B-HY (H75) AI,ตราสารหนี้,112204041.94,2026-07-27,137469332.07,2025-07-14,-0.1837885566879367
M0289_2564,main,B-USALPHA,ตราสารทุน,1012350216.92,2026-07-27,1126113042.35,2025-07-14,-0.10102256270169552
M0290_2569,main,B5/26,ตราสารหนี้,3441797075.75,2026-07-31,,,
M0297_2568,main,B-CNA500P,ตราสารทุน,794420761.25,2026-07-31,297878501.25,2025-07-14,1.6669288247266554
M0304_2566,main,B-PREMIUMRMF,ตราสารทุน,141867225.3,2026-07-27,150648393.69,2025-07-14,-0.05828916044116361
M0311_2559,main,B-HY (UH) AI,ตราสารหนี้,55696903.13,2026-07-27,91589786.46,2025-07-14,-0.39188740052009496
M0313_2566,main,B-DYNAMICSSF,ตราสารหนี้,186935909.68,2026-07-27,151351941.52,2025-07-14,0.23510744429596797
M0320_2566,main,B-DYNAMICRMF,ตราสารหนี้,755185357.35,2026-07-27,590270742.44,2025-07-14,0.2793880893169345
M0324_2550,main,BCARE,ตราสารทุน,4596286094.16,2026-07-27,4360721461.94,2025-07-14,0.054019646582793346
M0337_2553,main,BFIXED,ตราสารหนี้,39541504391.28,2026-07-31,36406646949.77,2025-07-14,0.08610673336204622
M0343_2562,main,B-IR-FOF,ทรัพย์สินทางเลือก,978777260.2,2026-07-31,1020807792.48,2025-07-14,-0.04117379646749064
M0347_2564,main,B-VIETNAM,ตราสารทุน,2485952940.62,2026-07-31,3949910551.19,2025-07-14,-0.3706305729199234
M0349_2558,main,B-GLOBAL,ตราสารทุน,7712085293.85,2026-07-27,4977668779.24,2025-07-14,0.5493367750811851
M0350_2554,main,B-TREASURY,ตราสารหนี้,43405504698.47,2026-07-31,39649024545.54,2025-07-14,0.09474331830321292
M0356_2561,main,BCAP-MSCITH,ตราสารทุน,80243876.96,2026-07-31,79391415.85,2025-07-14,0.010737446874742984
M0364_2567,main,BCAP-DHSL,ตราสารหนี้,10835488132.93,2026-07-30,10428494893.98,2025-07-14,0.03902703535722529
M0369_2564,main,B-SIPSSF,ตราสารทุน,467771164.19,2026-07-27,405607562.42,2025-07-14,0.15326046042906505
M0382_2566,main,BCAP-XDIGI,ตราสารทุน,74833653.62,2026-07-27,79079667.86,2025-07-14,-0.05369286891185476
M0384_2565,main,BCAP-MONEY,ตราสารหนี้,1393723312.95,2026-07-31,1338141426.01,2025-07-14,0.041536631225692844
M0388_2564,main,B-SIPRMF,ตราสารทุน,1813440693.45,2026-07-27,1704216464.85,2025-07-14,0.06409058406181622
M0401_2569,main,B6/26,ตราสารหนี้,4552341933.95,2026-07-31,,,
M0404_2560,main,B-BHARATA,ตราสารทุน,2795394614.04,2026-07-30,3043461116.7,2025-07-14,-0.08150802430128512
M0412_2567,main,BCAP-EPE UI,ทรัพย์สินทางเลือก,1387730851.3,2026-07-07,1260231485.51,2025-08-01,0.1011713857779093
M0415_2568,main,BCAPSETTHAIESGX,ตราสารทุน,71339396.04,2026-07-31,47289977.84,2025-07-14,0.5085521139673259
M0416_2564,main,B-USALPHARMF,ตราสารทุน,775282009.83,2026-07-27,750556935.29,2025-07-14,0.03294230374468099
M0419_2560,main,B-THAICG,ตราสารทุน,108294621.12,2026-07-31,154499410.23,2025-07-14,-0.2990612652903717
M0432_2564,main,B-USALPHASSF,ตราสารทุน,258355714.17,2026-07-27,264273744.04,2025-07-14,-0.022393559721559986
M0434_2568,main,BEQD-TESGX,ตราสารทุน,1599918351.1,2026-07-31,1146880583.01,2025-07-14,0.39501738437405365
M0435_2568,main,BM70-TESGX,ผสม,3608095714.97,2026-07-31,2791565555.73,2025-07-14,0.2924990092258377
M0436_2568,main,BMDIV-TESGX,ผสม,5065265174.68,2026-07-31,4024284793.2,2025-07-14,0.25867463039370087
M0439_2559,main,B-BASICPLUS,ตราสารทุน,1916575215.21,2026-07-31,,,
M0439_2562,main,BCAP-MFIX,ตราสารหนี้,3380611406.56,2026-07-31,1406462170.12,2025-07-14,1.403627682550157
M0439_2564,main,B-VIETNAMRMF,ตราสารทุน,3624260587.53,2026-07-31,3822559213.51,2025-07-14,-0.05187588076573335
M0452_2560,main,B-INDIAMRMF,ตราสารทุน,2759326353.63,2026-07-30,2945168655.34,2025-07-14,-0.06310073325445797
M0452_2569,main,B7/26,ตราสารหนี้,4161080665.47,2026-07-31,,,
M0462_2562,main,BCAP-GFIO,ตราสารหนี้,244063693.4,2026-07-24,244030918.84,2025-07-14,0.0001343049485524883
M0464_2569,main,B-WEALTHM,ผสม,4363559406.72,2026-07-27,,,
M0465_2569,main,B-WEALTHB,ผสม,4706874392.7,2026-07-27,,,
M0466_2569,main,B-WEALTHG,ผสม,2084934485.92,2026-07-27,,,
M0473_2565,main,B-GLOB-INFRARMF,ตราสารทุน,329522694.82,2026-07-27,237766997.66,2025-07-14,0.38590594179604354
M0476_2565,main,B-GLOB-INFRASSF,ตราสารทุน,85714997.72,2026-07-27,68189569.25,2025-07-14,0.2570104000180351
M0487_2565,main,BCAP-VISPE22BUI,ทรัพย์สินทางเลือก,1286406723.24,2026-06-30,1246863659.79,2025-07-31,0.03171402353378405
M0488_2569,main,B8/26,ตราสารหนี้,5369509938.25,2026-07-30,,,
M0491_2566,main,BCAP-USL,ตราสารหนี้,2165028918.49,2026-07-30,4858522984.0,2025-07-14,-0.5543853706939673
M0495_2558,main,B-GLOBALRMF,ตราสารทุน,3862985558.51,2026-07-27,2718337242.3,2025-07-14,0.4210839988497921
M0503_2565,main,BCARESSF,ตราสารทุน,256047727.87,2026-07-24,197829549.04,2025-07-14,0.29428454501621815
M0504_2563,main,BCAP-CTECH,ตราสารทุน,3023282873.61,2026-07-27,2661695722.46,2025-07-14,0.13584841726980468
M0511_2557,main,BKIND,ตราสารทุน,304041576.76,2026-07-27,243826879.43,2025-07-14,0.24695676486023754
M0520_2565,main,B-VIETNAMSSF,ตราสารทุน,509129054.68,2026-07-30,533430224.44,2025-07-14,-0.0455564170281344
M0547_2569,main,B9/26,ตราสารหนี้,4578652468.88,2026-07-31,,,
M0552_2567,main,B-USPASSIVE,ตราสารทุน,2012991148.56,2026-07-30,974194156.29,2025-07-14,1.0663141280030106
M0553_2567,main,B-EUPASSIVE,ตราสารทุน,230791506.12,2026-07-30,269019506.31,2025-07-14,-0.1421012205187404
M0554_2563,main,B-GTO,ตราสารทุน,1058311079.01,2026-07-27,1617809097.62,2025-07-14,-0.34583686012959847
M0556_2560,main,B-SENIOR-X,ผสม,1257351208.26,2026-07-27,1499957391.87,2025-07-14,-0.1617420500908644
M0557_2567,main,B-JPPASSIVE,ตราสารทุน,996375501.44,2026-07-31,116126236.01,2025-07-14,7.580106749987134
M0568_2567,main,B-ASIATECHRMF,ตราสารทุน,1066918494.73,2026-07-27,163714554.2,2025-07-14,5.516943468731628
M0570_2547,main,B-EQUITY,ตราสารทุน,14638620181.58,2026-07-31,,,
M0573_2562,main,B-IR-FOFRMF,ทรัพย์สินทางเลือก,341762482.04,2026-07-30,283100199.41,2025-07-14,0.20721385132280434
M0576_2566,main,BCAP-GPE23A UI,ทรัพย์สินทางเลือก,,,1782094777.1,2025-07-31,
M0577_2568,main,B-CNNEXT,ตราสารทุน,1793445387.08,2026-07-30,,,
M0580_2567,main,BCAP-AQUANT,ตราสารทุน,159785392.99,2026-07-31,87089968.28,2025-07-14,0.8347163989804132
M0581_2563,main,BCAP-GOLD,ทรัพย์สินทางเลือก,138941447.81,2026-07-27,96558533.6,2025-07-14,0.4389349405985594
M0582_2568,main,B-STPLUS,ตราสารหนี้,20076258955.02,2026-07-30,5658893075.64,2025-08-07,2.5477360477869513
M0583_2568,main,BCAP-GMA UH,ผสม,3400953966.6,2026-07-27,,,
M0584_2563,main,BCAP-SET,ตราสารทุน,470912087.19,2026-07-31,653721529.88,2025-07-14,-0.2796442129167098
M0585_2569,main,B10/26,ตราสารหนี้,7448351999.17,2026-07-31,,,
M0586_2568,main,BCAP-GMAPLUS UH,ผสม,2415211390.17,2026-07-27,,,
M0590_2562,main,BCAP-GFIA,ตราสารหนี้,1057416203.23,2026-07-27,2574616635.18,2025-07-15,-0.5892917847335852
M0594_2560,main,BMSCG,ตราสารทุน,206278905.4,2026-07-31,220246097.11,2025-07-14,-0.06341629610364541
M0597_2551,main,MM-RMF,ตราสารหนี้,11562074609.18,2026-07-31,9387469052.76,2025-07-14,0.23164982427086112
M0609_2569,main,B11/26,ตราสารหนี้,5959772782.01,2026-07-31,,,
M0619_2562,main,BCAP-GE,ตราสารทุน,2427292827.47,2026-07-27,1084551608.61,2025-07-14,1.2380611565187802
M0624_2563,main,BCAP-DISRUPT,ตราสารทุน,322655776.56,2026-07-27,211506385.33,2025-07-14,0.5255131709455516
M0625_2563,main,BCAP-CLEAN,ตราสารทุน,762879375.32,2026-07-27,415763421.01,2025-07-14,0.8348881521774163
M0625_2569,main,B12/26,ตราสารหนี้,7886848219.64,2026-07-31,,,
M0627_2563,main,BCAP-XHEALTH,ตราสารทุน,444299235.3,2026-07-27,434099494.16,2025-07-14,0.023496321182628677
M0650_2567,main,BCAP-SET RMF,ตราสารทุน,12803198.59,2026-07-27,6778839.86,2025-07-14,0.8887005526635938
M0651_2560,main,B-CHINE-EQ,ตราสารทุน,5297999401.0,2026-07-30,5654097357.09,2025-07-14,-0.06298051370542257
M0651_2568,main,BCAP-EESPE UI,ทรัพย์สินทางเลือก,1143243014.27,2026-07-08,,,
M0663_2557,main,B-ASIA,ตราสารทุน,6188221533.64,2026-07-27,4656642518.97,2025-07-14,0.3289019950384271
M0667_2559,main,B-INNOTECH,ตราสารทุน,15181068968.13,2026-07-24,10245895431.02,2025-07-14,0.48167322908337473
M0671_2569,main,B13/26,ตราสารหนี้,5338419636.99,2026-07-31,,,
M0681_2567,main,B-OPP,ตราสารทุน,396863237.46,2026-07-23,1266435506.94,2025-07-15,-0.6866297294372984
M0688_2565,main,B-PREMIUM,ตราสารทุน,271360259.46,2026-07-27,228117599.44,2025-07-14,0.18956301541904375
M0694_2567,main,B-MIXED-THAIESG,ผสม,793858614.2,2026-07-31,421712220.4,2025-07-15,0.882465282715815
M0697_2562,main,BCAP-GPROP,ทรัพย์สินทางเลือก,154975701.53,2026-07-27,137921157.58,2025-07-14,0.12365429821822405
M0698_2567,main,B-EQ-THAIESG,ตราสารทุน,556950206.01,2026-07-31,192161931.65,2025-07-14,1.8983378821587733
M0699_2562,main,BCAP-TEQ,ตราสารทุน,180659729.32,2026-07-31,170730472.83,2025-07-14,0.05815749423880967
M0702_2562,main,BCAP-TFACTOR,ตราสารทุน,156779539.0,2026-07-31,39638571.73,2025-07-14,2.955226743988437
M0731_2567,main,B-OPPRMF,ตราสารทุน,124256181.38,2026-07-27,143367513.78,2025-07-14,-0.13330308865735574
M0747_2554,main,BSIRICG,ตราสารทุน,2517169850.6,2026-07-30,2192170761.82,2025-07-14,0.14825445829328388
M0770_2566,main,B-TOP-THAIESG,ตราสารทุน,3145907338.51,2026-07-30,1960065462.02,2025-07-14,0.6050011591285824
M0772_2557,main,B-NIPPON,ตราสารทุน,556492360.4,2026-07-27,513110546.18,2025-07-14,0.08454672105839256
M0775_2554,main,B-SM-RMF,ตราสารทุน,781212079.67,2026-07-31,625234820.49,2025-07-14,0.24946988566273332
M0837_2568,main,B-USPASSIVERMF,ตราสารทุน,569033899.12,2026-07-30,,,
M0876_2566,main,B-ASIATECH,ตราสารทุน,2803444907.2,2026-07-27,243114758.28,2025-07-14,10.531364558177986
M0934_2547,main,B-TNTV,ตราสารหนี้,92903398406.85,2026-07-31,92112302814.19,2025-07-14,0.008588381448413118
M0943_2555,main,B-SENIOR,ผสม,9485511998.46,2026-07-31,7130663997.34,2025-07-14,0.3302424573642011
M0991_2550,main,B25RMF,ผสม,3926101005.46,2026-07-31,3997075204.31,2025-07-14,-0.017756533270494645
M1082_2568,main,B-WEALTHC,ผสม,7972740521.83,2026-07-27,,,
M0004_2545,main,TOF,ผสม,677962727.84,2026-07-31,500991923.73,2025-07-14,0.353240832292089
M0007_2565,KT-EPIC-A,KT-EPIC,ตราสารทุน,192611084.0,2026-07-24,149188133.82,2025-07-15,0.29106168880958805
M0007_2565,KT-EPIC-D,KT-EPIC,ตราสารทุน,192611084.0,2026-07-24,149188133.82,2025-07-15,0.29106168880958805
M0007_2565,KT-EPIC-I,KT-EPIC,ตราสารทุน,192611084.0,2026-07-24,149188133.82,2025-07-15,0.29106168880958805
M0007_2565,KT-EPIC-P,KT-EPIC,ตราสารทุน,192611084.0,2026-07-24,149188133.82,2025-07-15,0.29106168880958805
M0007_2565,KT-EPIC-R,KT-EPIC,ตราสารทุน,192611084.0,2026-07-24,149188133.82,2025-07-15,0.29106168880958805
M0007_2565,KT-EPIC-SSF,KT-EPIC,ตราสารทุน,192611084.0,2026-07-24,149188133.82,2025-07-15,0.29106168880958805
M0009_2564,KT-ASIAG-A,KT-ASIAG,ตราสารทุน,2120783008.77,2026-07-30,2135742458.55,2025-07-14,-0.007004332249945677
M0009_2564,KT-ASIAG-D,KT-ASIAG,ตราสารทุน,2120783008.77,2026-07-30,22944342.31,2025-07-14,91.4316321695429
M0009_2564,KT-ASIAG-I,KT-ASIAG,ตราสารทุน,2120783008.77,2026-07-30,22944342.31,2025-07-14,91.4316321695429
M0009_2564,KT-ASIAG-P,KT-ASIAG,ตราสารทุน,2120783008.77,2026-07-30,22944342.31,2025-07-14,91.4316321695429
M0009_2564,KT-ASIAG-R,KT-ASIAG,ตราสารทุน,2120783008.77,2026-07-30,22944342.31,2025-07-14,91.4316321695429
M0009_2564,KT-ASIAG-SSF,KT-ASIAG,ตราสารทุน,34601121.41,2026-07-30,22944342.31,2025-07-14,0.5080459026676716
M0016_2564,main,KTF19,ตราสารหนี้,178824874.7,2026-07-30,252819816.35,2025-07-14,-0.2926785673618342
M0017_2564,main,KTF20,ตราสารหนี้,191957238.55,2026-07-30,272914910.58,2025-07-14,-0.2966407070172471
M0020_2543,main,KTSF,ตราสารทุน,1852884341.66,2026-07-31,1273726536.01,2025-07-14,0.4546955639820738
M0021_2559,KT-JAPANSM-A,KT-JAPANSM,ตราสารทุน,291143970.91,2026-07-30,174768614.25,2025-07-14,0.6658824707137028
M0021_2559,KT-JAPANSM-D,KT-JAPANSM,ตราสารทุน,72758887.18,2026-07-30,38013305.92,2025-07-14,0.9140373461104117
M0021_2559,KT-JAPANSM-I,KT-JAPANSM,ตราสารทุน,291143970.91,2026-07-30,174768614.25,2025-07-14,0.6658824707137028
M0021_2559,KT-JAPANSM-P,KT-JAPANSM,ตราสารทุน,291143970.91,2026-07-30,174768614.25,2025-07-14,0.6658824707137028
M0021_2559,KT-JAPANSM-R,KT-JAPANSM,ตราสารทุน,291143970.91,2026-07-30,174768614.25,2025-07-14,0.6658824707137028
M0021_2559,KT-JAPANSM-SSF,KT-JAPANSM,ตราสารทุน,28542367.48,2026-07-30,10403854.23,2025-07-14,1.743441694684336
M0022_2564,main,KTF23,ตราสารหนี้,80056989.0,2026-07-30,189545385.53,2025-07-14,-0.5776368347024248
M0022_2567,KT-JAPANALL-A,KT-JAPANALL,ตราสารทุน,2597596830.5,2026-07-30,242698043.88,2025-07-14,9.702998627316337
M0022_2567,KT-JAPANALL-D,KT-JAPANALL,ตราสารทุน,2597596830.5,2026-07-30,242698043.88,2025-07-14,9.702998627316337
M0022_2567,KT-JAPANALL-I,KT-JAPANALL,ตราสารทุน,2597596830.5,2026-07-30,242698043.88,2025-07-14,9.702998627316337
M0022_2567,KT-JAPANALL-P,KT-JAPANALL,ตราสารทุน,2597596830.5,2026-07-30,242698043.88,2025-07-14,9.702998627316337
M0022_2567,KT-JAPANALL-R,KT-JAPANALL,ตราสารทุน,2597596830.5,2026-07-30,242698043.88,2025-07-14,9.702998627316337
M0022_2567,KT-JAPANALL-SSF,KT-JAPANALL,ตราสารทุน,2597596830.5,2026-07-30,242698043.88,2025-07-14,9.702998627316337
M0023_2564,main,KTF24,ตราสารหนี้,70605372.65,2026-07-30,128844643.52,2025-07-14,-0.45201157982915885
M0027_2562,KT-SAGA-A,KT-SAGA,ผสม,1011896860.75,2026-07-30,669393768.39,2025-07-14,0.5116616086578984
M0027_2562,KT-SAGA-D,KT-SAGA,ผสม,1011896860.75,2026-07-30,669393768.39,2025-07-14,0.5116616086578984
M0027_2562,KT-SAGA-I,KT-SAGA,ผสม,1011896860.75,2026-07-30,669393768.39,2025-07-14,0.5116616086578984
M0027_2562,KT-SAGA-P,KT-SAGA,ผสม,1011896860.75,2026-07-30,669393768.39,2025-07-14,0.5116616086578984
M0027_2562,KT-SAGA-R,KT-SAGA,ผสม,1011896860.75,2026-07-30,669393768.39,2025-07-14,0.5116616086578984
M0031_2543,KTFIXPLUS-A,KTFIXPLUS,ตราสารหนี้,4752273068.12,2026-07-23,10196137287.69,2025-07-14,-0.5339143703118323
M0031_2543,KTFIXPLUS-D,KTFIXPLUS,ตราสารหนี้,424723977.2,2026-07-31,574425750.51,2025-07-15,-0.26061118112669623
M0031_2543,KTFIXPLUS-I,KTFIXPLUS,ตราสารหนี้,11664641.89,2026-07-31,162580203.73,2025-07-14,-0.9282529999201398
M0031_2543,KTFIXPLUS-P,KTFIXPLUS,ตราสารหนี้,424723977.2,2026-07-31,67166859.73,2025-07-14,5.323415727746127
M0031_2543,KTFIXPLUS-R,KTFIXPLUS,ตราสารหนี้,424723977.2,2026-07-31,67166859.73,2025-07-14,5.323415727746127
M0031_2543,KTFIXPLUS-SSF,KTFIXPLUS,ตราสารหนี้,62474008.17,2026-07-24,67166859.73,2025-07-14,-0.06986855688749649
M0031_2543,KTFIXPLUS-X,KTFIXPLUS,ตราสารหนี้,304009503.97,2026-07-31,1347215070.9,2025-07-15,-0.774342263134788
M0032_2561,KTSUK-A,KTSUK,ผสม,253335163.83,2026-07-30,363742272.73,2025-07-14,-0.30353114602644327
M0032_2561,KTSUK-D,KTSUK,ผสม,8559870.55,2026-07-30,10682111.59,2025-07-14,-0.19867242746150704
M0032_2561,KTSUK-I,KTSUK,ผสม,34537224.78,2026-07-30,10682111.59,2025-07-14,2.233183297985001
M0032_2561,KTSUK-R,KTSUK,ผสม,34537224.78,2026-07-30,10682111.59,2025-07-14,2.233183297985001
M0032_2561,KTSUK-SSF,KTSUK,ผสม,34537224.78,2026-07-30,33963333.06,2025-07-14,0.016897391047755894
M0033_2561,KTSRI-A,KTSRI,ผสม,219717951.06,2026-07-30,309075867.77,2025-07-14,-0.2891132114413282
M0033_2561,KTSRI-D,KTSRI,ผสม,13346626.07,2026-07-30,19102438.24,2025-07-14,-0.30131295794206414
M0033_2561,KTSRI-I,KTSRI,ผสม,219717951.06,2026-07-30,19102438.24,2025-07-14,10.502089330141974
M0033_2561,KTSRI-R,KTSRI,ผสม,219717951.06,2026-07-30,19102438.24,2025-07-14,10.502089330141974
M0033_2561,KTSRI-SSF,KTSRI,ผสม,30470771.18,2026-07-30,28198569.26,2025-07-14,0.08057862436386598
M0035_2561,KTMEE-A,KTMEE,ผสม,153512740.76,2026-07-30,211551383.35,2025-07-14,-0.27434773373227395
M0035_2561,KTMEE-D,KTMEE,ผสม,14225665.99,2026-07-30,12639523.57,2025-07-14,0.12549068097508997
M0035_2561,KTMEE-I,KTMEE,ผสม,153512740.76,2026-07-30,211551383.35,2025-07-14,-0.27434773373227395
M0035_2561,KTMEE-R,KTMEE,ผสม,153512740.76,2026-07-30,211551383.35,2025-07-14,-0.27434773373227395
M0035_2561,KTMEE-SSF,KTMEE,ผสม,108777225.23,2026-07-30,94614496.56,2025-07-14,0.14968878115858986
M0036_2561,KTMUNG-A,KTMUNG,ผสม,227648524.96,2026-07-30,245922183.98,2025-07-14,-0.07430667182707729
M0036_2561,KTMUNG-D,KTMUNG,ผสม,25207846.04,2026-07-30,37467432.44,2025-07-14,-0.3272064724379603
M0036_2561,KTMUNG-I,KTMUNG,ผสม,176285949.21,2026-07-30,148859874.76,2025-07-14,0.1842408808566971
M0036_2561,KTMUNG-R,KTMUNG,ผสม,176285949.21,2026-07-30,148859874.76,2025-07-14,0.1842408808566971
M0036_2561,KTMUNG-SSF,KTMUNG,ผสม,176285949.21,2026-07-30,148859874.76,2025-07-14,0.1842408808566971
M0045_2568,KT-GFO-A,KT-GFO,ตราสารทุน,573111177.04,2026-07-30,314729699.32,2025-07-14,0.8209631257496668
M0045_2568,KT-GFO-D,KT-GFO,ตราสารทุน,573111177.04,2026-07-30,314729699.32,2025-07-14,0.8209631257496668
M0045_2568,KT-GFO-I,KT-GFO,ตราสารทุน,573111177.04,2026-07-30,314729699.32,2025-07-14,0.8209631257496668
M0045_2568,KT-GFO-P,KT-GFO,ตราสารทุน,573111177.04,2026-07-30,314729699.32,2025-07-14,0.8209631257496668
M0045_2568,KT-GFO-R,KT-GFO,ตราสารทุน,573111177.04,2026-07-30,314729699.32,2025-07-14,0.8209631257496668
M0055_2558,main,KTMSEQ,ตราสารทุน,378138425.78,2026-07-31,215803510.76,2025-07-14,0.7522348197594262
M0055_2565,KT-BLOCKCHAIN-A,KT-BLOCKCHAIN,ตราสารทุน,655269525.33,2026-07-30,619518319.79,2025-07-14,0.057708068345935004
M0055_2565,KT-BLOCKCHAIN-D,KT-BLOCKCHAIN,ตราสารทุน,655269525.33,2026-07-30,619518319.79,2025-07-14,0.057708068345935004
M0055_2565,KT-BLOCKCHAIN-I,KT-BLOCKCHAIN,ตราสารทุน,655269525.33,2026-07-30,619518319.79,2025-07-14,0.057708068345935004
M0055_2565,KT-BLOCKCHAIN-P,KT-BLOCKCHAIN,ตราสารทุน,655269525.33,2026-07-30,619518319.79,2025-07-14,0.057708068345935004
M0055_2565,KT-BLOCKCHAIN-R,KT-BLOCKCHAIN,ตราสารทุน,655269525.33,2026-07-30,619518319.79,2025-07-14,0.057708068345935004
M0055_2565,KT-BLOCKCHAIN-SSF,KT-BLOCKCHAIN,ตราสารทุน,655269525.33,2026-07-30,619518319.79,2025-07-14,0.057708068345935004
M0061_2564,KT-CLIMATE-A,KT-CLIMATE,ตราสารทุน,273501184.8,2026-07-30,587323608.28,2025-07-14,-0.5343262539693256
M0061_2564,KT-CLIMATE-D,KT-CLIMATE,ตราสารทุน,273501184.8,2026-07-30,587323608.28,2025-07-14,-0.5343262539693256
M0061_2564,KT-CLIMATE-I,KT-CLIMATE,ตราสารทุน,273501184.8,2026-07-30,587323608.28,2025-07-14,-0.5343262539693256
M0061_2564,KT-CLIMATE-P,KT-CLIMATE,ตราสารทุน,273501184.8,2026-07-30,587323608.28,2025-07-14,-0.5343262539693256
M0061_2564,KT-CLIMATE-R,KT-CLIMATE,ตราสารทุน,273501184.8,2026-07-30,587323608.28,2025-07-14,-0.5343262539693256
M0061_2564,KT-CLIMATE-SSF,KT-CLIMATE,ตราสารทุน,46868499.86,2026-07-30,42967711.21,2025-07-14,0.09078418515092235
M0062_2566,KT-ARB-A,KT-ARB,ตราสารหนี้,38863984.0,2026-07-30,126824716.22,2025-07-15,-0.6935614353547339
M0062_2566,KT-ARB-D,KT-ARB,ตราสารหนี้,38863984.0,2026-07-30,126824716.22,2025-07-15,-0.6935614353547339
M0062_2566,KT-ARB-I,KT-ARB,ตราสารหนี้,38863984.0,2026-07-30,126824716.22,2025-07-15,-0.6935614353547339
M0062_2566,KT-ARB-P,KT-ARB,ตราสารหนี้,38863984.0,2026-07-30,126824716.22,2025-07-15,-0.6935614353547339
M0062_2566,KT-ARB-R,KT-ARB,ตราสารหนี้,38863984.0,2026-07-30,126824716.22,2025-07-15,-0.6935614353547339
M0062_2566,KT-ARB-SSF,KT-ARB,ตราสารหนี้,38863984.0,2026-07-30,126824716.22,2025-07-15,-0.6935614353547339
M0083_2565,KT-LUXURY-A,KT-LUXURY,ตราสารทุน,141527831.75,2026-07-30,124289083.88,2025-07-14,0.13869880871150242
M0083_2565,KT-LUXURY-D,KT-LUXURY,ตราสารทุน,13829027.46,2026-07-30,124289083.88,2025-07-14,-0.8887349795469424
M0083_2565,KT-LUXURY-I,KT-LUXURY,ตราสารทุน,13829027.46,2026-07-30,124289083.88,2025-07-14,-0.8887349795469424
M0083_2565,KT-LUXURY-P,KT-LUXURY,ตราสารทุน,13829027.46,2026-07-30,124289083.88,2025-07-14,-0.8887349795469424
M0083_2565,KT-LUXURY-R,KT-LUXURY,ตราสารทุน,13829027.46,2026-07-30,124289083.88,2025-07-14,-0.8887349795469424
M0083_2565,KT-LUXURY-SSF,KT-LUXURY,ตราสารทุน,13829027.46,2026-07-30,15401989.42,2025-07-14,-0.1021271939037599
M0086_2562,KT-JPFUND-A,KT-JPFUND,ตราสารทุน,445490062.58,2026-07-31,140756916.51,2025-07-14,2.164960370159504
M0086_2562,KT-JPFUND-D,KT-JPFUND,ตราสารทุน,445490062.58,2026-07-31,140756916.51,2025-07-14,2.164960370159504
M0086_2562,KT-JPFUND-I,KT-JPFUND,ตราสารทุน,445490062.58,2026-07-31,140756916.51,2025-07-14,2.164960370159504
M0086_2562,KT-JPFUND-P,KT-JPFUND,ตราสารทุน,445490062.58,2026-07-31,140756916.51,2025-07-14,2.164960370159504
M0086_2562,KT-JPFUND-R,KT-JPFUND,ตราสารทุน,445490062.58,2026-07-31,140756916.51,2025-07-14,2.164960370159504
M0087_2560,KT-CHINA-A,KT-CHINA,ตราสารทุน,3993202403.94,2026-07-30,5057091480.13,2025-07-14,-0.21037568340817348
M0087_2560,KT-CHINA-D,KT-CHINA,ตราสารทุน,3993202403.94,2026-07-30,5057091480.13,2025-07-14,-0.21037568340817348
M0087_2560,KT-CHINA-I,KT-CHINA,ตราสารทุน,3993202403.94,2026-07-30,5057091480.13,2025-07-14,-0.21037568340817348
M0087_2560,KT-CHINA-P,KT-CHINA,ตราสารทุน,3993202403.94,2026-07-30,5057091480.13,2025-07-14,-0.21037568340817348
M0087_2560,KT-CHINA-R,KT-CHINA,ตราสารทุน,3993202403.94,2026-07-30,5057091480.13,2025-07-14,-0.21037568340817348
M0087_2560,KT-CHINA-SSF,KT-CHINA,ตราสารทุน,41496151.62,2026-07-30,40416118.44,2025-07-14,0.026722832911413086
M0088_2561,KT-MAB-A,KT-MAB,ผสม,1502708032.13,2026-07-24,1517587998.36,2025-07-15,-0.009805010481158227
M0088_2561,KT-MAB-D,KT-MAB,ผสม,1502708032.13,2026-07-24,1517587998.36,2025-07-15,-0.009805010481158227
M0088_2561,KT-MAB-I,KT-MAB,ผสม,1502708032.13,2026-07-24,1517587998.36,2025-07-15,-0.009805010481158227
M0088_2561,KT-MAB-R,KT-MAB,ผสม,1502708032.13,2026-07-24,1517587998.36,2025-07-15,-0.009805010481158227
M0101_2561,KT-MFE-A,KT-MFE,ตราสารทุน,529214184.2,2026-07-24,618270953.68,2025-07-15,-0.14404165188405937
M0101_2561,KT-MFE-D,KT-MFE,ตราสารทุน,529214184.2,2026-07-24,618270953.68,2025-07-15,-0.14404165188405937
M0101_2561,KT-MFE-I,KT-MFE,ตราสารทุน,529214184.2,2026-07-24,618270953.68,2025-07-15,-0.14404165188405937
M0101_2561,KT-MFE-R,KT-MFE,ตราสารทุน,529214184.2,2026-07-24,618270953.68,2025-07-15,-0.14404165188405937
M0102_2559,KT-GMO-A,KT-GMO,ผสม,84547693.88,2026-07-30,121483420.34,2025-07-14,-0.30403923726074444
M0102_2559,KT-GMO-D,KT-GMO,ผสม,84547693.88,2026-07-30,121483420.34,2025-07-14,-0.30403923726074444
M0102_2559,KT-GMO-I,KT-GMO,ผสม,84547693.88,2026-07-30,121483420.34,2025-07-14,-0.30403923726074444
M0102_2559,KT-GMO-R,KT-GMO,ผสม,84547693.88,2026-07-30,121483420.34,2025-07-14,-0.30403923726074444
M0103_2561,KT-MFB-A,KT-MFB,ตราสารหนี้,210927775.43,2026-07-24,281466357.7,2025-07-15,-0.2506110600442818
M0103_2561,KT-MFB-D,KT-MFB,ตราสารหนี้,210927775.43,2026-07-24,281466357.7,2025-07-15,-0.2506110600442818
M0103_2561,KT-MFB-I,KT-MFB,ตราสารหนี้,210927775.43,2026-07-24,281466357.7,2025-07-15,-0.2506110600442818
M0103_2561,KT-MFB-R,KT-MFB,ตราสารหนี้,210927775.43,2026-07-24,281466357.7,2025-07-15,-0.2506110600442818
M0104_2569,main,KTGOV6M30,ตราสารหนี้,3572385279.0,2026-07-31,,,
M0106_2569,main,KTGOV6M1S,ตราสารหนี้,4226478002.33,2026-07-31,,,
M0110_2545,main,RMF1,ผสม,1875061936.57,2026-07-31,1702880013.72,2025-07-14,0.10111218727258575
M0112_2545,main,RMF2,ตราสารหนี้,2448915850.64,2026-07-31,2533028344.3,2025-07-14,-0.033206297848690225
M0124_2558,KT-ASEAN-A,KT-ASEAN,ตราสารทุน,127642615.86,2026-07-30,203934894.12,2025-07-14,-0.37410114923789284
M0124_2558,KT-ASEAN-D,KT-ASEAN,ตราสารทุน,127642615.86,2026-07-30,203934894.12,2025-07-14,-0.37410114923789284
M0124_2558,KT-ASEAN-I,KT-ASEAN,ตราสารทุน,127642615.86,2026-07-30,203934894.12,2025-07-14,-0.37410114923789284
M0124_2558,KT-ASEAN-P,KT-ASEAN,ตราสารทุน,127642615.86,2026-07-30,203934894.12,2025-07-14,-0.37410114923789284
M0124_2558,KT-ASEAN-R,KT-ASEAN,ตราสารทุน,127642615.86,2026-07-30,203934894.12,2025-07-14,-0.37410114923789284
M0124_2558,KT-ASEAN-SSF,KT-ASEAN,ตราสารทุน,6302828.59,2026-07-30,5727821.49,2025-07-14,0.10038844628867793
M0136_2564,KT-CHINABOND-A,KT-CHINABOND,ตราสารหนี้,1398205397.8,2026-07-30,1318249330.03,2025-07-14,0.06065322086541891
M0136_2564,KT-CHINABOND-D,KT-CHINABOND,ตราสารหนี้,1398205397.8,2026-07-30,1385254.95,2025-07-14,1008.3487829081571
M0136_2564,KT-CHINABOND-I,KT-CHINABOND,ตราสารหนี้,1398205397.8,2026-07-30,1385254.95,2025-07-14,1008.3487829081571
M0136_2564,KT-CHINABOND-P,KT-CHINABOND,ตราสารหนี้,1398205397.8,2026-07-30,1385254.95,2025-07-14,1008.3487829081571
M0136_2564,KT-CHINABOND-R,KT-CHINABOND,ตราสารหนี้,1398205397.8,2026-07-30,1385254.95,2025-07-14,1008.3487829081571
M0136_2564,KT-CHINABOND-SSF,KT-CHINABOND,ตราสารหนี้,2214468.85,2026-07-30,1385254.95,2025-07-14,0.5986002071315466
M0139_2552,KTSV-A,KTSV,ตราสารหนี้,21052723612.02,2026-07-31,15827364626.51,2025-07-14,0.33014712864817675
M0139_2552,KTSV-KTB,KTSV,ตราสารหนี้,23747442941.68,2026-07-31,10861487.23,2025-07-14,2185.3896203908716
M0141_2561,KT-WTAI-A,KT-WTAI,ตราสารทุน,2154888675.94,2026-07-30,3037417127.33,2025-07-14,-0.29055227332762634
M0141_2561,KT-WTAI-D,KT-WTAI,ตราสารทุน,2154888675.94,2026-07-30,3037417127.33,2025-07-14,-0.29055227332762634
M0141_2561,KT-WTAI-I,KT-WTAI,ตราสารทุน,2154888675.94,2026-07-30,3037417127.33,2025-07-14,-0.29055227332762634
M0141_2561,KT-WTAI-R,KT-WTAI,ตราสารทุน,2154888675.94,2026-07-30,3037417127.33,2025-07-14,-0.29055227332762634
M0156_2564,KT-GEQ-A,KT-GEQ,ตราสารทุน,9003141552.15,2026-07-30,7360432003.82,2025-07-14,0.22318113223210911
M0156_2564,KT-GEQ-D,KT-GEQ,ตราสารทุน,160888.84,2026-07-30,7360432003.82,2025-07-14,-0.9999781413862778
M0156_2564,KT-GEQ-I,KT-GEQ,ตราสารทุน,177947731.65,2026-07-30,7360432003.82,2025-07-14,-0.9758237381232995
M0156_2564,KT-GEQ-P,KT-GEQ,ตราสารทุน,160888.84,2026-07-30,7360432003.82,2025-07-14,-0.9999781413862778
M0156_2564,KT-GEQ-R,KT-GEQ,ตราสารทุน,160888.84,2026-07-30,7360432003.82,2025-07-14,-0.9999781413862778
M0156_2564,KT-GEQ-SSF,KT-GEQ,ตราสารทุน,160888.84,2026-07-30,7360432003.82,2025-07-14,-0.9999781413862778
M0156_2564,KT-GEQ-UHA,KT-GEQ,ตราสารทุน,160888.84,2026-07-30,7360432003.82,2025-07-14,-0.9999781413862778
M0156_2564,KT-GEQ-UHI,KT-GEQ,ตราสารทุน,0.0,2026-07-30,7360432003.82,2025-07-14,-1.0
M0156_2564,KT-GEQ-USD-A,KT-GEQ,ตราสารทุน,165.89,2026-07-27,7360432003.82,2025-07-14,-0.9999999774619207
M0157_2563,KTESGS-SSF,KTESGS,ตราสารทุน,323962489.36,2026-07-31,240700437.64,2025-07-14,0.34591566403601504
M0157_2563,KTESGS-SSFX,KTESGS,ตราสารทุน,361992087.63,2026-07-31,260257164.92,2025-07-14,0.3909015251944059
M0157_2568,KT-USSM-A,KT-USSM,ตราสารทุน,49711560.15,2026-07-30,28253174.31,2025-07-14,0.759503537710627
M0157_2568,KT-USSM-D,KT-USSM,ตราสารทุน,49711560.15,2026-07-30,28253174.31,2025-07-14,0.759503537710627
M0157_2568,KT-USSM-I,KT-USSM,ตราสารทุน,49711560.15,2026-07-30,28253174.31,2025-07-14,0.759503537710627
M0157_2568,KT-USSM-P,KT-USSM,ตราสารทุน,49711560.15,2026-07-30,28253174.31,2025-07-14,0.759503537710627
M0157_2568,KT-USSM-R,KT-USSM,ตราสารทุน,49711560.15,2026-07-30,28253174.31,2025-07-14,0.759503537710627
M0158_2563,KT70/30S-SSF,KT70/30S,ผสม,515665939.45,2026-07-31,411920843.2,2025-07-14,0.25185687484046215
M0158_2563,KT70/30S-SSFX,KT70/30S,ผสม,331697392.05,2026-07-31,254311273.92,2025-07-14,0.304296844324502
M0165_2569,main,KTGOV3M2S,ตราสารหนี้,1506430694.52,2026-07-31,,,
M0168_2561,KT-CSBOND-A,KT-CSBOND,ตราสารหนี้,389851298.67,2026-07-30,442324414.66,2025-07-14,-0.11863038586810615
M0168_2561,KT-CSBOND-D,KT-CSBOND,ตราสารหนี้,389851298.67,2026-07-30,442324414.66,2025-07-14,-0.11863038586810615
M0168_2561,KT-CSBOND-I,KT-CSBOND,ตราสารหนี้,389851298.67,2026-07-30,442324414.66,2025-07-14,-0.11863038586810615
M0168_2561,KT-CSBOND-R,KT-CSBOND,ตราสารหนี้,389851298.67,2026-07-30,442324414.66,2025-07-14,-0.11863038586810615
M0175_2569,main,KT-ARE,ตราสารทุน,1557376531.44,2026-07-30,,,
M0180_2562,KT-CARE-A,KT-CARE,ผสม,63337324.11,2026-07-31,79931590.18,2025-07-14,-0.20760585436410006
M0180_2562,KT-CARE-D,KT-CARE,ผสม,63337324.11,2026-07-31,79931590.18,2025-07-14,-0.20760585436410006
M0180_2562,KT-CARE-I,KT-CARE,ผสม,63337324.11,2026-07-31,79931590.18,2025-07-14,-0.20760585436410006
M0180_2562,KT-CARE-P,KT-CARE,ผสม,63337324.11,2026-07-31,79931590.18,2025-07-14,-0.20760585436410006
M0180_2562,KT-CARE-R,KT-CARE,ผสม,63337324.11,2026-07-31,79931590.18,2025-07-14,-0.20760585436410006
M0181_2559,KT-PIF-A,KT-PIF,ผสม,1475787301.43,2026-07-30,1490351786.33,2025-07-14,-0.009772514807302679
M0181_2559,KT-PIF-D,KT-PIF,ผสม,1394711474.92,2026-07-31,1438629089.37,2025-07-14,-0.030527406108013633
M0181_2559,KT-PIF-I,KT-PIF,ผสม,0.0,2026-07-30,0.0,2025-07-14,
M0181_2559,KT-PIF-R,KT-PIF,ผสม,58889079.79,2026-07-31,0.0,2025-07-14,
M0181_2559,KT-PIF-SSF,KT-PIF,ผสม,58889079.79,2026-07-31,52688460.11,2025-07-15,0.11768458723323283
M0186_2548,main,RMF3,ตราสารหนี้,3891641904.32,2026-07-31,3873404059.25,2025-07-14,0.004708479877395311
M0191_2556,main,KTILF,ตราสารหนี้,1128782812.15,2026-07-31,365945010.29,2025-07-14,2.0845694856051593
M0214_2554,main,KT-AGRIANDFOOD,ตราสารทุน,663395639.16,2026-07-30,43789962.73,2025-07-14,14.149490837668955
M0215_2561,KT-DHINCOME-A,KT-DHINCOME,ผสม,4479095.24,2026-07-30,5464720.81,2025-07-14,-0.1803615599531423
M0215_2561,KT-DHINCOME-D,KT-DHINCOME,ผสม,4479095.24,2026-07-30,5464720.81,2025-07-14,-0.1803615599531423
M0215_2561,KT-DHINCOME-I,KT-DHINCOME,ผสม,4479095.24,2026-07-30,5464720.81,2025-07-14,-0.1803615599531423
M0215_2561,KT-DHINCOME-R,KT-DHINCOME,ผสม,4479095.24,2026-07-30,5464720.81,2025-07-14,-0.1803615599531423
M0218_2565,KT-VIETNAM-A,KT-VIETNAM,ตราสารทุน,627169958.8,2026-07-31,801141655.87,2025-07-14,-0.21715472637741629
M0218_2565,KT-VIETNAM-D,KT-VIETNAM,ตราสารทุน,131926879.83,2026-07-31,801141655.87,2025-07-14,-0.8353264009387529
M0218_2565,KT-VIETNAM-I,KT-VIETNAM,ตราสารทุน,131926879.83,2026-07-31,801141655.87,2025-07-14,-0.8353264009387529
M0218_2565,KT-VIETNAM-P,KT-VIETNAM,ตราสารทุน,131926879.83,2026-07-31,801141655.87,2025-07-14,-0.8353264009387529
M0218_2565,KT-VIETNAM-R,KT-VIETNAM,ตราสารทุน,131926879.83,2026-07-31,801141655.87,2025-07-14,-0.8353264009387529
M0218_2565,KT-VIETNAM-SSF,KT-VIETNAM,ตราสารทุน,131926879.83,2026-07-31,137221617.14,2025-07-14,-0.038585300336448025
M0239_2567,KT-GOLDUH-A,KT-GOLDUH,ทรัพย์สินทางเลือก,1854028757.53,2026-07-31,552705295.11,2025-07-14,2.354461724780489
M0239_2567,KT-GOLDUH-D,KT-GOLDUH,ทรัพย์สินทางเลือก,1919.95,2026-07-31,552705295.11,2025-07-14,-0.999996526268127
M0239_2567,KT-GOLDUH-I,KT-GOLDUH,ทรัพย์สินทางเลือก,1919.95,2026-07-31,552705295.11,2025-07-14,-0.999996526268127
M0239_2567,KT-GOLDUH-P,KT-GOLDUH,ทรัพย์สินทางเลือก,1919.95,2026-07-31,552705295.11,2025-07-14,-0.999996526268127
M0239_2567,KT-GOLDUH-R,KT-GOLDUH,ทรัพย์สินทางเลือก,1919.95,2026-07-31,552705295.11,2025-07-14,-0.999996526268127
M0239_2567,KT-GOLDUH-USD-A,KT-GOLDUH,ทรัพย์สินทางเลือก,1919.95,2026-07-31,552705295.11,2025-07-14,-0.999996526268127
M0243_2552,KT-ENERGY-A,KT-ENERGY,ตราสารทุน,598114957.7,2026-07-30,1264779661.05,2025-07-14,-0.5270994813409202
M0243_2552,KT-ENERGY-D,KT-ENERGY,ตราสารทุน,598114957.7,2026-07-30,1264779661.05,2025-07-14,-0.5270994813409202
M0243_2552,KT-ENERGY-I,KT-ENERGY,ตราสารทุน,598114957.7,2026-07-30,1264779661.05,2025-07-14,-0.5270994813409202
M0243_2552,KT-ENERGY-P,KT-ENERGY,ตราสารทุน,598114957.7,2026-07-30,1264779661.05,2025-07-14,-0.5270994813409202
M0243_2552,KT-ENERGY-R,KT-ENERGY,ตราสารทุน,598114957.7,2026-07-30,1264779661.05,2025-07-14,-0.5270994813409202
M0243_2552,KT-ENERGY-USD-A,KT-ENERGY,ตราสารทุน,598114957.7,2026-07-30,1264779661.05,2025-07-14,-0.5270994813409202
M0254_2563,main,KTHH,ผสม,64084936.35,2026-07-30,70988311.21,2025-07-14,-0.0972466416277773
M0259_2562,KT-EMEQ-A,KT-EMEQ,ตราสารทุน,489300054.23,2026-07-24,555237102.22,2025-07-14,-0.11875475851012918
M0259_2562,KT-EMEQ-D,KT-EMEQ,ตราสารทุน,489300054.23,2026-07-24,555237102.22,2025-07-14,-0.11875475851012918
M0259_2562,KT-EMEQ-I,KT-EMEQ,ตราสารทุน,489300054.23,2026-07-24,555237102.22,2025-07-14,-0.11875475851012918
M0259_2562,KT-EMEQ-P,KT-EMEQ,ตราสารทุน,489300054.23,2026-07-24,555237102.22,2025-07-14,-0.11875475851012918
M0259_2562,KT-EMEQ-R,KT-EMEQ,ตราสารทุน,489300054.23,2026-07-24,555237102.22,2025-07-14,-0.11875475851012918
M0264_2550,KTSET50FF-A,KTSET50FF,ตราสารทุน,0.0,2026-07-31,2.0,2025-07-14,-1.0
M0264_2550,KTSET50FF-NT,KTSET50FF,ตราสารทุน,465802492.14,2026-07-31,2.0,2025-07-14,232901245.07
M0264_2567,KTPCREDH-UI-A,KTPCREDH-UI,อื่น ๆ,185153041.97,2026-06-30,395997301.23,2025-07-31,-0.5324386267408907
M0264_2567,KTPCREDH-UI-R,KTPCREDH-UI,อื่น ๆ,258611966.03,2026-06-30,292499831.2,2025-07-31,-0.11585601615895902
M0268_2566,KTWC-DEFENSIVE-A,KTWC-DEFENSIVE,ผสม,4187537344.07,2026-07-27,2289383019.89,2025-07-14,0.8291117334622333
M0268_2566,KTWC-DEFENSIVE-D,KTWC-DEFENSIVE,ผสม,4187537344.07,2026-07-27,30098391.11,2025-07-14,138.12827861017186
M0268_2566,KTWC-DEFENSIVE-I,KTWC-DEFENSIVE,ผสม,4187537344.07,2026-07-27,30098391.11,2025-07-14,138.12827861017186
M0268_2566,KTWC-DEFENSIVE-P,KTWC-DEFENSIVE,ผสม,4187537344.07,2026-07-27,30098391.11,2025-07-14,138.12827861017186
M0268_2566,KTWC-DEFENSIVE-R,KTWC-DEFENSIVE,ผสม,4187537344.07,2026-07-27,30098391.11,2025-07-14,138.12827861017186
M0268_2566,KTWC-DEFENSIVE-RG,KTWC-DEFENSIVE,ผสม,184595905.96,2026-07-27,30098391.11,2025-07-14,5.133082173241784
M0268_2566,KTWC-DEFENSIVE-SSF,KTWC-DEFENSIVE,ผสม,31405773.84,2026-07-27,30098391.11,2025-07-14,0.043436963963353836
M0271_2566,KTWC-MODERATE-A,KTWC-MODERATE,ผสม,7980009832.11,2026-07-27,3695049438.69,2025-07-14,1.1596490018653554
M0271_2566,KTWC-MODERATE-D,KTWC-MODERATE,ผสม,41332144.51,2026-07-27,34260359.95,2025-07-14,0.2064130257335488
M0271_2566,KTWC-MODERATE-I,KTWC-MODERATE,ผสม,41332144.51,2026-07-27,34260359.95,2025-07-14,0.2064130257335488
M0271_2566,KTWC-MODERATE-P,KTWC-MODERATE,ผสม,41332144.51,2026-07-27,34260359.95,2025-07-14,0.2064130257335488
M0271_2566,KTWC-MODERATE-R,KTWC-MODERATE,ผสม,41332144.51,2026-07-27,34260359.95,2025-07-14,0.2064130257335488
M0271_2566,KTWC-MODERATE-RG,KTWC-MODERATE,ผสม,596503332.05,2026-07-27,34260359.95,2025-07-14,16.410889229434378
M0271_2566,KTWC-MODERATE-SSF,KTWC-MODERATE,ผสม,41332144.51,2026-07-27,34260359.95,2025-07-14,0.2064130257335488
M0272_2567,KTPCRED-UI-A,KTPCRED-UI,อื่น ๆ,3009683084.38,2026-06-30,2925988306.8,2025-07-31,0.02860393439901765
M0272_2567,KTPCRED-UI-R,KTPCRED-UI,อื่น ๆ,1915753689.88,2026-06-30,2066568292.52,2025-07-31,-0.07297828152395325
M0273_2566,KTWC-GROWTH-A,KTWC-GROWTH,ผสม,12907212390.57,2026-07-27,3738064841.82,2025-07-14,2.452912920655945
M0273_2566,KTWC-GROWTH-D,KTWC-GROWTH,ผสม,825621666.41,2026-07-27,30335516.18,2025-07-14,26.216338153307138
M0273_2566,KTWC-GROWTH-I,KTWC-GROWTH,ผสม,825621666.41,2026-07-27,30335516.18,2025-07-14,26.216338153307138
M0273_2566,KTWC-GROWTH-P,KTWC-GROWTH,ผสม,825621666.41,2026-07-27,30335516.18,2025-07-14,26.216338153307138
M0273_2566,KTWC-GROWTH-R,KTWC-GROWTH,ผสม,825621666.41,2026-07-27,30335516.18,2025-07-14,26.216338153307138
M0273_2566,KTWC-GROWTH-RG,KTWC-GROWTH,ผสม,825621666.41,2026-07-27,30335516.18,2025-07-14,26.216338153307138
M0273_2566,KTWC-GROWTH-SSF,KTWC-GROWTH,ผสม,42038775.08,2026-07-27,30335516.18,2025-07-14,0.3857939594815887
M0288_2554,main,KTEF,ตราสารทุน,3459702469.19,2026-07-31,2112416013.3,2025-07-14,0.6377940933070658
M0299_2553,main,KT-OIL,ทรัพย์สินทางเลือก,382397216.61,2026-07-30,439899961.02,2025-07-14,-0.13071777564305265
M0304_2559,KTSTPLUS-A,KTSTPLUS,ตราสารหนี้,57779280174.13,2026-07-31,36291858360.46,2025-07-14,0.5920727894463667
M0304_2559,KTSTPLUS-D,KTSTPLUS,ตราสารหนี้,57779280174.13,2026-07-31,230864719.27,2025-07-14,249.2733217826852
M0304_2559,KTSTPLUS-I,KTSTPLUS,ตราสารหนี้,361478326.1,2026-07-31,230864719.27,2025-07-14,0.5657581948554264
M0304_2559,KTSTPLUS-P,KTSTPLUS,ตราสารหนี้,2156392519.73,2026-07-31,509196765.45,2025-07-14,3.2348904510897656
M0304_2559,KTSTPLUS-R,KTSTPLUS,ตราสารหนี้,57779280174.13,2026-07-31,230864719.27,2025-07-14,249.2733217826852
M0304_2559,KTSTPLUS-SSF,KTSTPLUS,ตราสารหนี้,172452031.97,2026-07-30,156722687.66,2025-07-14,0.10036418175857098
M0304_2559,KTSTPLUS-X,KTSTPLUS,ตราสารหนี้,57779280174.13,2026-07-31,230864719.27,2025-07-14,249.2733217826852
M0314_2553,main,KT-MINING,ตราสารทุน,1049430286.83,2026-07-30,455106445.06,2025-07-14,1.3059007364566018
M0315_2559,KTWP-A,KTWP,ผสม,222793063.71,2026-07-31,282712532.86,2025-07-14,-0.2119448633700024
M0315_2559,KTWP-D,KTWP,ผสม,222793063.71,2026-07-31,282712532.86,2025-07-14,-0.2119448633700024
M0315_2559,KTWP-I,KTWP,ผสม,222793063.71,2026-07-31,282712532.86,2025-07-14,-0.2119448633700024
M0315_2559,KTWP-R,KTWP,ผสม,222793063.71,2026-07-31,282712532.86,2025-07-14,-0.2119448633700024
M0319_2564,KT-EUROTECH-A,KT-EUROTECH,ตราสารทุน,373649026.26,2026-07-30,1033875770.16,2025-07-14,-0.6385938842515141
M0319_2564,KT-EUROTECH-D,KT-EUROTECH,ตราสารทุน,373649026.26,2026-07-30,45674377.8,2025-07-14,7.180714095244884
M0319_2564,KT-EUROTECH-I,KT-EUROTECH,ตราสารทุน,373649026.26,2026-07-30,45674377.8,2025-07-14,7.180714095244884
M0319_2564,KT-EUROTECH-P,KT-EUROTECH,ตราสารทุน,373649026.26,2026-07-30,45674377.8,2025-07-14,7.180714095244884
M0319_2564,KT-EUROTECH-R,KT-EUROTECH,ตราสารทุน,373649026.26,2026-07-30,45674377.8,2025-07-14,7.180714095244884
M0319_2564,KT-EUROTECH-SSF,KT-EUROTECH,ตราสารทุน,48857370.04,2026-07-30,45674377.8,2025-07-14,0.06968879256413207
M0329_2569,main,KTGOV6M32,ตราสารหนี้,3283794061.6,2026-07-31,,,
M0336_2561,KT-BRAIN-A,KT-BRAIN,ตราสารทุน,82854316.98,2026-07-31,71867718.56,2025-07-14,0.1528725085495466
M0336_2561,KT-BRAIN-D,KT-BRAIN,ตราสารทุน,82854316.98,2026-07-31,71867718.56,2025-07-14,0.1528725085495466
M0336_2561,KT-BRAIN-I,KT-BRAIN,ตราสารทุน,82854316.98,2026-07-31,71867718.56,2025-07-14,0.1528725085495466
M0336_2561,KT-BRAIN-R,KT-BRAIN,ตราสารทุน,82854316.98,2026-07-31,71867718.56,2025-07-14,0.1528725085495466
M0338_2563,KT-Ashares-A,KT-Ashares,ตราสารทุน,8793226956.54,2026-07-30,7676259025.05,2025-07-14,0.1455094112698634
M0338_2563,KT-Ashares-D,KT-Ashares,ตราสารทุน,43682596.8,2026-07-30,33575201.33,2025-07-14,0.3010375238157954
M0338_2563,KT-Ashares-I,KT-Ashares,ตราสารทุน,43682596.8,2026-07-30,33575201.33,2025-07-14,0.3010375238157954
M0338_2563,KT-Ashares-P,KT-Ashares,ตราสารทุน,43682596.8,2026-07-30,33575201.33,2025-07-14,0.3010375238157954
M0338_2563,KT-Ashares-R,KT-Ashares,ตราสารทุน,43682596.8,2026-07-30,33575201.33,2025-07-14,0.3010375238157954
M0338_2563,KT-Ashares-SSF,KT-Ashares,ตราสารทุน,43682596.8,2026-07-30,33575201.33,2025-07-14,0.3010375238157954
M0357_2559,KTWG-A,KTWG,ผสม,728961326.35,2026-07-31,846021282.73,2025-07-14,-0.13836526192610998
M0357_2559,KTWG-D,KTWG,ผสม,728961326.35,2026-07-31,846021282.73,2025-07-14,-0.13836526192610998
M0357_2559,KTWG-I,KTWG,ผสม,728961326.35,2026-07-31,846021282.73,2025-07-14,-0.13836526192610998
M0357_2559,KTWG-R,KTWG,ผสม,728961326.35,2026-07-31,846021282.73,2025-07-14,-0.13836526192610998
M0374_2561,main,KT-BRAIN RMF,ตราสารทุน,43897772.53,2026-07-31,36002446.7,2025-07-14,0.2192997019283136
M0380_2549,main,KSRMF,ตราสารทุน,363840636.49,2026-07-31,171950242.31,2025-07-14,1.1159646628124604
M0381_2549,KT-SHARIAH-A,KT-SHARIAH,ตราสารทุน,5191199.42,2026-07-31,53227699.64,2025-07-14,-0.9024718435117404
M0381_2549,KT-SHARIAH-NT,KT-SHARIAH,ตราสารทุน,44652514.82,2026-07-31,53227699.64,2025-07-14,-0.16110380268163704
M0392_2558,KT-AASIA-A,KT-AASIA,ตราสารทุน,870491698.85,2026-07-30,668396398.44,2025-07-14,0.3023584520827449
M0392_2558,KT-AASIA-D,KT-AASIA,ตราสารทุน,870491698.85,2026-07-30,668396398.44,2025-07-14,0.3023584520827449
M0392_2558,KT-AASIA-I,KT-AASIA,ตราสารทุน,870491698.85,2026-07-30,668396398.44,2025-07-14,0.3023584520827449
M0392_2558,KT-AASIA-R,KT-AASIA,ตราสารทุน,870491698.85,2026-07-30,668396398.44,2025-07-14,0.3023584520827449
M0396_2556,main,KTPLUS,ตราสารหนี้,32436181723.37,2026-07-31,29655892292.89,2025-07-14,0.09375167009041818
M0412_2558,main,KT-mai,ตราสารทุน,58705778.12,2026-07-31,41741674.45,2025-07-14,0.40640687977959145
M0423_2549,KT70/30-A,KT70/30,ผสม,0.0,2026-07-31,2.0,2025-07-14,-1.0
M0423_2549,KT70/30-NT,KT70/30,ผสม,1230570498.23,2026-07-31,2.0,2025-07-14,615285248.115
M0428_2561,main,KTMUNG-RMF,ผสม,160938639.33,2026-07-30,123967013.57,2025-07-14,0.29823760930663545
M0434_2561,main,KTMEE-RMF,ผสม,98999766.86,2026-07-30,84306950.44,2025-07-14,0.17427764073208474
M0436_2561,main,KTSUK-RMF,ผสม,77702713.4,2026-07-30,79454786.0,2025-07-14,-0.022051190220309658
M0437_2561,main,KTSRI-RMF,ผสม,59402301.84,2026-07-30,58146074.46,2025-07-14,0.021604680826118106
M0443_2564,main,KT-WTAI RMF,ตราสารทุน,360195748.66,2026-07-30,265164216.79,2025-07-14,0.35838746653083065
M0463_2568,KTEQPLUSX-D,KTEQPLUSX,ตราสารทุน,62814799.54,2026-07-31,44291734.16,2025-07-14,0.41820591880839575
M0463_2568,KTEQPLUSX-L,KTEQPLUSX,ตราสารทุน,152002696.78,2026-07-31,110900627.09,2025-07-14,0.37062071485532844
M0467_2568,KTEQ70PLUSX-D,KTEQ70PLUSX,ผสม,366879492.13,2026-07-31,299737589.91,2025-07-15,0.2240022755909934
M0467_2568,KTEQ70PLUSX-L,KTEQ70PLUSX,ผสม,1021853910.36,2026-07-31,826296374.42,2025-07-14,0.23666754689232095
M0471_2564,main,KT-CLIMATE RMF,ตราสารทุน,105449088.93,2026-07-30,95081201.49,2025-07-14,0.10904245295102255
M0472_2568,KTEQDIVX-D,KTEQDIVX,ตราสารทุน,151768526.92,2026-07-31,106757001.13,2025-07-15,0.4216259853083417
M0472_2568,KTEQDIVX-L,KTEQDIVX,ตราสารทุน,201765527.25,2026-07-31,141235415.14,2025-07-14,0.4285760200442601
M0478_2567,KT-EURO50-A,KT-EURO50,ตราสารทุน,89339480.99,2026-07-30,21562304.26,2025-07-14,3.143317889996233
M0478_2567,KT-EURO50-D,KT-EURO50,ตราสารทุน,89339480.99,2026-07-30,21562304.26,2025-07-14,3.143317889996233
M0478_2567,KT-EURO50-I,KT-EURO50,ตราสารทุน,89339480.99,2026-07-30,21562304.26,2025-07-14,3.143317889996233
M0478_2567,KT-EURO50-P,KT-EURO50,ตราสารทุน,89339480.99,2026-07-30,21562304.26,2025-07-14,3.143317889996233
M0478_2567,KT-EURO50-R,KT-EURO50,ตราสารทุน,89339480.99,2026-07-30,21562304.26,2025-07-14,3.143317889996233
M0484_2560,KTBTHAICG-A,KTBTHAICG,ตราสารทุน,64997917.56,2026-07-31,97707766.07,2025-07-14,-0.33477224816056006
M0484_2560,KTBTHAICG-D,KTBTHAICG,ตราสารทุน,64997917.56,2026-07-31,97707766.07,2025-07-14,-0.33477224816056006
M0484_2560,KTBTHAICG-I,KTBTHAICG,ตราสารทุน,64997917.56,2026-07-31,97707766.07,2025-07-14,-0.33477224816056006
M0484_2560,KTBTHAICG-R,KTBTHAICG,ตราสารทุน,64997917.56,2026-07-31,97707766.07,2025-07-14,-0.33477224816056006
M0492_2565,main,KT-VIETNAM RMF,ตราสารทุน,306876264.73,2026-07-31,257837003.42,2025-07-14,0.19019481555996132
M0493_2567,KT-BTCETFFOF-UI-A,KT-BTCETFFOF-UI,อื่น ๆ,108088195.46,2026-07-30,128529875.59,2025-07-14,-0.15904224629616337
M0493_2567,KT-BTCETFFOF-UI-D,KT-BTCETFFOF-UI,อื่น ๆ,108088195.46,2026-07-30,128529875.59,2025-07-14,-0.15904224629616337
M0493_2567,KT-BTCETFFOF-UI-I,KT-BTCETFFOF-UI,อื่น ๆ,108088195.46,2026-07-30,128529875.59,2025-07-14,-0.15904224629616337
M0493_2567,KT-BTCETFFOF-UI-P,KT-BTCETFFOF-UI,อื่น ๆ,108088195.46,2026-07-30,128529875.59,2025-07-14,-0.15904224629616337
M0493_2567,KT-BTCETFFOF-UI-R,KT-BTCETFFOF-UI,อื่น ๆ,108088195.46,2026-07-30,128529875.59,2025-07-14,-0.15904224629616337
M0494_2559,main,KT-PIF RMF,ผสม,230056357.46,2026-07-31,234917746.66,2025-07-14,-0.020694005749322786
M0494_2569,main,KTGOV6M33,ตราสารหนี้,4439004564.26,2026-07-31,,,
M0495_2569,main,KTGOV3M61,ตราสารหนี้,1835665718.27,2026-07-31,,,
M0503_2564,main,KT-TRIGB1,ตราสารหนี้,172895886.36,2026-07-27,187891690.61,2025-07-14,-0.07981089638033145
M0505_2559,KT-SMARTTHEQ-A,KT-SMARTTHEQ,ตราสารทุน,0.0,2026-07-31,2.0,2025-07-14,-1.0
M0505_2559,KT-SMARTTHEQ-NT,KT-SMARTTHEQ,ตราสารทุน,236640086.98,2026-07-27,2.0,2025-07-14,118320042.49
M0509_2554,KT-PROPERTY-A,KT-PROPERTY,ตราสารทุน,564954757.84,2026-07-30,516834007.98,2025-07-14,0.0931067791921738
M0509_2554,KT-PROPERTY-D,KT-PROPERTY,ตราสารทุน,289638075.82,2026-07-30,402796244.81,2025-07-14,-0.2809315390797077
M0509_2554,KT-PROPERTY-I,KT-PROPERTY,ตราสารทุน,0.0,2026-07-30,402796244.81,2025-07-14,-1.0
M0509_2554,KT-PROPERTY-P,KT-PROPERTY,ตราสารทุน,0.0,2026-07-30,236239792.15,2025-07-15,-1.0
M0509_2554,KT-PROPERTY-R,KT-PROPERTY,ตราสารทุน,0.0,2026-07-30,402796244.81,2025-07-14,-1.0
M0509_2554,KT-PROPERTY-SSF,KT-PROPERTY,ตราสารทุน,5973529.55,2026-07-30,5794952.88,2025-07-15,0.030815896815368005
M0509_2560,KT25/75-A,KT25/75,ผสม,164382564.03,2026-07-31,182371349.83,2025-07-15,-0.09863822259783961
M0509_2560,KT25/75-D,KT25/75,ผสม,164382564.03,2026-07-31,147740945.53,2025-07-14,0.11264053062812418
M0509_2560,KT25/75-I,KT25/75,ผสม,164382564.03,2026-07-31,147740945.53,2025-07-14,0.11264053062812418
M0509_2560,KT25/75-R,KT25/75,ผสม,135324959.63,2026-07-31,147740945.53,2025-07-14,-0.08403889561867495
M0509_2569,main,KT-KOREA,ตราสารทุน,413294531.54,2026-07-24,,,
M0513_2568,KTWC-INCOME-A,KTWC-INCOME,ผสม,2455688669.38,2026-07-24,1476273880.51,2025-07-14,0.6634370504012759
M0513_2568,KTWC-INCOME-D,KTWC-INCOME,ผสม,746166.07,2026-07-27,1476273880.51,2025-07-14,-0.9994945612193977
M0513_2568,KTWC-INCOME-I,KTWC-INCOME,ผสม,746166.07,2026-07-27,1476273880.51,2025-07-14,-0.9994945612193977
M0513_2568,KTWC-INCOME-P,KTWC-INCOME,ผสม,746166.07,2026-07-27,1476273880.51,2025-07-14,-0.9994945612193977
M0513_2568,KTWC-INCOME-R,KTWC-INCOME,ผสม,746166.07,2026-07-27,1476273880.51,2025-07-14,-0.9994945612193977
M0513_2568,KTWC-INCOME-RG,KTWC-INCOME,ผสม,53581416.58,2026-07-27,1476273880.51,2025-07-14,-0.963704962007802
M0520_2557,KT-IGF-A,KT-IGF,ผสม,468223640.69,2026-07-30,812928925.31,2025-07-14,-0.4240288097616296
M0520_2557,KT-IGF-D,KT-IGF,ผสม,468223640.69,2026-07-30,812928925.31,2025-07-14,-0.4240288097616296
M0520_2557,KT-IGF-I,KT-IGF,ผสม,468223640.69,2026-07-30,812928925.31,2025-07-14,-0.4240288097616296
M0520_2557,KT-IGF-R,KT-IGF,ผสม,187385440.51,2026-07-30,190440159.6,2025-07-14,-0.01604030944111856
M0526_2546,main,KTSE,ตราสารทุน,1749497862.49,2026-07-31,1366643864.43,2025-07-14,0.28014174579394213
M0539_2569,main,KTGOV3M62,ตราสารหนี้,4805778356.02,2026-07-31,,,
M0542_2564,KT-GESG-A,KT-GESG,ตราสารทุน,254632827.5,2026-07-30,990006431.4,2025-07-15,-0.7427967946229244
M0542_2564,KT-GESG-D,KT-GESG,ตราสารทุน,254632827.5,2026-07-30,206076570.19,2025-07-14,0.23562240610483642
M0542_2564,KT-GESG-I,KT-GESG,ตราสารทุน,254632827.5,2026-07-30,206076570.19,2025-07-14,0.23562240610483642
M0542_2564,KT-GESG-P,KT-GESG,ตราสารทุน,0.0,2026-07-30,206076570.19,2025-07-14,-1.0
M0542_2564,KT-GESG-R,KT-GESG,ตราสารทุน,254632827.5,2026-07-30,206076570.19,2025-07-14,0.23562240610483642
M0542_2564,KT-GESG-SSF,KT-GESG,ตราสารทุน,30930525.92,2026-07-30,28130590.14,2025-07-14,0.09953348884844981
M0546_2563,main,KT-Ashares RMF,ตราสารทุน,868779782.63,2026-07-27,699149432.12,2025-07-14,0.24262388370342713
M0551_2551,main,KTFIX3M1,ตราสารหนี้,8796280.59,2026-07-31,10532367.57,2025-07-14,-0.16483349716591789
M0553_2551,main,KTFIX3M3,ตราสารหนี้,7231607.6,2026-07-31,16972011.91,2025-07-15,-0.5739098205711783
M0557_2552,KT-FINANCE-A,KT-FINANCE,ตราสารทุน,1089178217.98,2026-07-30,1503798125.93,2025-07-14,-0.2757151380898184
M0557_2552,KT-FINANCE-D,KT-FINANCE,ตราสารทุน,1089178217.98,2026-07-30,15746007.67,2025-07-14,68.17170630210927
M0557_2552,KT-FINANCE-I,KT-FINANCE,ตราสารทุน,1089178217.98,2026-07-30,15746007.67,2025-07-14,68.17170630210927
M0557_2552,KT-FINANCE-P,KT-FINANCE,ตราสารทุน,1089178217.98,2026-07-30,15746007.67,2025-07-14,68.17170630210927
M0557_2552,KT-FINANCE-R,KT-FINANCE,ตราสารทุน,1089178217.98,2026-07-30,15746007.67,2025-07-14,68.17170630210927
M0557_2552,KT-FINANCE-SSF,KT-FINANCE,ตราสารทุน,15810937.79,2026-07-30,15746007.67,2025-07-14,0.004123592555064448
M0557_2564,KT-ASIANBOND-A,KT-ASIANBOND,ตราสารหนี้,76565642.31,2026-07-30,53403423.49,2025-07-14,0.43372161008249255
M0557_2564,KT-ASIANBOND-D,KT-ASIANBOND,ตราสารหนี้,76565642.31,2026-07-30,53403423.49,2025-07-14,0.43372161008249255
M0557_2564,KT-ASIANBOND-I,KT-ASIANBOND,ตราสารหนี้,76565642.31,2026-07-30,53403423.49,2025-07-14,0.43372161008249255
M0557_2564,KT-ASIANBOND-P,KT-ASIANBOND,ตราสารหนี้,76565642.31,2026-07-30,53403423.49,2025-07-14,0.43372161008249255
M0557_2564,KT-ASIANBOND-R,KT-ASIANBOND,ตราสารหนี้,76565642.31,2026-07-30,53403423.49,2025-07-14,0.43372161008249255
M0557_2564,KT-ASIANBOND-SSF,KT-ASIANBOND,ตราสารหนี้,76565642.31,2026-07-30,53403423.49,2025-07-14,0.43372161008249255
M0559_2559,KT-CLMVT-A,KT-CLMVT,ตราสารทุน,238790509.17,2026-07-31,411641831.15,2025-07-14,-0.41990708645209074
M0559_2559,KT-CLMVT-D,KT-CLMVT,ตราสารทุน,322410366.58,2026-07-31,322239010.81,2025-07-15,0.0005317660626169562
M0559_2559,KT-CLMVT-I,KT-CLMVT,ตราสารทุน,322410366.58,2026-07-31,411641831.15,2025-07-14,-0.21676967163593375
M0559_2559,KT-CLMVT-R,KT-CLMVT,ตราสารทุน,322410366.58,2026-07-31,411641831.15,2025-07-14,-0.21676967163593375
M0559_2560,main,KTEF-RMF,ตราสารทุน,295234683.12,2026-07-31,284104303.54,2025-07-14,0.03917708898215588
M0565_2569,main,KTGOV6M34,ตราสารหนี้,2223170429.35,2026-07-31,,,
M0569_2563,main,KTF13,ตราสารหนี้,127211325.18,2026-07-30,198444728.57,2025-07-14,-0.35895840571483306
M0570_2559,KT-SELECTTHEQ-D,KT-SELECTTHEQ,ตราสารทุน,0.0,2026-07-31,2.0,2025-07-14,-1.0
M0570_2559,KT-SELECTTHEQ-NT,KT-SELECTTHEQ,ตราสารทุน,152415102.97,2026-07-31,2.0,2025-07-14,76207550.485
M0571_2563,main,KTF14,ตราสารหนี้,168115236.21,2026-07-30,237720657.81,2025-07-15,-0.29280341995197
M0571_2568,KT-VNDIAMOND-A,KT-VNDIAMOND,ตราสารทุน,15870883.58,2026-07-31,,,
M0571_2568,KT-VNDIAMOND-D,KT-VNDIAMOND,ตราสารทุน,15870883.58,2026-07-31,,,
M0571_2568,KT-VNDIAMOND-I,KT-VNDIAMOND,ตราสารทุน,15870883.58,2026-07-31,,,
M0571_2568,KT-VNDIAMOND-P,KT-VNDIAMOND,ตราสารทุน,15870883.58,2026-07-31,,,
M0571_2568,KT-VNDIAMOND-R,KT-VNDIAMOND,ตราสารทุน,15870883.58,2026-07-31,,,
M0572_2563,main,KTF15,ตราสารหนี้,152816308.91,2026-07-30,277581684.65,2025-07-14,-0.4494726512569279
M0573_2563,main,KTF16,ตราสารหนี้,262332649.22,2026-07-30,331201618.89,2025-07-14,-0.20793669397151415
M0574_2563,main,KTF17,ตราสารหนี้,148292785.69,2026-07-24,278643205.09,2025-07-14,-0.4678040483990903
M0575_2563,main,KTF18,ตราสารหนี้,144635689.54,2026-07-30,368317859.88,2025-07-14,-0.6073074230309572
M0583_2547,KT-THEQ-D,KT-THEQ,ตราสารทุน,0.0,2026-07-31,1470767163.43,2025-07-14,-1.0
M0583_2547,KT-THEQ-NT,KT-THEQ,ตราสารทุน,1373942337.6,2026-07-31,1470767163.43,2025-07-14,-0.06583287160436291
M0586_2560,main,KT-CHINA RMF,ตราสารทุน,721036744.07,2026-07-27,781113542.63,2025-07-14,-0.07691173597851353
M0591_2562,KT-ESG-A,KT-ESG,ตราสารทุน,124498149.39,2026-07-31,68278485.15,2025-07-14,0.8233876911078482
M0591_2562,KT-ESG-D,KT-ESG,ตราสารทุน,124498149.39,2026-07-31,68278485.15,2025-07-14,0.8233876911078482
M0591_2562,KT-ESG-I,KT-ESG,ตราสารทุน,124498149.39,2026-07-31,68278485.15,2025-07-14,0.8233876911078482
M0591_2562,KT-ESG-P,KT-ESG,ตราสารทุน,124498149.39,2026-07-31,68278485.15,2025-07-14,0.8233876911078482
M0591_2562,KT-ESG-R,KT-ESG,ตราสารทุน,124498149.39,2026-07-31,68278485.15,2025-07-14,0.8233876911078482
M0591_2569,main,KTGOV3M63,ตราสารหนี้,924939594.79,2026-07-24,,,
M0602_2558,KT-HEALTHCARE-A,KT-HEALTHCARE,ตราสารทุน,2020179237.66,2026-07-30,887866979.59,2025-07-14,1.2753174564424956
M0602_2558,KT-HEALTHCARE-D,KT-HEALTHCARE,ตราสารทุน,2020179237.66,2026-07-30,887866979.59,2025-07-14,1.2753174564424956
M0602_2558,KT-HEALTHCARE-I,KT-HEALTHCARE,ตราสารทุน,2020179237.66,2026-07-30,887866979.59,2025-07-14,1.2753174564424956
M0602_2558,KT-HEALTHCARE-P,KT-HEALTHCARE,ตราสารทุน,2020179237.66,2026-07-30,887866979.59,2025-07-14,1.2753174564424956
M0602_2558,KT-HEALTHCARE-R,KT-HEALTHCARE,ตราสารทุน,2020179237.66,2026-07-30,887866979.59,2025-07-14,1.2753174564424956
M0602_2558,KT-HEALTHCARE-SSF,KT-HEALTHCARE,ตราสารทุน,85191253.03,2026-07-30,63351978.33,2025-07-14,0.3447291667237191
M0602_2558,KT-HEALTHCARE-UHA,KT-HEALTHCARE,ตราสารทุน,2020179237.66,2026-07-30,887866979.59,2025-07-14,1.2753174564424956
M0602_2558,KT-HEALTHCARE-USD-A,KT-HEALTHCARE,ตราสารทุน,2218.55,2026-07-30,887866979.59,2025-07-14,-0.999997501258577
M0615_2562,main,KT-ESG RMF,ตราสารทุน,150564273.46,2026-07-31,118655848.36,2025-07-15,0.2689157385920864
M0615_2569,main,KTGOV6M35,ตราสารหนี้,1224291520.89,2026-07-31,,,
M0625_2560,KT-GCINCOME-A,KT-GCINCOME,ตราสารหนี้,592944404.39,2026-07-30,1069477050.63,2025-07-14,-0.44557538280909115
M0625_2560,KT-GCINCOME-D,KT-GCINCOME,ตราสารหนี้,163043121.05,2026-07-30,1069477050.63,2025-07-14,-0.8475487426738557
M0625_2560,KT-GCINCOME-I,KT-GCINCOME,ตราสารหนี้,163043121.05,2026-07-30,1069477050.63,2025-07-14,-0.8475487426738557
M0625_2560,KT-GCINCOME-P,KT-GCINCOME,ตราสารหนี้,163043121.05,2026-07-30,1069477050.63,2025-07-14,-0.8475487426738557
M0625_2560,KT-GCINCOME-R,KT-GCINCOME,ตราสารหนี้,163043121.05,2026-07-30,200815758.78,2025-07-14,-0.1880959838982612
M0625_2560,KT-GCINCOME-SSF,KT-GCINCOME,ตราสารหนี้,17093104.28,2026-07-30,18402776.12,2025-07-14,-0.07116707998075666
M0627_2558,main,KT-HEALTHC RMF,ตราสารทุน,1072802339.22,2026-07-30,829632310.3,2025-07-14,0.29310578421429656
M0629_2569,main,KT-BAI,ตราสารทุน,62328839.88,2026-07-30,,,
M0632_2566,main,KT-US RMF,ตราสารทุน,162827678.14,2026-07-30,131759089.39,2025-07-14,0.2357984477111752
M0633_2566,main,KT-GESG RMF,ตราสารทุน,15496938.56,2026-07-30,,,
M0634_2556,main,KT-FLEX,ผสม,454145150.21,2026-07-31,254929965.96,2025-07-14,0.7814506368437597
M0636_2567,main,KT-GPEQ-UI,ทรัพย์สินทางเลือก,293393150.74,2026-06-30,189066990.68,2025-07-31,0.5517946823228086
M0642_2558,KT-INDIA-A,KT-INDIA,ตราสารทุน,1304086614.39,2026-07-30,1650267703.05,2025-07-14,-0.20977268598312448
M0642_2558,KT-INDIA-D,KT-INDIA,ตราสารทุน,121361968.48,2026-07-30,140022158.18,2025-07-14,-0.1332659769178256
M0642_2558,KT-INDIA-I,KT-INDIA,ตราสารทุน,1304086614.39,2026-07-30,1650267703.05,2025-07-14,-0.20977268598312448
M0642_2558,KT-INDIA-P,KT-INDIA,ตราสารทุน,1304086614.39,2026-07-30,1650267703.05,2025-07-14,-0.20977268598312448
M0642_2558,KT-INDIA-R,KT-INDIA,ตราสารทุน,1304086614.39,2026-07-30,1650267703.05,2025-07-14,-0.20977268598312448
M0642_2558,KT-INDIA-SSF,KT-INDIA,ตราสารทุน,103898276.94,2026-07-30,130372827.72,2025-07-14,-0.20306801074269132
M0642_2569,main,KTGOV3M3S,ตราสารหนี้,2739857794.72,2026-07-31,,,
M0647_2551,main,KTSIV3M1,ตราสารหนี้,24795977.41,2026-07-31,28700117.67,2025-07-14,-0.1360322039404378
M0649_2551,main,KTSIV6M1,ตราสารหนี้,8194595.13,2026-07-30,7935981.22,2025-07-14,0.03258751537216975
M0650_2553,main,KT-GOLD,ทรัพย์สินทางเลือก,2282373580.22,2026-07-31,1883544539.93,2025-07-15,0.21174388597405924
M0652_2553,main,KT-GOLD RMF,ทรัพย์สินทางเลือก,1512248573.28,2026-07-30,904686342.57,2025-07-14,0.6715722368307886
M0653_2559,main,KTSET50RMF,ตราสารทุน,1192043572.18,2026-07-31,944946651.17,2025-07-15,0.2614929855606698
M0658_2556,KT-HiDiv-A,KT-HiDiv,ตราสารทุน,58571978.44,2026-07-30,76979140.41,2025-07-14,-0.2391188297499982
M0658_2556,KT-HiDiv-D,KT-HiDiv,ตราสารทุน,1478167392.54,2026-07-31,800917066.56,2025-07-14,0.845593575485714
M0658_2556,KT-HiDiv-I,KT-HiDiv,ตราสารทุน,1478167392.54,2026-07-31,800917066.56,2025-07-14,0.845593575485714
M0658_2556,KT-HiDiv-P,KT-HiDiv,ตราสารทุน,1478167392.54,2026-07-31,800917066.56,2025-07-14,0.845593575485714
M0658_2556,KT-HiDiv-R,KT-HiDiv,ตราสารทุน,1478167392.54,2026-07-31,800917066.56,2025-07-14,0.845593575485714
M0658_2556,KT-HiDiv-SSF,KT-HiDiv,ตราสารทุน,1478167392.54,2026-07-31,800917066.56,2025-07-14,0.845593575485714
M0659_2567,main,KTWC-MODERATE RMF,ผสม,679657991.26,2026-07-27,280685295.49,2025-07-14,1.4214235735915643
M0663_2569,main,KTGOV3M4S,ตราสารหนี้,3154292250.57,2026-07-30,,,
M0671_2551,main,KTSIV3M2,ตราสารหนี้,11795358.27,2026-07-31,16739840.23,2025-07-15,-0.29537211180419976
M0675_2551,main,KTSIV6M2,ตราสารหนี้,8227257.6,2026-07-31,8746708.92,2025-07-15,-0.059388202437174575
M0677_2569,main,KTGOV3M5S,ตราสารหนี้,3400482219.23,2026-07-27,,,
M0680_2557,KT-WEQ-A,KT-WEQ,ตราสารทุน,1722299212.92,2026-07-27,3005829248.6,2025-07-14,-0.42701362237319995
M0680_2557,KT-WEQ-D,KT-WEQ,ตราสารทุน,50684843.46,2026-07-30,48262168.33,2025-07-14,0.05019822386417849
M0680_2557,KT-WEQ-I,KT-WEQ,ตราสารทุน,50684843.46,2026-07-30,48262168.33,2025-07-14,0.05019822386417849
M0680_2557,KT-WEQ-P,KT-WEQ,ตราสารทุน,50684843.46,2026-07-30,48262168.33,2025-07-14,0.05019822386417849
M0680_2557,KT-WEQ-R,KT-WEQ,ตราสารทุน,50684843.46,2026-07-30,48262168.33,2025-07-14,0.05019822386417849
M0680_2557,KT-WEQ-SSF,KT-WEQ,ตราสารทุน,50684843.46,2026-07-30,48262168.33,2025-07-14,0.05019822386417849
M0681_2546,VAYUA,VAYU1,ผสม,155572109589.04,2026-07-30,150172109589.04,2025-07-14,0.03595874103904917
M0681_2546,VAYUB,VAYU1,ผสม,439939246013.93,2026-07-31,291459916582.3,2025-07-14,0.5094331020632941
M0688_2556,KT-OPP-A,KT-OPP,ผสม,69146580.21,2026-07-30,60945722.61,2025-07-14,0.1345600191251879
M0688_2556,KT-OPP-D,KT-OPP,ผสม,30828084.3,2026-07-30,30200797.13,2025-07-14,0.020770550105013053
M0691_2559,KT-SET50-A,KT-SET50,ตราสารทุน,4330863651.27,2026-07-31,2578856352.79,2025-07-14,0.6793737451039286
M0691_2559,KT-SET50-D,KT-SET50,ตราสารทุน,88324329.18,2026-07-30,141810124.9,2025-07-14,-0.37716485869902794
M0691_2559,KT-SET50-I,KT-SET50,ตราสารทุน,4330863651.27,2026-07-31,2578856352.79,2025-07-14,0.6793737451039286
M0691_2559,KT-SET50-R,KT-SET50,ตราสารทุน,4330863651.27,2026-07-31,2578856352.79,2025-07-14,0.6793737451039286
M0691_2567,KTESGSI-A,KTESGSI,ตราสารหนี้,2199377728.54,2026-07-31,1135368337.54,2025-07-14,0.9371490782501357
M0691_2567,KTESGSI-D,KTESGSI,ตราสารหนี้,2199377728.54,2026-07-31,1135368337.54,2025-07-14,0.9371490782501357
M0691_2567,KTESGSI-I,KTESGSI,ตราสารหนี้,2199377728.54,2026-07-31,1135368337.54,2025-07-14,0.9371490782501357
M0691_2567,KTESGSI-P,KTESGSI,ตราสารหนี้,2199377728.54,2026-07-31,1135368337.54,2025-07-14,0.9371490782501357
M0691_2567,KTESGSI-R,KTESGSI,ตราสารหนี้,2199377728.54,2026-07-31,1135368337.54,2025-07-14,0.9371490782501357
M0691_2567,KTESGSI-ThaiESG,KTESGSI,ตราสารหนี้,2199377728.54,2026-07-31,1135368337.54,2025-07-14,0.9371490782501357
M0694_2569,main,KTGOV6M36,ตราสารหนี้,3128287080.51,2026-07-31,,,
M0700_2565,KT-TECHNOLOGY-A,KT-TECHNOLOGY,ตราสารทุน,2668848970.79,2026-07-27,616487751.9,2025-07-14,3.329119212124935
M0700_2565,KT-TECHNOLOGY-D,KT-TECHNOLOGY,ตราสารทุน,672.29,2026-07-30,616487751.9,2025-07-14,-0.9999989094836063
M0700_2565,KT-TECHNOLOGY-I,KT-TECHNOLOGY,ตราสารทุน,672.29,2026-07-30,616487751.9,2025-07-14,-0.9999989094836063
M0700_2565,KT-TECHNOLOGY-P,KT-TECHNOLOGY,ตราสารทุน,672.29,2026-07-30,616487751.9,2025-07-14,-0.9999989094836063
M0700_2565,KT-TECHNOLOGY-R,KT-TECHNOLOGY,ตราสารทุน,672.29,2026-07-30,616487751.9,2025-07-14,-0.9999989094836063
M0700_2565,KT-TECHNOLOGY-SSF,KT-TECHNOLOGY,ตราสารทุน,46140464.03,2026-07-30,32654929.43,2025-07-15,0.41297086949484796
M0700_2565,KT-TECHNOLOGY-UHA,KT-TECHNOLOGY,ตราสารทุน,672.29,2026-07-30,616487751.9,2025-07-14,-0.9999989094836063
M0700_2565,KT-TECHNOLOGY-USD-A,KT-TECHNOLOGY,ตราสารทุน,672.29,2026-07-30,616487751.9,2025-07-14,-0.9999989094836063
M0705_2559,KT-GOI-A,KT-GOI,ผสม,74795799.93,2026-07-27,60732435.16,2025-07-14,0.2315626688267971
M0705_2559,KT-GOI-D,KT-GOI,ผสม,74795799.93,2026-07-27,60732435.16,2025-07-14,0.2315626688267971
M0705_2559,KT-GOI-I,KT-GOI,ผสม,74795799.93,2026-07-27,60732435.16,2025-07-14,0.2315626688267971
M0705_2559,KT-GOI-R,KT-GOI,ผสม,74795799.93,2026-07-27,60732435.16,2025-07-14,0.2315626688267971
M0711_2569,main,KTFUSD11M1,ตราสารหนี้,30525402.65,2026-07-31,,,
M0715_2568,KT-WISLAMIC-A,KT-WISLAMIC,ตราสารทุน,58165570.14,2026-07-30,,,
M0715_2568,KT-WISLAMIC-AB,KT-WISLAMIC,ตราสารทุน,13906885.08,2026-07-30,,,
M0718_2551,main,RMF4,ตราสารหนี้,3507279144.86,2026-07-31,2846211369.13,2025-07-14,0.2322623621351314
M0730_2555,main,KTSE-RMF,ตราสารทุน,469522097.92,2026-07-31,449968458.58,2025-07-15,0.0434555777569543
M0732_2569,main,KTGOV3M6S,ตราสารหนี้,1321739770.23,2026-07-31,,,
M0739_2554,main,KT-ST,ตราสารหนี้,26020072647.22,2026-07-31,11861103247.79,2025-07-14,1.1937312325536111
M0741_2568,main,KT-CATBOND-UI,อื่น ๆ,10192076.81,2026-07-31,,,
M0742_2568,main,KT-CATBONDUH-UI,อื่น ๆ,15856801.47,2026-07-31,,,
M0747_2565,KT-GREEN-A,KT-GREEN,ตราสารทุน,128518743.93,2026-07-30,57114846.12,2025-07-14,1.2501810415452805
M0747_2565,KT-GREEN-D,KT-GREEN,ตราสารทุน,128518743.93,2026-07-30,3469694.19,2025-07-14,36.04036635286293
M0747_2565,KT-GREEN-I,KT-GREEN,ตราสารทุน,128518743.93,2026-07-30,3469694.19,2025-07-14,36.04036635286293
M0747_2565,KT-GREEN-P,KT-GREEN,ตราสารทุน,128518743.93,2026-07-30,3469694.19,2025-07-14,36.04036635286293
M0747_2565,KT-GREEN-R,KT-GREEN,ตราสารทุน,128518743.93,2026-07-30,3469694.19,2025-07-14,36.04036635286293
M0747_2565,KT-GREEN-SSF,KT-GREEN,ตราสารทุน,6699478.96,2026-07-27,3469694.19,2025-07-14,0.9308557449554367
M0753_2553,KT-PRECIOUS-A,KT-PRECIOUS,ตราสารทุน,11305718025.65,2026-07-24,1964829247.45,2025-07-14,4.754046078214082
M0753_2553,KT-PRECIOUS-D,KT-PRECIOUS,ตราสารทุน,11305718025.65,2026-07-24,1964829247.45,2025-07-14,4.754046078214082
M0753_2553,KT-PRECIOUS-I,KT-PRECIOUS,ตราสารทุน,11305718025.65,2026-07-24,1964829247.45,2025-07-14,4.754046078214082
M0753_2553,KT-PRECIOUS-P,KT-PRECIOUS,ตราสารทุน,11305718025.65,2026-07-24,1964829247.45,2025-07-14,4.754046078214082
M0753_2553,KT-PRECIOUS-R,KT-PRECIOUS,ตราสารทุน,11305718025.65,2026-07-24,1964829247.45,2025-07-14,4.754046078214082
M0753_2553,KT-PRECIOUS-USD-A,KT-PRECIOUS,ตราสารทุน,11305718025.65,2026-07-24,1964829247.45,2025-07-14,4.754046078214082
M0758_2554,main,KT-BOND,ตราสารหนี้,530304692.16,2026-07-30,914626845.98,2025-07-14,-0.42019557539688035
M0759_2569,main,KTGOV6M2S,ตราสารหนี้,1158130817.76,2026-07-31,,,
M0795_2553,main,CHINA,ตราสารทุน,287103585.74,2026-07-31,323056890.35,2025-07-14,-0.1112909387911466
M0821_2566,KTAG-A,KTAG,ตราสารทุน,441887571.69,2026-07-30,252519944.68,2025-07-14,0.7499115654011872
M0821_2566,KTAG-D,KTAG,ตราสารทุน,441887571.69,2026-07-30,252519944.68,2025-07-14,0.7499115654011872
M0821_2566,KTAG-I,KTAG,ตราสารทุน,441887571.69,2026-07-30,252519944.68,2025-07-14,0.7499115654011872
M0821_2566,KTAG-P,KTAG,ตราสารทุน,441887571.69,2026-07-30,252519944.68,2025-07-14,0.7499115654011872
M0821_2566,KTAG-R,KTAG,ตราสารทุน,441887571.69,2026-07-30,252519944.68,2025-07-14,0.7499115654011872
M0821_2566,KTAG-ThaiESG,KTAG,ตราสารทุน,441887571.69,2026-07-30,252519944.68,2025-07-14,0.7499115654011872
M0822_2556,main,KT-HiDiv RMF,ตราสารทุน,1390129679.78,2026-07-31,1057098849.64,2025-07-14,0.3150422784524032
M0824_2555,main,KT-PROPERTY RMF,ตราสารทุน,226258484.89,2026-07-30,237696519.37,2025-07-14,-0.04812032801454491
M0846_2566,KTAG70/30-A,KTAG70/30,ผสม,1633945190.28,2026-07-30,981817782.55,2025-07-14,0.6642041113130785
M0846_2566,KTAG70/30-D,KTAG70/30,ผสม,1633945190.28,2026-07-30,981817782.55,2025-07-14,0.6642041113130785
M0846_2566,KTAG70/30-I,KTAG70/30,ผสม,1633945190.28,2026-07-30,981817782.55,2025-07-14,0.6642041113130785
M0846_2566,KTAG70/30-P,KTAG70/30,ผสม,1633945190.28,2026-07-30,981817782.55,2025-07-14,0.6642041113130785
M0846_2566,KTAG70/30-R,KTAG70/30,ผสม,1633945190.28,2026-07-30,981817782.55,2025-07-14,0.6642041113130785
M0846_2566,KTAG70/30-ThaiESG,KTAG70/30,ผสม,1633945190.28,2026-07-30,981817782.55,2025-07-14,0.6642041113130785
M0854_2566,KTESG50-A,KTESG50,ตราสารทุน,768222358.99,2026-07-31,367217942.8,2025-07-14,1.0920065973148847
M0854_2566,KTESG50-D,KTESG50,ตราสารทุน,768222358.99,2026-07-31,367217942.8,2025-07-14,1.0920065973148847
M0854_2566,KTESG50-I,KTESG50,ตราสารทุน,768222358.99,2026-07-31,367217942.8,2025-07-14,1.0920065973148847
M0854_2566,KTESG50-P,KTESG50,ตราสารทุน,768222358.99,2026-07-31,367217942.8,2025-07-14,1.0920065973148847
M0854_2566,KTESG50-R,KTESG50,ตราสารทุน,768222358.99,2026-07-31,367217942.8,2025-07-14,1.0920065973148847
M0854_2566,KTESG50-ThaiESG,KTESG50,ตราสารทุน,768222358.99,2026-07-31,367217942.8,2025-07-14,1.0920065973148847
M0867_2567,KT-US500-A,KT-US500,ตราสารทุน,1037522618.9,2026-07-30,173375017.01,2025-07-14,4.984268303432422
M0867_2567,KT-US500-D,KT-US500,ตราสารทุน,594.28,2026-07-30,173375017.01,2025-07-14,-0.9999965722858446
M0867_2567,KT-US500-I,KT-US500,ตราสารทุน,594.28,2026-07-30,173375017.01,2025-07-14,-0.9999965722858446
M0867_2567,KT-US500-P,KT-US500,ตราสารทุน,594.28,2026-07-30,173375017.01,2025-07-14,-0.9999965722858446
M0867_2567,KT-US500-R,KT-US500,ตราสารทุน,594.28,2026-07-30,173375017.01,2025-07-14,-0.9999965722858446
M0867_2567,KT-US500-UHA,KT-US500,ตราสารทุน,594.28,2026-07-30,173375017.01,2025-07-14,-0.9999965722858446
M0867_2567,KT-US500-USD-A,KT-US500,ตราสารทุน,594.28,2026-07-30,173375017.01,2025-07-14,-0.9999965722858446
M0869_2557,main,KT-WEQ RMF,ตราสารทุน,637538954.33,2026-07-30,548432013.3,2025-07-14,0.16247581991764104
M0884_2548,main,KTSS,ตราสารหนี้,44482852686.61,2026-07-31,37399919643.56,2025-07-14,0.18938364334880697
M0886_2555,main,KT-BOND RMF,ตราสารหนี้,124473465.14,2026-07-30,122850779.09,2025-07-14,0.013208593889430853
M0899_2553,main,GLD,ทรัพย์สินทางเลือก,1272970533.72,2026-07-31,671568786.89,2025-07-14,0.8955177169788671
M0928_2556,main,KTFIX-1Y3Y,ตราสารหนี้,4236805299.28,2026-07-31,4888872220.65,2025-07-14,-0.13337777956555064
M0962_2555,main,KT-WCORP,ตราสารหนี้,154402064.86,2026-07-30,193783893.46,2025-07-14,-0.2032254997917513
M0966_2568,main,KT-TECHNOLOGY RMF,ตราสารทุน,140347478.91,2026-07-30,,,
M0980_2556,main,KT-EUROSM,ตราสารทุน,665326271.4,2026-07-27,1045236355.25,2025-07-14,-0.36346811124755896
M1024_2567,KT-WQUALITY-A,KT-WQUALITY,ตราสารทุน,470848970.13,2026-07-30,643401907.33,2025-07-16,-0.2681884141687785
M1024_2567,KT-WQUALITY-D,KT-WQUALITY,ตราสารทุน,251.71,2026-07-30,643401907.33,2025-07-16,-0.9999996087826332
M1024_2567,KT-WQUALITY-I,KT-WQUALITY,ตราสารทุน,251.71,2026-07-30,643401907.33,2025-07-16,-0.9999996087826332
M1024_2567,KT-WQUALITY-P,KT-WQUALITY,ตราสารทุน,251.71,2026-07-30,643401907.33,2025-07-16,-0.9999996087826332
M1024_2567,KT-WQUALITY-R,KT-WQUALITY,ตราสารทุน,251.71,2026-07-30,643401907.33,2025-07-16,-0.9999996087826332
M1024_2567,KT-WQUALITY-UHA,KT-WQUALITY,ตราสารทุน,251.71,2026-07-30,643401907.33,2025-07-16,-0.9999996087826332
M1024_2567,KT-WQUALITY-USD-A,KT-WQUALITY,ตราสารทุน,251.71,2026-07-30,643401907.33,2025-07-16,-0.9999996087826332
M1029_2568,main,KTWC-INCOME RMF,ผสม,80802463.96,2026-07-27,,,
M1041_2567,KT-NASDAQ-A,KT-NASDAQ,ตราสารทุน,901457510.14,2026-07-24,79747894.76,2025-07-14,10.303840845616323
M1041_2567,KT-NASDAQ-D,KT-NASDAQ,ตราสารทุน,901457510.14,2026-07-24,79747894.76,2025-07-14,10.303840845616323
M1041_2567,KT-NASDAQ-I,KT-NASDAQ,ตราสารทุน,901457510.14,2026-07-24,79747894.76,2025-07-14,10.303840845616323
M1041_2567,KT-NASDAQ-P,KT-NASDAQ,ตราสารทุน,901457510.14,2026-07-24,79747894.76,2025-07-14,10.303840845616323
M1041_2567,KT-NASDAQ-R,KT-NASDAQ,ตราสารทุน,901457510.14,2026-07-24,79747894.76,2025-07-14,10.303840845616323
M1085_2568,main,KT-PRECIOUS RMF,ตราสารทุน,245275268.86,2026-07-30,,,
M1127_2568,KT-GWB-A,KT-GWB,ผสม,15379671.65,2026-07-27,,,
M1127_2568,KT-GWB-D,KT-GWB,ผสม,156511983.77,2026-07-27,,,
M1127_2568,KT-GWB-I,KT-GWB,ผสม,156511983.77,2026-07-27,,,
M1127_2568,KT-GWB-P,KT-GWB,ผสม,156511983.77,2026-07-27,,,
M1127_2568,KT-GWB-R,KT-GWB,ผสม,156511983.77,2026-07-27,,,
M1127_2568,KT-GWB-X,KT-GWB,ผสม,156511983.77,2026-07-27,,,
M1128_2568,KT-GWA-A,KT-GWA,ผสม,55824013.27,2026-07-27,,,
M1128_2568,KT-GWA-D,KT-GWA,ผสม,161753461.37,2026-07-27,,,
M1128_2568,KT-GWA-I,KT-GWA,ผสม,161753461.37,2026-07-27,,,
M1128_2568,KT-GWA-P,KT-GWA,ผสม,161753461.37,2026-07-27,,,
M1128_2568,KT-GWA-R,KT-GWA,ผสม,161753461.37,2026-07-27,,,
M1128_2568,KT-GWA-X,KT-GWA,ผสม,161753461.37,2026-07-27,,,
M1129_2568,KT-GWG-A,KT-GWG,ผสม,3685285.6,2026-07-27,,,
M1129_2568,KT-GWG-D,KT-GWG,ผสม,3685285.6,2026-07-27,,,
M1129_2568,KT-GWG-I,KT-GWG,ผสม,3685285.6,2026-07-27,,,
M1129_2568,KT-GWG-P,KT-GWG,ผสม,3685285.6,2026-07-27,,,
M1129_2568,KT-GWG-R,KT-GWG,ผสม,3685285.6,2026-07-27,,,
M1129_2568,KT-GWG-X,KT-GWG,ผสม,153346180.11,2026-07-27,,,
M1150_2557,main,KT25/75RMF,ผสม,1296982183.26,2026-07-31,1304762065.44,2025-07-15,-0.005962682688338661
M1250_2557,KT-US-A,KT-US,ตราสารทุน,1945397148.07,2026-07-30,3419416925.57,2025-07-15,-0.43107342847766017
M1250_2557,KT-US-D,KT-US,ตราสารทุน,1945397148.07,2026-07-30,87308080.62,2025-07-14,21.281982770153352
M1250_2557,KT-US-I,KT-US,ตราสารทุน,1945397148.07,2026-07-30,87308080.62,2025-07-14,21.281982770153352
M1250_2557,KT-US-P,KT-US,ตราสารทุน,1945397148.07,2026-07-30,87308080.62,2025-07-14,21.281982770153352
M1250_2557,KT-US-R,KT-US,ตราสารทุน,1945397148.07,2026-07-30,87308080.62,2025-07-14,21.281982770153352
M1250_2557,KT-US-SSF,KT-US,ตราสารทุน,85425853.33,2026-07-27,87308080.62,2025-07-14,-0.021558454574121533
M0001_2540,main,ONE-FAR,ตราสารหนี้,440380668.54,2026-07-31,304081181.48,2025-07-14,0.44823387753432775
M0001_2564,main,ONE-GLOBALTOP8M10,ผสม,562043879.55,2026-07-27,893715351.96,2025-07-14,-0.37111533519326256
M0015_2536,main,ONE-UB 3,ตราสารทุน,43756552.73,2026-07-31,46572250.45,2025-07-14,-0.06045870003690157
M0016_2536,main,ONE-MIDSMALL,ตราสารทุน,70675398.2,2026-07-31,65133808.95,2025-07-14,0.08508007345699697
M0016_2560,ONE-POWER-D,ONE-POWER,ผสม,5622612.69,2026-07-31,6843640.66,2025-07-14,-0.17841789635985938
M0016_2560,ONE-POWER-ND,ONE-POWER,ผสม,5622612.69,2026-07-31,6843640.66,2025-07-14,-0.17841789635985938
M0017_2535,main,ONE-G,ตราสารทุน,70975868.48,2026-07-31,51259984.16,2025-07-14,0.38462525190136554
M0021_2536,main,THANA1,ตราสารทุน,81199105.87,2026-07-31,77603481.24,2025-07-14,0.04633329036979705
M0022_2562,main,ONE-SETHD,ตราสารทุน,70973899.11,2026-07-31,63565277.37,2025-07-14,0.1165513948263921
M0025_2536,main,ONE-EQ,ตราสารทุน,41408740.81,2026-07-31,39164790.21,2025-07-14,0.05729510072613775
M0035_2564,main,ONE-GLOBALTOP8M11,ผสม,796677345.12,2026-07-27,1360252396.28,2025-07-14,-0.4143165288304269
M0036_2564,main,ONE-GLOBALTOP8M12,ผสม,382051896.69,2026-07-27,657112034.86,2025-07-14,-0.4185894087735017
M0038_2561,ONE-VIETNAM-IA,ONE-VIETNAM,ตราสารทุน,231604048.53,2026-07-30,374534853.46,2025-07-14,-0.38162217376991026
M0038_2561,ONE-VIETNAM-ID,ONE-VIETNAM,ตราสารทุน,231604048.53,2026-07-30,374534853.46,2025-07-14,-0.38162217376991026
M0038_2561,ONE-VIETNAM-RA,ONE-VIETNAM,ตราสารทุน,231604048.53,2026-07-30,374534853.46,2025-07-14,-0.38162217376991026
M0038_2561,ONE-VIETNAM-RD,ONE-VIETNAM,ตราสารทุน,231604048.53,2026-07-30,374534853.46,2025-07-14,-0.38162217376991026
M0041_2536,main,ONE-FAS,ผสม,27832046.77,2026-07-31,54344287.85,2025-07-14,-0.4878569970992821
M0050_2536,main,SYRUS-M,ตราสารทุน,30101801.65,2026-07-31,31453464.43,2025-07-14,-0.04297341499560847
M0068_2544,M-RMF-A,M-RMF,ตราสารหนี้,555952383.4,2026-07-31,345695758.43,2025-07-14,0.608212915093012
M0068_2544,M-RMF-P,M-RMF,ตราสารหนี้,16385697.74,2026-07-31,17984981.02,2025-07-14,-0.08892326759875557
M0069_2544,main,F-RMF,ตราสารหนี้,502264644.83,2026-07-31,174343411.63,2025-07-14,1.8808926023309116
M0070_2544,V-RMF-A,V-RMF,ตราสารทุน,668557642.28,2026-07-31,510230512.55,2025-07-14,0.3103050990398868
M0070_2544,V-RMF-P,V-RMF,ตราสารทุน,13174119.64,2026-07-31,8466858.16,2025-07-14,0.5559631909553568
M0076_2559,main,ONE-HOSPITAL,ผสม,21641400.07,2026-07-30,20090241.09,2025-07-14,0.07720957518882621
M0078_2561,main,ONE-EUROEQ,ตราสารทุน,271237368.12,2026-07-27,369496103.92,2025-07-14,-0.2659263108800577
M0088_2562,main,ONE-GECOM,ตราสารทุน,747288283.55,2026-07-30,1052750072.4,2025-07-14,-0.290156036896417
M0088_2564,main,ONE-GLOBALTOP8M12A,ผสม,136643346.96,2026-07-27,208249815.66,2025-07-14,-0.3438488935659305
M0090_2564,main,ONE-GLOBALTOP8M14,ผสม,133040949.8,2026-07-27,171701020.53,2025-07-14,-0.22515923673991922
M0093_2553,GOLD-RMF-A,GOLD-RMF,ทรัพย์สินทางเลือก,282009200.81,2026-07-31,171633948.13,2025-07-14,0.6430852047777804
M0093_2553,GOLD-RMF-P,GOLD-RMF,ทรัพย์สินทางเลือก,17981488.16,2026-07-31,19250848.41,2025-07-14,-0.06593788611106721
M0107_2564,ONE-UJE-IA,ONE-UJE,ตราสารทุน,154463225.1,2026-07-30,48340051.12,2025-07-14,2.1953467470805603
M0107_2564,ONE-UJE-RA,ONE-UJE,ตราสารทุน,154463225.1,2026-07-30,48340051.12,2025-07-14,2.1953467470805603
M0107_2564,ONE-UJE-SSF,ONE-UJE,ตราสารทุน,154463225.1,2026-07-30,48340051.12,2025-07-14,2.1953467470805603
M0114_2542,main,ONE-FLEX,ผสม,25321854.59,2026-07-31,22347563.92,2025-07-14,0.1330923889801765
M0132_2545,main,FCF,ผสม,199442934.31,2026-07-31,194899264.02,2025-07-14,0.02331291661282897
M0134_2546,main,FLEXAR,ผสม,272695412.4,2026-07-31,229657124.27,2025-07-14,0.1874023645763383
M0136_2563,ONE-TCMSSF-SSF,ONE-TCMSSF,ผสม,26816866.08,2026-07-31,15281050.99,2025-07-14,0.7549097962927482
M0136_2563,ONE-TCMSSF-SSFX,ONE-TCMSSF,ผสม,30265201.05,2026-07-31,21986132.14,2025-07-14,0.3765586805938299
M0137_2564,main,ONE-GLOBALTOP8M15,ผสม,31549350.69,2026-07-27,43266401.51,2025-07-14,-0.2708117710526927
M0138_2564,main,ONE-GLOBALTOP8M16,ผสม,35940761.59,2026-07-27,57185142.56,2025-07-14,-0.37150175760618054
M0140_2556,ONEPROP-ID,ONEPROP-D,ทรัพย์สินทางเลือก,276214531.83,2026-07-31,287844948.63,2025-07-14,-0.04040514469805723
M0140_2556,ONEPROP-RD,ONEPROP-D,ทรัพย์สินทางเลือก,276214531.83,2026-07-31,287844948.63,2025-07-14,-0.04040514469805723
M0148_2559,ONE-ACT-IA,ONE-ACT,ผสม,45311813.37,2026-07-31,53355331.69,2025-07-14,-0.1507537872078778
M0148_2559,ONE-ACT-ID,ONE-ACT,ผสม,45311813.37,2026-07-31,53355331.69,2025-07-14,-0.1507537872078778
M0148_2559,ONE-ACT-RA,ONE-ACT,ผสม,45311813.37,2026-07-31,53355331.69,2025-07-14,-0.1507537872078778
M0148_2559,ONE-ACT-RD,ONE-ACT,ผสม,45311813.37,2026-07-31,53355331.69,2025-07-14,-0.1507537872078778
M0149_2564,ONE-VIETNAMRMF-A,ONE-VIETNAMRMF,ตราสารทุน,122363521.13,2026-07-30,123820772.31,2025-07-14,-0.01176903642913485
M0149_2564,ONE-VIETNAMRMF-P,ONE-VIETNAMRMF,ตราสารทุน,122363521.13,2026-07-30,123820772.31,2025-07-14,-0.01176903642913485
M0150_2565,main,ONE-CHINATOP10M-UH,ผสม,45003509.7,2026-07-27,49222575.29,2025-07-14,-0.08571403599147187
M0178_2568,ONE-ELITE11-RA,ONE-ELITE11,ตราสารทุน,200143787.91,2026-07-30,118477982.87,2025-07-14,0.6892909810053722
M0178_2568,ONE-ELITE11-RE,ONE-ELITE11,ตราสารทุน,22092593.71,2026-07-30,118477982.87,2025-07-14,-0.8135299641770479
M0213_2566,main,ONE-LS5-UI,อื่น ๆ,699046862.65,2026-06-30,708131217.95,2025-07-31,-0.01282863270214063
M0214_2542,main,ONE-DI,ตราสารหนี้,511659439.26,2026-07-31,182336646.21,2025-07-14,1.8061250982466448
M0224_2567,ONE-LIFESET-UIG,ONE-LIFESET-UI,อื่น ๆ,2378653924.08,2026-06-30,2264659256.59,2025-07-31,0.05033634404746912
M0224_2567,ONE-LIFESET-UIS,ONE-LIFESET-UI,อื่น ๆ,1303673695.05,2026-06-30,1268850820.88,2025-07-31,0.027444419467568926
M0235_2551,main,1US-OPP,ผสม,105249387.74,2026-07-30,85941254.34,2025-07-14,0.22466664640026468
M0240_2561,ONE-ALLCHINA-ASSF,ONE-ALLCHINA,ตราสารทุน,532997572.18,2026-07-30,580328045.47,2025-07-14,-0.08155813536750178
M0240_2561,ONE-ALLCHINA-DSSF,ONE-ALLCHINA,ตราสารทุน,532997572.18,2026-07-30,547990896.66,2025-07-14,-0.02736053567930441
M0240_2561,ONE-ALLCHINA-IA,ONE-ALLCHINA,ตราสารทุน,532997572.18,2026-07-30,547990896.66,2025-07-14,-0.02736053567930441
M0240_2561,ONE-ALLCHINA-ID,ONE-ALLCHINA,ตราสารทุน,532997572.18,2026-07-30,547990896.66,2025-07-14,-0.02736053567930441
M0240_2561,ONE-ALLCHINA-RA,ONE-ALLCHINA,ตราสารทุน,361319883.47,2026-07-30,547990896.66,2025-07-14,-0.3406461938104415
M0240_2561,ONE-ALLCHINA-RD,ONE-ALLCHINA,ตราสารทุน,532997572.18,2026-07-30,547990896.66,2025-07-14,-0.02736053567930441
M0258_2558,main,ONE-ACTIVE6/2,ผสม,5255192.67,2026-07-30,5327773.34,2025-07-14,-0.013623077666438443
M0259_2550,main,TDEX,ตราสารทุน,4302499770.92,2026-07-31,3109177568.14,2025-07-14,0.38380638500935804
M0280_2548,1VAL-IA,1VAL-D,ตราสารทุน,277267619.98,2026-07-31,208347267.15,2025-07-14,0.33079556920888575
M0280_2548,1VAL-ID,1VAL-D,ตราสารทุน,277267619.98,2026-07-31,208347267.15,2025-07-14,0.33079556920888575
M0280_2548,1VAL-RA,1VAL-D,ตราสารทุน,277267619.98,2026-07-31,208347267.15,2025-07-14,0.33079556920888575
M0280_2548,1VAL-RD,1VAL-D,ตราสารทุน,277267619.98,2026-07-31,208347267.15,2025-07-14,0.33079556920888575
M0280_2560,ONE-APACPROP-IA,ONE-APACPROP,ทรัพย์สินทางเลือก,8823978.58,2026-07-31,11128814.54,2025-07-14,-0.2071052538179865
M0280_2560,ONE-APACPROP-ID,ONE-APACPROP,ทรัพย์สินทางเลือก,8823978.58,2026-07-31,11128814.54,2025-07-14,-0.2071052538179865
M0280_2560,ONE-APACPROP-RA,ONE-APACPROP,ทรัพย์สินทางเลือก,8823978.58,2026-07-31,11128814.54,2025-07-14,-0.2071052538179865
M0280_2560,ONE-APACPROP-RD,ONE-APACPROP,ทรัพย์สินทางเลือก,8823978.58,2026-07-31,11128814.54,2025-07-14,-0.2071052538179865
M0291_2564,main,ONE-APACESG,ตราสารทุน,152665938.84,2026-07-30,195984738.96,2025-07-14,-0.2210314963801404
M0293_2567,main,ONE-BTCETFOF-UI,อื่น ๆ,533672865.35,2026-07-30,619985278.93,2025-07-14,-0.1392168758086676
M0363_2558,main,ONE-ULTRA,ผสม,242254277.14,2026-07-30,248958772.08,2025-07-14,-0.026930141420546616
M0364_2548,ONE-SG-NT,ONE-SG,ผสม,321336513.17,2026-07-31,336380852.55,2025-07-14,-0.0447241252465872
M0364_2548,ONE-SG-RA,ONE-SG,ผสม,321336513.17,2026-07-31,336380852.55,2025-07-14,-0.0447241252465872
M0372_2556,main,ONE-PREMIER,ผสม,16648753.87,2026-07-30,20802052.21,2025-07-14,-0.19965810575186527
M0392_2568,ONE-THAIESGX-L,ONE-THAIESGX,ตราสารทุน,174600209.76,2026-07-31,122623509.72,2025-07-14,0.4238722261227412
M0392_2568,ONE-THAIESGX-N,ONE-THAIESGX,ตราสารทุน,15554690.62,2026-07-31,122623509.72,2025-07-14,-0.873150828454366
M0392_2568,ONE-THAIESGX-X,ONE-THAIESGX,ตราสารทุน,15554690.62,2026-07-31,11076217.51,2025-07-14,0.40433235497196374
M0394_2561,main,ONE-OPPORTUNITY6/2,ผสม,26007826.57,2026-07-31,19605742.49,2025-07-14,0.3265412714292977
M0430_2550,main,1GLOBALBOND,ตราสารหนี้,4763176.38,2026-07-27,10176527.93,2025-07-15,-0.5319448428025884
M0437_2554,main,1DIV,ตราสารทุน,277157454.99,2026-07-30,159206900.18,2025-07-14,0.7408633336660948
M0443_2565,main,ONE-CHINATOP10M2,ผสม,47489028.57,2026-07-27,66616467.53,2025-07-16,-0.28712778790598836
M0452_2566,main,ONE-LS6-UI,อื่น ๆ,1559910609.03,2026-06-30,1537367098.06,2025-07-31,0.014663713694957892
M0454_2560,ONE-GLOBHY-I,ONE-GLOBHY,ตราสารหนี้,36120644.86,2026-07-27,35495274.15,2025-07-15,0.01761842174699768
M0454_2560,ONE-GLOBHY-R,ONE-GLOBHY,ตราสารหนี้,13085143.31,2026-07-27,15990855.21,2025-07-14,-0.1817108504730186
M0475_2563,ONE-DISCRMF-A,ONE-DISCRMF,ตราสารทุน,25467417.73,2026-07-30,15744408.68,2025-07-14,0.6175531420466152
M0475_2563,ONE-DISCRMF-P,ONE-DISCRMF,ตราสารทุน,25467417.73,2026-07-30,15744408.68,2025-07-14,0.6175531420466152
M0486_2561,ONE-DELIGHT-IA,ONE-DELIGHT,ผสม,3980993.47,2026-07-31,20974090.47,2025-07-14,-0.8101947030459242
M0486_2561,ONE-DELIGHT-ID,ONE-DELIGHT,ผสม,3980993.47,2026-07-31,20974090.47,2025-07-14,-0.8101947030459242
M0486_2561,ONE-DELIGHT-RA,ONE-DELIGHT,ผสม,22434964.18,2026-07-31,20974090.47,2025-07-14,0.06965134970164932
M0486_2561,ONE-DELIGHT-RD,ONE-DELIGHT,ผสม,3980993.47,2026-07-31,3810050.03,2025-07-14,0.04486645546751533
M0509_2564,main,ONE-MEDTECH,ตราสารทุน,244858467.43,2026-07-27,50390775.69,2025-07-14,3.8591922644007237
M0512_2546,1AMSET50-IA,1AMSET50,ตราสารทุน,1358816174.31,2026-07-31,0.0,2025-07-14,
M0512_2546,1AMSET50-ID,1AMSET50,ตราสารทุน,1358816174.31,2026-07-31,0.0,2025-07-14,
M0512_2546,1AMSET50-RA,1AMSET50,ตราสารทุน,1358816174.31,2026-07-31,1167291556.99,2025-07-14,0.16407607522996992
M0512_2546,1AMSET50-RD,1AMSET50,ตราสารทุน,1358816174.31,2026-07-31,0.0,2025-07-14,
M0512_2546,1AMSET50-RU,1AMSET50,ตราสารทุน,177862606.99,2026-07-31,211305578.66,2025-07-14,-0.15826828558942685
M0517_2569,ONE-GOLD-X-H,ONE-GOLD,ทรัพย์สินทางเลือก,51418673.48,2026-07-30,,,
M0517_2569,ONE-GOLD-X-UH,ONE-GOLD,ทรัพย์สินทางเลือก,51418673.48,2026-07-30,,,
M0519_2564,main,ONE-METAVERSE,ตราสารทุน,22960248.26,2026-07-30,25465003.52,2025-07-14,-0.09836068775850682
M0525_2569,ONE-SINGEQ-H,ONE-SINGEQ,ตราสารทุน,56175872.12,2026-07-27,,,
M0525_2569,ONE-SINGEQ-UH,ONE-SINGEQ,ตราสารทุน,56175872.12,2026-07-27,,,
M0549_2563,main,ONE-GLOBALTOP8M8,ผสม,378775560.5,2026-07-27,648277763.96,2025-07-14,-0.4157202644337942
M0565_2566,main,ONE-FFI,ตราสารหนี้,434772824.92,2026-07-30,1036204694.35,2025-07-14,-0.5804180126854874
M0568_2554,main,ONEPROP-SG,ทรัพย์สินทางเลือก,69490886.26,2026-07-27,87065430.1,2025-07-15,-0.20185444234082972
M0568_2568,ONE-LS7-UIA,ONE-LS7-UI,อื่น ๆ,375502358.69,2026-06-30,,,
M0568_2568,ONE-LS7-UIR,ONE-LS7-UI,อื่น ๆ,58051822.61,2026-06-30,,,
M0597_2547,ONE-S-NT,ONE-S,ผสม,191668927.56,2026-07-31,43446.6,2025-07-14,4410.597859441245
M0597_2547,ONE-S-RD,ONE-S,ผสม,191668927.56,2026-07-31,43446.6,2025-07-14,4410.597859441245
M0609_2559,ONE-FIXED-A,ONE-FIXED,ตราสารหนี้,12745225735.35,2026-07-31,1261614698.96,2025-07-14,9.10231233502305
M0609_2559,ONE-FIXED-I,ONE-FIXED,ตราสารหนี้,12745225735.35,2026-07-31,1261614698.96,2025-07-14,9.10231233502305
M0609_2559,ONE-FIXED-P,ONE-FIXED,ตราสารหนี้,12745225735.35,2026-07-31,0.0,2025-07-14,
M0609_2560,ONE-INDIAOPP-IA,ONE-INDIAOPP,ตราสารทุน,3882491.91,2026-07-30,0.0,2025-07-15,
M0609_2560,ONE-INDIAOPP-ID,ONE-INDIAOPP,ตราสารทุน,21258347.33,2026-07-30,24886071.56,2025-07-14,-0.14577327808664398
M0609_2560,ONE-INDIAOPP-RA,ONE-INDIAOPP,ตราสารทุน,32945269.26,2026-07-30,43934641.35,2025-07-14,-0.25013000567034327
M0609_2560,ONE-INDIAOPP-RD,ONE-INDIAOPP,ตราสารทุน,3882491.91,2026-07-30,6076519.0,2025-07-14,-0.3610664411647524
M0610_2552,ONE-PROP-AR,ONE-PROP,ทรัพย์สินทางเลือก,925756417.75,2026-07-31,816664475.18,2025-07-15,0.13358232895578714
M0610_2552,ONE-PROP-ID,ONE-PROP,ทรัพย์สินทางเลือก,224612635.31,2026-07-31,816664475.18,2025-07-15,-0.7249633819807169
M0618_2562,ONE-DISC-ASSF,ONE-DISC,ตราสารทุน,60956310.34,2026-07-27,53116236.28,2025-07-14,0.1476022137312476
M0618_2562,ONE-DISC-DSSF,ONE-DISC,ตราสารทุน,60956310.34,2026-07-27,53116236.28,2025-07-14,0.1476022137312476
M0618_2562,ONE-DISC-IA,ONE-DISC,ตราสารทุน,60956310.34,2026-07-27,53116236.28,2025-07-14,0.1476022137312476
M0618_2562,ONE-DISC-ID,ONE-DISC,ตราสารทุน,60956310.34,2026-07-27,53116236.28,2025-07-14,0.1476022137312476
M0618_2562,ONE-DISC-RA,ONE-DISC,ตราสารทุน,806874375.29,2026-07-24,933465072.82,2025-07-14,-0.13561374840471463
M0618_2562,ONE-DISC-RD,ONE-DISC,ตราสารทุน,60956310.34,2026-07-27,53116236.28,2025-07-14,0.1476022137312476
M0622_2563,main,ONE-GLOBALTOP8M9,ผสม,438366702.31,2026-07-27,749512010.05,2025-07-14,-0.41513051634655385
M0626_2551,main,1AM-TG,ตราสารหนี้,697821082.92,2026-07-31,389817815.19,2025-07-15,0.7901210661187379
M0633_2546,main,FLEX-RMF,ผสม,189439286.65,2026-07-31,165299324.79,2025-07-14,0.14603787335893825
M0637_2559,ONE-UGERMF-A,ONE-UGERMF,ตราสารทุน,1677495439.52,2026-07-27,2024117171.07,2025-07-14,-0.17124588265152996
M0637_2559,ONE-UGERMF-P,ONE-UGERMF,ตราสารทุน,22402975.57,2026-07-30,24723335.49,2025-07-15,-0.09385302888999458
M0638_2560,main,ONE-TOP5M,ผสม,28283695.31,2026-07-31,22020174.72,2025-07-14,0.2844446363230311
M0664_2560,ONE-GLOBFIN-IA,ONE-GLOBFIN,ตราสารทุน,0.0,2026-07-30,0.0,2025-07-14,
M0664_2560,ONE-GLOBFIN-ID,ONE-GLOBFIN,ตราสารทุน,0.0,2026-07-30,0.0,2025-07-14,
M0664_2560,ONE-GLOBFIN-RA,ONE-GLOBFIN,ตราสารทุน,221504822.12,2026-07-30,202156859.84,2025-07-15,0.09570767123763813
M0664_2560,ONE-GLOBFIN-RD,ONE-GLOBFIN,ตราสารทุน,20602147.02,2026-07-27,17854544.55,2025-07-14,0.1538881298431103
M0672_2566,ONE-ULTRAPLUS-ASSF,ONE-ULTRAPLUS,ผสม,44718193.31,2026-07-30,11762780.11,2025-07-14,2.801668728975331
M0672_2566,ONE-ULTRAPLUS-RA,ONE-ULTRAPLUS,ผสม,17970203.01,2026-07-30,9512959.42,2025-07-15,0.8890234065562745
M0717_2558,ONE-UGG-ASSF,ONE-UGG,ตราสารทุน,1670887677.96,2026-07-30,1933053316.55,2025-07-14,-0.1356225595773518
M0717_2558,ONE-UGG-DSSF,ONE-UGG,ตราสารทุน,4857177024.64,2026-07-30,7160188005.02,2025-07-14,-0.32164113271402395
M0717_2558,ONE-UGG-IA,ONE-UGG,ตราสารทุน,4857177024.64,2026-07-30,7160188005.02,2025-07-14,-0.32164113271402395
M0717_2558,ONE-UGG-ID,ONE-UGG,ตราสารทุน,4857177024.64,2026-07-30,7160188005.02,2025-07-14,-0.32164113271402395
M0717_2558,ONE-UGG-RA,ONE-UGG,ตราสารทุน,4857177024.64,2026-07-30,7160188005.02,2025-07-14,-0.32164113271402395
M0717_2558,ONE-UGG-RD,ONE-UGG,ตราสารทุน,4857177024.64,2026-07-30,7160188005.02,2025-07-14,-0.32164113271402395
M0746_2550,1AM-DAILY-RA,1AM-DAILY,ตราสารหนี้,1420451359.24,2026-07-31,1740675378.21,2025-07-14,-0.1839653866416483
M0746_2550,1AM-DAILY-SSF,1AM-DAILY,ตราสารหนี้,178741343.84,2026-07-30,156146521.04,2025-07-14,0.1447026975017387
M0768_2546,ONE-EC14-IA,ONE-EC14,ตราสารทุน,16358061.99,2026-07-31,67161837.48,2025-07-14,-0.7564381410072165
M0768_2546,ONE-EC14-ID,ONE-EC14,ตราสารทุน,16358061.99,2026-07-31,67161837.48,2025-07-14,-0.7564381410072165
M0768_2546,ONE-EC14-RA,ONE-EC14,ตราสารทุน,16358061.99,2026-07-31,6661982.9,2025-07-16,1.4554344007697768
M0768_2546,ONE-EC14-RD,ONE-EC14,ตราสารทุน,86163775.67,2026-07-31,67161837.48,2025-07-14,0.28292761042546744
M0768_2555,main,ONEPROP-RMF,ทรัพย์สินทางเลือก,121111163.61,2026-07-31,101033973.21,2025-07-14,0.19871722116945145
M0774_2568,ONE-LS7UH-UIA,ONE-LS7UH-UI,อื่น ๆ,798356042.32,2026-06-30,,,
M0774_2568,ONE-LS7UH-UIR,ONE-LS7UH-UI,อื่น ๆ,38227940.12,2026-06-30,,,
M0818_2566,main,ONE-THAIESG,ตราสารทุน,169901684.29,2026-07-31,98897890.18,2025-07-14,0.717950544554276
M0843_2548,main,ONE-GEM,ตราสารทุน,9573298.96,2026-07-27,6899526.47,2025-07-14,0.38752985463943035
M0852_2567,main,ONE-LIFESETUSD-UI,อื่น ๆ,10014562.17,2026-06-30,,,
M0853_2557,main,ONE-STOXXASEANETF,ตราสารทุน,55282974.68,2026-07-31,,,
M1021_2568,main,ONE-RAREEARTH,ตราสารทุน,1355320861.18,2026-07-30,,,
M1121_2568,ONE-LITIGATE1-DH,ONE-LITIGATE1-UI,อื่น ๆ,189179209.54,2026-06-30,,,
M1121_2568,ONE-LITIGATE1-UH,ONE-LITIGATE1-UI,อื่น ๆ,193998928.09,2026-06-30,,,
M1121_2568,ONE-LITIGATE1-USD,ONE-LITIGATE1-UI,อื่น ๆ,6905829.79,2026-06-30,,,
M0001_2536,main,KPLUS,ตราสารทุน,138925326.99,2026-07-31,107782213.98,2025-07-14,0.2889448254957807
M0002_2560,UGIS-A,UGIS,ตราสารหนี้,941402501.43,2026-07-30,898195013.98,2025-07-14,0.04810479548148772
M0002_2560,UGIS-N,UGIS,ตราสารหนี้,10953898539.81,2026-07-30,11384407672.77,2025-07-14,-0.03781568135421942
M0002_2560,UGIS-SSF,UGIS,ตราสารหนี้,446872736.9,2026-07-30,440058060.27,2025-07-14,0.015485857992963092
M0005_2563,UINC-A,UINC,ตราสารหนี้,4483321.04,2026-07-30,4596848.5,2025-07-14,-0.024696802602913737
M0005_2563,UINC-N,UINC,ตราสารหนี้,142195286.53,2026-07-30,260863682.0,2025-07-14,-0.45490577515500985
M0014_2564,UEV,UEV-M,ตราสารทุน,597519073.59,2026-07-30,675434834.43,2025-07-14,-0.11535644427600944
M0014_2564,UEV-SSF,UEV-M,ตราสารทุน,75223133.43,2026-07-30,60814080.73,2025-07-14,0.23693612609179704
M0021_2554,main,UOBID,ตราสารหนี้,1270078954.03,2026-07-31,1174852490.61,2025-07-14,0.08105397416364779
M0021_2558,main,UOBGARMF,ผสม,166083448.62,2026-07-30,112138289.6,2025-07-14,0.48105922796239997
M0028_2547,main,TEF-DIV,ตราสารทุน,143169070.93,2026-07-31,124088540.87,2025-07-14,0.15376544785057567
M0032_2540,main,TBF,ผสม,335698606.87,2026-07-31,303412013.43,2025-07-14,0.1064117174366559
M0034_2543,main,TFIF,ตราสารหนี้,877641457.38,2026-07-31,828537221.92,2025-07-14,0.05926617919012611
M0035_2542,main,TEF,ตราสารทุน,1817307755.65,2026-07-31,1411439077.43,2025-07-14,0.2875566396808431
M0035_2543,TCMF,TCMF-M,ตราสารหนี้,24370472734.56,2026-07-31,18555154658.44,2025-07-14,0.3134071465944288
M0035_2543,TCMF-I,TCMF-M,ตราสารหนี้,11765584305.2,2026-07-31,1658112348.95,2025-07-14,6.095770267105579
M0035_2543,TCMF-SSF,TCMF-M,ตราสารหนี้,11765584305.2,2026-07-31,18555154658.44,2025-07-14,-0.36591289473039734
M0036_2537,main,KKF,ตราสารทุน,11307564.37,2026-07-31,8252675.66,2025-07-14,0.37016948634086977
M0040_2565,UST-A,UST,ผสม,34282919.33,2026-07-27,3919050.61,2025-07-14,7.747761318142304
M0040_2565,UST-N,UST,ผสม,34282919.33,2026-07-27,96205530.63,2025-07-14,-0.6436491841425438
M0040_2565,UST-SSF,UST,ผสม,4202784.08,2026-07-27,3919050.61,2025-07-14,0.07239852153886828
M0048_2536,main,TDF,ตราสารทุน,46482431.22,2026-07-31,38214134.63,2025-07-14,0.21636749517046416
M0052_2536,main,KPLUS2,ตราสารทุน,64718039.99,2026-07-31,50802663.86,2025-07-14,0.2739103636050946
M0064_2565,main,UBOT,ตราสารทุน,36798209.71,2026-07-30,65830070.42,2025-07-14,-0.4410121472569435
M0078_2546,main,CPRMF2,ผสม,39279904.3,2026-07-31,37922036.38,2025-07-14,0.03580683026600684
M0080_2565,UGREF-UI-A,UGREF-UI,ทรัพย์สินทางเลือก,338120346.53,2026-06-30,468482187.62,2025-07-31,-0.2782642425580125
M0080_2565,UGREF-UI-N,UGREF-UI,ทรัพย์สินทางเลือก,338120346.53,2026-06-30,468482187.62,2025-07-31,-0.2782642425580125
M0083_2545,main,UOBGBRMF,ตราสารหนี้,1550396108.02,2026-07-31,1449335108.42,2025-07-14,0.0697292151503679
M0088_2545,main,UOBSVRMF,ตราสารหนี้,354854472.64,2026-07-31,252542620.33,2025-07-14,0.40512707192278286
M0089_2545,main,UOBEQRMF,ตราสารทุน,1510297329.24,2026-07-31,1299173742.04,2025-07-14,0.16250604547201486
M0095_2562,main,UDAILY,ตราสารหนี้,151857161.27,2026-07-31,126831715.48,2025-07-14,0.19731220771784197
M0096_2569,main,UGUSD6M13,ตราสารหนี้,7726827.78,2026-07-31,,,
M0102_2561,main,UVO,ตราสารทุน,84171873.73,2026-07-30,86153642.41,2025-07-14,-0.023002726577349697
M0108_2564,main,USI,ตราสารหนี้,248545224.85,2026-07-30,317065153.66,2025-07-14,-0.21610677811500012
M0116_2549,UOBSD,UOBSD-M,ตราสารหนี้,12650482470.35,2026-07-31,11961035111.77,2025-07-14,0.057641111503933695
M0116_2549,UOBSD-SSF,UOBSD-M,ตราสารหนี้,314517470.49,2026-07-31,276014767.06,2025-07-14,0.13949508513662345
M0116_2569,main,UGFT-USD,ตราสารทุน,13616105.87,2026-07-30,,,
M0120_2550,main,EHD,ตราสารทุน,129728510.59,2026-07-30,134627116.08,2025-07-14,-0.03638646977395765
M0127_2559,main,UIDPLUS,ตราสารหนี้,7770261912.13,2026-07-31,2476421930.23,2025-07-14,2.137697101320828
M0142_2566,UQI-A,UQI,ตราสารหนี้,2591450.52,2026-07-30,2653539.58,2025-07-14,-0.023398580698766103
M0142_2566,UQI-N,UQI,ตราสารหนี้,311035484.49,2026-07-30,112329630.56,2025-07-14,1.7689531510019774
M0142_2566,UQI-SSF,UQI,ตราสารหนี้,2591450.52,2026-07-30,2653539.58,2025-07-14,-0.023398580698766103
M0143_2568,main,USDAILY,ตราสารหนี้,114661276.13,2026-07-30,44649241.27,2025-07-14,1.568045343405227
M0143_2569,main,USDREADY,ตราสารหนี้,27346871.81,2026-07-30,,,
M0144_2569,main,UIFT-USD,ผสม,5175514.26,2026-07-30,,,
M0147_2549,main,ASIA-E,ตราสารทุน,16491883.3,2026-07-30,12248863.07,2025-07-14,0.34640114806998157
M0154_2564,main,USUSRMF,ตราสารทุน,148080749.53,2026-07-30,168400450.35,2025-07-14,-0.12066298384456786
M0165_2562,main,UJSMRMF,ตราสารทุน,79372656.58,2026-07-30,38962282.9,2025-07-14,1.0371664767107371
M0165_2563,UOBEQ-SSF,UOBEQ-MSSF,ตราสารทุน,393933291.52,2026-07-31,298105486.69,2025-07-14,0.32145602516082294
M0165_2563,UOBEQ-SSFX,UOBEQ-MSSF,ตราสารทุน,663010939.5,2026-07-31,483418491.92,2025-07-14,0.3715051256452977
M0167_2561,UGEAR,UGEAR-M,ตราสารทุน,359688482.46,2026-07-30,203792982.3,2025-07-14,0.7649699140793229
M0167_2561,UGEAR-NA,UGEAR-M,ตราสารทุน,359688482.46,2026-07-30,203792982.3,2025-07-14,0.7649699140793229
M0167_2561,UGEAR-NN,UGEAR-M,ตราสารทุน,118950870.41,2026-07-30,203792982.3,2025-07-14,-0.4163151789255699
M0169_2564,main,UNIRMF,ตราสารทุน,77617986.77,2026-07-30,70065923.35,2025-07-14,0.1077851123473419
M0178_2545,main,GBRMF,ตราสารหนี้,693552718.74,2026-07-31,617841403.56,2025-07-14,0.12254166642726072
M0180_2545,main,CPRMF1,ผสม,33406145.08,2026-07-31,32313550.14,2025-07-14,0.033812284173861284
M0181_2545,main,ERMF,ตราสารทุน,1271328134.91,2026-07-31,1051661836.49,2025-07-14,0.20887541108570873
M0182_2566,main,UPREQ1-UI,ทรัพย์สินทางเลือก,,,,,
M0194_2555,main,MIX-D1585,ผสม,30432282.13,2026-07-31,34285461.28,2025-07-14,-0.11238522120300909
M0212_2558,main,UAI,ผสม,17265641.07,2026-07-30,17220407.33,2025-07-14,0.0026267520351390683
M0220_2542,main,UOBSMG,ผสม,436937211.83,2026-07-31,418460909.07,2025-07-14,0.04415299579848986
M0222_2555,main,TCMFENJOY,ตราสารหนี้,399208591.0,2026-07-31,469592043.93,2025-07-14,-0.14988212394094935
M0227_2560,UEMIF-A,UEMIF,ผสม,48977283.7,2026-07-30,28417388.28,2025-07-14,0.7234970088532007
M0227_2560,UEMIF-N,UEMIF,ผสม,316913040.71,2026-07-30,356948382.08,2025-07-14,-0.11216003035707056
M0228_2551,main,UOBSAS100D,ตราสารทุน,173384064.19,2026-07-31,139444365.39,2025-07-14,0.24339240029582387
M0232_2553,UOBSG-D,UOBSG,ทรัพย์สินทางเลือก,67525469.12,2026-07-30,21164220.85,2025-07-14,2.1905483125782066
M0232_2553,UOBSG-N,UOBSG,ทรัพย์สินทางเลือก,1526491454.0,2026-07-30,273037503.58,2025-07-14,4.590775750528858
M0232_2563,UGSTAR,UGSTAR-M,ตราสารทุน,1646412988.24,2026-07-30,855841305.92,2025-07-14,0.9237363011711179
M0232_2563,UGSTAR-D,UGSTAR-M,ตราสารทุน,11141604.4,2026-07-30,4827041.78,2025-07-14,1.3081640697959735
M0232_2563,UGSTAR-SSF,UGSTAR-M,ตราสารทุน,36584323.56,2026-07-30,28571548.48,2025-07-14,0.2804459508244337
M0232_2563,UGSTAR-SSF-D,UGSTAR-M,ตราสารทุน,14844635.82,2026-07-30,13554253.71,2025-07-14,0.09520126578772725
M0233_2550,UOBSA,UOBSA-M,ตราสารทุน,2382025435.39,2026-07-30,1556288292.63,2025-07-14,0.5305810926358454
M0233_2550,UOBSA-D,UOBSA-M,ตราสารทุน,2382025435.39,2026-07-30,2213398.96,2025-07-14,1075.1844016543678
M0233_2550,UOBSA-SSF,UOBSA-M,ตราสารทุน,7715227.04,2026-07-30,2213398.96,2025-07-14,2.485691996530079
M0233_2550,UOBSA-SSF-D,UOBSA-M,ตราสารทุน,2382025435.39,2026-07-30,2213398.96,2025-07-14,1075.1844016543678
M0238_2557,UOBSHY,UOBSHY-M,ตราสารหนี้,301666835.94,2026-07-30,612823366.08,2025-07-14,-0.5077426014780588
M0238_2557,UOBSHY-A,UOBSHY-M,ตราสารหนี้,4224267.56,2026-07-30,18464781.74,2025-07-14,-0.7712256976832265
M0239_2557,USHY,USHY-M,ตราสารหนี้,16330105.66,2026-07-30,19311391.24,2025-07-14,-0.15437963753873996
M0239_2557,USHY-A,USHY-M,ตราสารหนี้,23950550.38,2026-07-30,31908803.38,2025-07-14,-0.24940618754096322
M0242_2550,UMIX-DIV-D,UMIX-DIV-M,ผสม,237934899.68,2026-07-31,1572843279.28,2025-07-14,-0.8487230718950464
M0242_2550,UMIX-DIV-LD,UMIX-DIV-M,ผสม,237934899.68,2026-07-31,1572843279.28,2025-07-14,-0.8487230718950464
M0243_2558,main,UOBSAI,ผสม,70325494.16,2026-07-30,83871353.09,2025-07-14,-0.16150757595939014
M0245_2550,UVALUE-DIV-D,UVALUE-DIV-M,ตราสารทุน,1727305229.12,2026-07-31,1572843279.28,2025-07-14,0.09820555669774556
M0245_2550,UVALUE-DIV-LD,UVALUE-DIV-M,ตราสารทุน,1727305229.12,2026-07-31,1572843279.28,2025-07-14,0.09820555669774556
M0273_2559,main,UGMAC,ผสม,32206032.66,2026-07-30,35263138.1,2025-07-14,-0.0866940835308132
M0276_2561,UGQG,UGQG-M,ตราสารทุน,987728490.94,2026-07-30,1891332139.38,2025-07-14,-0.4777604259060555
M0276_2561,UGQG-SSF,UGQG-M,ตราสารทุน,437858629.06,2026-07-30,491695486.62,2025-07-14,-0.10949227524963445
M0276_2569,main,UGOV6M45,ตราสารหนี้,49613771.14,2026-07-31,,,
M0278_2569,main,UGOV6M46,ตราสารหนี้,26328175.41,2026-07-31,,,
M0279_2569,main,UGUSD3M14,ตราสารหนี้,53627697.87,2026-07-31,,,
M0280_2562,main,UCHINARMF,ตราสารทุน,666740812.33,2026-07-30,759500842.17,2025-07-14,-0.12213288608735651
M0282_2569,main,UGUSD3M15,ตราสารหนี้,101124394.49,2026-07-31,,,
M0283_2566,UIFT-A,UIFT,ผสม,4185807762.56,2026-07-30,15409826.51,2025-07-14,270.6323743063347
M0283_2566,UIFT-N,UIFT,ผสม,4185807762.56,2026-07-30,1652673874.23,2025-07-14,1.5327487944408973
M0283_2566,UIFT-SSF,UIFT,ผสม,22632008.45,2026-07-30,15409826.51,2025-07-14,0.468673799494969
M0287_2559,UPINCM,UPINCM-M,ผสม,43311598.99,2026-07-27,52527376.88,2025-07-14,-0.17544713704348225
M0287_2559,UPINCM-N,UPINCM-M,ผสม,17622982.51,2026-07-27,44182471.87,2025-07-14,-0.601131811686479
M0289_2569,main,U-WXUSFX,ตราสารทุน,211495144.14,2026-07-30,,,
M0291_2569,main,UGUSD3M16,ตราสารหนี้,50268254.59,2026-07-31,,,
M0296_2552,main,GC,ตราสารทุน,90702496.75,2026-07-30,120855731.73,2025-07-14,-0.2494977652145154
M0297_2569,main,UGUSD6M14,ตราสารหนี้,10176578.0,2026-07-31,,,
M0298_2569,main,UGUSD6M15,ตราสารหนี้,4451721.9,2026-07-31,,,
M0299_2569,main,UGUSD6M16,ตราสารหนี้,4777929.57,2026-07-31,,,
M0300_2548,main,UOBSAS100,ตราสารทุน,188364691.21,2026-07-31,138354685.55,2025-07-14,0.36146232027629366
M0336_2551,main,UOBSC,ทรัพย์สินทางเลือก,104061216.43,2026-07-27,24469888.46,2025-07-14,3.2526232434653277
M0337_2567,UGISFX-A,UGISFX,ตราสารหนี้,10654862.33,2026-07-30,2878438713.05,2025-07-14,-0.9962983883305578
M0337_2567,UGISFX-N,UGISFX,ตราสารหนี้,2687075255.1,2026-07-30,2878438713.05,2025-07-14,-0.06648168574248747
M0337_2567,UGISFX-SSF,UGISFX,ตราสารหนี้,10654862.33,2026-07-30,9483592.4,2025-07-14,0.12350487880520888
M0345_2561,UNI,UNI-M,ตราสารทุน,972687643.89,2026-07-30,1331320648.09,2025-07-14,-0.269381388108506
M0345_2561,UNI-SSF,UNI-M,ตราสารทุน,75545855.61,2026-07-30,73031046.11,2025-07-14,0.034434800457495474
M0353_2564,main,UHERO,ตราสารทุน,226914662.57,2026-07-30,237591804.27,2025-07-14,-0.044939015185332276
M0357_2569,main,UWEQP,ตราสารทุน,91749472.19,2026-07-30,,,
M0365_2568,main,UIFTRMF,ผสม,112248018.25,2026-07-30,0.0,2025-08-13,
M0368_2559,UFIN-A,UFIN,ผสม,141800537.31,2026-07-27,152260776.36,2025-07-14,-0.06869949897843808
M0368_2559,UFIN-N,UFIN,ผสม,723834841.04,2026-07-27,905414442.5,2025-07-14,-0.20054860286812803
M0375_2564,UGFT,UGFT-M,ตราสารทุน,6909913554.89,2026-07-30,2360980975.61,2025-07-14,1.9267129325786732
M0375_2564,UGFT-SSF,UGFT-M,ตราสารทุน,49939156.72,2026-07-30,23262455.93,2025-07-14,1.1467706105612385
M0380_2568,main,UGFTRMF,ตราสารทุน,272165890.6,2026-07-30,0.0,2025-08-13,
M0382_2549,main,CPRMF5,ผสม,46598571.59,2026-07-31,45584162.84,2025-07-14,0.022253534710302114
M0395_2558,main,UTSME,ตราสารทุน,41558102.46,2026-07-31,44442455.8,2025-07-14,-0.06490085410626645
M0398_2561,main,UGQGRMF,ตราสารทุน,954449834.67,2026-07-30,1211396377.57,2025-07-14,-0.21210773588032494
M0423_2550,main,UOBSGC,ตราสารทุน,1082640095.95,2026-07-30,540316685.43,2025-07-14,1.003713979494087
M0445_2569,main,UGOV6M47,ตราสารหนี้,238958651.03,2026-07-31,,,
M0446_2569,main,UGOV6M48,ตราสารหนี้,181437899.99,2026-07-31,,,
M0447_2569,main,UGOV6M49,ตราสารหนี้,157202006.45,2026-07-31,,,
M0454_2568,UEQ-TESGX-D,UEQ-TESGX,ตราสารทุน,90565.67,2026-07-31,22400515.78,2025-07-14,-0.9959569828262231
M0454_2568,UEQ-TESGX-D68,UEQ-TESGX,ตราสารทุน,29659165.96,2026-07-31,22400515.78,2025-07-14,0.3240394217387077
M0454_2568,UEQ-TESGX-D68L,UEQ-TESGX,ตราสารทุน,391039104.81,2026-07-31,300578773.24,2025-07-15,0.30095382516506275
M0454_2568,UEQ-TESGX-N,UEQ-TESGX,ตราสารทุน,163686.65,2026-07-31,22400515.78,2025-07-14,-0.9926927285243072
M0454_2568,UEQ-TESGX-N68,UEQ-TESGX,ตราสารทุน,48059920.62,2026-07-31,36381770.11,2025-07-14,0.32098906883010914
M0454_2568,UEQ-TESGX-N68L,UEQ-TESGX,ตราสารทุน,393751580.68,2026-07-30,300139772.35,2025-07-14,0.31189404722023006
M0457_2563,UCI,UCI-M,ตราสารทุน,2906144769.42,2026-07-30,1572613633.62,2025-07-15,0.8479712418175749
M0457_2563,UCI-SSF,UCI-M,ตราสารทุน,23309690.56,2026-07-30,11069477.5,2025-07-14,1.1057624951132516
M0460_2559,main,UGBFRMF,ผสม,136255170.19,2026-07-30,132198540.96,2025-07-14,0.03068588503731995
M0461_2568,UMIX-TESGX-D,UMIX-TESGX,ผสม,1888114.62,2026-07-30,710253154.65,2025-07-14,-0.9973416314906332
M0461_2568,UMIX-TESGX-D68,UMIX-TESGX,ผสม,93675821.35,2026-07-31,76712969.58,2025-07-14,0.2211210420202847
M0461_2568,UMIX-TESGX-D68L,UMIX-TESGX,ผสม,866949774.73,2026-07-31,711072721.84,2025-07-14,0.21921393987192528
M0461_2568,UMIX-TESGX-N,UMIX-TESGX,ผสม,1069053.19,2026-07-31,710253154.65,2025-07-14,-0.998494827959579
M0461_2568,UMIX-TESGX-N68,UMIX-TESGX,ผสม,125727438.3,2026-07-31,102547813.65,2025-07-14,0.22603723887388782
M0461_2568,UMIX-TESGX-N68L,UMIX-TESGX,ผสม,864073463.93,2026-07-30,710253154.65,2025-07-14,0.21657110323684492
M0465_2563,USUS,USUS-M,ตราสารทุน,802634846.89,2026-07-27,1531793708.62,2025-07-14,-0.47601635757265415
M0465_2563,USUS-SSF,USUS-M,ตราสารทุน,71331726.22,2026-07-30,75443013.27,2025-07-14,-0.054495265655499114
M0466_2550,main,BIC,ตราสารทุน,38426037.21,2026-07-27,76707409.49,2025-07-14,-0.4990570341837781
M0473_2562,UFFF,UFFF-M,ตราสารหนี้,146606435.85,2026-07-30,168802302.47,2025-07-14,-0.13149030727199185
M0473_2562,UFFF-I,UFFF-M,ตราสารหนี้,83712743.78,2026-07-30,62221965.59,2025-07-14,0.3453889311631435
M0475_2558,main,UHCRMF,ตราสารทุน,568183250.71,2026-07-27,530419090.36,2025-07-14,0.07119683479787486
M0492_2547,UTCG-LN,UTCG-M,ตราสารทุน,3346097089.53,2026-07-31,3610998279.55,2025-07-14,-0.07335954478854301
M0492_2547,UTCG-N,UTCG-M,ตราสารทุน,3346097089.53,2026-07-31,3610998279.55,2025-07-14,-0.07335954478854301
M0494_2560,main,UTHAICG,ตราสารทุน,207783827.06,2026-07-31,246080782.42,2025-07-14,-0.15562757474753308
M0497_2568,UPINFRA-UI-A,UPINFRA-UI,อื่น ๆ,,,0.0,2025-07-14,
M0497_2568,UPINFRA-UI-N,UPINFRA-UI,อื่น ๆ,,,0.0,2025-07-14,
M0502_2564,UINFRA-A,UINFRA,ตราสารทุน,861849726.47,2026-07-30,489695593.02,2025-07-14,0.7599703545520791
M0502_2564,UINFRA-N,UINFRA,ตราสารทุน,861849726.47,2026-07-30,489695593.02,2025-07-14,0.7599703545520791
M0502_2564,UINFRA-SSF,UINFRA,ตราสารทุน,6523030.04,2026-07-24,5103843.21,2025-07-14,0.2780623878138295
M0510_2560,main,UGISRMF,ตราสารหนี้,1290231589.47,2026-07-27,1067244990.48,2025-07-15,0.20893665557494012
M0523_2562,UJAZZ,UJAZZ-M,ผสม,234492244.31,2026-07-27,167074220.46,2025-07-14,0.40352140302902595
M0523_2562,UJAZZ-SSF,UJAZZ-M,ผสม,8799352.11,2026-07-27,8115681.14,2025-07-14,0.08424073817173161
M0524_2562,UPOP,UPOP-M,ผสม,236399530.85,2026-07-27,313850763.7,2025-07-14,-0.24677726425427204
M0524_2562,UPOP-SSF,UPOP-M,ผสม,15124735.4,2026-07-24,14102115.86,2025-07-15,0.07251532678869932
M0525_2562,UROCK,UROCK-M,ผสม,813145342.7,2026-07-27,1029215017.07,2025-07-14,-0.20993637946044896
M0525_2562,UROCK-SSF,UROCK-M,ผสม,122519122.73,2026-07-27,114016120.38,2025-07-14,0.07457719418675768
M0533_2561,UCHINA,UCHINA-M,ตราสารทุน,3385460161.89,2026-07-30,4850666831.8,2025-07-14,-0.3020629370593748
M0533_2561,UCHINA-SSF,UCHINA-M,ตราสารทุน,210473176.78,2026-07-30,226783255.88,2025-07-14,-0.07191923864357208
M0551_2569,main,UGUSD6M17,ตราสารหนี้,19691787.54,2026-07-31,,,
M0570_2569,main,UGUSD6M18,ตราสารหนี้,1149762.19,2026-07-31,,,
M0571_2569,main,UGUSD6M19,ตราสารหนี้,13219454.8,2026-07-31,,,
M0572_2569,main,UGUSD6M20,ตราสารหนี้,3255999.94,2026-07-31,,,
M0573_2553,UOBSCI-D,UOBSCI,ตราสารทุน,28657884.38,2026-07-30,25194510.81,2025-07-14,0.13746540252828998
M0573_2553,UOBSCI-N,UOBSCI,ตราสารทุน,102674968.44,2026-07-30,107427731.02,2025-07-14,-0.044241487136269964
M0582_2559,UTHAISME-LN,UTHAISME-M,ตราสารทุน,72406340.11,2026-07-30,1596170368.02,2025-07-15,-0.9546374612881595
M0582_2559,UTHAISME-N,UTHAISME-M,ตราสารทุน,72406340.11,2026-07-30,1596170368.02,2025-07-15,-0.9546374612881595
M0598_2558,main,UES,ตราสารทุน,186859271.81,2026-07-30,251650555.34,2025-07-14,-0.2574652912744889
M0607_2559,main,CG-RMF,ตราสารทุน,1449847822.52,2026-07-30,1204185132.76,2025-07-14,0.20400740972190845
M0611_2560,UDB-A,UDB,ตราสารหนี้,28261781.48,2026-07-27,34277238.99,2025-07-14,-0.1754942255341786
M0611_2560,UDB-N,UDB,ตราสารหนี้,67388531.6,2026-07-30,179706507.53,2025-07-14,-0.6250078390246929
M0611_2560,UDB-SSF,UDB,ตราสารหนี้,3488098.59,2026-07-30,3545530.02,2025-07-14,-0.016198263637886234
M0612_2568,main,UFGUSD6M2,ตราสารหนี้,16254296.43,2026-07-31,,,
M0613_2568,main,UFGUSD6M3,ตราสารหนี้,2223753.18,2026-07-31,,,
M0614_2547,UTACTIVE-D,UTACTIVE-M,ตราสารทุน,31289.55,2026-07-30,1887407988.7,2025-07-14,-0.9999834219468248
M0614_2547,UTACTIVE-LD,UTACTIVE-M,ตราสารทุน,16872473.52,2026-07-31,1887407988.7,2025-07-14,-0.9910605054015792
M0614_2547,UTACTIVE-LN,UTACTIVE-M,ตราสารทุน,1852403652.31,2026-07-31,1887407988.7,2025-07-14,-0.01854624786986847
M0614_2547,UTACTIVE-N,UTACTIVE-M,ตราสารทุน,1852403652.31,2026-07-31,1887407988.7,2025-07-14,-0.01854624786986847
M0615_2555,main,VFOCUS-D,ตราสารทุน,632606780.85,2026-07-31,609713313.24,2025-07-14,0.0375479214786123
M0628_2563,main,UCHI,ตราสารทุน,957013078.95,2026-07-30,567320825.15,2025-07-14,0.6868992579233544
M0630_2558,main,UGD,ตราสารทุน,1071292871.57,2026-07-30,1455398230.98,2025-07-14,-0.2639177039203632
M0644_2553,main,UOBSDF,ตราสารทุน,231571371.1,2026-07-31,168959463.06,2025-07-14,0.3705735500459395
M0644_2557,UGH,UGH-M,ตราสารทุน,178469036.93,2026-07-27,177954098.66,2025-07-14,0.0028936578245599698
M0644_2557,UGH-SSF,UGH-M,ตราสารทุน,38734461.53,2026-07-27,33594696.26,2025-07-14,0.15299335437420636
M0654_2557,UOBSHC,UOBSHC-M,ตราสารทุน,1405570970.37,2026-07-30,1729144795.08,2025-07-14,-0.1871293980878158
M0654_2557,UOBSHC-SSF,UOBSHC-M,ตราสารทุน,147992814.58,2026-07-30,130923874.26,2025-07-14,0.13037301574274385
M0666_2562,BPLUS,BPLUS-M,ผสม,211092977.71,2026-07-30,448610674.05,2025-07-14,-0.529451727476122
M0666_2562,BPLUS-R,BPLUS-M,ผสม,7816373.14,2026-07-27,8370114.42,2025-07-14,-0.0661569546381422
M0670_2567,UUSA,UUSA-M,ตราสารทุน,600529275.6,2026-07-27,1405042143.53,2025-07-14,-0.572589848379037
M0670_2567,UUSA-D,UUSA-M,ตราสารทุน,600529275.6,2026-07-27,1405042143.53,2025-07-14,-0.572589848379037
M0670_2567,UUSA-SSF,UUSA-M,ตราสารทุน,7980975.74,2026-07-27,6567301.3,2025-07-14,0.21525956788369083
M0670_2567,UUSA-SSF-D,UUSA-M,ตราสารทุน,600529275.6,2026-07-27,1405042143.53,2025-07-14,-0.572589848379037
M0683_2568,main,UGIS-USD,ตราสารหนี้,19292148.22,2026-07-30,0.0,2025-07-31,
M0688_2558,main,UGSE,ตราสารทุน,24191947.31,2026-07-23,67261918.97,2025-07-14,-0.6403321867639543
M0704_2547,main,CPRMF3,ผสม,46156051.73,2026-07-30,45099369.22,2025-07-15,0.023430095104997495
M0706_2559,USDHY-A,USDHY,ตราสารหนี้,2751980.77,2026-07-30,2930837.92,2025-07-14,-0.06102594373420689
M0706_2559,USDHY-N,USDHY,ตราสารหนี้,31629890.53,2026-07-30,118046145.51,2025-07-14,-0.7320548638555882
M0728_2568,main,UFGOV1Y2,ตราสารหนี้,1562342621.94,2026-07-31,,,
M0741_2558,UGBF-A,UGBF,ผสม,194761215.43,2026-07-30,241950792.12,2025-07-14,-0.1950379094712591
M0741_2558,UGBF-N,UGBF,ผสม,1019955191.23,2026-07-27,1691665296.36,2025-07-14,-0.39707033452500085
M0741_2558,UGBF-SSF,UGBF,ผสม,22971653.35,2026-07-27,21641025.94,2025-07-14,0.061486336816432896
M0745_2568,main,UUSTECH,ตราสารทุน,958849606.2,2026-07-27,,,
M0766_2547,main,SVRMF,ตราสารหนี้,494328893.99,2026-07-31,447662455.1,2025-07-14,0.10424470124387697
M0779_2567,UTSB-D,UTSB,ตราสารหนี้,1227745927.05,2026-07-31,612801443.54,2025-07-14,1.0034971196504046
M0779_2567,UTSB-N,UTSB,ตราสารหนี้,1227745927.05,2026-07-31,612801443.54,2025-07-14,1.0034971196504046
M0779_2567,UTSB-THAIESG,UTSB,ตราสารหนี้,1227745927.05,2026-07-31,612801443.54,2025-07-14,1.0034971196504046
M0779_2567,UTSB-THAIESG-D,UTSB,ตราสารหนี้,1227745927.05,2026-07-31,612801443.54,2025-07-14,1.0034971196504046
M0787_2567,UPD-UI-A,UPD-UI,อื่น ๆ,252619369.6,2026-07-27,224175031.04,2025-07-31,0.12688450818113028
M0787_2567,UPD-UI-N,UPD-UI,อื่น ๆ,430763565.34,2026-06-30,227920776.55,2025-07-18,0.8899705935562281
M0793_2568,main,UGTECH-USD,ตราสารทุน,17261528.28,2026-07-30,,,
M0800_2568,main,UUSTECH-USD,ตราสารทุน,2833908.28,2026-07-30,,,
M0805_2568,main,UGFO-USD,ตราสารทุน,3283160.85,2026-07-30,,,
M0815_2554,main,UOBGRMF-H,ทรัพย์สินทางเลือก,375621552.68,2026-07-31,183259498.26,2025-07-14,1.0496703103873273
M0852_2548,main,CPRMF4,ผสม,41331097.37,2026-07-31,64432737.74,2025-07-14,-0.35853886052801465
M0853_2566,UTSEQ-D,UTSEQ,ตราสารทุน,766118896.74,2026-07-31,475800829.61,2025-07-14,0.6101672150676265
M0853_2566,UTSEQ-N,UTSEQ,ตราสารทุน,766118896.74,2026-07-31,475800829.61,2025-07-14,0.6101672150676265
M0853_2566,UTSEQ-THAIESG,UTSEQ,ตราสารทุน,766118896.74,2026-07-31,475800829.61,2025-07-14,0.6101672150676265
M0853_2566,UTSEQ-THAIESG-D,UTSEQ,ตราสารทุน,766118896.74,2026-07-31,475800829.61,2025-07-14,0.6101672150676265
M0860_2548,UBIG CAP-DIV-D,UBIG CAP-DIV-M,ตราสารทุน,339318172.5,2026-07-31,311002404.74,2025-07-14,0.09104678075937112
M0860_2548,UBIG CAP-DIV-LD,UBIG CAP-DIV-M,ตราสารทุน,339318172.5,2026-07-31,311002404.74,2025-07-14,0.09104678075937112
M0862_2554,main,UOBSG - H,ทรัพย์สินทางเลือก,905524503.82,2026-07-30,674173945.93,2025-07-14,0.34316152275932277
M0920_2568,main,UGUSD6M11,ตราสารหนี้,6095012.88,2026-07-31,,,
M0921_2568,main,UGUSD6M12,ตราสารหนี้,5560449.06,2026-07-31,,,
M0930_2556,main,UOBSJSM,ตราสารทุน,1165000138.43,2026-07-30,974946394.27,2025-07-15,0.19493763480432635
M0983_2556,main,JSM,ตราสารทุน,285935492.24,2026-07-30,227383976.8,2025-07-15,0.2575006219171727
M1058_2568,main,UGDIVP-USD,ตราสารทุน,11930755.45,2026-07-30,,,
M1086_2568,main,UGOV6M41,ตราสารหนี้,108115034.45,2026-07-30,,,
M1088_2568,main,UGOV6M42,ตราสารหนี้,277892083.15,2026-07-31,,,
M1089_2568,main,UGOV6M43,ตราสารหนี้,893191553.58,2026-07-31,,,
M1090_2568,main,UGOV6M44,ตราสารหนี้,609756053.31,2026-07-31,,,
M1115_2568,main,UGDIVP,ตราสารทุน,464656010.61,2026-07-24,,,
M1199_2557,UOBSGA,UOBSGA-M,ผสม,153262748.99,2026-07-30,167444059.57,2025-07-16,-0.08469282586923599
M1199_2557,UOBSGA-N,UOBSGA-M,ผสม,823814899.18,2026-07-30,111148967.64,2025-07-14,6.411808824426072
M0001_2569,main,KFTGB6M56,ตราสารหนี้,2069890704.63,2026-07-31,,,
M0009_2553,main,KF-HSHARE-INDX,ตราสารทุน,1769716295.2,2026-07-31,1309614413.4,2025-07-14,0.35132622021583493
M0012_2566,KFNDQ-A,KFNDQ,ตราสารทุน,877734340.87,2026-07-30,492713332.41,2025-07-14,0.7814300590908583
M0012_2566,KFNDQ-D,KFNDQ,ตราสารทุน,232369.72,2026-07-30,492713332.41,2025-07-14,-0.9995283875943373
M0012_2566,KFNDQ-I,KFNDQ,ตราสารทุน,232369.72,2026-07-30,136346.31,2025-07-14,0.7042611567559107
M0023_2540,main,KFSEQ-D,ตราสารทุน,789505079.73,2026-07-31,769100413.48,2025-07-14,0.02653056205973625
M0024_2540,KFSPLUS-A,KFSPLUS,ตราสารหนี้,60875284312.93,2026-07-31,55927050786.21,2025-07-14,0.08847656826453099
M0024_2540,KFSPLUS-I,KFSPLUS,ตราสารหนี้,26990.36,2026-07-31,255327.29,2025-07-14,-0.894291127282164
M0028_2553,main,KF-LATAM,ตราสารทุน,208939925.41,2026-07-30,39279610.55,2025-07-14,4.319297276230251
M0035_2560,KFTSTAR-A,KFTSTAR,ตราสารทุน,609807646.64,2026-07-31,438002657.8,2025-07-14,0.39224645280223225
M0035_2560,KFTSTAR-D,KFTSTAR,ตราสารทุน,556493799.74,2026-07-31,517290730.16,2025-07-14,0.07578537038132183
M0037_2552,main,KF-GOLD,ทรัพย์สินทางเลือก,3453281003.74,2026-07-31,1556605798.23,2025-07-14,1.2184685471856067
M0044_2569,main,KFSGB6M27,ตราสารหนี้,1917470021.75,2026-07-31,,,
M0050_2567,KFGLOBAL-A,KFGLOBAL,ตราสารทุน,140006206.12,2026-07-30,583842353.9,2025-07-14,-0.7601986132304814
M0050_2567,KFGLOBAL-D,KFGLOBAL,ตราสารทุน,140006206.12,2026-07-30,7375966.96,2025-07-14,17.981403642296144
M0050_2567,KFGLOBAL-I,KFGLOBAL,ตราสารทุน,249356.41,2026-07-30,7375966.96,2025-07-14,-0.9661933938489334
M0057_2561,KFHASIA-A,KFHASIA,ตราสารทุน,828920096.61,2026-07-30,551943995.68,2025-07-14,0.501819211908924
M0057_2561,KFHASIA-D,KFHASIA,ตราสารทุน,828920096.61,2026-07-30,119113.55,2025-07-14,6958.074736753291
M0057_2561,KFHASIA-I,KFHASIA,ตราสารทุน,412473.53,2026-07-30,119113.55,2025-07-14,2.462859850957343
M0058_2547,main,KFDNM-D,ตราสารทุน,345214555.72,2026-07-31,316104609.65,2025-07-14,0.09208959686551688
M0060_2564,KFCLIMA-A,KFCLIMA,ตราสารทุน,145905213.87,2026-07-30,264744066.71,2025-07-14,-0.4488820252586654
M0060_2564,KFCLIMA-D,KFCLIMA,ตราสารทุน,145905213.87,2026-07-30,264744066.71,2025-07-14,-0.4488820252586654
M0060_2564,KFCLIMA-I,KFCLIMA,ตราสารทุน,129913.63,2026-07-30,117895.3,2025-07-14,0.10194070501538222
M0067_2544,main,KFFLEX-D,ผสม,759485978.36,2026-07-31,743462948.39,2025-07-14,0.02155188769621752
M0071_2560,KFUSINDX-A,KFUSINDX,ตราสารทุน,2331421359.77,2026-07-30,1523630374.75,2025-07-14,0.5301751647951649
M0071_2560,KFUSINDX-I,KFUSINDX,ตราสารทุน,44022397.01,2026-07-30,22096777.18,2025-07-14,0.992254193966579
M0072_2547,KFVALUE-A,KFVALUE,ตราสารทุน,525996154.27,2026-07-31,533185101.23,2025-07-14,-0.013483022956597868
M0072_2547,KFVALUE-I,KFVALUE,ตราสารทุน,51535.39,2026-07-31,111256.42,2025-07-14,-0.5367872703435901
M0073_2541,main,KFMTFI-D,ตราสารหนี้,708835516.67,2026-07-31,589080089.35,2025-07-14,0.20329226786826204
M0074_2563,KFGDIV-A,KFGDIV,ตราสารทุน,1900701585.59,2026-07-30,1338604047.17,2025-07-14,0.41991322199298153
M0074_2563,KFGDIV-D,KFGDIV,ตราสารทุน,1394087310.28,2026-07-30,712452679.07,2025-07-14,0.9567437266146175
M0074_2563,KFGDIV-I,KFGDIV,ตราสารทุน,75395047.35,2026-07-30,21836835.71,2025-07-14,2.4526544207810037
M0075_2559,KFGPROP-A,KFGPROP,ผสม,549896450.91,2026-07-30,556104648.23,2025-07-14,-0.011163721324322418
M0075_2559,KFGPROP-D,KFGPROP,ผสม,180256264.99,2026-07-30,276596885.21,2025-07-14,-0.34830695995313
M0075_2559,KFGPROP-I,KFGPROP,ผสม,45690625.62,2026-07-30,19685945.45,2025-07-14,1.3209769495729247
M0075_2564,KFINNO-A,KFINNO,ตราสารทุน,656793904.7,2026-07-30,279012752.52,2025-07-14,1.353992420661562
M0075_2564,KFINNO-D,KFINNO,ตราสารทุน,16423.49,2026-07-30,279012752.52,2025-07-14,-0.9999411371349457
M0075_2564,KFINNO-I,KFINNO,ตราสารทุน,16423.49,2026-07-30,17190.42,2025-07-14,-0.044613802338744346
M0076_2541,main,KFSMUL,ผสม,1211661894.18,2026-07-31,1416461043.81,2025-07-14,-0.14458509150320908
M0076_2561,main,KFINDIARMF,ตราสารทุน,472174383.91,2026-07-30,587243830.64,2025-07-14,-0.1959483279791855
M0077_2561,main,KFAFIXRMF,ตราสารหนี้,3964770355.2,2026-07-31,3460008539.24,2025-07-14,0.1458845578661121
M0081_2550,main,KFSDIV,ตราสารทุน,7348528931.06,2026-07-31,6590417393.32,2025-07-14,0.11503240121155556
M0081_2561,main,KFDNMRMF,ตราสารทุน,383478157.76,2026-07-31,352071719.36,2025-07-14,0.08920466107613234
M0082_2563,main,KFDIVSSF,ตราสารทุน,672754377.04,2026-07-31,495101095.66,2025-07-14,0.358822234362413
M0082_2569,KF-WORLD-INDFX-A,KF-WORLD-INDFX,ตราสารทุน,675309350.48,2026-07-30,,,
M0082_2569,KF-WORLD-INDFX-D,KF-WORLD-INDFX,ตราสารทุน,2012561.75,2026-07-30,,,
M0082_2569,KF-WORLD-INDFX-I,KF-WORLD-INDFX,ตราสารทุน,2012561.75,2026-07-30,,,
M0083_2561,KFDYNAMIC2-A,KFDYNAMIC2,ตราสารทุน,79123093.49,2026-07-31,96843345.43,2025-07-14,-0.18297851918806862
M0083_2561,KFDYNAMIC2-D,KFDYNAMIC2,ตราสารทุน,74887.59,2026-07-31,96843345.43,2025-07-14,-0.999226714136449
M0083_2561,KFDYNAMIC2-L,KFDYNAMIC2,ตราสารทุน,79123093.49,2026-07-31,96843345.43,2025-07-14,-0.18297851918806862
M0090_2546,main,KFFIN-D,ตราสารทุน,2137981141.94,2026-07-31,1585027996.04,2025-07-14,0.3488601761492456
M0090_2569,main,KFTGB6M57,ตราสารหนี้,944470056.79,2026-07-31,,,
M0096_2560,KFJPINDX-A,KFJPINDX,ตราสารทุน,1058433133.95,2026-07-31,303445907.24,2025-07-14,2.488045508924492
M0096_2560,KFJPINDX-I,KFJPINDX,ตราสารทุน,151051.27,2026-07-31,745.33,2025-07-14,201.6636120912884
M0100_2563,main,KFGBRANSSF,ตราสารทุน,1666960032.25,2026-07-30,2097193859.48,2025-07-14,-0.20514738076558958
M0101_2568,KF-EMXCN-A,KF-EMXCN,ตราสารทุน,627698013.14,2026-07-27,39596586.72,2025-07-14,14.852326302230326
M0101_2568,KF-EMXCN-D,KF-EMXCN,ตราสารทุน,627698013.14,2026-07-27,88205.59,2025-07-14,7115.306496447674
M0101_2568,KF-EMXCN-I,KF-EMXCN,ตราสารทุน,25103738.17,2026-07-27,88205.59,2025-07-14,283.60484386533784
M0105_2545,main,KFMTFIRMF,ตราสารหนี้,6019509436.04,2026-07-31,5275310452.7,2025-07-14,0.1410720733903168
M0107_2545,main,KFLTGOVRMF,ตราสารหนี้,1723875183.14,2026-07-31,1789535100.48,2025-07-14,-0.03669104748064911
M0107_2561,KFVIET-A,KFVIET,ตราสารทุน,1455836556.21,2026-07-30,1988492312.81,2025-07-14,-0.2678691555248145
M0107_2561,KFVIET-D,KFVIET,ตราสารทุน,572800330.83,2026-07-30,1988492312.81,2025-07-14,-0.7119423961863055
M0107_2561,KFVIET-I,KFVIET,ตราสารทุน,572800330.83,2026-07-30,573224619.2,2025-07-14,-0.0007401782055211914
M0108_2545,main,KFFLEX2RMF,ผสม,710270698.06,2026-07-31,618386165.23,2025-07-14,0.1485876269496178
M0110_2569,main,KFUSD-FGB6M1,ตราสารหนี้,4041573.0,2026-07-31,,,
M0124_2552,main,KF-OIL,ทรัพย์สินทางเลือก,268696968.63,2026-07-30,403029221.75,2025-07-14,-0.33330648466806867
M0125_2561,main,KFGOOD,ผสม,234872002.97,2026-07-31,338353044.47,2025-07-14,-0.3058374771301198
M0125_2563,KFDIVERS-A,KFDIVERSE,ตราสารหนี้,246764047.04,2026-07-30,273926138.29,2025-07-14,-0.09915844986375155
M0125_2563,KFDIVERS-C,KFDIVERSE,ตราสารหนี้,24136.35,2026-07-30,59785192.02,2025-07-14,-0.9995962821363537
M0125_2563,KFDIVERS-I,KFDIVERSE,ตราสารหนี้,10522.41,2026-07-24,369658.59,2025-07-14,-0.971534788357008
M0125_2563,KFDIVERS-R,KFDIVERSE,ตราสารหนี้,5427865.79,2026-07-30,5276666.71,2025-07-14,0.02865427898136086
M0126_2563,KFS100-A,KFS100,ตราสารทุน,121665049.59,2026-07-30,142567723.97,2025-07-14,-0.1466157542390062
M0126_2563,KFS100-I,KFS100,ตราสารทุน,35219.39,2026-07-31,20365315.18,2025-07-14,-0.9982706189573444
M0126_2563,KFS100SSF,KFS100,ตราสารทุน,722621893.17,2026-07-31,513448400.58,2025-07-14,0.40738951052085093
M0126_2563,KFS100SSFX,KFS100,ตราสารทุน,1751960414.1,2026-07-31,1209364885.9,2025-07-14,0.4486615532881164
M0132_2558,main,KF-GCHINAD,ตราสารทุน,828282919.96,2026-07-30,859418115.52,2025-07-14,-0.03622822814383109
M0133_2545,main,KFGOVRMF,ตราสารหนี้,7864499209.3,2026-07-31,8261513305.47,2025-07-14,-0.048055856292954724
M0136_2545,main,KFTSRMF,ผสม,1817642304.36,2026-07-31,1582517980.96,2025-07-14,0.1485760833234684
M0143_2549,KFSEQ2-A,KFSEQ2,ตราสารทุน,251408.71,2026-07-31,301559.53,2025-07-14,-0.1663048751932994
M0143_2549,KFSEQ2-L,KFSEQ2,ตราสารทุน,808183254.3,2026-07-31,301559.53,2025-07-14,2679.012315644609
M0145_2569,main,KFSGB6M28,ตราสารหนี้,4352837592.69,2026-07-31,,,
M0150_2561,KFHTECH-A,KFHTECH,ตราสารทุน,6737715287.01,2026-07-30,4142766615.18,2025-07-14,0.6263806081475947
M0150_2561,KFHTECH-D,KFHTECH,ตราสารทุน,38602323.78,2026-07-30,4142766615.18,2025-07-14,-0.9906819940957927
M0150_2561,KFHTECH-I,KFHTECH,ตราสารทุน,38602323.78,2026-07-30,224180.11,2025-07-14,171.19334837510786
M0161_2564,KFAHYBON-A,KFAHYBON,ตราสารหนี้,328671238.74,2026-07-30,391222886.18,2025-07-14,-0.15988749546523273
M0161_2564,KFAHYBON-D,KFAHYBON,ตราสารหนี้,328671238.74,2026-07-30,391222886.18,2025-07-14,-0.15988749546523273
M0167_2559,KFSMART-A,KFSMART,ตราสารหนี้,147533853419.53,2026-07-31,92553647609.84,2025-07-14,0.5940360777725273
M0167_2559,KFSMART-I,KFSMART,ตราสารหนี้,268906104.66,2026-07-31,189717522.88,2025-07-14,0.4174025708215068
M0170_2549,main,KFEQRMF,ตราสารทุน,1271102955.39,2026-07-31,1131073672.45,2025-07-14,0.12380208853830443
M0171_2565,KFYENJAI-A,KFYENJAI,ผสม,2580341800.17,2026-07-31,1542147164.82,2025-07-14,0.673213723718241
M0171_2565,KFYENJAI-D,KFYENJAI,ผสม,2580341800.17,2026-07-31,1542147164.82,2025-07-14,0.673213723718241
M0171_2565,KFYENJAI-I,KFYENJAI,ผสม,2580341800.17,2026-07-31,1542147164.82,2025-07-14,0.673213723718241
M0177_2550,KF-DB70-D,KF-DB70,ผสม,4016091.96,2026-07-31,2122356298.44,2025-07-14,-0.9981077201962028
M0177_2550,KF-DB70-L,KF-DB70,ผสม,2091547675.6,2026-07-31,2122356298.44,2025-07-14,-0.014516235027382307
M0177_2569,main,KFTGB6M58,ตราสารหนี้,3046164883.05,2026-07-31,,,
M0178_2560,KFJPSCAP-A,KFJPSCAP,ตราสารทุน,204355619.3,2026-07-30,119904143.82,2025-07-14,0.7043249114624304
M0178_2560,KFJPSCAP-I,KFJPSCAP,ตราสารทุน,151174.27,2026-07-30,639.59,2025-07-14,235.3612157788583
M0178_2569,main,KFUSD-FGB6M2,ตราสารหนี้,5072662.78,2026-07-31,,,
M0184_2565,main,KFLTPC-UI,ทรัพย์สินทางเลือก,,,,,
M0190_2569,main,KFSGB6M29,ตราสารหนี้,1866696652.6,2026-07-31,,,
M0194_2564,KFCMEGA-A,KFCMEGA,ตราสารทุน,926432157.94,2026-07-30,1479723838.88,2025-07-14,-0.37391550125919804
M0194_2564,KFCMEGA-D,KFCMEGA,ตราสารทุน,189326642.58,2026-07-30,219902577.41,2025-07-14,-0.13904309440171914
M0194_2564,KFCMEGA-I,KFCMEGA,ตราสารทุน,189326642.58,2026-07-30,219902577.41,2025-07-14,-0.13904309440171914
M0234_2569,main,KFTGB6M59,ตราสารหนี้,1855463173.16,2026-07-31,,,
M0238_2560,main,KF-JPSCAPD,ตราสารทุน,293749199.38,2026-07-30,299306022.22,2025-07-14,-0.01856569005456088
M0240_2558,KF-AINCOME-A,KF-AINCOME,ผสม,334010897.06,2026-07-30,418938383.55,2025-07-14,-0.20272070983408463
M0240_2558,KF-AINCOME-R,KF-AINCOME,ผสม,518062950.07,2026-07-30,509208783.42,2025-07-14,0.01738808704463568
M0249_2567,KFGLOBFX-A,KFGLOBFX,ตราสารทุน,16774845.82,2026-07-30,20271240.44,2025-07-14,-0.17248054604003304
M0249_2567,KFGLOBFX-D,KFGLOBFX,ตราสารทุน,16774845.82,2026-07-30,20271240.44,2025-07-14,-0.17248054604003304
M0249_2567,KFGLOBFX-I,KFGLOBFX,ตราสารทุน,105820.96,2026-07-30,266164.78,2025-07-14,-0.6024231305133609
M0255_2566,main,KF1MILDRMF,ผสม,61092237.53,2026-07-27,43827368.08,2025-07-14,0.3939289582364538
M0256_2566,main,KF1MILDSSF,ผสม,15577228.56,2026-07-27,13258122.91,2025-07-14,0.1749196070773189
M0260_2566,main,KF1MAXRMF,ผสม,46857648.21,2026-07-27,35542077.56,2025-07-14,0.3183711090297896
M0264_2564,KFGG-A,KFGG,ตราสารทุน,1715622486.78,2026-07-30,2391855257.88,2025-07-14,-0.28272311582071785
M0264_2564,KFGG-D,KFGG,ตราสารทุน,19303829.01,2026-07-30,2391855257.88,2025-07-14,-0.991929349007887
M0264_2564,KFGG-I,KFGG,ตราสารทุน,19303829.01,2026-07-30,35174920.12,2025-07-14,-0.4512047520180693
M0264_2566,main,KF1MAXSSF,ผสม,15925028.86,2026-07-27,10162264.45,2025-07-14,0.567074832420839
M0267_2566,main,KF1MEANRMF,ผสม,38963166.7,2026-07-27,28717276.99,2025-07-14,0.35678486207337334
M0269_2566,main,KF1MEANSSF,ผสม,8624272.49,2026-07-27,7556542.99,2025-07-14,0.1412986734030346
M0269_2569,main,KFSGB6M30,ตราสารหนี้,1573140260.68,2026-07-31,,,
M0272_2564,KFESG-A,KFESG,ตราสารทุน,687496808.39,2026-07-30,932796727.88,2025-07-14,-0.26297253427067846
M0272_2564,KFESG-D,KFESG,ตราสารทุน,687496808.39,2026-07-30,932796727.88,2025-07-14,-0.26297253427067846
M0272_2564,KFESG-I,KFESG,ตราสารทุน,33664330.64,2026-07-30,32585193.6,2025-07-14,0.033117404587094335
M0283_2560,main,KF-HSMUS,ตราสารทุน,122114180.18,2026-07-30,349473775.37,2025-07-14,-0.6505769852095097
M0291_2549,main,KF-ORTFLEX,ผสม,507686295.15,2026-07-30,334224546.27,2025-07-14,0.5189976344223104
M0301_2554,KFUS-A,KFUS,ตราสารทุน,613892845.15,2026-07-27,1169960870.9,2025-07-14,-0.4752877122482234
M0301_2554,KFUS-I,KFUS,ตราสารทุน,243075.22,2026-07-27,94652.16,2025-07-14,1.5680895185064978
M0305_2566,KFCSI300-A,KFCSI300,ตราสารทุน,280639201.62,2026-07-31,243943542.34,2025-07-14,0.1504268525741701
M0305_2566,KFCSI300-D,KFCSI300,ตราสารทุน,280639201.62,2026-07-31,2058437.91,2025-07-14,135.3360052089208
M0305_2566,KFCSI300-I,KFCSI300,ตราสารทุน,29721195.9,2026-07-31,2058437.91,2025-07-14,13.4387138206175
M0309_2556,main,KF-EUROPE,ตราสารทุน,636530909.0,2026-07-30,740917490.17,2025-07-14,-0.14088826698644807
M0316_2557,KFHEALTH-A,KFHEALTH,ตราสารทุน,652311900.51,2026-07-30,821379237.62,2025-07-14,-0.20583346810650305
M0316_2557,KFHEALTH-D,KFHEALTH,ตราสารทุน,2935554307.73,2026-07-30,2872519540.42,2025-07-14,0.021944069108328357
M0317_2559,KFGBRAND-A,KFGBRAND,ตราสารทุน,1605755496.4,2026-07-30,3462643937.54,2025-07-14,-0.5362631776858949
M0317_2559,KFGBRAND-D,KFGBRAND,ตราสารทุน,1631199700.51,2026-07-30,3368564886.24,2025-07-14,-0.5157582663248773
M0317_2559,KFGBRAND-I,KFGBRAND,ตราสารทุน,28654494.08,2026-07-30,101409855.76,2025-07-14,-0.7174387650465188
M0317_2559,KFGBRAN-ID,KFGBRAND,ตราสารทุน,343190285.78,2026-07-30,418698060.78,2025-07-14,-0.1803394428417825
M0331_2561,main,KFGOODRMF,ผสม,357034706.47,2026-07-31,335419583.42,2025-07-14,0.06444204249974983
M0342_2549,main,KFFLEX,ผสม,97841648.34,2026-07-31,90115312.93,2025-07-14,0.08573831859188763
M0357_2549,KF-GB70-D,KF-GB70,ผสม,2840291.48,2026-07-31,197358260.88,2025-07-14,-0.98560844898341
M0357_2549,KF-GB70-L,KF-GB70,ผสม,183678621.82,2026-07-31,197358260.88,2025-07-14,-0.06931373938442664
M0362_2569,main,KFTGB6M60,ตราสารหนี้,2816474130.81,2026-07-31,,,
M0363_2564,main,KFINFRARMF,ตราสารทุน,81547345.16,2026-07-27,76144821.55,2025-07-14,0.07095063722031925
M0368_2567,main,KFPCD-UI,อื่น ๆ,,,559937238.5,2025-07-31,
M0370_2564,main,KFINFRASSF,ตราสารทุน,53231123.33,2026-07-27,45202643.53,2025-07-14,0.177610846911457
M0372_2560,KFHAPPY-A,KFHAPPY,ผสม,443270635.44,2026-07-31,562217763.74,2025-07-14,-0.211567716232829
M0372_2560,KFHAPPYSSF,KFHAPPY,ผสม,223561353.39,2026-07-31,209448854.75,2025-07-14,0.0673792112964513
M0373_2563,main,KFCORE,ผสม,898626266.65,2026-07-30,1960087546.25,2025-07-14,-0.5415376887786295
M0376_2564,main,KFGGRMF,ตราสารทุน,1210868942.17,2026-07-30,1400641172.94,2025-07-14,-0.13548954181581052
M0377_2564,KFFUTUREGEN-A,KFFUTUREGEN,ตราสารทุน,466780261.64,2026-07-30,566940672.87,2025-07-14,-0.17666824065199305
M0377_2564,KFFUTUREGEN-D,KFFUTUREGEN,ตราสารทุน,143547.79,2026-07-30,566940672.87,2025-07-14,-0.9997468028016524
M0377_2564,KFFUTUREGEN-I,KFFUTUREGEN,ตราสารทุน,143547.79,2026-07-30,139227.46,2025-07-14,0.031030732012205187
M0377_2565,main,KFCORERMF,ผสม,86348747.25,2026-07-30,42943421.4,2025-07-14,1.010756116651665
M0379_2564,main,KFGGSSF,ตราสารทุน,872338337.85,2026-07-30,970338264.59,2025-07-14,-0.10099563246782628
M0383_2564,main,KFCLIMARMF,ตราสารทุน,164513972.94,2026-07-30,155975384.19,2025-07-14,0.05474318139584633
M0384_2564,main,KFCLIMASSF,ตราสารทุน,82615298.82,2026-07-30,71149043.91,2025-07-14,0.161158243032812
M0384_2569,main,KFTGB5M2,ตราสารหนี้,2294447311.21,2026-07-31,,,
M0385_2564,main,KFUSRMF,ตราสารทุน,139629335.59,2026-07-27,181956540.26,2025-07-14,-0.23262260652746036
M0386_2552,main,KFGOLDRMF,ทรัพย์สินทางเลือก,3489854001.03,2026-07-31,2208657626.12,2025-07-14,0.5800792118064526
M0387_2564,main,KFUSSSF,ตราสารทุน,92837691.96,2026-07-27,94421999.32,2025-07-14,-0.01677900670828536
M0387_2569,main,KFTGB6M61,ตราสารหนี้,1882033928.8,2026-07-31,,,
M0389_2555,main,KF-HGOLD,ทรัพย์สินทางเลือก,2526367044.34,2026-07-31,884985131.61,2025-07-14,1.8546999877206223
M0395_2565,main,KFCMEGARMF,ตราสารทุน,143403187.68,2026-07-30,170642434.25,2025-07-14,-0.1596276253894332
M0397_2565,main,KFCMEGASSF,ตราสารทุน,50443369.03,2026-07-30,52507050.23,2025-07-14,-0.039302935338403566
M0398_2565,main,KFESGSSF,ตราสารทุน,34742359.68,2026-07-30,36276429.77,2025-07-14,-0.042288342588460925
M0401_2550,main,KFCASHPLUS,ตราสารหนี้,3360923545.55,2026-07-31,2657204983.6,2025-07-14,0.26483412694665254
M0402_2565,main,KFESGRMF,ตราสารทุน,79680024.1,2026-07-30,88528976.16,2025-07-14,-0.09995543203851287
M0406_2560,KF-MINCOME-A,KF-MINCOME,ผสม,93234124.75,2026-07-30,58166835.97,2025-07-14,0.6028742701096246
M0406_2560,KF-MINCOME-R,KF-MINCOME,ผสม,99447149.79,2026-07-30,151200659.46,2025-07-14,-0.3422836239923368
M0411_2560,main,KFTHAICG,ตราสารทุน,52932747.52,2026-07-31,49354038.74,2025-07-14,0.0725109610350807
M0418_2560,KFINDIA-A,KFINDIA,ตราสารทุน,556739930.37,2026-07-30,712190975.77,2025-07-14,-0.2182715741826564
M0418_2560,KFINDIA-D,KFINDIA,ตราสารทุน,556739930.37,2026-07-30,712190975.77,2025-07-14,-0.2182715741826564
M0418_2560,KFINDIA-I,KFINDIA,ตราสารทุน,1089285.5,2026-07-30,815016.18,2025-07-14,0.3365200921532625
M0419_2548,main,KFS100RMF,ตราสารทุน,4560624066.98,2026-07-31,3380543898.02,2025-07-14,0.3490799719096025
M0423_2565,main,KFCORESSF,ผสม,53378625.82,2026-07-30,18194047.65,2025-07-14,1.9338510510056843
M0424_2565,main,KFVIETRMF,ตราสารทุน,435741366.9,2026-07-30,430643862.29,2025-07-14,0.01183693779563777
M0425_2565,main,KFVIETSSF,ตราสารทุน,159145506.91,2026-07-30,162774562.87,2025-07-14,-0.02229498206607594
M0427_2550,main,KF-BIC,ตราสารทุน,50483818.63,2026-07-30,58493534.62,2025-07-14,-0.13693335583213884
M0427_2564,main,KFFVPE-UI,ทรัพย์สินทางเลือก,1315020439.34,2026-06-30,,,
M0427_2569,main,KFTGB6M62,ตราสารหนี้,2090915777.49,2026-07-31,,,
M0433_2569,main,KF-ATECH,ตราสารทุน,3402108059.12,2026-07-30,,,
M0439_2569,main,KF-ATECH-USD,ตราสารทุน,13987374.35,2026-07-30,,,
M0440_2559,main,KF-SINCOME,ตราสารหนี้,1121347167.24,2026-07-30,815198851.01,2025-07-14,0.3755504756302024
M0451_2568,KF70-THAIESGX-68,KF70-THAIESGX,ผสม,354117981.8,2026-07-31,291095039.25,2025-07-14,0.21650297687098075
M0451_2568,KF70-THAIESGX-69,KF70-THAIESGX,ผสม,19099471.56,2026-07-30,291095039.25,2025-07-14,-0.9343875058496037
M0451_2568,KF70-THAIESGX-L,KF70-THAIESGX,ผสม,575019008.74,2026-07-31,457926991.73,2025-07-14,0.25570018610966483
M0456_2568,KFAEQ-THAIESGX-68,KFAEQ-THAIESGX,ตราสารทุน,136426878.13,2026-07-31,108072574.34,2025-07-14,0.26236354563736386
M0456_2568,KFAEQ-THAIESGX-69,KFAEQ-THAIESGX,ตราสารทุน,20241889.06,2026-07-31,3049151564.69,2025-07-14,-0.9933614683853678
M0456_2568,KFAEQ-THAIESGX-L,KFAEQ-THAIESGX,ตราสารทุน,3880968105.86,2026-07-31,3049151564.69,2025-07-14,0.2728026218186923
M0457_2568,KFS50-THAIESGX-68,KFS50-THAIESGX,ตราสารทุน,258836537.23,2026-07-31,177451173.43,2025-07-14,0.45863525288044626
M0457_2568,KFS50-THAIESGX-69,KFS50-THAIESGX,ตราสารทุน,25062964.72,2026-07-27,492153663.47,2025-07-14,-0.9490749199278739
M0457_2568,KFS50-THAIESGX-L,KFS50-THAIESGX,ตราสารทุน,734281310.16,2026-07-31,492153663.47,2025-07-14,0.49197570730825047
M0458_2559,KFAFIX-A,KFAFIX,ตราสารหนี้,34978080363.69,2026-07-31,53057942379.39,2025-07-14,-0.34075693863927514
M0458_2559,KFAFIX-C,KFAFIX,ตราสารหนี้,97594456.6,2026-07-31,308596917.94,2025-07-14,-0.6837477922609223
M0458_2559,KFAFIX-I,KFAFIX,ตราสารหนี้,256008734.68,2026-07-31,195482284.14,2025-07-14,0.30962627025911127
M0458_2559,KFAFIXSSF,KFAFIX,ตราสารหนี้,1055919951.48,2026-07-31,1028350341.33,2025-07-14,0.02680955024952225
M0460_2546,KFGROWTH-A,KFGROWTH,ตราสารทุน,18374059.95,2026-07-31,25860646.5,2025-07-14,-0.2894972695288186
M0460_2546,KFGROWTH-D,KFGROWTH,ตราสารทุน,364458370.59,2026-07-31,378069051.46,2025-07-14,-0.036000515824924695
M0460_2550,main,KFDIVRMF,ตราสารทุน,7178371846.38,2026-07-31,5917947463.5,2025-07-15,0.21298336807717422
M0469_2569,main,KFTGB5M3,ตราสารหนี้,2279644754.36,2026-07-31,,,
M0473_2561,KFHHCARE-A,KFHHCARE,ตราสารทุน,1008373012.55,2026-07-30,1366737936.48,2025-07-14,-0.26220456340954446
M0473_2561,KFHHCARE-D,KFHHCARE,ตราสารทุน,153908345.71,2026-07-30,174176835.41,2025-07-14,-0.11636730942027618
M0473_2561,KFHHCARE-I,KFHHCARE,ตราสารทุน,80787685.56,2026-07-30,119964073.91,2025-07-14,-0.3265676720798185
M0475_2560,KFTSTAR2-D,KFTSTAR2,ตราสารทุน,56562.29,2026-07-31,716834153.12,2025-07-14,-0.9999210943148372
M0475_2560,KFTSTAR2-L,KFTSTAR2,ตราสารทุน,750946937.8,2026-07-31,716834153.12,2025-07-14,0.04758811299869725
M0484_2559,main,KF-CSINCOME,ตราสารหนี้,13603979438.13,2026-07-30,10591113197.65,2025-07-14,0.2844711584376709
M0487_2560,main,KF-GCHINARMF,ตราสารทุน,1116769388.87,2026-07-30,1086516108.42,2025-07-14,0.027844299974524755
M0488_2560,main,KFGTECHRMF,ตราสารทุน,4487309135.93,2026-07-30,3504887778.18,2025-07-14,0.2803003747698156
M0489_2560,main,KFHAPPYRMF,ผสม,1220479084.59,2026-07-31,1210926405.63,2025-07-14,0.007888736190396317
M0490_2560,main,KFSTARRMF,ตราสารทุน,563567645.58,2026-07-31,463160743.99,2025-07-14,0.21678629480776523
M0503_2568,KFCHINA-T10PLUS-A,KFCHINA-T10PLUS,ตราสารทุน,1524020330.69,2026-07-31,0.0,2025-07-14,
M0503_2568,KFCHINA-T10PLUS-D,KFCHINA-T10PLUS,ตราสารทุน,1524020330.69,2026-07-31,0.0,2025-07-14,
M0503_2568,KFCHINA-T10PLUS-I,KFCHINA-T10PLUS,ตราสารทุน,651717.05,2026-07-31,0.0,2025-07-14,
M0503_2569,main,KFSGB6M31,ตราสารหนี้,1652127615.38,2026-07-31,,,
M0515_2554,main,KFMX2TM,ผสม,303801132.78,2026-07-31,273965542.34,2025-07-14,0.10890271157886366
M0515_2557,main,KF-SMCAPD,ตราสารทุน,51721597.2,2026-07-30,41126548.96,2025-07-14,0.257620649140895
M0517_2561,main,KFSUPERRMF,ผสม,141836406.07,2026-07-31,134871273.96,2025-07-14,0.0516428139624876
M0518_2561,main,KFSUPER,ผสม,99961291.82,2026-07-31,116660196.41,2025-07-15,-0.14314140644262274
M0522_2567,KFGBTHAIESG-A,KFGBTHAIESG,ตราสารหนี้,3017359885.73,2026-07-31,1469637785.28,2025-07-14,1.053131673635571
M0522_2567,KFGBTHAIESG-D,KFGBTHAIESG,ตราสารหนี้,3017359885.73,2026-07-31,1469637785.28,2025-07-14,1.053131673635571
M0530_2546,main,KFDYNAMIC,ตราสารทุน,779187595.61,2026-07-31,783837475.26,2025-07-14,-0.005932198697769064
M0532_2550,KFENS50-A,KFENSET50,ตราสารทุน,2367870408.4,2026-07-31,1875686861.57,2025-07-14,0.2624017670081824
M0532_2550,KFENS50SSF,KFENSET50,ตราสารทุน,914672640.47,2026-07-31,633877338.33,2025-07-14,0.44298050294679636
M0535_2559,KFFAST-D,KFFAST,ตราสารทุน,958611.08,2026-07-31,328325639.35,2025-07-14,-0.9970803039266205
M0535_2559,KFFAST-L,KFFAST,ตราสารทุน,279478616.62,2026-07-31,328325639.35,2025-07-14,-0.14877614439951903
M0535_2569,main,KFTGB6M63,ตราสารหนี้,2099095900.09,2026-07-24,,,
M0538_2564,KFCYBER-A,KFCYBER,ตราสารทุน,343703883.39,2026-07-30,702945066.38,2025-07-15,-0.5110515745419577
M0538_2564,KFCYBER-D,KFCYBER,ตราสารทุน,775918.43,2026-07-30,173055.63,2025-07-15,3.483635868997732
M0538_2564,KFCYBER-I,KFCYBER,ตราสารทุน,775918.43,2026-07-30,173055.63,2025-07-15,3.483635868997732
M0550_2559,main,KF-SINCOMERMF,ตราสารหนี้,1360494622.44,2026-07-30,1215967614.67,2025-07-14,0.11885761267517236
M0554_2566,KF-SINCOME-FX-A,KF-SINCOME-FX,ตราสารหนี้,4394203659.22,2026-07-27,6945481676.19,2025-07-14,-0.3673291696551597
M0554_2566,KF-SINCOME-FX-C,KF-SINCOME-FX,ตราสารหนี้,3453850.64,2026-07-30,215818.49,2025-07-15,15.003497383379894
M0554_2566,KF-SINCOME-FX-I,KF-SINCOME-FX,ตราสารหนี้,267299866.71,2026-07-30,151326284.1,2025-07-14,0.7663809582039425
M0554_2566,KF-SINCOME-FX-R,KF-SINCOME-FX,ตราสารหนี้,335984797.84,2026-07-30,510949245.96,2025-07-14,-0.3424301914591674
M0557_2569,main,KFTGB6M64,ตราสารหนี้,1297839655.99,2026-07-31,,,
M0558_2564,main,KFGPE-UI,ทรัพย์สินทางเลือก,,,,,
M0560_2554,main,KFMXPLS2TM,ผสม,1433026471.98,2026-07-31,1335934687.74,2025-07-14,0.0726770441182647
M0566_2559,main,KFGBRANRMF,ตราสารทุน,3205995567.16,2026-07-30,4473580773.63,2025-07-14,-0.2833491269324825
M0577_2559,KFTHAISM2-D,KFTHAISM2,ตราสารทุน,2188462.59,2026-07-31,208842550.15,2025-07-14,-0.9895209927841422
M0577_2559,KFTHAISM2-L,KFTHAISM2,ตราสารทุน,208231151.94,2026-07-31,208842550.15,2025-07-14,-0.0029275557570086486
M0577_2563,main,KF-ACHINARMF,ตราสารทุน,840598873.32,2026-07-30,969278536.39,2025-07-14,-0.13275818894046387
M0580_2562,KFPREFER-A,KFPREFER,ผสม,235251199.67,2026-07-30,335311967.89,2025-07-14,-0.2984109659122731
M0580_2562,KFPREFER-D,KFPREFER,ผสม,235251199.67,2026-07-30,335311967.89,2025-07-14,-0.2984109659122731
M0581_2569,main,KF-SP500M,ตราสารทุน,1603869236.99,2026-07-30,,,
M0582_2569,main,KF-SP500MFX,ตราสารทุน,158237758.7,2026-07-30,,,
M0587_2563,main,KF-ACHINASSF,ตราสารทุน,353461752.69,2026-07-30,379875712.09,2025-07-14,-0.0695331619246613
M0588_2558,KF-CINCOME-A,KF-CINCOME,ผสม,942927619.88,2026-07-30,1139315496.36,2025-07-14,-0.17237356738097542
M0588_2558,KF-CINCOME-I,KF-CINCOME,ผสม,551111.13,2026-07-30,395809.16,2025-07-14,0.39236578051907656
M0594_2567,KFUSINDFX-A,KFUSINDFX,ตราสารทุน,279072073.17,2026-07-30,97453407.56,2025-07-14,1.8636461274910396
M0594_2567,KFUSINDFX-D,KFUSINDFX,ตราสารทุน,279072073.17,2026-07-30,97453407.56,2025-07-14,1.8636461274910396
M0594_2567,KFUSINDFX-I,KFUSINDFX,ตราสารทุน,151838.37,2026-07-27,411510.02,2025-07-14,-0.6310214511909091
M0594_2569,main,KFTGB6M65,ตราสารหนี้,2208979338.53,2026-07-31,,,
M0596_2567,main,KFUSINDFXRMF,ตราสารทุน,515466443.8,2026-07-30,185749740.68,2025-07-14,1.7750587533148634
M0607_2547,KFSDIV2-D,KFSDIV2,ตราสารทุน,9093857.89,2026-07-30,9047879609.89,2025-07-14,-0.9989949183364398
M0607_2547,KFSDIV2-L,KFSDIV2,ตราสารทุน,9750187222.0,2026-07-31,9047879609.89,2025-07-14,0.07762123750434591
M0611_2547,KF-ASET50-D,KF-ASET50,ตราสารทุน,6518504.12,2026-07-30,1147819590.36,2025-07-14,-0.9943209680556545
M0611_2547,KF-ASET50-L,KF-ASET50,ตราสารทุน,1086959824.28,2026-07-31,1147819590.36,2025-07-14,-0.05302206600334469
M0611_2567,KFGDB-A,KFGDB,ผสม,3741827650.83,2026-07-30,154562485.84,2025-07-14,23.20915806635942
M0611_2567,KFGDB-D,KFGDB,ผสม,100345107.81,2026-07-30,50318756.43,2025-07-14,0.9941889452215145
M0611_2567,KFGDB-I,KFGDB,ผสม,100345107.81,2026-07-30,28803098.99,2025-07-14,2.4838302588495185
M0611_2567,KFGDB-IX,KFGDB,ผสม,47480015.8,2026-07-30,50318756.43,2025-07-14,-0.05641515870824554
M0613_2567,KFGDA-A,KFGDA,ผสม,1253121742.76,2026-07-30,53723287.11,2025-07-15,22.325485281535297
M0613_2567,KFGDA-D,KFGDA,ผสม,1253121742.76,2026-07-30,161559827.39,2025-07-14,6.756394414404803
M0613_2567,KFGDA-I,KFGDA,ผสม,658770111.25,2026-07-27,161559827.39,2025-07-14,3.0775613708706873
M0613_2567,KFGDA-IX,KFGDA,ผสม,50096646.23,2026-07-30,50165198.3,2025-07-14,-0.001366526443093874
M0617_2563,KFINFRA-A,KFINFRA,ตราสารทุน,770204314.96,2026-07-27,1104383029.4,2025-07-14,-0.30259312715223075
M0617_2563,KFINFRA-D,KFINFRA,ตราสารทุน,52969659.2,2026-07-27,1104383029.4,2025-07-14,-0.9520368768897347
M0617_2563,KFINFRA-I,KFINFRA,ตราสารทุน,52969659.2,2026-07-27,50058951.8,2025-07-14,0.05814559225349192
M0620_2558,main,KFJAPANRMF,ผสม,399221376.33,2026-07-30,286354807.69,2025-07-14,0.3941493755613361
M0643_2562,main,KFENFIX,ตราสารหนี้,4180865016.72,2026-07-31,5644931975.06,2025-07-14,-0.25935953963810854
M0665_2546,main,KFMTFI,ตราสารหนี้,1597668136.87,2026-07-31,1996586797.23,2025-07-14,-0.19980030966519813
M0671_2560,KF-ACHINA-A,KF-ACHINA,ตราสารทุน,4045359559.5,2026-07-30,5835088237.09,2025-07-14,-0.30671835709592465
M0671_2560,KF-ACHINA-D,KF-ACHINA,ตราสารทุน,4045359559.5,2026-07-30,5835088237.09,2025-07-14,-0.30671835709592465
M0671_2560,KF-ACHINA-I,KF-ACHINA,ตราสารทุน,1013378.56,2026-07-30,7076863.99,2025-07-14,-0.8568040079006803
M0682_2565,KF1MILD-A,KF1MILD,ผสม,436935108.65,2026-07-24,287797097.97,2025-07-14,0.5182054014163342
M0682_2565,KF1MILD-D,KF1MILD,ผสม,144481288.64,2026-07-27,287797097.97,2025-07-14,-0.4979751718863381
M0682_2565,KF1MILD-I,KF1MILD,ผสม,144481288.64,2026-07-27,98524472.56,2025-07-14,0.466450769904025
M0682_2569,main,KFHTECH-USD,ตราสารทุน,9826679.29,2026-07-30,,,
M0683_2565,KF1MEAN-A,KF1MEAN,ผสม,185895641.14,2026-07-27,100688754.78,2025-07-14,0.8462403427887539
M0683_2565,KF1MEAN-D,KF1MEAN,ผสม,185895641.14,2026-07-27,154205217.17,2025-07-14,0.2055081180234235
M0683_2565,KF1MEAN-I,KF1MEAN,ผสม,248278575.57,2026-07-27,154205217.17,2025-07-14,0.6100530197774761
M0684_2565,KF1MAX-A,KF1MAX,ผสม,101334036.55,2026-07-27,55694858.35,2025-07-14,0.819450476257473
M0684_2565,KF1MAX-D,KF1MAX,ผสม,101334036.55,2026-07-27,180352577.12,2025-07-14,-0.43813369252508083
M0684_2565,KF1MAX-I,KF1MAX,ผสม,390176196.79,2026-07-27,180352577.12,2025-07-14,1.163407936945592
M0693_2559,KFGTECH-A,KFGTECH,ตราสารทุน,1455187043.78,2026-07-30,1126542939.76,2025-07-14,0.29172798694208213
M0693_2559,KFGTECH-I,KFGTECH,ตราสารทุน,516539.27,2026-07-30,375055.7,2025-07-14,0.377233488252545
M0701_2569,main,KFTGB6M66,ตราสารหนี้,3427827295.34,2026-07-31,,,
M0703_2568,main,KF-SINCOME-USD,ตราสารหนี้,11350552.05,2026-07-30,0.0,2025-07-30,
M0709_2567,main,KF-SINCOME-FXRMF,ตราสารหนี้,162512090.52,2026-07-30,57928223.14,2025-07-14,1.80540437305048
M0712_2547,KF-SET50-A,KF-SET50,ตราสารทุน,56761439.96,2026-07-31,8591509.06,2025-07-14,5.606690345502586
M0712_2547,KF-SET50-L,KF-SET50,ตราสารทุน,1541084869.39,2026-07-30,8591509.06,2025-07-14,178.37301335861014
M0717_2567,main,KFGLOBALRMF,ตราสารทุน,39156436.71,2026-07-30,12159328.4,2025-07-14,2.2202795600125413
M0718_2546,KFCASH-A,KFCASH,ตราสารหนี้,25488451509.94,2026-07-31,25060736841.89,2025-07-16,0.01706712259693255
M0718_2546,KFCASHSSF,KFCASH,ตราสารหนี้,620988356.77,2026-07-31,560248836.54,2025-07-14,0.10841525455923628
M0718_2567,main,KFGLOBFXRMF,ตราสารทุน,20198402.07,2026-07-30,9734998.99,2025-07-14,1.074823232210731
M0725_2567,main,KF-WORLD-INDXRMF,ตราสารทุน,994100847.42,2026-07-30,95473904.98,2025-07-14,9.412278073555758
M0729_2555,main,KF-EM,ตราสารทุน,59128779.21,2026-07-30,49301846.02,2025-07-15,0.19932181010044858
M0739_2568,main,KFSGB9M5,ตราสารหนี้,1029341896.62,2026-07-31,,,
M0747_2553,KFTRB-A,KFTRB,ตราสารหนี้,467997260.05,2026-07-30,739375656.6,2025-07-14,-0.3670372348988694
M0747_2553,KFTRB-I,KFTRB,ตราสารหนี้,1506.67,2026-07-30,1503.27,2025-07-14,0.002261736082007859
M0759_2558,main,KFTHAISM,ตราสารทุน,137369336.65,2026-07-31,119671389.16,2025-07-14,0.1478878754080304
M0762_2547,main,KFCASHRMF,ตราสารหนี้,11632226459.09,2026-07-31,10485797767.81,2025-07-15,0.10933156605398064
M0762_2565,KF-WORLD-INDX-A,KF-WORLD-INDX,ตราสารทุน,2023263956.96,2026-07-30,362438694.21,2025-07-15,4.582361898113738
M0762_2565,KF-WORLD-INDX-D,KF-WORLD-INDX,ตราสารทุน,1431104399.24,2026-07-30,400247094.78,2025-07-14,2.57555224736015
M0762_2565,KF-WORLD-INDX-I,KF-WORLD-INDX,ตราสารทุน,1431104399.24,2026-07-30,400247094.78,2025-07-14,2.57555224736015
M0770_2546,main,KFSEQ,ตราสารทุน,796456332.46,2026-07-31,695692996.27,2025-07-15,0.14483879632287344
M0814_2557,KF-HEUROPE-A,KF-HEUROPE,ตราสารทุน,1607477227.64,2026-07-30,1919572887.6,2025-07-14,-0.16258599086081393
M0814_2557,KF-HEUROPE-I,KF-HEUROPE,ตราสารทุน,65980428.01,2026-07-30,1919572887.6,2025-07-14,-0.9656275474423407
M0820_2566,KFTHAIESGA,KFTHAIESG,ตราสารทุน,1107409458.74,2026-07-31,515193510.3,2025-07-14,1.149501957226032
M0820_2566,KFTHAIESGD,KFTHAIESG,ตราสารทุน,1136897115.97,2026-07-31,583101269.59,2025-07-14,0.9497421378783728
M0859_2567,main,KFNDQRMF,ตราสารทุน,218269288.69,2026-07-30,84072877.64,2025-07-14,1.5961914807368545
M0862_2568,main,KF-GDIVRMF,ตราสารทุน,114686081.12,2026-07-30,,,
M0863_2568,main,KF-CSI300-INDXRMF,ตราสารทุน,44732650.84,2026-07-30,,,
M0865_2568,main,KF-JP-INDXRMF,ตราสารทุน,85394116.29,2026-07-31,,,
M0866_2568,main,KF-HSHARE-INDXRMF,ตราสารทุน,65017020.29,2026-07-31,,,
M0867_2568,main,KF-US-PLUSRMF,ตราสารทุน,68989386.08,2026-07-30,,,
M0873_2567,main,KF-EMXCN-INDXRMF,ตราสารทุน,240243270.36,2026-07-30,25215528.07,2025-07-14,8.52759227143959
M0903_2568,main,KFSGB6M26,ตราสารหนี้,1798284048.79,2026-07-31,,,
M0922_2556,main,KFEURORMF,ตราสารทุน,394672934.44,2026-07-30,397000479.24,2025-07-16,-0.00586282617203826
M1042_2567,KF-US-PLUS-A,KF-US-PLUS,ตราสารทุน,277034495.05,2026-07-30,265387727.33,2025-07-14,0.04388585650578203
M1042_2567,KF-US-PLUS-D,KF-US-PLUS,ตราสารทุน,277034495.05,2026-07-30,265387727.33,2025-07-14,0.04388585650578203
M1042_2567,KF-US-PLUS-I,KF-US-PLUS,ตราสารทุน,702956.0,2026-07-30,627756.37,2025-07-14,0.11979110622167011
M1060_2568,main,KF-GDIV-USD,ตราสารทุน,2714374.67,2026-07-30,,,
M1078_2557,main,KF-INCOME,ผสม,939986430.19,2026-07-30,966314565.42,2025-07-14,-0.027245926090906702
M1094_2557,main,KFHCARERMF,ตราสารทุน,2243805164.88,2026-07-30,2031650271.12,2025-07-14,0.10442490854641262
M1141_2568,KF-GEI-A,KF-GEI,ตราสารทุน,1172555537.85,2026-07-30,,,
M1141_2568,KF-GEI-I,KF-GEI,ตราสารทุน,526859.87,2026-07-30,,,
M1141_2568,KF-GEI-R,KF-GEI,ตราสารทุน,176871365.57,2026-07-30,,,
M1257_2557,main,KF-HJAPAND,ผสม,1266894486.45,2026-07-30,1272549303.35,2025-07-14,-0.004443691796548466
M0007_2564,main,ASP-TRIGGER 6M3,ผสม,262086304.74,2026-07-30,282377555.07,2025-07-14,-0.07185858070401485
M0008_2569,main,A-JEDI,ตราสารทุน,374462806.96,2026-07-30,,,
M0036_2569,main,A-GRID,ตราสารทุน,1079943703.05,2026-07-30,,,
M0052_2568,main,ASP-CRYPTO-UI,อื่น ๆ,102876766.54,2026-07-30,59049720.75,2025-07-14,0.7422058094999544
M0056_2561,main,ASP-DISRUPT,ตราสารทุน,145004237.5,2026-07-30,175042836.52,2025-07-14,-0.17160713124394478
M0059_2569,main,A-AIRR,ตราสารทุน,29931705.18,2026-07-30,,,
M0065_2562,ASP-DGOV-I,ASP-DGOV,ตราสารหนี้,0.0,2026-07-31,0.0,2025-07-14,
M0065_2562,ASP-DGOV-R,ASP-DGOV,ตราสารหนี้,3831927330.51,2026-07-31,5145774503.97,2025-07-14,-0.2553254466254512
M0065_2562,ASP-DGOV-SSF,ASP-DGOV,ตราสารหนี้,8003525.41,2026-07-31,4449084.63,2025-07-14,0.7989150748071969
M0068_2564,main,ASP-NCLR,ตราสารทุน,192998549.93,2026-07-30,206775678.18,2025-07-14,-0.0666283789818205
M0073_2562,main,ASP-IHEALTH,ตราสารทุน,147318325.1,2026-07-30,146802929.52,2025-07-14,0.003510799012561794
M0085_2566,main,ASP-SMERMF,ตราสารทุน,39893806.19,2026-07-31,33642210.14,2025-07-14,0.1858259616114506
M0104_2557,main,ASP-THEQ,ตราสารทุน,24197636.74,2026-07-31,30185263.22,2025-07-14,-0.19836257303308025
M0122_2564,main,ASP-T12,ตราสารทุน,223098518.09,2026-07-31,151042034.75,2025-07-14,0.47706245125249813
M0125_2560,ASP-FFPLUSA,ASP-FFPLUS,ตราสารหนี้,1266566.68,2026-07-30,1162751.08,2025-07-14,0.08928445802862628
M0125_2560,ASP-FFPLUSR,ASP-FFPLUS,ตราสารหนี้,45331565.23,2026-07-30,76667957.52,2025-07-14,-0.4087286697552289
M0142_2542,main,ASP,ตราสารหนี้,380000040.73,2026-07-31,358096412.19,2025-07-14,0.06116684723548227
M0146_2549,main,ASP-NGF,ตราสารทุน,637933937.24,2026-07-27,461599253.77,2025-07-14,0.3820081640726869
M0150_2564,main,ASP-EVOCHINA-SSF,ตราสารทุน,23274622.4,2026-07-30,26259688.05,2025-07-14,-0.11367483285849633
M0175_2563,ASP-SME-SSF,ASP-SME-MSSF,ตราสารทุน,107890717.53,2026-07-31,98385627.14,2025-07-14,0.09661055853691436
M0175_2563,ASP-SME-SSFX,ASP-SME-MSSF,ตราสารทุน,31139192.13,2026-07-31,25257172.51,2025-07-14,0.2328851187784835
M0184_2569,main,A-ASEMI,ตราสารทุน,804852738.27,2026-07-31,,,
M0187_2552,main,ASP-OIL,ทรัพย์สินทางเลือก,11776890.27,2026-07-30,7005253.06,2025-07-14,0.681151297338001
M0206_2552,main,ASP-GOLD,ทรัพย์สินทางเลือก,193893390.65,2026-07-31,179337556.44,2025-07-14,0.08116445043049247
M0207_2566,main,ASP-THAITRIG 5M1,ผสม,14980196.21,2026-07-31,27478425.88,2025-07-14,-0.4548379053654874
M0210_2567,ASP-SC(UH)-UI-A,ASP-SC(UH)-UI,อื่น ๆ,,,139854168.62,2025-08-01,
M0210_2567,ASP-SC(UH)-UI-R,ASP-SC(UH)-UI,อื่น ๆ,,,159940252.99,2025-08-01,
M0227_2557,main,ASP-CHINA,ตราสารทุน,44662836.63,2026-07-27,40867127.06,2025-07-14,0.09287928570137183
M0231_2563,ASP-TOPBRAND-A,ASP-TOPBRAND,ตราสารทุน,97128402.03,2026-07-30,145000868.67,2025-07-14,-0.33015296445534037
M0231_2563,ASP-TOPBRAND-SSF,ASP-TOPBRAND,ตราสารทุน,714949.16,2026-07-30,1219466.76,2025-07-14,-0.41371984587755384
M0235_2565,ASP-PRE-UI-A,ASP-PRE-UI,ทรัพย์สินทางเลือก,5647823.98,2026-07-17,72165634.19,2025-07-15,-0.9217380399494554
M0235_2565,ASP-PRE-UI-D,ASP-PRE-UI,ทรัพย์สินทางเลือก,12702240.83,2026-07-17,12922197.71,2025-07-15,-0.01702163091265696
M0236_2563,main,ASP-X,ตราสารทุน,140712922.72,2026-07-30,210164793.18,2025-07-14,-0.3304638679444112
M0239_2568,main,ASP-GFEQ,ตราสารทุน,128175073.14,2026-07-30,120364010.97,2025-08-07,0.06489532965087763
M0245_2560,ASPGIPLUS-A,ASPGIPLUS,ผสม,22406510.9,2026-07-30,22910923.13,2025-07-14,-0.02201623335462699
M0245_2560,ASPGIPLUS-R,ASPGIPLUS,ผสม,53987847.21,2026-07-30,61221339.02,2025-07-14,-0.1181531133717435
M0245_2560,ASPGIPLUS-SSF,ASPGIPLUS,ผสม,969582.84,2026-07-30,813729.63,2025-07-14,0.19152947644293095
M0257_2552,ASP-S&P500-A,ASP-S&P500,ตราสารทุน,787839198.94,2026-07-30,470265024.67,2025-07-14,0.6753089377481389
M0257_2552,ASP-S&P500-SSF,ASP-S&P500,ตราสารทุน,16917397.74,2026-07-30,6789705.24,2025-07-14,1.491624767498743
M0271_2561,main,ASP-DISRUPTRMF,ตราสารทุน,89099357.42,2026-07-30,88185606.23,2025-07-14,0.010361681787578902
M0298_2561,main,ASP-VIETRMF,ตราสารทุน,767534874.52,2026-07-31,790459743.62,2025-07-14,-0.02900194384980692
M0305_2562,main,ASP-LEGACY-UI,ตราสารทุน,394347562.89,2026-07-01,599102333.19,2025-07-31,-0.3417692753919953
M0308_2564,ASP-CHINABOND-A,ASP-CHINABOND,ตราสารหนี้,6772707.77,2026-07-27,14753805.51,2025-07-14,-0.5409518062706251
M0308_2564,ASP-CHINABOND-R,ASP-CHINABOND,ตราสารหนี้,5835935.33,2026-07-27,6107313.57,2025-07-14,-0.04443496095125177
M0318_2567,main,ASP-INDIARMF,ตราสารทุน,28778027.9,2026-07-30,26441132.61,2025-07-14,0.08838105857523626
M0320_2568,main,ASP-JPSMALL,ตราสารทุน,36846727.56,2026-07-27,,,
M0333_2560,ASP-SME-A,ASP-SME,ตราสารทุน,341171961.63,2026-07-31,477967942.42,2025-07-14,-0.2862032547567691
M0333_2560,ASP-SME-I,ASP-SME,ตราสารทุน,0.0,2026-07-31,0.0,2025-07-14,
M0337_2561,ASP-INDIA-A,ASP-INDIA,ตราสารทุน,99879197.68,2026-07-30,237752600.1,2025-07-14,-0.57990281646556
M0337_2561,ASP-INDIA-SSF,ASP-INDIA,ตราสารทุน,813508.09,2026-07-30,679991.23,2025-07-14,0.1963508558779501
M0343_2566,main,ASP-TOPBRANDRMF,ตราสารทุน,15258591.23,2026-07-30,17012307.28,2025-07-14,-0.10308513837283573
M0347_2560,main,ASP-FLEXPLUS,ผสม,77226580.62,2026-07-31,91662696.98,2025-07-14,-0.15749172603059924
M0364_2561,main,ASP-EVOCHINA,ตราสารทุน,743863101.37,2026-07-30,1127760849.11,2025-07-14,-0.34040705353707057
M0400_2549,ASP-THGEQ-A,ASP-THGEQ,ตราสารทุน,3130800.93,2026-07-31,91242683.99,2025-07-14,-0.9656871017697909
M0400_2549,ASP-THGEQ-T,ASP-THGEQ,ตราสารทุน,111565294.46,2026-07-31,91242683.99,2025-07-14,0.2227313969877005
M0402_2564,main,ASP-NCLRRMF,ตราสารทุน,66214665.51,2026-07-30,47809377.53,2025-07-14,0.38497234080177734
M0417_2560,main,ASP-AIEQ,ตราสารทุน,897304091.13,2026-07-30,235496714.22,2025-07-14,2.8102616170336137
M0420_2569,main,A-HUMANOID,ตราสารทุน,124921417.11,2026-07-30,,,
M0424_2550,main,ASP-BIC,ตราสารทุน,28642783.0,2026-07-30,27986318.8,2025-07-14,0.023456611235344038
M0428_2550,main,ASP-ASIAN,ตราสารทุน,64905319.62,2026-07-30,57443069.12,2025-07-14,0.12990689067137362
M0437_2568,ASP-DEQ ThaiESGX-LTF,ASP-DEQ ThaiESGX,ตราสารทุน,31764558.63,2026-07-31,21789845.28,2025-07-14,0.4577688928867878
M0437_2568,ASP-DEQ ThaiESGX-T,ASP-DEQ ThaiESGX,ตราสารทุน,1828224.93,2026-07-31,21789845.28,2025-07-14,-0.9160973881866865
M0437_2568,ASP-DEQ ThaiESGX-X68,ASP-DEQ ThaiESGX,ตราสารทุน,39681288.54,2026-07-31,27530747.94,2025-07-14,0.44134436981082614
M0441_2552,main,ASP-HSI,ตราสารทุน,141983356.85,2026-07-31,69713184.52,2025-07-15,1.036678683201833
M0442_2568,ASP-MIX ThaiESGX-LTF,ASP-MIX ThaiESGX,ผสม,53085112.74,2026-07-30,41999879.95,2025-07-14,0.2639348684614513
M0442_2568,ASP-MIX ThaiESGX-T,ASP-MIX ThaiESGX,ผสม,2084234.55,2026-07-31,41999879.95,2025-07-14,-0.9503752260129972
M0442_2568,ASP-MIX ThaiESGX-X68,ASP-MIX ThaiESGX,ผสม,77708080.73,2026-07-30,60403370.71,2025-07-14,0.2864858337638292
M0449_2563,main,ASP-EVOCHINARMF,ตราสารทุน,140440350.16,2026-07-30,156918502.36,2025-07-14,-0.10501089388551577
M0471_2566,ASP-SC-UI-A,ASP-SC-UI,อื่น ๆ,,,318188095.39,2025-08-01,
M0471_2566,ASP-SC-UI-D,ASP-SC-UI,อื่น ๆ,,,26266188.92,2025-08-01,
M0471_2566,ASP-SC-UI-R,ASP-SC-UI,อื่น ๆ,,,26266188.92,2025-08-01,
M0481_2565,main,ASP-APR-UI,ทรัพย์สินทางเลือก,,,,,
M0488_2561,ASP-AAA-A,ASP-AAA,ผสม,132765917.82,2026-07-30,117573847.99,2025-07-14,0.12921300178328887
M0488_2561,ASP-AAA-R,ASP-AAA,ผสม,22798926.49,2026-07-27,18713514.81,2025-07-14,0.21831343397964265
M0496_2564,main,ASP-DIGIBLOC,ตราสารทุน,1048808463.45,2026-07-27,1967149248.38,2025-07-14,-0.4668383884376227
M0497_2564,main,ASP-DIGIBLOCRMF,ตราสารทุน,294584695.71,2026-07-27,208647472.22,2025-07-14,0.4118776162281368
M0498_2564,main,ASP-DIGIBLOC-SSF,ตราสารทุน,90729209.38,2026-07-24,86963639.05,2025-07-14,0.04330051468792573
M0542_2560,main,ASP-AIEQRMF,ตราสารทุน,234700607.61,2026-07-30,131087171.66,2025-07-14,0.7904162904570218
M0568_2560,ASP-THSME-A,ASP-THSME,ตราสารทุน,173542.58,2026-07-31,0.0,2025-07-14,
M0568_2560,ASP-THSME-T,ASP-THSME,ตราสารทุน,107494162.11,2026-07-31,0.0,2025-07-14,
M0576_2569,main,ASP-CSEMI,ตราสารทุน,159138887.35,2026-07-31,,,
M0578_2563,main,ASP-EUG,ตราสารทุน,119679891.43,2026-07-24,131022362.01,2025-07-14,-0.08656896735791031
M0592_2547,ASP-THDEQ-A,ASP-THDEQ,ตราสารทุน,31689.83,2026-07-31,95054295.11,2025-07-14,-0.9996666133817169
M0592_2547,ASP-THDEQ-T,ASP-THDEQ,ตราสารทุน,113593619.31,2026-07-31,95054295.11,2025-07-14,0.1950393107281021
M0603_2563,ASP-JHC-A,ASP-JHC,ตราสารทุน,271854975.29,2026-07-30,265631546.47,2025-07-14,0.023428801671727895
M0603_2563,ASP-JHC-SSF,ASP-JHC,ตราสารทุน,7536309.79,2026-07-30,441001.45,2025-07-14,16.089081657214507
M0621_2569,main,ASP-GQG 3M3,ตราสารทุน,131898530.85,2026-07-30,,,
M0629_2560,ASP-VIET-A,ASP-VIET,ตราสารทุน,1245898170.65,2026-07-31,1721844698.04,2025-07-14,-0.27641664078750916
M0629_2560,ASP-VIET-SSF,ASP-VIET,ตราสารทุน,3223490.52,2026-07-31,2409115.79,2025-07-14,0.3380388495149915
M0643_2568,main,ASP-PHF-UI,ผสม,,,,,
M0651_2566,ASP-USSMALL-A,ASP-USSMALL,ตราสารทุน,310418024.12,2026-07-27,721895697.07,2025-07-14,-0.569996018289191
M0651_2566,ASP-USSMALL-SSF,ASP-USSMALL,ตราสารทุน,725532.03,2026-07-27,706055.53,2025-07-15,0.027584940804868507
M0685_2567,main,ASP-VIETEQ-AI,ตราสารทุน,36221710.19,2026-07-31,147053125.65,2025-07-14,-0.7536828270062684
M0686_2565,main,ASP-GCC-UI,อื่น ๆ,10537843.7,2026-07-30,18264193.71,2025-07-14,-0.4230326360243143
M0696_2569,main,ASP-MEM,ตราสารทุน,90574238.48,2026-07-30,,,
M0714_2569,main,ASP-KOREA,ตราสารทุน,15863216.64,2026-07-30,,,
M0735_2562,ASP-PROPIN-A,ASP-PROPIN,ผสม,63155409.05,2026-07-30,52972251.55,2025-07-14,0.19223569325514167
M0735_2562,ASP-PROPIN-R,ASP-PROPIN,ผสม,15322433.41,2026-07-30,17005002.49,2025-07-14,-0.09894553564396436
M0776_2547,main,ASP-ERF,ตราสารทุน,267819928.07,2026-07-31,196348589.07,2025-07-14,0.36400230497464814
M0785_2547,main,ASP-MRF,ผสม,145833535.18,2026-07-31,135439791.4,2025-07-14,0.07674069542313244
M0787_2547,main,ASP-FRF,ตราสารหนี้,1191852033.7,2026-07-31,1001581873.88,2025-07-14,0.18996965178984104
M0804_2566,main,ASP-ThaiESG,ตราสารทุน,331083423.17,2026-07-31,200086129.68,2025-07-14,0.6547045199959909
M0815_2557,main,ASP-EUROPE QUALITY,ตราสารทุน,55468176.19,2026-07-24,56013728.72,2025-07-14,-0.009739621740361137
M0817_2568,main,ASP-DEFENSE,ตราสารทุน,463079642.74,2026-07-27,,,
M0847_2568,ASP-POINTAI-UI-G,ASP-POINTAI-UI,ตราสารทุน,,,,,
M0847_2568,ASP-POINTAI-UI-S,ASP-POINTAI-UI,ตราสารทุน,,,,,
M0856_2567,main,ASP-MILLENNIUM-UI,ผสม,,,3242513312.97,2025-07-31,
M0863_2566,main,ASP-INDO-UI,ตราสารทุน,21390622.23,2026-07-30,82262117.6,2025-07-15,-0.7399699539220226
M0881_2568,main,ASP-DAPP 3M5,ตราสารทุน,246737569.12,2026-07-30,,,
M0900_2566,main,ASP-MAG7-AI,ตราสารทุน,157857775.02,2026-07-30,395082222.66,2025-07-14,-0.6004432344305978
M0925_2568,main,ASP-ACTFIX,ตราสารหนี้,198654671.07,2026-07-31,,,
M0999_2568,main,A-RING,ตราสารทุน,1207173436.24,2026-07-30,,,
M1031_2568,main,A-SLVP,ตราสารทุน,1290695730.16,2026-07-30,,,
M1048_2567,main,ASP-SDAILY,ตราสารหนี้,3468622838.62,2026-07-31,4434434184.77,2025-07-14,-0.21779810138282474
M1094_2568,main,ASP-USDL,ตราสารหนี้,1564363.3,2026-07-30,,,
M1202_2557,main,ASP-EUPROP,ตราสารทุน,9973400.11,2026-07-30,10488128.64,2025-07-14,-0.04907725178321243
M0009_2561,KKP GNP-H,KKP GNP-H FUND,ตราสารทุน,3364936157.48,2026-07-30,1885953962.82,2025-07-14,0.7842090654474569
M0009_2561,KKP GNP-H-ES,KKP GNP-H FUND,ตราสารทุน,20459399.52,2026-07-30,9900056.77,2025-07-14,1.0665941615605505
M0009_2561,KKP GNP-H-F,KKP GNP-H FUND,ตราสารทุน,49.27,2026-07-30,45.65,2025-07-14,0.07929901423877328
M0009_2561,KKP GNP-H-M,KKP GNP-H FUND,ตราสารทุน,0.0,2026-07-30,0.0,2025-07-16,
M0009_2561,KKP GNP-H-SSF,KKP GNP-H FUND,ตราสารทุน,213462056.26,2026-07-30,201138335.0,2025-07-14,0.061269878066754435
M0022_2569,main,KKP EUROPE-H,ตราสารทุน,28333548.67,2026-07-27,,,
M0023_2569,main,KKP EUROPE-UH,ตราสารทุน,55383781.22,2026-07-27,,,
M0058_2565,KKP S-PLUS,KKP S-PLUS FUND,ตราสารหนี้,48510750233.49,2026-07-31,19984502221.84,2025-07-14,1.4274184913385124
M0058_2565,KKP S-PLUS-F,KKP S-PLUS FUND,ตราสารหนี้,0.0,2026-07-31,0.0,2025-07-14,
M0058_2565,KKP S-PLUS-M,KKP S-PLUS FUND,ตราสารหนี้,0.0,2026-07-30,0.0,2025-07-14,
M0058_2565,KKP S-PLUS-SSF,KKP S-PLUS FUND,ตราสารหนี้,37921393.41,2026-07-31,31571540.97,2025-07-14,0.20112583183803956
M0077_2567,KKP EMXCN-H,KKP EMXCN-H FUND,ตราสารทุน,260420860.63,2026-07-30,138700731.22,2025-07-14,0.8775738118996197
M0077_2567,KKP EMXCN-H-E,KKP EMXCN-H FUND,ตราสารทุน,260420860.63,2026-07-30,0.0,2025-07-14,
M0077_2567,KKP EMXCN-H-ES,KKP EMXCN-H FUND,ตราสารทุน,260420860.63,2026-07-30,0.0,2025-07-14,
M0077_2567,KKP EMXCN-H-F,KKP EMXCN-H FUND,ตราสารทุน,260420860.63,2026-07-30,0.0,2025-07-14,
M0077_2567,KKP EMXCN-H-M,KKP EMXCN-H FUND,ตราสารทุน,0.0,2026-07-30,0.0,2025-07-14,
M0077_2567,KKP EMXCN-H-SSF,KKP EMXCN-H FUND,ตราสารทุน,7515212.78,2026-07-30,2460197.86,2025-07-14,2.0547188509464034
M0078_2559,KKP SMART MV,KKP SMART MV FUND,ตราสารทุน,64457689.63,2026-07-31,72600174.59,2025-07-14,-0.11215517050728352
M0078_2559,KKP SMART MV-M,KKP SMART MV FUND,ตราสารทุน,0.0,2026-07-31,0.0,2025-07-14,
M0078_2559,KKP SMART MV-SSF,KKP SMART MV FUND,ตราสารทุน,8810040.15,2026-07-31,6999486.43,2025-07-14,0.2586695092714111
M0080_2567,KKP EMXCN-UH,KKP EMXCN-UH FUND,ตราสารทุน,262527060.4,2026-07-30,351268395.27,2025-07-14,-0.25263113922272906
M0080_2567,KKP EMXCN-UH-E,KKP EMXCN-UH FUND,ตราสารทุน,0.07,2026-07-30,124395007.87,2025-07-14,-0.9999999994372765
M0080_2567,KKP EMXCN-UH-ES,KKP EMXCN-UH FUND,ตราสารทุน,0.07,2026-07-30,124395007.87,2025-07-14,-0.9999999994372765
M0080_2567,KKP EMXCN-UH-F,KKP EMXCN-UH FUND,ตราสารทุน,0.07,2026-07-30,124395007.87,2025-07-14,-0.9999999994372765
M0080_2567,KKP EMXCN-UH-M,KKP EMXCN-UH FUND,ตราสารทุน,0.07,2026-07-30,124395007.87,2025-07-14,-0.9999999994372765
M0080_2567,KKP EMXCN-UH-SSF,KKP EMXCN-UH FUND,ตราสารทุน,8246261.65,2026-07-30,3689952.67,2025-07-14,1.2347879193800066
M0089_2564,KKP G-HYB-H-UI,KKP G-HYB-H-UI FUND,ตราสารหนี้,164820324.29,2026-07-30,372791335.68,2025-07-14,-0.5578751207043076
M0089_2564,KKP G-HYB-H-UI-F,KKP G-HYB-H-UI FUND,ตราสารหนี้,164820324.29,2026-07-30,585633.99,2025-07-14,280.43913622568255
M0089_2564,KKP G-HYB-H-UI-M,KKP G-HYB-H-UI FUND,ตราสารหนี้,164820324.29,2026-07-30,585633.99,2025-07-14,280.43913622568255
M0089_2564,KKP G-HYB-H-UI-R,KKP G-HYB-H-UI FUND,ตราสารหนี้,3.81,2026-07-30,585633.99,2025-07-14,-0.9999934942300737
M0109_2551,KKP GHC-A,KKP GHC FUND,ตราสารทุน,570114974.54,2026-07-30,24916301.07,2025-07-14,21.88120427419446
M0109_2551,KKP GHC-D,KKP GHC FUND,ตราสารทุน,90906004.2,2026-07-30,291306496.11,2025-07-14,-0.6879369138212659
M0109_2551,KKP GHC-E,KKP GHC FUND,ตราสารทุน,570114974.54,2026-07-30,291306496.11,2025-07-14,0.9570966736173274
M0109_2551,KKP GHC-ES,KKP GHC FUND,ตราสารทุน,570114974.54,2026-07-30,291306496.11,2025-07-14,0.9570966736173274
M0109_2551,KKP GHC-F,KKP GHC FUND,ตราสารทุน,570114974.54,2026-07-30,291306496.11,2025-07-14,0.9570966736173274
M0109_2551,KKP GHC-M,KKP GHC FUND,ตราสารทุน,570114974.54,2026-07-30,291306496.11,2025-07-14,0.9570966736173274
M0135_2551,KKP MP,KKP MP FUND,ตราสารหนี้,43745799838.49,2026-07-31,35510248309.39,2025-07-14,0.23192041512484352
M0135_2551,KKP MP-F,KKP MP FUND,ตราสารหนี้,1248555923.37,2026-07-31,1022128400.83,2025-07-14,0.22152551710346136
M0135_2551,KKP MP-SSF,KKP MP FUND,ตราสารหนี้,157501605.51,2026-07-31,150596624.32,2025-07-14,0.04585083643925336
M0164_2563,KKP SET50 ESG,KKP SET50 ESG FUND,ตราสารทุน,355435954.32,2026-07-31,26277784.54,2025-07-16,12.526100489139637
M0164_2563,KKP SET50 ESG-E,KKP SET50 ESG FUND,ตราสารทุน,20006757.52,2026-07-31,1462508.19,2025-07-14,12.679757595066869
M0164_2563,KKP SET50 ESG-ES,KKP SET50 ESG FUND,ตราสารทุน,20006757.52,2026-07-31,1462508.19,2025-07-14,12.679757595066869
M0164_2563,KKP SET50 ESG-F,KKP SET50 ESG FUND,ตราสารทุน,0.0,2026-07-31,0.0,2025-07-14,
M0164_2563,KKP SET50 ESG-M,KKP SET50 ESG FUND,ตราสารทุน,20006757.52,2026-07-31,1462508.19,2025-07-14,12.679757595066869
M0164_2563,KKP SET50 ESG-SSF,KKP SET50 ESG FUND,ตราสารทุน,279536622.27,2026-07-31,198065810.18,2025-07-14,0.4113320315907132
M0164_2563,KKP SET50 ESG-SSFX,KKP SET50 ESG FUND,ตราสารทุน,563548941.02,2026-07-31,372313027.5,2025-07-14,0.5136428204086949
M0184_2561,main,KKP CorePath Balanced RMF,ผสม,575694273.27,2026-07-27,,,
M0193_2564,KKP GIMPACT-H,KKP GIMPACT-H FUND,ตราสารทุน,32098242.89,2026-07-30,55507732.84,2025-07-14,-0.4217338513442337
M0193_2564,KKP GIMPACT-H-F,KKP GIMPACT-H FUND,ตราสารทุน,7753387.65,2026-07-30,8175009.15,2025-07-14,-0.05157443768732661
M0193_2564,KKP GIMPACT-H-SSF,KKP GIMPACT-H FUND,ตราสารทุน,7753387.65,2026-07-30,8175009.15,2025-07-14,-0.05157443768732661
M0207_2568,main,KKP SIB-USD,ตราสารหนี้,13081043.31,2026-07-30,4453184.74,2025-07-14,1.9374580381769655
M0209_2554,KKP CorePath Balanced,KKP CorePath Balanced FUND,ผสม,9080565630.69,2026-07-27,7319226530.24,2025-07-14,0.24064552356357338
M0209_2554,KKP CorePath Balanced-ES,KKP CorePath Balanced FUND,ผสม,54247618.06,2026-07-27,7319226530.24,2025-07-14,-0.992588340060815
M0209_2554,KKP CorePath Balanced-SSF,KKP CorePath Balanced FUND,ผสม,212704021.37,2026-07-27,7319226530.24,2025-07-14,-0.9709390028452877
M0216_2567,KKP GVALUE-H,KKP GVALUE-H FUND,ตราสารทุน,50961059.99,2026-07-30,65499003.68,2025-07-14,-0.22195671496052283
M0216_2567,KKP GVALUE-H-E,KKP GVALUE-H FUND,ตราสารทุน,4248747.17,2026-07-30,65499003.68,2025-07-14,-0.9351326442955139
M0216_2567,KKP GVALUE-H-ES,KKP GVALUE-H FUND,ตราสารทุน,4248747.17,2026-07-30,65499003.68,2025-07-14,-0.9351326442955139
M0216_2567,KKP GVALUE-H-F,KKP GVALUE-H FUND,ตราสารทุน,4248747.17,2026-07-30,65499003.68,2025-07-14,-0.9351326442955139
M0216_2567,KKP GVALUE-H-M,KKP GVALUE-H FUND,ตราสารทุน,0.0,2026-07-30,0.0,2025-07-14,
M0216_2567,KKP GVALUE-H-SSF,KKP GVALUE-H FUND,ตราสารทุน,4248747.17,2026-07-30,1484429.86,2025-07-14,1.8622081005565327
M0221_2567,KKP GVALUE-UH,KKP GVALUE-UH FUND,ตราสารทุน,443007798.61,2026-07-30,374613891.3,2025-07-14,0.1825717329185439
M0221_2567,KKP GVALUE-UH-E,KKP GVALUE-UH FUND,ตราสารทุน,443007798.61,2026-07-30,374613891.3,2025-07-14,0.1825717329185439
M0221_2567,KKP GVALUE-UH-ES,KKP GVALUE-UH FUND,ตราสารทุน,443007798.61,2026-07-30,374613891.3,2025-07-14,0.1825717329185439
M0221_2567,KKP GVALUE-UH-F,KKP GVALUE-UH FUND,ตราสารทุน,443007798.61,2026-07-30,374613891.3,2025-07-14,0.1825717329185439
M0221_2567,KKP GVALUE-UH-M,KKP GVALUE-UH FUND,ตราสารทุน,0.0,2026-07-30,0.0,2025-07-14,
M0221_2567,KKP GVALUE-UH-SSF,KKP GVALUE-UH FUND,ตราสารทุน,3897706.36,2026-07-30,1819043.45,2025-07-14,1.1427230668954058
M0241_2564,KKP SEMICON-H,KKP SEMICON-H FUND,ตราสารทุน,1371158808.68,2026-07-30,291817091.56,2025-07-14,3.6986926000462814
M0241_2564,KKP SEMICON-H-F,KKP SEMICON-H FUND,ตราสารทุน,8381.83,2026-07-30,4222.73,2025-07-14,0.9849315490216046
M0241_2564,KKP SEMICON-H-M,KKP SEMICON-H FUND,ตราสารทุน,0.07,2026-07-30,0.08,2025-07-14,-0.12499999999999989
M0241_2564,KKP SEMICON-H-SSF,KKP SEMICON-H FUND,ตราสารทุน,178907487.17,2026-07-30,85200981.54,2025-07-15,1.0998289448814251
M0298_2567,KKP US500-H,KKP US500-H FUND,ตราสารทุน,757273297.85,2026-07-30,528552025.0,2025-07-14,0.4327318069588326
M0298_2567,KKP US500-H-E,KKP US500-H FUND,ตราสารทุน,18962531.94,2026-07-30,0.0,2025-07-14,
M0298_2567,KKP US500-H-ES,KKP US500-H FUND,ตราสารทุน,18962531.94,2026-07-30,0.0,2025-07-14,
M0298_2567,KKP US500-H-F,KKP US500-H FUND,ตราสารทุน,18962531.94,2026-07-30,0.0,2025-07-14,
M0298_2567,KKP US500-H-M,KKP US500-H FUND,ตราสารทุน,0.0,2026-07-30,0.0,2025-07-14,
M0298_2567,KKP US500-H-SSF,KKP US500-H FUND,ตราสารทุน,18962531.94,2026-07-30,13167240.8,2025-07-14,0.440129502302411
M0301_2567,KKP US500-UH,KKP US500-UH FUND,ตราสารทุน,2121511481.06,2026-07-30,1310511618.89,2025-07-14,0.6188421762005549
M0301_2567,KKP US500-UH-E,KKP US500-UH FUND,ตราสารทุน,815451457.73,2026-07-30,93738666.97,2025-07-14,7.699200490988165
M0301_2567,KKP US500-UH-ES,KKP US500-UH FUND,ตราสารทุน,0.49,2026-07-30,1243238689.8,2025-07-14,-0.9999999996058682
M0301_2567,KKP US500-UH-F,KKP US500-UH FUND,ตราสารทุน,0.49,2026-07-30,1243238689.8,2025-07-14,-0.9999999996058682
M0301_2567,KKP US500-UH-M,KKP US500-UH FUND,ตราสารทุน,0.49,2026-07-30,1243238689.8,2025-07-14,-0.9999999996058682
M0301_2567,KKP US500-UH-SSF,KKP US500-UH FUND,ตราสารทุน,29026147.96,2026-07-30,22207848.43,2025-07-15,0.3070220670629822
M0316_2562,KKP PGE-H,KKP PGE-H FUND,ตราสารทุน,2594664801.57,2026-07-30,1295173866.41,2025-07-14,1.003333196308204
M0316_2562,KKP PGE-H-F,KKP PGE-H FUND,ตราสารทุน,104.07,2026-07-30,88.78,2025-07-14,0.1722234737553503
M0316_2562,KKP PGE-H-M,KKP PGE-H FUND,ตราสารทุน,1.44,2026-07-30,1.17,2025-07-14,0.23076923076923084
M0316_2562,KKP PGE-H-SSF,KKP PGE-H FUND,ตราสารทุน,549141842.46,2026-07-30,475534849.24,2025-07-14,0.15478780017413807
M0359_2547,KKP PLUS,KKP PLUS FUND,ตราสารหนี้,88329784200.51,2026-07-30,83849810475.73,2025-07-15,0.05342854920437423
M0359_2547,KKP PLUS-F,KKP PLUS FUND,ตราสารหนี้,300543567.88,2026-07-30,418081276.5,2025-07-14,-0.2811360259994805
M0359_2547,KKP PLUS-M,KKP PLUS FUND,ตราสารหนี้,0.56,2026-07-30,251939298.19,2025-07-14,-0.9999999977772424
M0359_2547,KKP PLUS-SSF,KKP PLUS FUND,ตราสารหนี้,70155013.9,2026-07-31,72648030.96,2025-07-14,-0.03431637481506744
M0363_2559,KKP SM CAP,KKP SM CAP FUND,ตราสารทุน,289773220.21,2026-07-31,381578135.41,2025-07-14,-0.24059270351367756
M0363_2559,KKP SM CAP-F,KKP SM CAP FUND,ตราสารทุน,0.0,2026-07-31,0.0,2025-07-14,
M0363_2559,KKP SM CAP-M,KKP SM CAP FUND,ตราสารทุน,0.0,2026-07-31,0.0,2025-07-14,
M0363_2559,KKP SM CAP-SSF,KKP SM CAP FUND,ตราสารทุน,5220924.22,2026-07-31,3071569.44,2025-07-14,0.6997578345485818
M0366_2561,main,KKP GNP RMF-H,ตราสารทุน,806914362.64,2026-07-30,640300878.28,2025-07-14,0.2602112382034574
M0369_2561,main,KKP GNP RMF-UH,ตราสารทุน,1147399127.43,2026-07-30,668010555.51,2025-07-14,0.7176362229096898
M0371_2565,KKP PREIT-UI,KKP PREIT-UI FUND,ทรัพย์สินทางเลือก,149098248.37,2026-07-01,196063502.79,2025-07-29,-0.23954103518339975
M0371_2565,KKP PREIT-UI-R,KKP PREIT-UI FUND,ทรัพย์สินทางเลือก,107106811.01,2026-07-01,153530217.72,2025-07-29,-0.3023730924075445
M0376_2555,KKP DIVIDEND,KKP DIVIDEND FUND,ตราสารทุน,104385117.23,2026-07-31,125863103.1,2025-07-14,-0.1706456089274665
M0376_2555,KKP DIVIDEND-F,KKP DIVIDEND FUND,ตราสารทุน,0.0,2026-07-31,0.0,2025-07-14,
M0376_2555,KKP DIVIDEND-M,KKP DIVIDEND FUND,ตราสารทุน,0.0,2026-07-31,0.0,2025-07-14,
M0376_2555,KKP DIVIDEND-SSF,KKP DIVIDEND FUND,ตราสารทุน,23152108.38,2026-07-31,16832123.15,2025-07-14,0.3754716605670747
M0400_2564,main,KKP PGE RMF-H,ตราสารทุน,620838837.81,2026-07-30,350501030.73,2025-07-14,0.7712896207950044
M0403_2569,KKP WIN-UH,KKP WIN-UH FUND,ตราสารทุน,68165103.89,2026-07-30,,,
M0403_2569,KKP WIN-UH-E,KKP WIN-UH FUND,ตราสารทุน,973964524.79,2026-07-30,,,
M0403_2569,KKP WIN-UH-ES,KKP WIN-UH FUND,ตราสารทุน,973964524.79,2026-07-30,,,
M0403_2569,KKP WIN-UH-F,KKP WIN-UH FUND,ตราสารทุน,973964524.79,2026-07-30,,,
M0403_2569,KKP WIN-UH-M,KKP WIN-UH FUND,ตราสารทุน,973964524.79,2026-07-30,,,
M0403_2569,KKP WIN-UH-R,KKP WIN-UH FUND,ตราสารทุน,973964524.79,2026-07-30,,,
M0414_2547,KKP  INRMF-F,KKP INRMF FUND,ตราสารหนี้,2495219294.61,2026-07-31,1823360547.9,2025-07-14,0.3684727891495694
M0414_2547,KKP INRMF,KKP INRMF FUND,ตราสารหนี้,2495219294.61,2026-07-31,1823360547.9,2025-07-14,0.3684727891495694
M0423_2547,main,KKP BLRMF,ผสม,259754516.75,2026-07-31,237112350.26,2025-07-14,0.09549129965255831
M0424_2567,KKP INDIA-H,KKP INDIA-H FUND,ตราสารทุน,4263540.08,2026-07-27,5093738.56,2025-07-14,-0.16298411671917445
M0424_2567,KKP INDIA-H-E,KKP INDIA-H FUND,ตราสารทุน,4263540.08,2026-07-27,5093738.56,2025-07-14,-0.16298411671917445
M0424_2567,KKP INDIA-H-ES,KKP INDIA-H FUND,ตราสารทุน,4263540.08,2026-07-27,5093738.56,2025-07-14,-0.16298411671917445
M0424_2567,KKP INDIA-H-F,KKP INDIA-H FUND,ตราสารทุน,4263540.08,2026-07-27,5093738.56,2025-07-14,-0.16298411671917445
M0424_2567,KKP INDIA-H-M,KKP INDIA-H FUND,ตราสารทุน,4263540.08,2026-07-27,5093738.56,2025-07-14,-0.16298411671917445
M0424_2567,KKP INDIA-H-SSF,KKP INDIA-H FUND,ตราสารทุน,4263540.08,2026-07-27,5093738.56,2025-07-14,-0.16298411671917445
M0426_2547,main,KKP EQRMF,ตราสารทุน,1546696618.13,2026-07-31,1327164296.79,2025-07-16,0.1654145774347464
M0427_2567,KKP INDIA-UH,KKP INDIA-UH FUND,ตราสารทุน,9887773.65,2026-07-27,11268277.11,2025-07-15,-0.12251238113188356
M0427_2567,KKP INDIA-UH-E,KKP INDIA-UH FUND,ตราสารทุน,9887773.65,2026-07-27,11268277.11,2025-07-15,-0.12251238113188356
M0427_2567,KKP INDIA-UH-ES,KKP INDIA-UH FUND,ตราสารทุน,9887773.65,2026-07-27,11268277.11,2025-07-15,-0.12251238113188356
M0427_2567,KKP INDIA-UH-F,KKP INDIA-UH FUND,ตราสารทุน,9887773.65,2026-07-27,11268277.11,2025-07-15,-0.12251238113188356
M0427_2567,KKP INDIA-UH-M,KKP INDIA-UH FUND,ตราสารทุน,9887773.65,2026-07-27,11268277.11,2025-07-15,-0.12251238113188356
M0427_2567,KKP INDIA-UH-SSF,KKP INDIA-UH FUND,ตราสารทุน,9887773.65,2026-07-27,11268277.11,2025-07-15,-0.12251238113188356
M0432_2565,KKP CHINA-H,KKP CHINA-H FUND,ตราสารทุน,56390139.47,2026-07-30,103404018.81,2025-07-14,-0.45466201295701847
M0432_2565,KKP CHINA-H-ES,KKP CHINA-H FUND,ตราสารทุน,25240801.86,2026-07-30,103404018.81,2025-07-14,-0.7559011520975913
M0432_2565,KKP CHINA-H-F,KKP CHINA-H FUND,ตราสารทุน,0.0,2026-07-30,0.0,2025-07-14,
M0432_2565,KKP CHINA-H-M,KKP CHINA-H FUND,ตราสารทุน,25240801.86,2026-07-30,103404018.81,2025-07-14,-0.7559011520975913
M0432_2565,KKP CHINA-H-SSF,KKP CHINA-H FUND,ตราสารทุน,25240801.86,2026-07-30,23994199.68,2025-07-15,0.051954313818563636
M0463_2564,main,KKP TECH RMF-H,ตราสารทุน,601408388.47,2026-07-30,258648694.95,2025-07-14,1.3251939801446118
M0466_2568,KKP BL THAI ESGX,KKP BL THAI ESGX FUND,ผสม,17675528.25,2026-07-31,332674529.81,2025-07-14,-0.9468684054048412
M0466_2568,KKP BL THAI ESGX-2568,KKP BL THAI ESGX FUND,ผสม,423302924.68,2026-07-31,332674529.81,2025-07-14,0.2724236055034346
M0466_2568,KKP BL THAI ESGX-for LTF,KKP BL THAI ESGX FUND,ผสม,825251614.24,2026-07-31,649909088.11,2025-07-14,0.2697954673013012
M0471_2561,KKP CorePath Extra,KKP CorePath Extra FUND,ผสม,708925527.95,2026-07-27,4057472.08,2025-07-14,173.7209873468803
M0471_2561,KKP CorePath Extra-ES,KKP CorePath Extra FUND,ผสม,17052532.69,2026-07-27,4057472.08,2025-07-14,3.2027480051076536
M0471_2561,KKP CorePath Extra-SSF,KKP CorePath Extra FUND,ผสม,63008184.38,2026-07-24,4057472.08,2025-07-14,14.528926173165436
M0471_2563,KKP TECH-H,KKP TECH-H FUND,ตราสารทุน,1376533487.75,2026-07-30,1242309819.22,2025-07-14,0.10804363489155544
M0471_2563,KKP TECH-H-F,KKP TECH-H FUND,ตราสารทุน,39.52,2026-07-30,30.37,2025-07-14,0.3012841620019757
M0471_2563,KKP TECH-H-M,KKP TECH-H FUND,ตราสารทุน,0.06,2026-07-30,0.06,2025-07-14,0.0
M0471_2563,KKP TECH-H-SSF,KKP TECH-H FUND,ตราสารทุน,540462438.68,2026-07-30,433175502.91,2025-07-14,0.2476754457471957
M0488_2564,KKP INCOME-H,KKP INCOME-H FUND,ผสม,130368760.08,2026-07-30,238935538.49,2025-07-14,-0.45437685451109144
M0488_2564,KKP INCOME-H-F,KKP INCOME-H FUND,ผสม,272150630.12,2026-07-30,238935538.49,2025-07-14,0.13901277239840204
M0488_2564,KKP INCOME-H-M,KKP INCOME-H FUND,ผสม,0.0,2026-07-30,0.0,2025-07-15,
M0488_2564,KKP INCOME-H-R,KKP INCOME-H FUND,ผสม,272150630.12,2026-07-30,492771110.27,2025-07-14,-0.44771390926127397
M0488_2564,KKP INCOME-H-SSF,KKP INCOME-H FUND,ผสม,47686687.06,2026-07-30,45623469.34,2025-07-14,0.045222727465644263
M0501_2566,KKP PGE-UH,KKP PGE-UH FUND,ตราสารทุน,4115578027.27,2026-07-30,2184600745.86,2025-07-16,0.8839039742476342
M0501_2566,KKP PGE-UH-E,KKP PGE-UH FUND,ตราสารทุน,128.85,2026-07-30,102.01,2025-07-14,0.2631114596608175
M0501_2566,KKP PGE-UH-ES,KKP PGE-UH FUND,ตราสารทุน,128.85,2026-07-30,102.01,2025-07-14,0.2631114596608175
M0501_2566,KKP PGE-UH-F,KKP PGE-UH FUND,ตราสารทุน,128.85,2026-07-30,102.01,2025-07-14,0.2631114596608175
M0501_2566,KKP PGE-UH-I,KKP PGE-UH FUND,ตราสารทุน,507334583.13,2026-07-30,102.01,2025-07-14,4973379.87569846
M0501_2566,KKP PGE-UH-M,KKP PGE-UH FUND,ตราสารทุน,7.96,2026-07-30,6.39,2025-07-14,0.24569640062597808
M0501_2566,KKP PGE-UH-SSF,KKP PGE-UH FUND,ตราสารทุน,175048937.63,2026-07-30,118717338.66,2025-07-14,0.4745018680997444
M0501_2567,KKP CASH,KKP CASH FUND,ตราสารหนี้,4438415334.81,2026-07-30,2914891941.72,2025-07-14,0.5226689097061383
M0501_2567,KKP CASH-E,KKP CASH FUND,ตราสารหนี้,0.0,2026-07-31,2914891941.72,2025-07-14,-1.0
M0501_2567,KKP CASH-ES,KKP CASH FUND,ตราสารหนี้,0.0,2026-07-31,2914891941.72,2025-07-14,-1.0
M0501_2567,KKP CASH-F,KKP CASH FUND,ตราสารหนี้,0.0,2026-07-31,0.0,2025-07-15,
M0501_2567,KKP CASH-M,KKP CASH FUND,ตราสารหนี้,0.0,2026-07-31,2914891941.72,2025-07-14,-1.0
M0501_2567,KKP CASH-SSF,KKP CASH FUND,ตราสารหนี้,22129971.27,2026-07-30,9406479.6,2025-07-14,1.3526305494778303
M0512_2561,KKP CorePath Light,KKP CorePath Light FUND,ผสม,1889428157.02,2026-07-27,798476718.14,2025-07-14,1.366290856195909
M0512_2561,KKP CorePath Light-ES,KKP CorePath Light FUND,ผสม,27407464.02,2026-07-27,798476718.14,2025-07-14,-0.9656753122572641
M0512_2561,KKP CorePath Light-SSF,KKP CorePath Light FUND,ผสม,16608570.38,2026-07-27,798476718.14,2025-07-14,-0.9791996810894016
M0518_2560,KKP G-UBOND-H,KKP G-UBOND-H FUND,ตราสารหนี้,238410417.11,2026-07-30,328377507.32,2025-07-14,-0.2739745817070477
M0518_2560,KKP G-UBOND-H-F,KKP G-UBOND-H FUND,ตราสารหนี้,12.66,2026-07-30,12.18,2025-07-14,0.039408866995073843
M0518_2560,KKP G-UBOND-H-M,KKP G-UBOND-H FUND,ตราสารหนี้,0.38,2026-07-30,93127600.51,2025-07-14,-0.999999995919577
M0518_2560,KKP G-UBOND-H-SSF,KKP G-UBOND-H FUND,ตราสารหนี้,4271122.54,2026-07-27,4996424.83,2025-07-15,-0.14516425537818012
M0526_2558,KKP ACT FIXED,KKP ACT FIXED FUND,ตราสารหนี้,6910960199.6,2026-07-31,7218108776.04,2025-07-14,-0.04255250038064784
M0526_2558,KKP ACT FIXED-ES,KKP ACT FIXED FUND,ตราสารหนี้,43916048.87,2026-07-31,48147179.61,2025-07-14,-0.08787909851154008
M0526_2558,KKP ACT FIXED-F,KKP ACT FIXED FUND,ตราสารหนี้,159482282.3,2026-07-24,236656006.89,2025-07-17,-0.3261008482487878
M0526_2558,KKP ACT FIXED-M,KKP ACT FIXED FUND,ตราสารหนี้,0.3,2026-07-31,96646919.74,2025-07-15,-0.9999999968959177
M0526_2558,KKP ACT FIXED-SSF,KKP ACT FIXED FUND,ตราสารหนี้,456586901.51,2026-07-30,450670746.54,2025-07-15,0.013127443960853746
M0529_2556,KKP PROP-D,KKP PROP-D FUND,ผสม,208249864.85,2026-07-30,242008018.63,2025-07-14,-0.13949188118271405
M0529_2556,KKP PROP-D-F,KKP PROP-D FUND,ผสม,49.48,2026-07-30,42.23,2025-07-14,0.17167890125503193
M0529_2556,KKP PROP-D-SSF,KKP PROP-D FUND,ผสม,15304054.26,2026-07-30,14678076.83,2025-07-14,0.04264710133691274
M0530_2564,KKP NDQ100-H,KKP NDQ100-H FUND,ตราสารทุน,489606973.34,2026-07-30,634614114.69,2025-07-14,-0.22849655876442965
M0530_2564,KKP NDQ100-H-F,KKP NDQ100-H FUND,ตราสารทุน,303.78,2026-07-30,254.73,2025-07-14,0.19255682487339532
M0530_2564,KKP NDQ100-H-SSF,KKP NDQ100-H FUND,ตราสารทุน,126747002.21,2026-07-30,106443739.65,2025-07-14,0.19074172541062162
M0537_2568,KKP GBA-UI,KKP GBA-UI FUND,อื่น ๆ,10966962933.0,2026-07-27,,,
M0537_2568,KKP GBA-UI-F,KKP GBA-UI FUND,อื่น ๆ,10966962933.0,2026-07-27,,,
M0537_2568,KKP GBA-UI-M,KKP GBA-UI FUND,อื่น ๆ,10966962933.0,2026-07-27,,,
M0549_2564,KKP VGF-UI,KKP VGF-UI FUND,ตราสารทุน,4890970153.14,2026-07-30,6149540037.09,2025-07-14,-0.20466081631457478
M0549_2564,KKP VGF-UI-F,KKP VGF-UI FUND,ตราสารทุน,4890970153.14,2026-07-30,6149540037.09,2025-07-14,-0.20466081631457478
M0561_2559,KKP SMART MV-L,KKP SMART MV-L FUND,ตราสารทุน,0.23,2026-07-30,,,
M0561_2559,KKP SMART MV-L-E,KKP SMART MV-L FUND,ตราสารทุน,111921242.84,2026-07-30,,,
M0561_2559,KKP SMART MV-L-ES,KKP SMART MV-L FUND,ตราสารทุน,111921242.84,2026-07-30,,,
M0561_2559,KKP SMART MV-L-EXL,KKP SMART MV-L FUND,ตราสารทุน,111921242.84,2026-07-30,,,
M0561_2559,KKP SMART MV-L-F,KKP SMART MV-L FUND,ตราสารทุน,111921242.84,2026-07-30,,,
M0561_2559,KKP SMART MV-L-M,KKP SMART MV-L FUND,ตราสารทุน,111921242.84,2026-07-30,,,
M0578_2567,KKP PEQ-UI,KKP PEQ-UI FUND,ทรัพย์สินทางเลือก,3819719201.2,2026-07-01,3000705244.78,2025-07-31,0.27294048885499467
M0578_2567,KKP PEQ-UI-F,KKP PEQ-UI FUND,ทรัพย์สินทางเลือก,3819719201.2,2026-07-01,3000705244.78,2025-07-31,0.27294048885499467
M0582_2554,KKP ACT EQ-A,KKP ACT EQ,ตราสารทุน,20209704.01,2026-07-30,11982100.9,2025-07-14,0.6866578055606258
M0582_2554,KKP ACT EQ-D,KKP ACT EQ,ตราสารทุน,194157554.83,2026-07-27,272015522.18,2025-07-14,-0.2862261929982043
M0582_2554,KKP ACT EQ-F,KKP ACT EQ,ตราสารทุน,0.0,2026-07-31,0.0,2025-07-14,
M0582_2554,KKP ACT EQ-M,KKP ACT EQ,ตราสารทุน,0.01,2026-07-31,0.01,2025-07-14,0.0
M0582_2554,KKP ACT EQ-SSF,KKP ACT EQ,ตราสารทุน,62267202.24,2026-07-31,49911716.54,2025-07-15,0.24754679975989458
M0601_2547,KKP SELECT-A,KKP SELECT FUND,ตราสารทุน,83633.3,2026-07-31,,,
M0601_2547,KKP SELECT-D,KKP SELECT FUND,ตราสารทุน,24758.51,2026-07-31,,,
M0601_2547,KKP SELECT-E,KKP SELECT FUND,ตราสารทุน,83633.3,2026-07-31,,,
M0601_2547,KKP SELECT-ES,KKP SELECT FUND,ตราสารทุน,83633.3,2026-07-31,,,
M0601_2547,KKP SELECT-EXL-D,KKP SELECT FUND,ตราสารทุน,1961380799.22,2026-06-23,,,
M0601_2547,KKP SELECT-F,KKP SELECT FUND,ตราสารทุน,83633.3,2026-07-31,,,
M0601_2547,KKP SELECT-M,KKP SELECT FUND,ตราสารทุน,83633.3,2026-07-31,,,
M0604_2563,KKP G-THEME-H,KKP G-THEME-H FUND,ตราสารทุน,260988716.64,2026-07-30,324652736.72,2025-07-14,-0.1960988246185884
M0604_2563,KKP G-THEME-H-F,KKP G-THEME-H FUND,ตราสารทุน,186.22,2026-07-30,171.46,2025-07-14,0.08608421789338605
M0604_2563,KKP G-THEME-H-SSF,KKP G-THEME-H FUND,ตราสารทุน,7908018.46,2026-07-30,7871388.87,2025-07-14,0.004653510403939576
M0605_2567,KKP TECH-UH,KKP TECH-UH FUND,ตราสารทุน,556774233.37,2026-07-30,387496770.95,2025-07-14,0.4368487045840246
M0605_2567,KKP TECH-UH-E,KKP TECH-UH FUND,ตราสารทุน,19872628.12,2026-07-30,387496770.95,2025-07-14,-0.9487153710435325
M0605_2567,KKP TECH-UH-ES,KKP TECH-UH FUND,ตราสารทุน,19872628.12,2026-07-30,387496770.95,2025-07-14,-0.9487153710435325
M0605_2567,KKP TECH-UH-F,KKP TECH-UH FUND,ตราสารทุน,667.97,2026-07-30,4961554261.61,2025-07-16,-0.9999998653708163
M0605_2567,KKP TECH-UH-M,KKP TECH-UH FUND,ตราสารทุน,0.0,2026-07-30,0.0,2025-07-14,
M0605_2567,KKP TECH-UH-SSF,KKP TECH-UH FUND,ตราสารทุน,19872628.12,2026-07-30,7566696.9,2025-07-14,1.626328024319304
M0645_2558,KKP GNP,KKP GNP FUND,ตราสารทุน,6513094278.92,2026-07-30,5616108891.27,2025-07-14,0.15971652348912335
M0645_2558,KKP GNP-ES,KKP GNP FUND,ตราสารทุน,37627323.71,2026-07-30,23663169.31,2025-07-14,0.5901218985953325
M0645_2558,KKP GNP-M,KKP GNP FUND,ตราสารทุน,0.82,2026-07-27,345103711.19,2025-07-15,-0.9999999976239027
M0645_2558,KKP GNP-SSF,KKP GNP FUND,ตราสารทุน,192040273.71,2026-07-30,170974112.84,2025-07-14,0.12321257598636604
M0669_2552,KKP MMRMF,KKP MMRMF FUND,ตราสารหนี้,695079140.83,2026-07-31,499980244.88,2025-07-14,0.39021320931755143
M0669_2552,KKP MMRMF-F,KKP MMRMF FUND,ตราสารหนี้,695079140.83,2026-07-31,499980244.88,2025-07-14,0.39021320931755143
M0690_2566,KKP NDQ100-UH,KKP NDQ100-UH FUND,ตราสารทุน,2541681241.13,2026-07-30,1808654777.99,2025-07-14,0.40528821312966623
M0690_2566,KKP NDQ100-UH-E,KKP NDQ100-UH FUND,ตราสารทุน,879241186.0,2026-07-30,213000446.04,2025-07-14,3.1278842478803295
M0690_2566,KKP NDQ100-UH-ES,KKP NDQ100-UH FUND,ตราสารทุน,879241186.0,2026-07-30,213000446.04,2025-07-14,3.1278842478803295
M0690_2566,KKP NDQ100-UH-F,KKP NDQ100-UH FUND,ตราสารทุน,895216260.58,2026-07-30,1628561959.36,2025-07-14,-0.45030260873107564
M0690_2566,KKP NDQ100-UH-M,KKP NDQ100-UH FUND,ตราสารทุน,879241186.0,2026-07-30,213000446.04,2025-07-14,3.1278842478803295
M0690_2566,KKP NDQ100-UH-SSF,KKP NDQ100-UH FUND,ตราสารทุน,55953442.86,2026-07-30,37768064.08,2025-07-14,0.4815014807610971
M0694_2568,KKP CAT-UI,KKP CAT-UI FUND,อื่น ๆ,210276503.31,2026-07-27,,,
M0694_2568,KKP CAT-UI-F,KKP CAT-UI FUND,อื่น ๆ,210276503.31,2026-07-27,,,
M0694_2568,KKP CAT-UI-M,KKP CAT-UI FUND,อื่น ๆ,210276503.31,2026-07-27,,,
M0702_2569,main,KKP CNGROWTH-H,ตราสารทุน,236374632.39,2026-07-27,,,
M0716_2568,KKP GCON-UI,KKP GCON-UI FUND,อื่น ๆ,4250090599.49,2026-07-24,,,
M0716_2568,KKP GCON-UI-F,KKP GCON-UI FUND,อื่น ๆ,4250090599.49,2026-07-24,,,
M0716_2568,KKP GCON-UI-M,KKP GCON-UI FUND,อื่น ๆ,4250090599.49,2026-07-24,,,
M0717_2568,KKP GMOD-UI,KKP GMOD-UI FUND,อื่น ๆ,3785305253.99,2026-07-27,,,
M0717_2568,KKP GMOD-UI-F,KKP GMOD-UI FUND,อื่น ๆ,3785305253.99,2026-07-27,,,
M0717_2568,KKP GMOD-UI-M,KKP GMOD-UI FUND,อื่น ๆ,3785305253.99,2026-07-27,,,
M0719_2567,main,KKP PGE RMF-UH,ตราสารทุน,548857982.74,2026-07-30,143523428.42,2025-07-14,2.824169954565527
M0723_2568,KKP GAG-UI,KKP GAG-UI FUND,อื่น ๆ,3926534116.83,2026-07-24,,,
M0723_2568,KKP GAG-UI-F,KKP GAG-UI FUND,อื่น ๆ,3926534116.83,2026-07-24,,,
M0723_2568,KKP GAG-UI-M,KKP GAG-UI FUND,อื่น ๆ,3926534116.83,2026-07-24,,,
M0725_2568,KKP GGRO-UI,KKP GGRO-UI FUND,อื่น ๆ,1951969703.32,2026-07-27,,,
M0725_2568,KKP GGRO-UI-F,KKP GGRO-UI FUND,อื่น ๆ,1951969703.32,2026-07-27,,,
M0725_2568,KKP GGRO-UI-M,KKP GGRO-UI FUND,อื่น ๆ,1951969703.32,2026-07-27,,,
M0726_2568,KKP GCORE-UI,KKP GCORE-UI FUND,อื่น ๆ,10560031859.96,2026-07-27,,,
M0726_2568,KKP GCORE-UI-F,KKP GCORE-UI FUND,อื่น ๆ,10560031859.96,2026-07-27,,,
M0726_2568,KKP GCORE-UI-M,KKP GCORE-UI FUND,อื่น ๆ,10560031859.96,2026-07-27,,,
M0730_2568,KKP GENH-UI,KKP GENH-UI FUND,อื่น ๆ,2704111642.61,2026-07-23,,,
M0730_2568,KKP GENH-UI-F,KKP GENH-UI FUND,อื่น ๆ,2704111642.61,2026-07-23,,,
M0730_2568,KKP GENH-UI-M,KKP GENH-UI FUND,อื่น ๆ,2704111642.61,2026-07-23,,,
M0742_2562,KKP CorePath Ultra Light,KKP CorePath Ultra Light FUND,ผสม,25708097.83,2026-07-27,2543005.68,2025-07-14,9.10933559141716
M0742_2562,KKP CorePath Ultra Light-ES,KKP CorePath Ultra Light FUND,ผสม,25708097.83,2026-07-27,2543005.68,2025-07-14,9.10933559141716
M0742_2562,KKP CorePath Ultra Light-SSF,KKP CorePath Ultra Light FUND,ผสม,4569747.2,2026-07-27,2543005.68,2025-07-14,0.796986627257553
M0743_2562,KKP GINFRAEQ-H,KKP GINFRAEQ-H FUND,ตราสารทุน,2347181198.4,2026-07-27,1449201663.28,2025-07-14,0.6196373892420117
M0743_2562,KKP GINFRAEQ-H-F,KKP GINFRAEQ-H FUND,ตราสารทุน,3.22,2026-07-30,2.95,2025-07-14,0.09152542372881367
M0743_2562,KKP GINFRAEQ-H-M,KKP GINFRAEQ-H FUND,ตราสารทุน,0.48,2026-07-30,235732430.22,2025-07-14,-0.9999999979637931
M0743_2562,KKP GINFRAEQ-H-SSF,KKP GINFRAEQ-H FUND,ตราสารทุน,16031362.28,2026-07-27,9334552.7,2025-07-14,0.7174215835751832
M0748_2569,main,KKP CNGROWTH-UH,ตราสารทุน,3082541881.67,2026-07-27,,,
M0773_2554,main,KKP PROP,ทรัพย์สินทางเลือก,509607482.39,2026-07-30,488592125.34,2025-07-14,0.043012066629964485
M0826_2567,KKP SIB-H,KKP SIB-H FUND,ตราสารหนี้,1855374.89,2026-07-30,404753361.25,2025-07-14,-0.995416035868683
M0826_2567,KKP SIB-H-E,KKP SIB-H FUND,ตราสารหนี้,1855374.89,2026-07-30,404753361.25,2025-07-14,-0.995416035868683
M0826_2567,KKP SIB-H-ES,KKP SIB-H FUND,ตราสารหนี้,1855374.89,2026-07-30,404753361.25,2025-07-14,-0.995416035868683
M0826_2567,KKP SIB-H-F,KKP SIB-H FUND,ตราสารหนี้,1855374.89,2026-07-30,404753361.25,2025-07-14,-0.995416035868683
M0826_2567,KKP SIB-H-M,KKP SIB-H FUND,ตราสารหนี้,1.03,2026-07-24,404753361.25,2025-07-14,-0.9999999974552404
M0826_2567,KKP SIB-H-SSF,KKP SIB-H FUND,ตราสารหนี้,1855374.89,2026-07-30,924371.36,2025-07-14,1.0071747895780758
M0829_2567,KKP SIB-UH,KKP SIB-UH FUND,ตราสารหนี้,0.0,2026-07-30,2511671.46,2025-07-14,-1.0
M0829_2567,KKP SIB-UH-E,KKP SIB-UH FUND,ตราสารหนี้,0.0,2026-07-30,2511671.46,2025-07-14,-1.0
M0829_2567,KKP SIB-UH-ES,KKP SIB-UH FUND,ตราสารหนี้,0.0,2026-07-30,2511671.46,2025-07-14,-1.0
M0829_2567,KKP SIB-UH-F,KKP SIB-UH FUND,ตราสารหนี้,0.0,2026-07-30,2511671.46,2025-07-14,-1.0
M0829_2567,KKP SIB-UH-M,KKP SIB-UH FUND,ตราสารหนี้,0.0,2026-07-30,0.0,2025-07-14,
M0829_2567,KKP SIB-UH-SSF,KKP SIB-UH FUND,ตราสารหนี้,3167765.49,2026-07-30,2511671.46,2025-07-14,0.26121809338869517
M0840_2566,main,KKP GB THAI ESG,ตราสารหนี้,9524247357.63,2026-07-31,6131465247.97,2025-07-14,0.5533395318163596
M0843_2568,KKP CAT-USD-UI,KKP CAT-USD-UI FUND,อื่น ๆ,2428071.67,2026-07-20,,,
M0843_2568,KKP CAT-USD-UI-F,KKP CAT-USD-UI FUND,อื่น ๆ,2428071.67,2026-07-20,,,
M0843_2568,KKP CAT-USD-UI-M,KKP CAT-USD-UI FUND,อื่น ๆ,2428071.67,2026-07-20,,,
M0847_2554,main,KKP PROPRMF,ทรัพย์สินทางเลือก,322550286.4,2026-07-30,312613219.82,2025-07-14,0.031787096482105426
M0851_2566,main,KKP EQ THAI ESG,ตราสารทุน,510437831.75,2026-07-31,187471854.95,2025-07-14,1.722743805389546
M0869_2568,main,KKP US500 RMF-UH,ตราสารทุน,139869303.8,2026-07-30,,,
M0872_2568,main,KKP INDIA RMF-UH,ตราสารทุน,18081632.74,2026-07-27,,,
M0878_2566,KKP GC-UI,KKP GC-UI FUND,อื่น ๆ,1081635549.61,2026-07-27,1507250852.24,2025-07-15,-0.2823785450162275
M0878_2566,KKP GC-UI-F,KKP GC-UI FUND,อื่น ๆ,238696787.31,2026-07-27,353604782.7,2025-07-14,-0.3249616549657601
M0878_2566,KKP GC-UI-R,KKP GC-UI FUND,อื่น ๆ,238696787.31,2026-07-27,353604782.7,2025-07-14,-0.3249616549657601
M0913_2568,KKP GC-USD-UI,KKP GC-USD-UI FUND,อื่น ๆ,503992.38,2026-07-27,,,
M0913_2568,KKP GC-USD-UI-F,KKP GC-USD-UI FUND,อื่น ๆ,503992.38,2026-07-27,,,
M0913_2568,KKP GC-USD-UI-M,KKP GC-USD-UI FUND,อื่น ๆ,503992.38,2026-07-27,,,
M0913_2568,KKP GC-USD-UI-R,KKP GC-USD-UI FUND,อื่น ๆ,503992.38,2026-07-27,,,
M0965_2567,KKP EWUS500-UH,KKP EWUS500-UH FUND,ตราสารทุน,169191433.58,2026-07-30,356308631.61,2025-07-14,-0.5251548276686442
M0965_2567,KKP EWUS500-UH-E,KKP EWUS500-UH FUND,ตราสารทุน,169191433.58,2026-07-30,356308631.61,2025-07-14,-0.5251548276686442
M0965_2567,KKP EWUS500-UH-ES,KKP EWUS500-UH FUND,ตราสารทุน,169191433.58,2026-07-30,356308631.61,2025-07-14,-0.5251548276686442
M0965_2567,KKP EWUS500-UH-F,KKP EWUS500-UH FUND,ตราสารทุน,169191433.58,2026-07-30,356308631.61,2025-07-14,-0.5251548276686442
M0965_2567,KKP EWUS500-UH-M,KKP EWUS500-UH FUND,ตราสารทุน,0.31,2026-07-30,312293032.11,2025-07-15,-0.9999999990073426
M0965_2567,KKP EWUS500-UH-SSF,KKP EWUS500-UH FUND,ตราสารทุน,3154288.53,2026-07-30,3008005.93,2025-07-14,0.04863108763884649
M1015_2567,KKP VIETNAM,KKP VIETNAM FUND,ตราสารทุน,122344625.55,2026-07-31,3000000000.0,2025-07-31,-0.95921845815
M1015_2567,KKP VIETNAM-E,KKP VIETNAM FUND,ตราสารทุน,122344625.55,2026-07-31,3000000000.0,2025-07-31,-0.95921845815
M1015_2567,KKP VIETNAM-ES,KKP VIETNAM FUND,ตราสารทุน,122344625.55,2026-07-31,3000000000.0,2025-07-31,-0.95921845815
M1015_2567,KKP VIETNAM-F,KKP VIETNAM FUND,ตราสารทุน,122344625.55,2026-07-31,3000000000.0,2025-07-31,-0.95921845815
M1015_2567,KKP VIETNAM-M,KKP VIETNAM FUND,ตราสารทุน,122344625.55,2026-07-31,3000000000.0,2025-07-31,-0.95921845815
M1063_2568,main,KKP AAA CLO-USD,ตราสารหนี้,27263814.74,2026-07-27,,,
M0001_2552,PRINCIPAL SET50-A,PRINCIPAL SET50,ตราสารทุน,212645439.52,2026-07-31,122962853.97,2025-07-14,0.7293469747528829
M0001_2552,PRINCIPAL SET50-C,PRINCIPAL SET50,ตราสารทุน,4981078.67,2026-07-31,605363.1,2025-07-14,7.228249574511562
M0001_2552,PRINCIPAL SET50-E,PRINCIPAL SET50,ตราสารทุน,4981078.67,2026-07-31,605363.1,2025-07-14,7.228249574511562
M0001_2552,PRINCIPAL SET50-I,PRINCIPAL SET50,ตราสารทุน,4981078.67,2026-07-31,605363.1,2025-07-14,7.228249574511562
M0001_2552,PRINCIPAL SET50-R,PRINCIPAL SET50,ตราสารทุน,4981078.67,2026-07-31,605363.1,2025-07-14,7.228249574511562
M0001_2552,PRINCIPAL SET50-X,PRINCIPAL SET50,ตราสารทุน,4981078.67,2026-07-31,605363.1,2025-07-14,7.228249574511562
M0046_2565,PRINCIPAL MAGLOBAL-A,PRINCIPAL MAGLOBAL,ผสม,48140499.72,2026-07-30,50635280.6,2025-07-14,-0.04926961696347354
M0046_2565,PRINCIPAL MAGLOBAL-C,PRINCIPAL MAGLOBAL,ผสม,73594501.29,2026-07-30,50635280.6,2025-07-14,0.4534233921081501
M0046_2565,PRINCIPAL MAGLOBAL-D,PRINCIPAL MAGLOBAL,ผสม,73594501.29,2026-07-30,50635280.6,2025-07-14,0.4534233921081501
M0046_2565,PRINCIPAL MAGLOBAL-E,PRINCIPAL MAGLOBAL,ผสม,73594501.29,2026-07-30,50635280.6,2025-07-14,0.4534233921081501
M0046_2565,PRINCIPAL MAGLOBAL-I,PRINCIPAL MAGLOBAL,ผสม,73594501.29,2026-07-30,50635280.6,2025-07-14,0.4534233921081501
M0046_2565,PRINCIPAL MAGLOBAL-R,PRINCIPAL MAGLOBAL,ผสม,73594501.29,2026-07-30,50635280.6,2025-07-14,0.4534233921081501
M0046_2565,PRINCIPAL MAGLOBAL-SSF,PRINCIPAL MAGLOBAL,ผสม,73594501.29,2026-07-30,50635280.6,2025-07-14,0.4534233921081501
M0046_2565,PRINCIPAL MAGLOBAL-X,PRINCIPAL MAGLOBAL,ผสม,73594501.29,2026-07-30,50635280.6,2025-07-14,0.4534233921081501
M0063_2565,main,PRINCIPAL VNTG7M1,ผสม,243586401.1,2026-07-31,375074341.17,2025-07-14,-0.3505650097520373
M0074_2560,main,PRINCIPAL GREITs,ทรัพย์สินทางเลือก,243414461.51,2026-07-27,226595090.93,2025-07-14,0.07422654440998389
M0077_2557,PRINCIPAL GEF-A,PRINCIPAL GEF,ตราสารทุน,9370253.82,2026-07-30,8123990.13,2025-07-14,0.15340536732040566
M0077_2557,PRINCIPAL GEF-C,PRINCIPAL GEF,ตราสารทุน,8114796591.88,2026-07-30,5181821052.08,2025-07-14,0.5660125099500868
M0077_2557,PRINCIPAL GEF-I,PRINCIPAL GEF,ตราสารทุน,20007168.09,2026-07-30,8123990.13,2025-07-14,1.4627267844797345
M0077_2557,PRINCIPAL GEF-R,PRINCIPAL GEF,ตราสารทุน,20007168.09,2026-07-30,8123990.13,2025-07-14,1.4627267844797345
M0077_2557,PRINCIPAL GEF-X,PRINCIPAL GEF,ตราสารทุน,20007168.09,2026-07-30,35344239.32,2025-07-14,-0.43393411557513184
M0086_2564,PRINCIPAL GCLEAN-A,PRINCIPAL GCLEAN,ตราสารทุน,971880731.89,2026-07-30,424957568.8,2025-07-14,1.2870065231086665
M0086_2564,PRINCIPAL GCLEAN-C,PRINCIPAL GCLEAN,ตราสารทุน,68573.75,2026-07-30,424957568.8,2025-07-14,-0.9998386338895113
M0086_2564,PRINCIPAL GCLEAN-D,PRINCIPAL GCLEAN,ตราสารทุน,971880731.89,2026-07-30,424957568.8,2025-07-14,1.2870065231086665
M0086_2564,PRINCIPAL GCLEAN-E,PRINCIPAL GCLEAN,ตราสารทุน,971880731.89,2026-07-30,424957568.8,2025-07-14,1.2870065231086665
M0086_2564,PRINCIPAL GCLEAN-I,PRINCIPAL GCLEAN,ตราสารทุน,971880731.89,2026-07-30,424957568.8,2025-07-14,1.2870065231086665
M0086_2564,PRINCIPAL GCLEAN-R,PRINCIPAL GCLEAN,ตราสารทุน,971880731.89,2026-07-30,424957568.8,2025-07-14,1.2870065231086665
M0086_2564,PRINCIPAL GCLEAN-X,PRINCIPAL GCLEAN,ตราสารทุน,971880731.89,2026-07-30,424957568.8,2025-07-14,1.2870065231086665
M0117_2555,main,PRINCIPAL DEF,ตราสารทุน,942613905.19,2026-07-31,746974138.99,2025-07-14,0.26190969136432063
M0122_2565,PRINCIPAL GESG-A,PRINCIPAL GESG,ตราสารทุน,42439580.28,2026-07-30,80489036.12,2025-07-14,-0.47272843202237613
M0122_2565,PRINCIPAL GESG-C,PRINCIPAL GESG,ตราสารทุน,139979733.93,2026-07-30,102079821.48,2025-07-14,0.37127722110510897
M0122_2565,PRINCIPAL GESG-D,PRINCIPAL GESG,ตราสารทุน,139979733.93,2026-07-30,102079821.48,2025-07-14,0.37127722110510897
M0122_2565,PRINCIPAL GESG-E,PRINCIPAL GESG,ตราสารทุน,139979733.93,2026-07-30,102079821.48,2025-07-14,0.37127722110510897
M0122_2565,PRINCIPAL GESG-I,PRINCIPAL GESG,ตราสารทุน,139979733.93,2026-07-30,102079821.48,2025-07-14,0.37127722110510897
M0122_2565,PRINCIPAL GESG-R,PRINCIPAL GESG,ตราสารทุน,139979733.93,2026-07-30,102079821.48,2025-07-14,0.37127722110510897
M0122_2565,PRINCIPAL GESG-SSF,PRINCIPAL GESG,ตราสารทุน,139979733.93,2026-07-30,102079821.48,2025-07-14,0.37127722110510897
M0122_2565,PRINCIPAL GESG-X,PRINCIPAL GESG,ตราสารทุน,139979733.93,2026-07-30,102079821.48,2025-07-14,0.37127722110510897
M0146_2555,PRINCIPAL iDAILY-A,PRINCIPAL iDAILY,ตราสารหนี้,518878472.67,2026-07-27,467277299.37,2025-07-15,0.11042944600469684
M0146_2555,PRINCIPAL iDAILY-C,PRINCIPAL iDAILY,ตราสารหนี้,5838556.59,2026-07-30,68064753.26,2025-07-15,-0.9142205574785919
M0146_2555,PRINCIPAL iDAILY-D,PRINCIPAL iDAILY,ตราสารหนี้,7181298.03,2026-07-30,3774448.7,2025-07-15,0.9026084604090658
M0146_2555,PRINCIPAL iDAILY-E,PRINCIPAL iDAILY,ตราสารหนี้,46335.85,2026-07-31,166338.58,2025-07-14,-0.7214365422621739
M0146_2555,PRINCIPAL iDAILY-I,PRINCIPAL iDAILY,ตราสารหนี้,46335.85,2026-07-31,51842899.23,2025-07-14,-0.9991062257186961
M0146_2555,PRINCIPAL iDAILY-R,PRINCIPAL iDAILY,ตราสารหนี้,2443087.26,2026-07-31,138067.63,2025-07-15,16.694859106366927
M0146_2555,PRINCIPAL iDAILY-X,PRINCIPAL iDAILY,ตราสารหนี้,46335.85,2026-07-31,166338.58,2025-07-14,-0.7214365422621739
M0148_2553,main,PRINCIPAL CII,ตราสารทุน,15959041.33,2026-07-30,18929549.63,2025-07-14,-0.15692440433407184
M0160_2564,PRINCIPAL CHTECH-A,PRINCIPAL CHTECH,ตราสารทุน,917007172.34,2026-07-30,1073963332.35,2025-07-14,-0.14614666560966771
M0160_2564,PRINCIPAL CHTECH-C,PRINCIPAL CHTECH,ตราสารทุน,917007172.34,2026-07-30,1073963332.35,2025-07-14,-0.14614666560966771
M0160_2564,PRINCIPAL CHTECH-D,PRINCIPAL CHTECH,ตราสารทุน,917007172.34,2026-07-30,1073963332.35,2025-07-14,-0.14614666560966771
M0160_2564,PRINCIPAL CHTECH-E,PRINCIPAL CHTECH,ตราสารทุน,917007172.34,2026-07-30,1073963332.35,2025-07-14,-0.14614666560966771
M0160_2564,PRINCIPAL CHTECH-I,PRINCIPAL CHTECH,ตราสารทุน,917007172.34,2026-07-30,1073963332.35,2025-07-14,-0.14614666560966771
M0160_2564,PRINCIPAL CHTECH-R,PRINCIPAL CHTECH,ตราสารทุน,917007172.34,2026-07-30,1073963332.35,2025-07-14,-0.14614666560966771
M0160_2564,PRINCIPAL CHTECH-X,PRINCIPAL CHTECH,ตราสารทุน,917007172.34,2026-07-30,1073963332.35,2025-07-14,-0.14614666560966771
M0166_2560,PRINCIPAL GOPP-A,PRINCIPAL GOPP,ตราสารทุน,1163381337.66,2026-07-30,1549497029.98,2025-07-14,-0.24918775889811395
M0166_2560,PRINCIPAL GOPP-C,PRINCIPAL GOPP,ตราสารทุน,742598811.0,2026-07-30,1623030487.4,2025-07-14,-0.5424615761903525
M0166_2560,PRINCIPAL GOPP-E,PRINCIPAL GOPP,ตราสารทุน,1163381337.66,2026-07-30,1549497029.98,2025-07-14,-0.24918775889811395
M0166_2560,PRINCIPAL GOPP-I,PRINCIPAL GOPP,ตราสารทุน,1163381337.66,2026-07-30,1549497029.98,2025-07-14,-0.24918775889811395
M0166_2560,PRINCIPAL GOPP-R,PRINCIPAL GOPP,ตราสารทุน,1163381337.66,2026-07-30,1549497029.98,2025-07-14,-0.24918775889811395
M0166_2560,PRINCIPAL GOPP-SSF,PRINCIPAL GOPP,ตราสารทุน,59686997.69,2026-07-30,62067511.02,2025-07-14,-0.03835361352307065
M0166_2560,PRINCIPAL GOPP-X,PRINCIPAL GOPP,ตราสารทุน,1163381337.66,2026-07-30,1549497029.98,2025-07-14,-0.24918775889811395
M0168_2568,main,PRINCIPAL FI23M1AI,ตราสารหนี้,403851375.94,2026-07-31,404501752.69,2025-07-14,-0.0016078465561023547
M0172_2563,PRINCIPAL SET50SSF-SSF,PRINCIPAL SET50SSF,ตราสารทุน,98013251.31,2026-07-31,66398183.19,2025-07-14,0.4761435720241429
M0172_2563,PRINCIPAL SET50SSF-SSFX,PRINCIPAL SET50SSF,ตราสารทุน,106674295.95,2026-07-31,70912179.49,2025-07-14,0.5043155733923419
M0177_2551,main,PRINCIPAL EPIF,ตราสารทุน,1125204580.52,2026-07-31,769610641.12,2025-07-14,0.462043948460108
M0187_2565,main,PRINCIPAL THTG6M1,ผสม,21160443.62,2026-07-31,23722386.49,2025-07-14,-0.10799684387066055
M0201_2561,main,PRINCIPAL iPROPPLUS,ทรัพย์สินทางเลือก,631658724.38,2026-07-31,569386727.33,2025-07-14,0.1093667872133397
M0231_2559,PRINCIPAL MAINCOME-A,PRINCIPAL MAINCOME,ผสม,370346038.0,2026-07-30,449900521.68,2025-07-14,-0.17682683136914568
M0231_2559,PRINCIPAL MAINCOME-C,PRINCIPAL MAINCOME,ผสม,31562571.49,2026-07-30,449900521.68,2025-07-14,-0.9298454436724359
M0231_2559,PRINCIPAL MAINCOME-E,PRINCIPAL MAINCOME,ผสม,370346038.0,2026-07-30,449900521.68,2025-07-14,-0.17682683136914568
M0231_2559,PRINCIPAL MAINCOME-I,PRINCIPAL MAINCOME,ผสม,370346038.0,2026-07-30,449900521.68,2025-07-14,-0.17682683136914568
M0231_2559,PRINCIPAL MAINCOME-R,PRINCIPAL MAINCOME,ผสม,370346038.0,2026-07-30,449900521.68,2025-07-14,-0.17682683136914568
M0231_2559,PRINCIPAL MAINCOME-SSF,PRINCIPAL MAINCOME,ผสม,370346038.0,2026-07-30,449900521.68,2025-07-14,-0.17682683136914568
M0231_2559,PRINCIPAL MAINCOME-X,PRINCIPAL MAINCOME,ผสม,370346038.0,2026-07-30,449900521.68,2025-07-14,-0.17682683136914568
M0231_2559,PRINCIPALMAINCOME-D,PRINCIPAL MAINCOME,ผสม,370346038.0,2026-07-30,449900521.68,2025-07-14,-0.17682683136914568
M0277_2555,PRINCIPAL iDIV-A,PRINCIPAL iDIV,ตราสารทุน,38373377.75,2026-07-31,32454946.42,2025-07-14,0.1823583762366907
M0277_2555,PRINCIPAL iDIV-C,PRINCIPAL iDIV,ตราสารทุน,91328885.84,2026-07-30,79655551.4,2025-07-14,0.14654765719191287
M0277_2555,PRINCIPAL iDIV-D,PRINCIPAL iDIV,ตราสารทุน,44799846.41,2026-07-30,40115758.38,2025-07-14,0.11676428962477936
M0277_2555,PRINCIPAL iDIV-I,PRINCIPAL iDIV,ตราสารทุน,6946453.63,2026-07-31,79655551.4,2025-07-14,-0.9127938541895524
M0277_2555,PRINCIPAL iDIV-R,PRINCIPAL iDIV,ตราสารทุน,6946453.63,2026-07-31,6182614.14,2025-07-14,0.12354636286585396
M0294_2564,PRINCIPAL USEQ-A,PRINCIPAL USEQ,ตราสารทุน,129840031.41,2026-07-30,231804382.73,2025-07-14,-0.4398724049957483
M0294_2564,PRINCIPAL USEQ-C,PRINCIPAL USEQ,ตราสารทุน,150775893.17,2026-07-30,315385616.55,2025-07-14,-0.5219316124199451
M0294_2564,PRINCIPAL USEQ-D,PRINCIPAL USEQ,ตราสารทุน,129840031.41,2026-07-30,231804382.73,2025-07-14,-0.4398724049957483
M0294_2564,PRINCIPAL USEQ-E,PRINCIPAL USEQ,ตราสารทุน,129840031.41,2026-07-30,231804382.73,2025-07-14,-0.4398724049957483
M0294_2564,PRINCIPAL USEQ-I,PRINCIPAL USEQ,ตราสารทุน,129840031.41,2026-07-30,231804382.73,2025-07-14,-0.4398724049957483
M0294_2564,PRINCIPAL USEQ-R,PRINCIPAL USEQ,ตราสารทุน,129840031.41,2026-07-30,231804382.73,2025-07-14,-0.4398724049957483
M0294_2564,PRINCIPAL USEQ-X,PRINCIPAL USEQ,ตราสารทุน,129840031.41,2026-07-30,231804382.73,2025-07-14,-0.4398724049957483
M0304_2561,PRINCIPAL CHEQ-A,PRINCIPAL CHEQ,ตราสารทุน,472745243.62,2026-07-30,553144170.72,2025-07-14,-0.14534895485809562
M0304_2561,PRINCIPAL CHEQ-C,PRINCIPAL CHEQ,ตราสารทุน,472745243.62,2026-07-30,0.0,2025-08-13,
M0304_2561,PRINCIPAL CHEQ-I,PRINCIPAL CHEQ,ตราสารทุน,472745243.62,2026-07-30,553144170.72,2025-07-14,-0.14534895485809562
M0309_2558,PRINCIPAL EUEQ-A,PRINCIPAL EUEQ,ตราสารทุน,33947336.3,2026-07-30,85970745.03,2025-07-14,-0.6051292065905225
M0309_2558,PRINCIPAL EUEQ-C,PRINCIPAL EUEQ,ตราสารทุน,33947336.3,2026-07-30,85970745.03,2025-07-14,-0.6051292065905225
M0309_2558,PRINCIPAL EUEQ-E,PRINCIPAL EUEQ,ตราสารทุน,33947336.3,2026-07-30,85970745.03,2025-07-14,-0.6051292065905225
M0309_2558,PRINCIPAL EUEQ-I,PRINCIPAL EUEQ,ตราสารทุน,33947336.3,2026-07-30,85970745.03,2025-07-14,-0.6051292065905225
M0309_2558,PRINCIPAL EUEQ-R,PRINCIPAL EUEQ,ตราสารทุน,33947336.3,2026-07-30,85970745.03,2025-07-14,-0.6051292065905225
M0309_2558,PRINCIPAL EUEQ-SSF,PRINCIPAL EUEQ,ตราสารทุน,33947336.3,2026-07-30,85970745.03,2025-07-14,-0.6051292065905225
M0309_2558,PRINCIPAL EUEQ-X,PRINCIPAL EUEQ,ตราสารทุน,33947336.3,2026-07-30,85970745.03,2025-07-14,-0.6051292065905225
M0311_2563,PRINCIPAL GEDTECH-A,PRINCIPAL GEDTECH,ตราสารทุน,100728421.39,2026-07-30,90504556.73,2025-07-14,0.11296519235490643
M0311_2563,PRINCIPAL GEDTECH-C,PRINCIPAL GEDTECH,ตราสารทุน,100728421.39,2026-07-30,90504556.73,2025-07-14,0.11296519235490643
M0311_2563,PRINCIPAL GEDTECH-D,PRINCIPAL GEDTECH,ตราสารทุน,100728421.39,2026-07-30,90504556.73,2025-07-14,0.11296519235490643
M0311_2563,PRINCIPAL GEDTECH-E,PRINCIPAL GEDTECH,ตราสารทุน,100728421.39,2026-07-30,90504556.73,2025-07-14,0.11296519235490643
M0311_2563,PRINCIPAL GEDTECH-I,PRINCIPAL GEDTECH,ตราสารทุน,100728421.39,2026-07-30,90504556.73,2025-07-14,0.11296519235490643
M0311_2563,PRINCIPAL GEDTECH-R,PRINCIPAL GEDTECH,ตราสารทุน,100728421.39,2026-07-30,90504556.73,2025-07-14,0.11296519235490643
M0311_2563,PRINCIPAL GEDTECH-X,PRINCIPAL GEDTECH,ตราสารทุน,100728421.39,2026-07-30,90504556.73,2025-07-14,0.11296519235490643
M0344_2566,PRINCIPAL GQE-A,PRINCIPAL GQE,ตราสารทุน,260599968.7,2026-07-30,345317973.48,2025-07-14,-0.2453333196828421
M0344_2566,PRINCIPAL GQE-C,PRINCIPAL GQE,ตราสารทุน,75944166.91,2026-07-30,32623263.26,2025-07-14,1.3279144794541926
M0344_2566,PRINCIPAL GQE-D,PRINCIPAL GQE,ตราสารทุน,260599968.7,2026-07-30,32623263.26,2025-07-14,6.9881637414098465
M0344_2566,PRINCIPAL GQE-E,PRINCIPAL GQE,ตราสารทุน,260599968.7,2026-07-30,32623263.26,2025-07-14,6.9881637414098465
M0344_2566,PRINCIPAL GQE-I,PRINCIPAL GQE,ตราสารทุน,260599968.7,2026-07-30,32623263.26,2025-07-14,6.9881637414098465
M0344_2566,PRINCIPAL GQE-R,PRINCIPAL GQE,ตราสารทุน,260599968.7,2026-07-30,32623263.26,2025-07-14,6.9881637414098465
M0344_2566,PRINCIPAL GQE-SSF,PRINCIPAL GQE,ตราสารทุน,260599968.7,2026-07-30,32623263.26,2025-07-14,6.9881637414098465
M0344_2566,PRINCIPAL GQE-X,PRINCIPAL GQE,ตราสารทุน,260599968.7,2026-07-30,32623263.26,2025-07-14,6.9881637414098465
M0346_2549,main,PRINCIPAL DAILY FIX,ตราสารหนี้,26012682.21,2026-07-31,28168453.21,2025-07-14,-0.0765313943200362
M0351_2548,PRINCIPAL EEF-A,PRINCIPAL EEF,ตราสารทุน,1793545709.26,2026-07-31,1531223411.85,2025-07-14,0.1713154954266709
M0351_2548,PRINCIPAL EEF-C,PRINCIPAL EEF,ตราสารทุน,1793545709.26,2026-07-31,1531223411.85,2025-07-14,0.1713154954266709
M0351_2548,PRINCIPAL EEF-D,PRINCIPAL EEF,ตราสารทุน,1793545709.26,2026-07-31,1531223411.85,2025-07-14,0.1713154954266709
M0351_2548,PRINCIPAL EEF-I,PRINCIPAL EEF,ตราสารทุน,1793545709.26,2026-07-31,1531223411.85,2025-07-14,0.1713154954266709
M0351_2548,PRINCIPAL EEF-R,PRINCIPAL EEF,ตราสารทุน,1793545709.26,2026-07-31,1531223411.85,2025-07-14,0.1713154954266709
M0351_2548,PRINCIPAL EEF-X,PRINCIPAL EEF,ตราสารทุน,1793545709.26,2026-07-31,1531223411.85,2025-07-14,0.1713154954266709
M0406_2564,PRINCIPAL VTOPP-A,PRINCIPAL VTOPP,ตราสารทุน,314955799.5,2026-07-31,748751695.73,2025-07-14,-0.5793588164191976
M0406_2564,PRINCIPAL VTOPP-C,PRINCIPAL VTOPP,ตราสารทุน,314955799.5,2026-07-31,748751695.73,2025-07-14,-0.5793588164191976
M0406_2564,PRINCIPAL VTOPP-D,PRINCIPAL VTOPP,ตราสารทุน,314955799.5,2026-07-31,748751695.73,2025-07-14,-0.5793588164191976
M0406_2564,PRINCIPAL VTOPP-E,PRINCIPAL VTOPP,ตราสารทุน,314955799.5,2026-07-31,748751695.73,2025-07-14,-0.5793588164191976
M0406_2564,PRINCIPAL VTOPP-I,PRINCIPAL VTOPP,ตราสารทุน,314955799.5,2026-07-31,748751695.73,2025-07-14,-0.5793588164191976
M0406_2564,PRINCIPAL VTOPP-R,PRINCIPAL VTOPP,ตราสารทุน,314955799.5,2026-07-31,748751695.73,2025-07-14,-0.5793588164191976
M0406_2564,PRINCIPAL VTOPP-SSF,PRINCIPAL VTOPP,ตราสารทุน,314955799.5,2026-07-31,748751695.73,2025-07-14,-0.5793588164191976
M0406_2564,PRINCIPAL VTOPP-X,PRINCIPAL VTOPP,ตราสารทุน,314955799.5,2026-07-31,748751695.73,2025-07-14,-0.5793588164191976
M0412_2548,PRINCIPAL TEQAF-A,PRINCIPAL TEQAF,ตราสารทุน,23779754.64,2026-07-31,15932436.53,2025-07-14,0.4925372271355912
M0412_2548,PRINCIPAL TEQAF-T,PRINCIPAL TEQAF,ตราสารทุน,259139528.94,2026-07-31,15932436.53,2025-07-14,15.264902637587976
M0412_2548,PRINCIPAL TEQAF-X,PRINCIPAL TEQAF,ตราสารทุน,23779754.64,2026-07-31,15932436.53,2025-07-14,0.4925372271355912
M0414_2548,PRINCIPAL TEQAF70-D,PRINCIPAL TEQAF70,ผสม,93745449.06,2026-07-31,103207899.89,2025-07-14,-0.09168339671754944
M0414_2548,PRINCIPAL TEQAF70-T,PRINCIPAL TEQAF70,ผสม,93745449.06,2026-07-31,103207899.89,2025-07-14,-0.09168339671754944
M0415_2548,main,PRINCIPAL EQRMF,ตราสารทุน,1360499481.06,2026-07-31,893705855.78,2025-07-14,0.5223123718626599
M0420_2548,main,PRINCIPAL FIRMF,ตราสารหนี้,182937723.51,2026-07-31,167535146.44,2025-07-14,0.09193639303330414
M0423_2560,PRINCIPAL  VNEQ-E,PRINCIPAL VNEQ,ตราสารทุน,98440323.45,2026-07-31,10395607944.89,2025-07-14,-0.9905305852267746
M0423_2560,PRINCIPAL  VNEQ-R,PRINCIPAL VNEQ,ตราสารทุน,98440323.45,2026-07-31,10395607944.89,2025-07-14,-0.9905305852267746
M0423_2560,PRINCIPAL  VNEQ-X,PRINCIPAL VNEQ,ตราสารทุน,98440323.45,2026-07-31,10395607944.89,2025-07-14,-0.9905305852267746
M0423_2560,PRINCIPAL VNEQ-A,PRINCIPAL VNEQ,ตราสารทุน,5475032348.49,2026-07-31,10395607944.89,2025-07-14,-0.4733321632063594
M0423_2560,PRINCIPAL VNEQ-C,PRINCIPAL VNEQ,ตราสารทุน,58209850.82,2026-07-30,61371148.57,2025-07-14,-0.05151113876244662
M0423_2560,PRINCIPAL VNEQ-I,PRINCIPAL VNEQ,ตราสารทุน,98440323.45,2026-07-31,157424053.23,2025-07-15,-0.37468054321929745
M0423_2560,PRINCIPAL VNEQ-SSF,PRINCIPAL VNEQ,ตราสารทุน,98440323.45,2026-07-31,10395607944.89,2025-07-14,-0.9905305852267746
M0423_2560,PRINCIPAL VNEQ-USD,PRINCIPAL VNEQ,ตราสารทุน,744903.76,2026-07-31,1205316.09,2025-07-16,-0.38198472070508915
M0423_2560,PRINCIPAL VNEQ-USD-A,PRINCIPAL VNEQ,ตราสารทุน,98440323.45,2026-07-31,10395607944.89,2025-07-14,-0.9905305852267746
M0423_2560,PRINCIPAL VNEQ-USD-R,PRINCIPAL VNEQ,ตราสารทุน,98440323.45,2026-07-31,10395607944.89,2025-07-14,-0.9905305852267746
M0430_2563,PRINCIPAL GCLOUD-A,PRINCIPAL GCLOUD,ตราสารทุน,1319838220.37,2026-07-30,1981164654.36,2025-07-14,-0.3338069011753273
M0430_2563,PRINCIPAL GCLOUD-C,PRINCIPAL GCLOUD,ตราสารทุน,1319838220.37,2026-07-30,1981164654.36,2025-07-14,-0.3338069011753273
M0430_2563,PRINCIPAL GCLOUD-D,PRINCIPAL GCLOUD,ตราสารทุน,1319838220.37,2026-07-30,1981164654.36,2025-07-14,-0.3338069011753273
M0430_2563,PRINCIPAL GCLOUD-E,PRINCIPAL GCLOUD,ตราสารทุน,1319838220.37,2026-07-30,1981164654.36,2025-07-14,-0.3338069011753273
M0430_2563,PRINCIPAL GCLOUD-I,PRINCIPAL GCLOUD,ตราสารทุน,1319838220.37,2026-07-30,1981164654.36,2025-07-14,-0.3338069011753273
M0430_2563,PRINCIPAL GCLOUD-R,PRINCIPAL GCLOUD,ตราสารทุน,1319838220.37,2026-07-30,1981164654.36,2025-07-14,-0.3338069011753273
M0430_2563,PRINCIPAL GCLOUD-X,PRINCIPAL GCLOUD,ตราสารทุน,1319838220.37,2026-07-30,1981164654.36,2025-07-14,-0.3338069011753273
M0430_2569,BYOU-COREPORT-A,BYOU-COREPORT,ผสม,1170433622.07,2026-07-30,,,
M0430_2569,BYOU-COREPORT-C,BYOU-COREPORT,ผสม,1170433622.07,2026-07-30,,,
M0430_2569,BYOU-COREPORT-D,BYOU-COREPORT,ผสม,1170433622.07,2026-07-30,,,
M0430_2569,BYOU-COREPORT-E,BYOU-COREPORT,ผสม,1170433622.07,2026-07-30,,,
M0430_2569,BYOU-COREPORT-I,BYOU-COREPORT,ผสม,1170433622.07,2026-07-30,,,
M0430_2569,BYOU-COREPORT-R,BYOU-COREPORT,ผสม,1170433622.07,2026-07-30,,,
M0459_2568,PRINCIPAL SEQTESGX-N,PRINCIPAL SEQTESGX,ตราสารทุน,6799495.24,2026-07-31,4738169.18,2025-07-15,0.4350469520381288
M0459_2568,PRINCIPAL SEQTESGX-O,PRINCIPAL SEQTESGX,ตราสารทุน,113790340.31,2026-07-27,80481006.02,2025-07-14,0.4138782047744587
M0459_2568,PRINCIPAL SEQTESGX-T,PRINCIPAL SEQTESGX,ตราสารทุน,373976.18,2026-07-31,80481006.02,2025-07-14,-0.9953532367636276
M0498_2558,main,PRINCIPAL GSA,ตราสารทุน,42576889.94,2026-07-27,74392202.23,2025-07-16,-0.42766998873935613
M0517_2566,main,PRINCIPAL VNEQRMF,ตราสารทุน,337912484.35,2026-07-24,297783369.74,2025-07-14,0.13475942140434993
M0523_2561,PRINCIPAL GINNO-A,PRINCIPAL GINNO,ตราสารทุน,156334372.49,2026-07-30,85791312.12,2025-07-14,0.8222634510045537
M0523_2561,PRINCIPAL GINNO-C,PRINCIPAL GINNO,ตราสารทุน,437829430.64,2026-07-30,422066556.99,2025-07-14,0.037346890884731865
M0523_2561,PRINCIPAL GINNO-D,PRINCIPAL GINNO,ตราสารทุน,156334372.49,2026-07-30,85791312.12,2025-07-14,0.8222634510045537
M0523_2561,PRINCIPAL GINNO-I,PRINCIPAL GINNO,ตราสารทุน,156334372.49,2026-07-30,85791312.12,2025-07-14,0.8222634510045537
M0523_2561,PRINCIPAL GINNO-R,PRINCIPAL GINNO,ตราสารทุน,156334372.49,2026-07-30,85791312.12,2025-07-14,0.8222634510045537
M0523_2561,PRINCIPAL GINNO-X,PRINCIPAL GINNO,ตราสารทุน,156334372.49,2026-07-30,85791312.12,2025-07-14,0.8222634510045537
M0528_2562,PRINCIPAL GBRAND-A,PRINCIPAL GBRAND,ตราสารทุน,21232774.92,2026-07-30,118403901.8,2025-07-15,-0.8206750402882416
M0528_2562,PRINCIPAL GBRAND-C,PRINCIPAL GBRAND,ตราสารทุน,2515078.52,2026-07-30,5321284.45,2025-07-14,-0.5273549941499557
M0528_2562,PRINCIPAL GBRAND-D,PRINCIPAL GBRAND,ตราสารทุน,21232774.92,2026-07-30,5321284.45,2025-07-14,2.9901597291984645
M0528_2562,PRINCIPAL GBRAND-I,PRINCIPAL GBRAND,ตราสารทุน,21232774.92,2026-07-30,5321284.45,2025-07-14,2.9901597291984645
M0528_2562,PRINCIPAL GBRAND-R,PRINCIPAL GBRAND,ตราสารทุน,21232774.92,2026-07-30,5321284.45,2025-07-14,2.9901597291984645
M0528_2562,PRINCIPAL GBRAND-X,PRINCIPAL GBRAND,ตราสารทุน,21232774.92,2026-07-30,5321284.45,2025-07-14,2.9901597291984645
M0528_2569,PRINCIPAL VNEI-A,PRINCIPAL VNEI,ตราสารทุน,21138708.42,2026-07-31,,,
M0528_2569,PRINCIPAL VNEI-C,PRINCIPAL VNEI,ตราสารทุน,21138708.42,2026-07-31,,,
M0528_2569,PRINCIPAL VNEI-D,PRINCIPAL VNEI,ตราสารทุน,21138708.42,2026-07-31,,,
M0528_2569,PRINCIPAL VNEI-E,PRINCIPAL VNEI,ตราสารทุน,21138708.42,2026-07-31,,,
M0528_2569,PRINCIPAL VNEI-EX,PRINCIPAL VNEI,ตราสารทุน,21138708.42,2026-07-31,,,
M0528_2569,PRINCIPAL VNEI-I,PRINCIPAL VNEI,ตราสารทุน,21138708.42,2026-07-31,,,
M0528_2569,PRINCIPAL VNEI-R,PRINCIPAL VNEI,ตราสารทุน,21138708.42,2026-07-31,,,
M0528_2569,PRINCIPAL VNEI-X,PRINCIPAL VNEI,ตราสารทุน,21138708.42,2026-07-31,,,
M0530_2551,main,PRINCIPAL TREASURY,ตราสารหนี้,493613696.11,2026-07-31,457537137.37,2025-07-14,0.07884946552617378
M0531_2567,PRINCIPAL INDIAEQ-A,PRINCIPAL INDIAEQ,ตราสารทุน,163578364.86,2026-07-27,205761498.14,2025-07-14,-0.20500984713524295
M0531_2567,PRINCIPAL INDIAEQ-C,PRINCIPAL INDIAEQ,ตราสารทุน,11574499.1,2026-07-27,9260973.16,2025-07-14,0.2498145605250841
M0531_2567,PRINCIPAL INDIAEQ-D,PRINCIPAL INDIAEQ,ตราสารทุน,11574499.1,2026-07-27,9260973.16,2025-07-14,0.2498145605250841
M0531_2567,PRINCIPAL INDIAEQ-E,PRINCIPAL INDIAEQ,ตราสารทุน,11574499.1,2026-07-27,9260973.16,2025-07-14,0.2498145605250841
M0531_2567,PRINCIPAL INDIAEQ-I,PRINCIPAL INDIAEQ,ตราสารทุน,11574499.1,2026-07-27,9260973.16,2025-07-14,0.2498145605250841
M0531_2567,PRINCIPAL INDIAEQ-R,PRINCIPAL INDIAEQ,ตราสารทุน,11574499.1,2026-07-27,9260973.16,2025-07-14,0.2498145605250841
M0531_2567,PRINCIPAL INDIAEQ-SSF,PRINCIPAL INDIAEQ,ตราสารทุน,11574499.1,2026-07-27,9260973.16,2025-07-14,0.2498145605250841
M0531_2567,PRINCIPAL INDIAEQ-X,PRINCIPAL INDIAEQ,ตราสารทุน,11574499.1,2026-07-27,9260973.16,2025-07-14,0.2498145605250841
M0554_2567,SIGNATURE GINCOME-A,SIGNATURE GINCOME,ตราสารหนี้,648439.21,2026-07-30,375382059.64,2025-07-14,-0.9982725887043673
M0554_2567,SIGNATURE GINCOME-C,SIGNATURE GINCOME,ตราสารหนี้,648439.21,2026-07-30,375382059.64,2025-07-14,-0.9982725887043673
M0554_2567,SIGNATURE GINCOME-D,SIGNATURE GINCOME,ตราสารหนี้,648439.21,2026-07-30,375382059.64,2025-07-14,-0.9982725887043673
M0554_2567,SIGNATURE GINCOME-E,SIGNATURE GINCOME,ตราสารหนี้,648439.21,2026-07-30,375382059.64,2025-07-14,-0.9982725887043673
M0554_2567,SIGNATURE GINCOME-I,SIGNATURE GINCOME,ตราสารหนี้,648439.21,2026-07-30,375382059.64,2025-07-14,-0.9982725887043673
M0554_2567,SIGNATURE GINCOME-R,SIGNATURE GINCOME,ตราสารหนี้,755132447.07,2026-07-27,375382059.64,2025-07-14,1.0116370180135656
M0554_2567,SIGNATURE GINCOME-SSF,SIGNATURE GINCOME,ตราสารหนี้,648439.21,2026-07-30,375382059.64,2025-07-14,-0.9982725887043673
M0554_2567,SIGNATURE GINCOME-USD-A,SIGNATURE GINCOME,ตราสารหนี้,648439.21,2026-07-30,375382059.64,2025-07-14,-0.9982725887043673
M0554_2567,SIGNATURE GINCOME-USD-R,SIGNATURE GINCOME,ตราสารหนี้,648439.21,2026-07-30,375382059.64,2025-07-14,-0.9982725887043673
M0554_2567,SIGNATURE GINCOME-X,SIGNATURE GINCOME,ตราสารหนี้,648439.21,2026-07-30,375382059.64,2025-07-14,-0.9982725887043673
M0560_2556,PRINCIPAL MABALANCED-A,PRINCIPAL MABALANCED,ผสม,104323380.17,2026-07-30,115306516.27,2025-07-14,-0.09525165147026082
M0560_2556,PRINCIPAL MABALANCED-C,PRINCIPAL MABALANCED,ผสม,55764305.46,2026-07-30,1420427.14,2025-07-14,38.258828481691786
M0560_2556,PRINCIPAL MABALANCED-D,PRINCIPAL MABALANCED,ผสม,104323380.17,2026-07-30,115306516.27,2025-07-14,-0.09525165147026082
M0560_2556,PRINCIPAL MABALANCED-I,PRINCIPAL MABALANCED,ผสม,104323380.17,2026-07-30,115306516.27,2025-07-14,-0.09525165147026082
M0560_2556,PRINCIPAL MABALANCED-R,PRINCIPAL MABALANCED,ผสม,36223693.56,2026-07-27,44219743.44,2025-07-14,-0.18082533406937373
M0581_2560,main,PRINCIPAL GFIXED,ตราสารหนี้,226727481.79,2026-07-30,276496295.9,2025-07-14,-0.17999812239075996
M0594_2563,PRINCIPAL GHEALTH-A,PRINCIPAL GHEALTH,ตราสารทุน,611798274.61,2026-07-27,725573993.51,2025-07-14,-0.15680787888993142
M0594_2563,PRINCIPAL GHEALTH-C,PRINCIPAL GHEALTH,ตราสารทุน,611798274.61,2026-07-27,725573993.51,2025-07-14,-0.15680787888993142
M0594_2563,PRINCIPAL GHEALTH-D,PRINCIPAL GHEALTH,ตราสารทุน,611798274.61,2026-07-27,725573993.51,2025-07-14,-0.15680787888993142
M0594_2563,PRINCIPAL GHEALTH-E,PRINCIPAL GHEALTH,ตราสารทุน,611798274.61,2026-07-27,725573993.51,2025-07-14,-0.15680787888993142
M0594_2563,PRINCIPAL GHEALTH-I,PRINCIPAL GHEALTH,ตราสารทุน,611798274.61,2026-07-27,725573993.51,2025-07-14,-0.15680787888993142
M0594_2563,PRINCIPAL GHEALTH-R,PRINCIPAL GHEALTH,ตราสารทุน,611798274.61,2026-07-27,725573993.51,2025-07-14,-0.15680787888993142
M0594_2563,PRINCIPAL GHEALTH-X,PRINCIPAL GHEALTH,ตราสารทุน,611798274.61,2026-07-27,725573993.51,2025-07-14,-0.15680787888993142
M0613_2555,PRINCIPAL iGOLD-A,PRINCIPAL iGOLD,ทรัพย์สินทางเลือก,66284213.28,2026-07-31,57141531.25,2025-07-14,0.16000064804003666
M0613_2555,PRINCIPAL iGOLD-C,PRINCIPAL iGOLD,ทรัพย์สินทางเลือก,729784479.5,2026-07-31,335315437.94,2025-07-14,1.1764118108710067
M0613_2555,PRINCIPAL iGOLD-D,PRINCIPAL iGOLD,ทรัพย์สินทางเลือก,729784479.5,2026-07-31,9296606.78,2025-07-14,77.50009113755374
M0613_2555,PRINCIPAL iGOLD-E,PRINCIPAL iGOLD,ทรัพย์สินทางเลือก,1544137.27,2026-07-30,420019.94,2025-07-14,2.6763427707741685
M0613_2555,PRINCIPAL iGOLD-I,PRINCIPAL iGOLD,ทรัพย์สินทางเลือก,729784479.5,2026-07-31,9296606.78,2025-07-14,77.50009113755374
M0613_2555,PRINCIPAL iGOLD-R,PRINCIPAL iGOLD,ทรัพย์สินทางเลือก,5085761.84,2026-07-31,9296606.78,2025-07-14,-0.45294428813090015
M0613_2555,PRINCIPAL iGOLD-X,PRINCIPAL iGOLD,ทรัพย์สินทางเลือก,729784479.5,2026-07-31,9296606.78,2025-07-14,77.50009113755374
M0625_2562,PRINCIPAL iPROPEN-A,PRINCIPAL iPROPEN,ทรัพย์สินทางเลือก,455858026.19,2026-07-31,652563783.95,2025-07-14,-0.3014352965917456
M0625_2562,PRINCIPAL iPROPEN-C,PRINCIPAL iPROPEN,ทรัพย์สินทางเลือก,546380198.24,2026-07-31,330445114.71,2025-07-14,0.6534673200404417
M0625_2562,PRINCIPAL iPROPEN-D,PRINCIPAL iPROPEN,ทรัพย์สินทางเลือก,806224615.89,2026-07-31,1303873066.42,2025-07-14,-0.3816693996880973
M0625_2562,PRINCIPAL iPROPEN-E,PRINCIPAL iPROPEN,ทรัพย์สินทางเลือก,455858026.19,2026-07-31,652563783.95,2025-07-14,-0.3014352965917456
M0625_2562,PRINCIPAL iPROPEN-I,PRINCIPAL iPROPEN,ทรัพย์สินทางเลือก,455858026.19,2026-07-31,652563783.95,2025-07-14,-0.3014352965917456
M0625_2562,PRINCIPAL iPROPEN-R,PRINCIPAL iPROPEN,ทรัพย์สินทางเลือก,455858026.19,2026-07-31,652563783.95,2025-07-14,-0.3014352965917456
M0625_2562,PRINCIPAL iPROPEN-SSF,PRINCIPAL iPROPEN,ทรัพย์สินทางเลือก,374844521.32,2026-07-31,347658093.37,2025-07-14,0.07819874891008638
M0625_2562,PRINCIPAL iPROPEN-X,PRINCIPAL iPROPEN,ทรัพย์สินทางเลือก,455858026.19,2026-07-31,652563783.95,2025-07-14,-0.3014352965917456
M0630_2567,PRINCIPAL GIFUH-A,PRINCIPAL GIFUH,ตราสารทุน,354185557.84,2026-07-30,143351763.55,2025-07-14,1.4707443359527468
M0630_2567,PRINCIPAL GIFUH-C,PRINCIPAL GIFUH,ตราสารทุน,21792283.38,2026-07-30,33594859.96,2025-07-16,-0.3513209042708568
M0630_2567,PRINCIPAL GIFUH-D,PRINCIPAL GIFUH,ตราสารทุน,21792283.38,2026-07-30,143351763.55,2025-07-14,-0.8479803607550387
M0630_2567,PRINCIPAL GIFUH-E,PRINCIPAL GIFUH,ตราสารทุน,21792283.38,2026-07-30,143351763.55,2025-07-14,-0.8479803607550387
M0630_2567,PRINCIPAL GIFUH-I,PRINCIPAL GIFUH,ตราสารทุน,21792283.38,2026-07-30,143351763.55,2025-07-14,-0.8479803607550387
M0630_2567,PRINCIPAL GIFUH-R,PRINCIPAL GIFUH,ตราสารทุน,21792283.38,2026-07-30,143351763.55,2025-07-14,-0.8479803607550387
M0630_2567,PRINCIPAL GIFUH-X,PRINCIPAL GIFUH,ตราสารทุน,21792283.38,2026-07-30,143351763.55,2025-07-14,-0.8479803607550387
M0653_2554,PRINCIPAL APDI-A,PRINCIPAL APDI,ตราสารทุน,509307780.78,2026-07-27,720936555.18,2025-07-14,-0.2935470158634993
M0653_2554,PRINCIPAL APDI-C,PRINCIPAL APDI,ตราสารทุน,128823582.77,2026-07-30,183773425.18,2025-07-14,-0.29900864260530846
M0653_2554,PRINCIPAL APDI-E,PRINCIPAL APDI,ตราสารทุน,128823582.77,2026-07-30,183773425.18,2025-07-14,-0.29900864260530846
M0653_2554,PRINCIPAL APDI-I,PRINCIPAL APDI,ตราสารทุน,128823582.77,2026-07-30,183773425.18,2025-07-14,-0.29900864260530846
M0653_2554,PRINCIPAL APDI-R,PRINCIPAL APDI,ตราสารทุน,128823582.77,2026-07-30,183773425.18,2025-07-14,-0.29900864260530846
M0653_2554,PRINCIPAL APDI-SSF,PRINCIPAL APDI,ตราสารทุน,128823582.77,2026-07-30,183773425.18,2025-07-14,-0.29900864260530846
M0653_2554,PRINCIPAL APDI-X,PRINCIPAL APDI,ตราสารทุน,128823582.77,2026-07-30,183773425.18,2025-07-14,-0.29900864260530846
M0668_2551,main,PRINCIPAL FI,ตราสารหนี้,3188904889.94,2026-07-31,3953187126.08,2025-07-14,-0.19333317947381512
M0694_2559,PRINCIPAL TDIF-A,PRINCIPAL TDIF,ตราสารทุน,97262904.48,2026-07-31,13214782.62,2025-07-14,6.360159245661508
M0694_2559,PRINCIPAL TDIF-C,PRINCIPAL TDIF,ตราสารทุน,97262904.48,2026-07-31,43191398.95,2025-07-14,1.2519044727538282
M0694_2559,PRINCIPAL TDIF-D,PRINCIPAL TDIF,ตราสารทุน,176067108.71,2026-07-31,165631183.25,2025-07-14,0.06300700903795553
M0694_2559,PRINCIPAL TDIF-E,PRINCIPAL TDIF,ตราสารทุน,97262904.48,2026-07-31,13214782.62,2025-07-14,6.360159245661508
M0694_2559,PRINCIPAL TDIF-I,PRINCIPAL TDIF,ตราสารทุน,97262904.48,2026-07-31,13214782.62,2025-07-14,6.360159245661508
M0694_2559,PRINCIPAL TDIF-R,PRINCIPAL TDIF,ตราสารทุน,97262904.48,2026-07-31,13214782.62,2025-07-14,6.360159245661508
M0694_2559,PRINCIPAL TDIF-SSF,PRINCIPAL TDIF,ตราสารทุน,20214630.72,2026-07-30,13214782.62,2025-07-14,0.5296983159909141
M0694_2559,PRINCIPAL TDIF-X,PRINCIPAL TDIF,ตราสารทุน,97262904.48,2026-07-31,13214782.62,2025-07-14,6.360159245661508
M0715_2555,PRINCIPAL iFIXED-A,PRINCIPAL iFIXED,ตราสารหนี้,823946119.12,2026-07-31,1285044478.79,2025-07-14,-0.3588189881988917
M0715_2555,PRINCIPAL iFIXED-C,PRINCIPAL iFIXED,ตราสารหนี้,130323229.15,2026-07-31,163696924.8,2025-07-14,-0.20387490901722793
M0715_2555,PRINCIPAL iFIXED-D,PRINCIPAL iFIXED,ตราสารหนี้,823946119.12,2026-07-31,1285044478.79,2025-07-14,-0.3588189881988917
M0715_2555,PRINCIPAL iFIXED-I,PRINCIPAL iFIXED,ตราสารหนี้,823946119.12,2026-07-31,1285044478.79,2025-07-14,-0.3588189881988917
M0715_2555,PRINCIPAL iFIXED-R,PRINCIPAL iFIXED,ตราสารหนี้,69292972.1,2026-07-31,87847461.49,2025-07-14,-0.21121258457891956
M0715_2555,PRINCIPAL iFIXED-X,PRINCIPAL iFIXED,ตราสารหนี้,823946119.12,2026-07-31,1285044478.79,2025-07-14,-0.3588189881988917
M0722_2566,PRINCIPAL GCREDIT-A,PRINCIPAL GCREDIT,ตราสารหนี้,94601827.59,2026-07-24,292823937.54,2025-07-14,-0.6769327385433532
M0722_2566,PRINCIPAL GCREDIT-C,PRINCIPAL GCREDIT,ตราสารหนี้,672159553.46,2026-07-27,591826784.39,2025-07-14,0.13573696086228937
M0722_2566,PRINCIPAL GCREDIT-D,PRINCIPAL GCREDIT,ตราสารหนี้,672159553.46,2026-07-27,292823937.54,2025-07-14,1.2954392291380974
M0722_2566,PRINCIPAL GCREDIT-E,PRINCIPAL GCREDIT,ตราสารหนี้,672159553.46,2026-07-27,292823937.54,2025-07-14,1.2954392291380974
M0722_2566,PRINCIPAL GCREDIT-I,PRINCIPAL GCREDIT,ตราสารหนี้,672159553.46,2026-07-27,292823937.54,2025-07-14,1.2954392291380974
M0722_2566,PRINCIPAL GCREDIT-R,PRINCIPAL GCREDIT,ตราสารหนี้,672159553.46,2026-07-27,292823937.54,2025-07-14,1.2954392291380974
M0722_2566,PRINCIPAL GCREDIT-X,PRINCIPAL GCREDIT,ตราสารหนี้,672159553.46,2026-07-27,292823937.54,2025-07-14,1.2954392291380974
M0762_2558,main,PRINCIPAL GIF,ตราสารทุน,725946189.5,2026-07-30,324008237.62,2025-07-14,1.2405176943414529
M0791_2556,PRINCIPAL JEQ-A,PRINCIPAL JEQ,ตราสารทุน,104384570.1,2026-07-30,75317042.81,2025-07-14,0.38593558915115334
M0791_2556,PRINCIPAL JEQ-C,PRINCIPAL JEQ,ตราสารทุน,13457135.04,2026-07-30,85644968.33,2025-07-14,-0.8428730221704549
M0791_2556,PRINCIPAL JEQ-E,PRINCIPAL JEQ,ตราสารทุน,104384570.1,2026-07-30,75317042.81,2025-07-14,0.38593558915115334
M0791_2556,PRINCIPAL JEQ-I,PRINCIPAL JEQ,ตราสารทุน,104384570.1,2026-07-30,75317042.81,2025-07-14,0.38593558915115334
M0791_2556,PRINCIPAL JEQ-R,PRINCIPAL JEQ,ตราสารทุน,104384570.1,2026-07-30,75317042.81,2025-07-14,0.38593558915115334
M0791_2556,PRINCIPAL JEQ-SSF,PRINCIPAL JEQ,ตราสารทุน,104384570.1,2026-07-30,75317042.81,2025-07-14,0.38593558915115334
M0791_2556,PRINCIPAL JEQ-X,PRINCIPAL JEQ,ตราสารทุน,104384570.1,2026-07-30,75317042.81,2025-07-14,0.38593558915115334
M0799_2568,PRINCIPAL MYRFIUH-A,PRINCIPAL MYRFIUH,ตราสารหนี้,1025754173.41,2026-07-30,,,
M0799_2568,PRINCIPAL MYRFIUH-C,PRINCIPAL MYRFIUH,ตราสารหนี้,117282707.6,2026-07-30,,,
M0799_2568,PRINCIPAL MYRFIUH-D,PRINCIPAL MYRFIUH,ตราสารหนี้,1025754173.41,2026-07-30,,,
M0799_2568,PRINCIPAL MYRFIUH-E,PRINCIPAL MYRFIUH,ตราสารหนี้,1025754173.41,2026-07-30,,,
M0799_2568,PRINCIPAL MYRFIUH-I,PRINCIPAL MYRFIUH,ตราสารหนี้,1025754173.41,2026-07-30,,,
M0799_2568,PRINCIPAL MYRFIUH-R,PRINCIPAL MYRFIUH,ตราสารหนี้,1025754173.41,2026-07-30,,,
M0799_2568,PRINCIPAL MYRFIUH-X,PRINCIPAL MYRFIUH,ตราสารหนี้,1025754173.41,2026-07-30,,,
M0805_2554,main,PRINCIPAL BARMF,ผสม,3246171.77,2026-07-30,2409736.35,2025-07-15,0.3471066118913797
M0820_2553,main,PRINCIPAL MMRMF,ตราสารหนี้,1819233637.05,2026-07-31,966040068.53,2025-07-15,0.8831865222922732
M0821_2548,main,PRINCIPAL PRMF,ตราสารหนี้,141874819.14,2026-07-30,133140513.75,2025-07-15,0.06560216078481207
M0830_2547,main,PRINCIPAL AARMF,ผสม,44536011.81,2026-07-27,31278364.93,2025-07-14,0.4238599718901612
M0833_2553,main,PRINCIPAL SET100RMF,ตราสารทุน,32788265.82,2026-07-31,21053532.74,2025-07-14,0.5573759627383088
M0835_2567,main,PRINCIPAL GSTEP,ผสม,311177989.09,2026-07-27,1484043756.54,2025-07-15,-0.7903175107077022
M0845_2566,PRINCIPAL EQESG-A,PRINCIPAL EQESG,ตราสารทุน,47756189.34,2026-07-30,26330532.51,2025-07-14,0.813719085319023
M0845_2566,PRINCIPAL EQESG-C,PRINCIPAL EQESG,ตราสารทุน,47756189.34,2026-07-30,26330532.51,2025-07-14,0.813719085319023
M0845_2566,PRINCIPAL EQESG-D,PRINCIPAL EQESG,ตราสารทุน,47756189.34,2026-07-30,26330532.51,2025-07-14,0.813719085319023
M0845_2566,PRINCIPAL EQESG-E,PRINCIPAL EQESG,ตราสารทุน,47756189.34,2026-07-30,26330532.51,2025-07-14,0.813719085319023
M0845_2566,PRINCIPAL EQESG-I,PRINCIPAL EQESG,ตราสารทุน,47756189.34,2026-07-30,26330532.51,2025-07-14,0.813719085319023
M0845_2566,PRINCIPAL EQESG-R,PRINCIPAL EQESG,ตราสารทุน,47756189.34,2026-07-30,26330532.51,2025-07-14,0.813719085319023
M0845_2566,PRINCIPAL EQESG-ThaiESG,PRINCIPAL EQESG,ตราสารทุน,47756189.34,2026-07-30,26330532.51,2025-07-14,0.813719085319023
M0845_2566,PRINCIPAL EQESG-X,PRINCIPAL EQESG,ตราสารทุน,47756189.34,2026-07-30,26330532.51,2025-07-14,0.813719085319023
M0888_2555,main,PRINCIPAL iPROPRMF,ทรัพย์สินทางเลือก,1174090211.12,2026-07-31,1091702275.48,2025-07-14,0.07546740305526578
M0899_2568,PRINCIPAL PCREDITUI-A,PRINCIPAL PCREDITUI,อื่น ๆ,15960929.76,2026-06-30,,,
M0899_2568,PRINCIPAL PCREDITUI-C,PRINCIPAL PCREDITUI,อื่น ๆ,15960929.76,2026-06-30,,,
M0899_2568,PRINCIPAL PCREDITUI-D,PRINCIPAL PCREDITUI,อื่น ๆ,15960929.76,2026-06-30,,,
M0899_2568,PRINCIPAL PCREDITUI-I,PRINCIPAL PCREDITUI,อื่น ๆ,15960929.76,2026-06-30,,,
M0899_2568,PRINCIPAL PCREDITUI-R,PRINCIPAL PCREDITUI,อื่น ๆ,33376764.47,2026-06-30,,,
M0899_2568,PRINCIPAL PCREDITUI-X,PRINCIPAL PCREDITUI,อื่น ๆ,15960929.76,2026-06-30,,,
M0939_2553,PRINCIPAL iPROP-A,PRINCIPAL iPROP,ทรัพย์สินทางเลือก,857865219.59,2026-07-31,900396168.34,2025-07-14,-0.04723581712748892
M0939_2553,PRINCIPAL iPROP-C,PRINCIPAL iPROP,ทรัพย์สินทางเลือก,1245204646.13,2026-07-31,1176088413.74,2025-07-14,0.05876788818130452
M0939_2553,PRINCIPAL iPROP-D,PRINCIPAL iPROP,ทรัพย์สินทางเลือก,3588263488.29,2026-07-31,3844463319.21,2025-07-14,-0.06664124733348908
M0939_2553,PRINCIPAL iPROP-I,PRINCIPAL iPROP,ทรัพย์สินทางเลือก,3588263488.29,2026-07-31,1176088413.74,2025-07-14,2.0510150821732895
M0939_2553,PRINCIPAL iPROP-R,PRINCIPAL iPROP,ทรัพย์สินทางเลือก,454665648.42,2026-07-31,528702301.96,2025-07-14,-0.14003467218798182
M0939_2553,PRINCIPAL iPROP-X,PRINCIPAL iPROP,ทรัพย์สินทางเลือก,3588263488.29,2026-07-31,1176088413.74,2025-07-14,2.0510150821732895
M0976_2556,main,PRINCIPAL KEQ,ตราสารทุน,418666357.25,2026-07-30,159538385.2,2025-07-14,1.624235896114611
M0995_2567,PRINCIPAL GLEADER-A,PRINCIPAL GLEADER,ตราสารทุน,253563421.48,2026-07-24,285026857.37,2025-07-14,-0.11038761813647824
M0995_2567,PRINCIPAL GLEADER-C,PRINCIPAL GLEADER,ตราสารทุน,253563421.48,2026-07-24,285026857.37,2025-07-14,-0.11038761813647824
M0995_2567,PRINCIPAL GLEADER-D,PRINCIPAL GLEADER,ตราสารทุน,253563421.48,2026-07-24,285026857.37,2025-07-14,-0.11038761813647824
M0995_2567,PRINCIPAL GLEADER-E,PRINCIPAL GLEADER,ตราสารทุน,253563421.48,2026-07-24,285026857.37,2025-07-14,-0.11038761813647824
M0995_2567,PRINCIPAL GLEADER-I,PRINCIPAL GLEADER,ตราสารทุน,253563421.48,2026-07-24,285026857.37,2025-07-14,-0.11038761813647824
M0995_2567,PRINCIPAL GLEADER-R,PRINCIPAL GLEADER,ตราสารทุน,253563421.48,2026-07-24,285026857.37,2025-07-14,-0.11038761813647824
M0995_2567,PRINCIPAL GLEADER-X,PRINCIPAL GLEADER,ตราสารทุน,253563421.48,2026-07-24,285026857.37,2025-07-14,-0.11038761813647824
M1142_2557,main,PRINCIPAL APDIRMF,ตราสารทุน,233993819.97,2026-07-27,203656876.56,2025-07-15,0.14896105607837073
M1148_2568,SIGNATURE GINGRO-A,SIGNATURE GINGRO,ผสม,611401743.7,2026-07-30,,,
M1148_2568,SIGNATURE GINGRO-C,SIGNATURE GINGRO,ผสม,611401743.7,2026-07-30,,,
M1148_2568,SIGNATURE GINGRO-D,SIGNATURE GINGRO,ผสม,611401743.7,2026-07-30,,,
M1148_2568,SIGNATURE GINGRO-E,SIGNATURE GINGRO,ผสม,611401743.7,2026-07-30,,,
M1148_2568,SIGNATURE GINGRO-I,SIGNATURE GINGRO,ผสม,611401743.7,2026-07-30,,,
M1148_2568,SIGNATURE GINGRO-R,SIGNATURE GINGRO,ผสม,611401743.7,2026-07-30,,,
M1148_2568,SIGNATURE GINGRO-USD-A,SIGNATURE GINGRO,ผสม,611401743.7,2026-07-30,,,
M1148_2568,SIGNATURE GINGRO-USD-R,SIGNATURE GINGRO,ผสม,1233437.88,2026-07-30,,,
M1148_2568,SIGNATURE GINGRO-X,SIGNATURE GINGRO,ผสม,611401743.7,2026-07-30,,,
M1160_2568,PRINCIPAL INXUS-A,PRINCIPAL INXUS,ตราสารทุน,146824581.35,2026-07-30,,,
M1160_2568,PRINCIPAL INXUS-C,PRINCIPAL INXUS,ตราสารทุน,149322017.25,2026-07-30,,,
M1160_2568,PRINCIPAL INXUS-D,PRINCIPAL INXUS,ตราสารทุน,146824581.35,2026-07-30,,,
M1160_2568,PRINCIPAL INXUS-E,PRINCIPAL INXUS,ตราสารทุน,146824581.35,2026-07-30,,,
M1160_2568,PRINCIPAL INXUS-I,PRINCIPAL INXUS,ตราสารทุน,146824581.35,2026-07-30,,,
M1160_2568,PRINCIPAL INXUS-R,PRINCIPAL INXUS,ตราสารทุน,146824581.35,2026-07-30,,,
M1160_2568,PRINCIPAL INXUS-X,PRINCIPAL INXUS,ตราสารทุน,146824581.35,2026-07-30,,,
M1218_2557,PRINCIPAL DPLUS-A,PRINCIPAL DPLUS,ตราสารหนี้,11136996104.64,2026-07-31,9875441637.77,2025-07-14,0.12774663788655372
M1218_2557,PRINCIPAL DPLUS-C,PRINCIPAL DPLUS,ตราสารหนี้,26856726.56,2026-07-31,9875441637.77,2025-07-14,-0.9972804531133795
M1218_2557,PRINCIPAL DPLUS-E,PRINCIPAL DPLUS,ตราสารหนี้,26856726.56,2026-07-31,10340612.57,2025-07-14,1.597208470793718
M1218_2557,PRINCIPAL DPLUS-I,PRINCIPAL DPLUS,ตราสารหนี้,26856726.56,2026-07-31,9875441637.77,2025-07-14,-0.9972804531133795
M1218_2557,PRINCIPAL DPLUS-R,PRINCIPAL DPLUS,ตราสารหนี้,26856726.56,2026-07-31,9875441637.77,2025-07-14,-0.9972804531133795
M1218_2557,PRINCIPAL DPLUS-X,PRINCIPAL DPLUS,ตราสารหนี้,433248361.47,2026-07-31,9875441637.77,2025-07-14,-0.9561287102530198
M0073_2567,main,X-Plus,ตราสารหนี้,510711683.0,2026-07-31,249112571.35,2025-07-14,1.050124087404873
M0095_2563,X-SEQS-ASSF,X-SEQS,ตราสารทุน,626320.73,2026-07-30,450237.97,2025-07-16,0.3910882060879939
M0095_2563,X-SEQS-DSSF,X-SEQS,ตราสารทุน,504985.33,2026-07-30,361342.75,2025-07-14,0.39752445565878936
M0095_2563,X-SEQS-IA,X-SEQS,ตราสารทุน,13424095.08,2026-07-31,9510583.42,2025-07-15,0.41149017753949746
M0095_2563,X-SEQS-ID,X-SEQS,ตราสารทุน,5209918.77,2026-07-31,3691082.41,2025-07-15,0.4114880653667117
M0095_2563,X-SEQS-RA,X-SEQS,ตราสารทุน,60275.36,2026-07-31,51317.07,2025-07-14,0.17456744899893928
M0095_2563,X-SEQS-RD,X-SEQS,ตราสารทุน,2211740.93,2026-07-31,1618181.55,2025-07-22,0.3668064192179179
M0105_2568,main,X-FIXED6M1R,ตราสารหนี้,410953079.49,2026-07-31,348510739.44,2025-07-14,0.17916905559448382
M0115_2569,main,X-DAILY,ตราสารหนี้,505141783.49,2026-07-31,,,
M0257_2550,main,X-EQPRO,ผสม,9244083.64,2026-07-31,,,
M0266_2569,main,X-FIXED6M2,ตราสารหนี้,302153788.68,2026-07-31,,,
M0274_2569,main,X-JPTOPTECH,ตราสารทุน,241352147.26,2026-07-31,,,
M0309_2568,main,X-FIXED6M2R,ตราสารหนี้,500951173.07,2026-07-31,,,
M0347_2568,main,X-NUCTECH,ตราสารทุน,407137732.56,2026-07-30,46266099.82,2025-07-14,7.799914713883052
M0359_2552,main,X-EQRMF,ตราสารทุน,4259258.09,2026-07-31,3191905.92,2025-07-14,0.33439336770928385
M0482_2569,main,X-VOLT,ตราสารทุน,67299089.94,2026-07-30,,,
M0544_2568,main,X-EMBOND,ตราสารหนี้,123004951.82,2026-07-27,,,
M0599_2569,main,X-SPACE,ตราสารทุน,190211576.95,2026-07-30,,,
M0626_2567,main,X-PEGINFRA-UI,ทรัพย์สินทางเลือก,235505310.22,2026-07-27,54310056.32,2025-07-14,3.336311287036426
M0961_2568,main,X-QUANTUM,ตราสารทุน,24745714.04,2026-07-30,,,
M1026_2568,main,X-DATACENEQ,ตราสารทุน,75338794.9,2026-07-30,,,
M0037_2564,main,P-CGREEN,ตราสารทุน,293261545.9,2026-07-30,391378803.74,2025-07-14,-0.25069640180407193
M0098_2551,main,PFIXRMF,ตราสารหนี้,15275890.0,2026-07-31,14251128.57,2025-07-14,0.07190738789328033
M0244_2550,main,PMIX,ผสม,87525562.71,2026-07-31,,,
M0249_2561,main,PWIN,ตราสารทุน,206590291.08,2026-07-30,421779351.02,2025-07-14,-0.5101934445572138
M0281_2550,main,PCASH,ตราสารหนี้,248382891.53,2026-07-31,472798070.64,2025-07-14,-0.47465333097959106
M0382_2563,main,PWINRMF,ตราสารทุน,208600832.77,2026-07-30,178182439.52,2025-07-14,0.17071487702123256
M0430_2556,main,PEQ,ตราสารทุน,38822564.86,2026-07-31,69274478.07,2025-07-15,-0.4395834376294998
M0465_2568,P-MESGX-N,P-MESGX,ผสม,147614.99,2026-07-31,122825.44,2025-07-14,0.20182748785593585
M0465_2568,P-MESGX-SW,P-MESGX,ผสม,147614.99,2026-07-31,122825.44,2025-07-14,0.20182748785593585
M0536_2552,main,PGOLD,ทรัพย์สินทางเลือก,5403854.06,2026-07-31,2500630.16,2025-07-14,1.16099691447375
M0557_2551,main,PMIXRMF,ผสม,39574945.54,2026-07-31,31066835.18,2025-07-14,0.2738647277942652
M0027_2565,FP SENERGY-A,FP SENERGY,ตราสารทุน,5173109.74,2026-07-27,2178020.32,2025-07-14,1.3751430106033173
M0027_2565,FP SENERGY-SSF,FP SENERGY,ตราสารทุน,3774545.31,2026-07-27,2178020.32,2025-07-14,0.7330165725910218
M0092_2566,main,FP TTG6M1,ผสม,13626238.77,2026-07-31,,,
M0125_2553,main,FP ASIAN SM,ตราสารทุน,145855993.01,2026-07-30,127438317.6,2025-07-14,0.14452227365248893
M0131_2558,FP INDIA-A,FP INDIA,ตราสารทุน,62747837.78,2026-07-30,54885653.27,2025-07-14,0.14324662350875927
M0131_2558,FP INDIA-D,FP INDIA,ตราสารทุน,12004133.09,2026-07-30,54885653.27,2025-07-14,-0.7812883262781287
M0133_2561,FP USBANK-A,FP USBANK,ตราสารทุน,14217956.74,2026-07-30,15235999.23,2025-07-14,-0.0668182292891859
M0133_2561,FP USBANK-D,FP USBANK,ตราสารทุน,14217956.74,2026-07-30,15235999.23,2025-07-14,-0.0668182292891859
M0225_2550,main,FP DRAGON,ตราสารทุน,60634679.64,2026-07-30,90840647.53,2025-07-14,-0.33251599048789826
M0234_2550,FP LARGE SSF,FP LARGE,ตราสารทุน,36658460.45,2026-07-31,361366042.47,2025-07-14,-0.8985558792424628
M0234_2550,FP LARGEA,FP LARGE,ตราสารทุน,4245630.93,2026-07-31,361366042.47,2025-07-14,-0.9882511624474165
M0234_2550,FP LARGEL,FP LARGE,ตราสารทุน,344735417.3,2026-07-31,361366042.47,2025-07-14,-0.046021549386120464
M0235_2550,main,FP THEQ,ตราสารทุน,39286279.6,2026-07-31,29036226.08,2025-07-14,0.3530091511121063
M0285_2560,FP APREIT-A,FP APREIT,ทรัพย์สินทางเลือก,73496813.01,2026-07-31,55185381.01,2025-07-14,0.3318167178492768
M0285_2560,FP APREIT-R,FP APREIT,ทรัพย์สินทางเลือก,24884170.17,2026-07-31,55185381.01,2025-07-14,-0.5490803956669104
M0353_2569,FP QUANT-A,FP QUANT,ตราสารทุน,10363435.3,2026-06-22,,,
M0353_2569,FP QUANT-I,FP QUANT,ตราสารทุน,16741419.75,2026-06-22,,,
M0376_2557,main,FP ASM RMF,ตราสารทุน,63537937.77,2026-07-30,49099005.2,2025-07-14,0.2940779046578321
M0390_2550,main,FP EE EURO,ตราสารทุน,34749075.68,2026-07-30,32419645.79,2025-07-14,0.0718524164356702
M0416_2568,FP ThaiESGX-N,FP ThaiESGX,ตราสารทุน,439538.09,2026-06-23,100816660.23,2025-07-14,-0.9956402236594899
M0416_2568,FP ThaiESGX-N2026,FP ThaiESGX,ตราสารทุน,98861.7,2026-06-23,100816660.23,2025-07-14,-0.9990193912417406
M0416_2568,FP ThaiESGX-SW,FP ThaiESGX,ตราสารทุน,128730123.69,2026-06-23,100816660.23,2025-07-14,0.2768735186854938
M0493_2557,FP HCARE-A,FP HCARE,ตราสารทุน,26547563.52,2026-07-30,11735808.24,2025-07-14,1.2620992927880352
M0493_2557,FP HCARE-D,FP HCARE,ตราสารทุน,9660150.14,2026-07-30,11735808.24,2025-07-14,-0.17686537284457193
M0521_2550,main,FP MONEY,ตราสารหนี้,15278268.0,2026-07-30,10107561.54,2025-07-14,0.5115681403014245
M0595_2551,main,FP EQ DIV,ตราสารทุน,21833133.55,2026-07-31,19843734.96,2025-07-14,0.10025323327539537
M0721_2551,main,FP FLEX RMF,ผสม,29232767.33,2026-07-31,29809363.06,2025-07-16,-0.01934277256576844
M0844_2566,FP ThaiESG-A,FP ThaiESG,ตราสารทุน,3710177.61,2026-06-22,1314111.49,2025-07-14,1.8233354918767204
M0844_2566,FP ThaiESG-D,FP ThaiESG,ตราสารทุน,2047916.71,2026-06-23,1314111.49,2025-07-14,0.5584040818332696
M0959_2567,main,FP CNGLOV,ตราสารทุน,26375181.16,2026-07-30,,,
M1106_2568,FP GLEQ-A,FP GLEQ,ตราสารทุน,454736.7,2026-06-23,,,
M1106_2568,FP GLEQ-I,FP GLEQ,ตราสารทุน,454736.7,2026-06-23,,,
M0016_2565,LHTREASURY-A,LHTREASURY,ตราสารหนี้,2337628083.22,2026-07-31,2323759544.42,2025-07-14,0.005968147105969601
M0016_2565,LHTREASURY-L,LHTREASURY,ตราสารหนี้,0.0,2026-07-31,0.0,2025-07-14,
M0031_2561,LHEME-A,LHEME,ตราสารทุน,57611730.59,2026-07-30,18938518.43,2025-07-14,2.0420399992186717
M0031_2561,LHEME-D,LHEME,ตราสารทุน,105484494.27,2026-07-30,39117708.69,2025-07-14,1.69659184554861
M0031_2561,LHEME-E,LHEME,ตราสารทุน,7746265.4,2026-07-30,3340849.91,2025-07-14,1.3186511243182428
M0049_2568,LHQTUM-A,LHQTUM,ตราสารทุน,311552130.33,2026-07-30,220171014.6,2025-07-29,0.41504607632398116
M0049_2568,LHQTUM-D,LHQTUM,ตราสารทุน,311552130.33,2026-07-30,7944710.0,2025-07-29,38.215041245054884
M0049_2568,LHQTUM-E,LHQTUM,ตราสารทุน,13331852.28,2026-07-30,7944710.0,2025-07-29,0.6780791595917282
M0049_2568,LHQTUM-R,LHQTUM,ตราสารทุน,311552130.33,2026-07-30,7944710.0,2025-07-29,38.215041245054884
M0050_2565,LHUSFIN-A,LHUSFIN,ตราสารทุน,27874021.24,2026-07-30,95899951.95,2025-07-14,-0.7093426985809872
M0050_2565,LHUSFIN-ASSF,LHUSFIN,ตราสารทุน,1748598.68,2026-07-30,1706733.59,2025-07-14,0.024529364304595402
M0050_2565,LHUSFIN-D,LHUSFIN,ตราสารทุน,1431149.05,2026-07-30,3612330.38,2025-07-15,-0.6038155707120012
M0050_2565,LHUSFIN-DSSF,LHUSFIN,ตราสารทุน,1429515.85,2026-07-27,1658930.16,2025-07-14,-0.13829051730544206
M0050_2565,LHUSFIN-E,LHUSFIN,ตราสารทุน,3707161.23,2026-07-27,8109911.65,2025-07-14,-0.542885127484712
M0052_2564,LHGREEN-A,LHGREEN,ตราสารทุน,23660561.17,2026-07-27,26299847.44,2025-07-14,-0.10035367224168201
M0052_2564,LHGREEN-ASSF,LHGREEN,ตราสารทุน,23660561.17,2026-07-27,1827511.66,2025-07-14,11.94687289163452
M0052_2564,LHGREEN-D,LHGREEN,ตราสารทุน,4239450.03,2026-07-27,7676462.37,2025-07-14,-0.44773388760844013
M0052_2564,LHGREEN-DSSF,LHGREEN,ตราสารทุน,23660561.17,2026-07-27,1827511.66,2025-07-14,11.94687289163452
M0052_2564,LHGREEN-E,LHGREEN,ตราสารทุน,3084013.97,2026-07-27,1827511.66,2025-07-14,0.6875481768472003
M0052_2564,LHGREEN-IA,LHGREEN,ตราสารทุน,0.0,2026-07-27,0.0,2025-07-15,
M0052_2564,LHGREEN-ID,LHGREEN,ตราสารทุน,23660561.17,2026-07-27,1827511.66,2025-07-14,11.94687289163452
M0053_2564,LHCYBER-A,LHCYBER,ตราสารทุน,169939452.34,2026-07-30,412701191.51,2025-07-14,-0.588226407299136
M0053_2564,LHCYBER-ASSF,LHCYBER,ตราสารทุน,3818114.08,2026-07-30,3517104.03,2025-07-14,0.08558463083049617
M0053_2564,LHCYBER-D,LHCYBER,ตราสารทุน,58928268.52,2026-07-30,69988736.42,2025-07-14,-0.15803211296209885
M0053_2564,LHCYBER-DSSF,LHCYBER,ตราสารทุน,3508446.1,2026-07-24,3167566.87,2025-07-14,0.10761548026924528
M0053_2564,LHCYBER-E,LHCYBER,ตราสารทุน,3562436.78,2026-07-30,6111157.68,2025-07-15,-0.4170602418492988
M0058_2563,LHWPLUS-A,LHWPLUS,ผสม,16257626.98,2026-07-31,50954160.64,2025-07-14,-0.6809362223653734
M0058_2563,LHWPLUS-D,LHWPLUS,ผสม,30866198.13,2026-07-31,30837378.45,2025-07-14,0.0009345697153448906
M0058_2563,LHWPLUS-E,LHWPLUS,ผสม,2269214.01,2026-07-31,2344281.72,2025-07-14,-0.03202162494360983
M0059_2561,LHDIGITAL-A,LHDIGITAL,ตราสารทุน,41542266.36,2026-07-30,41922531.62,2025-07-14,-0.009070665470464645
M0059_2561,LHDIGITAL-D,LHDIGITAL,ตราสารทุน,53774059.69,2026-07-30,81492537.74,2025-07-14,-0.3401351684302082
M0059_2561,LHDIGITAL-E,LHDIGITAL,ตราสารทุน,8551827.74,2026-07-30,4340065.8,2025-07-14,0.9704373468254792
M0059_2561,LHDIGITAL-R,LHDIGITAL,ตราสารทุน,972037.61,2026-07-30,3087007.09,2025-07-14,-0.6851197351801352
M0062_2560,LHSTRATEGY-A,LHSTRATEGY,ตราสารทุน,24436188.06,2026-07-22,28525888.79,2025-07-14,-0.1433680387702304
M0062_2560,LHSTRATEGY-ASSF,LHSTRATEGY,ตราสารทุน,23733475.51,2026-07-31,19211138.63,2025-07-15,0.23540181386947823
M0062_2560,LHSTRATEGY-D,LHSTRATEGY,ตราสารทุน,22512124.12,2026-07-31,23981028.16,2025-07-15,-0.0612527548943923
M0062_2560,LHSTRATEGY-DSSF,LHSTRATEGY,ตราสารทุน,17400366.86,2026-07-31,13689148.63,2025-07-15,0.2711065772101269
M0062_2560,LHSTRATEGY-E,LHSTRATEGY,ตราสารทุน,3512828.15,2026-07-24,3176653.24,2025-07-16,0.10582675684173815
M0062_2560,LHSTRATEGY-O,LHSTRATEGY,ตราสารทุน,205.99,2026-07-30,76.91,2025-07-15,1.678325315303602
M0062_2560,LHSTRATEGY-R,LHSTRATEGY,ตราสารทุน,5646121.93,2026-07-31,4179930.2,2025-07-16,0.35076942911630415
M0075_2569,main,LHCOPPER,ตราสารทุน,199449482.64,2026-07-30,,,
M0090_2568,LHGENHANCED-A,LHGENHANCED,ตราสารทุน,68568195.45,2026-07-27,,,
M0090_2568,LHGENHANCED-D,LHGENHANCED,ตราสารทุน,68568195.45,2026-07-27,,,
M0098_2564,LHMOBILITY-A,LHMOBILITY,ตราสารทุน,15207057.85,2026-07-27,20567520.0,2025-07-14,-0.2606275404132341
M0098_2564,LHMOBILITY-D,LHMOBILITY,ตราสารทุน,2787200.89,2026-07-27,4055467.42,2025-07-14,-0.3127300502391904
M0098_2564,LHMOBILITY-E,LHMOBILITY,ตราสารทุน,4891377.02,2026-07-27,4203956.1,2025-07-14,0.1635176256954729
M0112_2565,LHGEQP-A,LHGEQP,ตราสารทุน,758332377.99,2026-07-30,101068363.34,2025-07-15,6.503162739846935
M0112_2565,LHGEQP-ASSF,LHGEQP,ตราสารทุน,2283343.33,2026-07-30,783793.46,2025-07-14,1.9131951802710887
M0112_2565,LHGEQP-D,LHGEQP,ตราสารทุน,5020732.33,2026-07-30,285421.77,2025-07-16,16.59057247104872
M0112_2565,LHGEQP-DSSF,LHGEQP,ตราสารทุน,3393155.0,2026-07-30,2453099.51,2025-07-14,0.38321131538606035
M0112_2565,LHGEQP-E,LHGEQP,ตราสารทุน,3193871.58,2026-07-30,768739.83,2025-07-15,3.1546846609990276
M0113_2556,LHGROWTH-A,LHGROWTH,ตราสารทุน,652556918.09,2026-07-30,308858770.18,2025-07-14,1.1128003511433264
M0113_2556,LHGROWTH-D,LHGROWTH,ตราสารทุน,24281420.86,2026-07-31,24098248.32,2025-07-14,0.007601072806938225
M0113_2556,LHGROWTH-E,LHGROWTH,ตราสารทุน,5311172.22,2026-07-31,3560325.58,2025-07-14,0.4917658794564512
M0113_2556,LHGROWTH-R,LHGROWTH,ตราสารทุน,3708427.89,2026-07-30,3153087.54,2025-07-14,0.176125890244075
M0126_2568,LHGIGO-A,LHGIGO,ตราสารหนี้,868317601.45,2026-07-27,606318726.88,2025-07-14,0.43211410592279753
M0126_2568,LHGIGO-D,LHGIGO,ตราสารหนี้,54781084.76,2026-07-27,70230681.07,2025-07-14,-0.21998357519274436
M0126_2568,LHGIGO-E,LHGIGO,ตราสารหนี้,12368223.23,2026-07-27,8513715.84,2025-07-14,0.4527409021440867
M0135_2563,LHSMARTDSSF-SSF,LHSMARTDSSF,ผสม,104429492.72,2026-07-31,88647621.81,2025-07-14,0.17802926449426426
M0135_2563,LHSMARTDSSF-SSFX,LHSMARTDSSF,ผสม,49911151.85,2026-07-31,40116076.1,2025-07-14,0.24416834103074203
M0144_2556,main,LHFL,ผสม,143668154.27,2026-07-31,117417330.97,2025-07-14,0.22356855741089077
M0145_2565,LHGDIV-A,LHGDIV,ตราสารทุน,29705785.22,2026-07-27,60245211.71,2025-07-14,-0.5069187346706728
M0145_2565,LHGDIV-ASSF,LHGDIV,ตราสารทุน,897818.02,2026-07-30,60245211.71,2025-07-14,-0.985097271724734
M0145_2565,LHGDIV-D,LHGDIV,ตราสารทุน,6522661.45,2026-07-27,60245211.71,2025-07-14,-0.8917314544200147
M0145_2565,LHGDIV-DSSF,LHGDIV,ตราสารทุน,1471208.05,2026-07-30,60245211.71,2025-07-14,-0.9755796683546919
M0145_2565,LHGDIV-E,LHGDIV,ตราสารทุน,1628207.46,2026-07-30,60245211.71,2025-07-14,-0.9729736619096363
M0149_2567,LHGBLOCK-A,LHGBLOCK,ตราสารทุน,124508159.89,2026-07-30,58286489.76,2025-07-14,1.136140989149867
M0149_2567,LHGBLOCK-ASSF,LHGBLOCK,ตราสารทุน,1359005.22,2026-07-30,1031605.39,2025-07-14,0.31736925104666236
M0149_2567,LHGBLOCK-D,LHGBLOCK,ตราสารทุน,23607841.11,2026-07-27,5089632.46,2025-07-14,3.638417664838612
M0149_2567,LHGBLOCK-DSSF,LHGBLOCK,ตราสารทุน,1291276.32,2026-07-27,661460.94,2025-07-14,0.9521580820781348
M0149_2567,LHGBLOCK-E,LHGBLOCK,ตราสารทุน,6936781.18,2026-07-27,6843371.78,2025-07-16,0.013649616446821167
M0163_2559,LHPROPINFRA-D,LHPROPINFRA,ผสม,138859210.63,2026-07-31,117159883.71,2025-07-14,0.18521123641357695
M0163_2559,LHPROPINFRA-E,LHPROPINFRA,ผสม,1835824.01,2026-07-31,1381657.93,2025-07-14,0.32871094222287
M0163_2559,LHPROPINFRA-L,LHPROPINFRA,ผสม,138859210.63,2026-07-31,117159883.71,2025-07-14,0.18521123641357695
M0195_2559,LHIP-A,LHIP,ผสม,290149806.15,2026-07-31,265546043.36,2025-07-14,0.09265347161149262
M0195_2559,LHIP-D,LHIP,ผสม,290149806.15,2026-07-31,265546043.36,2025-07-14,0.09265347161149262
M0195_2559,LHIP-R,LHIP,ผสม,290149806.15,2026-07-31,265546043.36,2025-07-14,0.09265347161149262
M0195_2561,LHGEQ-A,LHGEQ,ตราสารทุน,1190292703.68,2026-07-30,946407967.89,2025-07-16,0.25769514212114775
M0195_2561,LHGEQ-ASSF,LHGEQ,ตราสารทุน,20318959.72,2026-07-27,18480925.47,2025-07-15,0.09945574711524441
M0195_2561,LHGEQ-D,LHGEQ,ตราสารทุน,165269830.11,2026-07-30,228887979.13,2025-07-14,-0.27794447424374
M0195_2561,LHGEQ-DSSF,LHGEQ,ตราสารทุน,20235941.48,2026-07-30,19159643.98,2025-07-15,0.05617523483857556
M0195_2561,LHGEQ-E,LHGEQ,ตราสารทุน,12026063.21,2026-07-30,18064761.19,2025-07-14,-0.33428053194208873
M0195_2561,LHGEQ-O,LHGEQ,ตราสารทุน,165269830.11,2026-07-30,228887979.13,2025-07-14,-0.27794447424374
M0195_2561,LHGEQ-R,LHGEQ,ตราสารทุน,3200691.87,2026-07-27,3792116.21,2025-07-15,-0.15596155477524243
M0204_2559,LHPROPIA-A,LHPROPIA,ผสม,8658359.68,2026-07-31,10147427.16,2025-07-14,-0.14674335243023318
M0204_2559,LHPROPIA-ASSF,LHPROPIA,ผสม,1246537.12,2026-07-31,1159182.71,2025-07-14,0.075358620557755
M0204_2559,LHPROPIA-D,LHPROPIA,ผสม,656235400.92,2026-07-31,776590638.86,2025-07-14,-0.1549789965491679
M0204_2559,LHPROPIA-DSSF,LHPROPIA,ผสม,2306610.35,2026-07-31,2070051.35,2025-07-14,0.11427687530553277
M0204_2559,LHPROPIA-E,LHPROPIA,ผสม,1485219.2,2026-07-30,1292565.88,2025-07-14,0.1490471959541435
M0204_2559,LHPROPIA-L,LHPROPIA,ผสม,1246537.12,2026-07-31,10147427.16,2025-07-14,-0.8771573227040538
M0216_2564,LHHEALTH-A,LHHEALTH,ตราสารทุน,63522836.81,2026-07-30,112814690.29,2025-07-14,-0.43692761424324256
M0216_2564,LHHEALTH-ASSF,LHHEALTH,ตราสารทุน,558414.11,2026-07-24,187401.81,2025-07-14,1.9797690321134036
M0216_2564,LHHEALTH-D,LHHEALTH,ตราสารทุน,29763279.88,2026-07-30,33840715.43,2025-07-14,-0.12048904694211426
M0216_2564,LHHEALTH-DSSF,LHHEALTH,ตราสารทุน,440629.79,2026-07-30,354896.84,2025-07-14,0.24157146623227166
M0216_2564,LHHEALTH-E,LHHEALTH,ตราสารทุน,7748105.61,2026-07-27,8173528.53,2025-07-14,-0.0520488695229403
M0220_2559,LHSMART-A,LHSMART,ผสม,152728599.01,2026-07-31,140590694.62,2025-07-14,0.08633504815384341
M0220_2559,LHSMART-D,LHSMART,ผสม,152728599.01,2026-07-31,140590694.62,2025-07-14,0.08633504815384341
M0220_2559,LHSMART-R,LHSMART,ผสม,152728599.01,2026-07-31,140590694.62,2025-07-14,0.08633504815384341
M0226_2569,main,LHASIASEMICON,ตราสารทุน,227027384.6,2026-07-30,,,
M0227_2564,LHSEMICON-A,LHSEMICON,ตราสารทุน,716561922.56,2026-07-30,255766688.02,2025-07-14,1.8016233392519334
M0227_2564,LHSEMICON-D,LHSEMICON,ตราสารทุน,158584361.86,2026-07-30,81639368.85,2025-07-14,0.9424986265067141
M0227_2564,LHSEMICON-E,LHSEMICON,ตราสารทุน,14962025.97,2026-07-30,11801678.66,2025-07-14,0.2677879478884235
M0228_2563,LHCHINA-A,LHCHINA,ตราสารทุน,134741618.56,2026-07-30,213161184.62,2025-07-14,-0.36788858252874534
M0228_2563,LHCHINA-ASSF,LHCHINA,ตราสารทุน,855768.19,2026-07-30,435210.28,2025-07-16,0.966332665671408
M0228_2563,LHCHINA-D,LHCHINA,ตราสารทุน,76258886.38,2026-07-27,92683310.2,2025-07-14,-0.17721015557771913
M0228_2563,LHCHINA-DSSF,LHCHINA,ตราสารทุน,2105694.94,2026-07-30,1813940.22,2025-07-15,0.1608403169978776
M0228_2563,LHCHINA-E,LHCHINA,ตราสารทุน,20528026.27,2026-07-30,22685095.28,2025-07-15,-0.09508750055379978
M0233_2569,main,LHLONGEVITY,ตราสารทุน,44464238.41,2026-07-30,,,
M0234_2565,main,LHTRIG7M,ผสม,40802404.73,2026-07-31,36963295.78,2025-07-14,0.10386273380084377
M0274_2563,main,LHGEQRMF,ตราสารทุน,134228199.97,2026-07-30,303633024.17,2025-07-14,-0.5579262159084268
M0274_2567,LHGPAFUI-A,LHGPAFUI,ทรัพย์สินทางเลือก,29391417.02,2026-07-30,37175526.73,2025-07-14,-0.20938801396237805
M0274_2567,LHGPAFUI-D,LHGPAFUI,ทรัพย์สินทางเลือก,29391417.02,2026-07-30,37175526.73,2025-07-14,-0.20938801396237805
M0285_2563,LHMEGA-A,LHMEGA,ตราสารทุน,7445674.49,2026-07-30,61736523.77,2025-07-14,-0.8793959550145886
M0285_2563,LHMEGA-D,LHMEGA,ตราสารทุน,7713216.39,2026-07-30,20349873.46,2025-07-14,-0.6209698106889359
M0285_2563,LHMEGA-E,LHMEGA,ตราสารทุน,712194.87,2026-07-30,6903831.38,2025-07-14,-0.8968406337293828
M0312_2564,LHVN-A,LHVN,ตราสารทุน,183495714.21,2026-07-27,230967265.31,2025-07-15,-0.20553367610896967
M0312_2564,LHVN-ASSF,LHVN,ตราสารทุน,2590799.49,2026-07-27,2646431.3,2025-07-15,-0.021021444992734062
M0312_2564,LHVN-D,LHVN,ตราสารทุน,33720946.32,2026-07-27,77142333.81,2025-07-14,-0.5628736563369472
M0312_2564,LHVN-DSSF,LHVN,ตราสารทุน,2757252.3,2026-07-24,2782171.0,2025-07-14,-0.008956566652445264
M0312_2564,LHVN-E,LHVN,ตราสารทุน,7044763.94,2026-07-23,12641358.45,2025-07-15,-0.4427209727606449
M0315_2560,LHGINCOME-A,LHGINCOME,ผสม,43862846.43,2026-07-27,9397520.4,2025-07-14,3.667491483178903
M0315_2560,LHGINCOME-D,LHGINCOME,ผสม,14203538.24,2026-07-27,14029275.42,2025-07-14,0.012421369941285176
M0315_2560,LHGINCOME-E,LHGINCOME,ผสม,378163.08,2026-07-27,189894.45,2025-07-14,0.99143829637991
M0315_2560,LHGINCOME-R,LHGINCOME,ผสม,1919905.08,2026-07-24,2560520.5,2025-07-15,-0.2501895298241119
M0322_2560,LHSELECT-A,LHSELECT,ผสม,98242318.55,2026-07-31,116825271.0,2025-07-14,-0.15906620452008202
M0322_2560,LHSELECT-D,LHSELECT,ผสม,98242318.55,2026-07-31,116825271.0,2025-07-14,-0.15906620452008202
M0322_2560,LHSELECT-R,LHSELECT,ผสม,98242318.55,2026-07-31,116825271.0,2025-07-14,-0.15906620452008202
M0334_2563,LHGOLD-A,LHGOLD,ทรัพย์สินทางเลือก,161186038.34,2026-07-30,82553416.46,2025-07-14,0.9525059682793413
M0334_2563,LHGOLD-D,LHGOLD,ทรัพย์สินทางเลือก,42219627.93,2026-07-30,10153988.11,2025-07-14,3.157935529629057
M0334_2563,LHGOLD-E,LHGOLD,ทรัพย์สินทางเลือก,7011808.87,2026-07-30,5336592.68,2025-07-14,0.31391119586065175
M0357_2568,LHTHAIESGX-LT,LHTHAIESGX,ผสม,48421038.89,2026-07-31,36311298.88,2025-07-14,0.33349784732349397
M0357_2568,LHTHAIESGX-N,LHTHAIESGX,ผสม,48421038.89,2026-07-31,36311298.88,2025-07-14,0.33349784732349397
M0357_2568,LHTHAIESGX-X,LHTHAIESGX,ผสม,5013307.61,2026-07-31,3730463.18,2025-07-14,0.3438834182515642
M0367_2569,main,LHHUMANOID,ตราสารทุน,128453835.84,2026-07-30,,,
M0379_2569,main,LHGALPHA,ตราสารทุน,134074347.42,2026-07-30,,,
M0380_2564,LHEUROPE-A,LHEUROPE,ตราสารทุน,4555436.48,2026-07-30,64480791.51,2025-07-14,-0.9293520384393309
M0380_2564,LHEUROPE-ASSF,LHEUROPE,ตราสารทุน,1741501.54,2026-07-30,1697659.86,2025-07-15,0.025824772696221965
M0380_2564,LHEUROPE-D,LHEUROPE,ตราสารทุน,8242241.58,2026-07-30,20825169.61,2025-07-14,-0.6042173132629771
M0380_2564,LHEUROPE-DSSF,LHEUROPE,ตราสารทุน,2409370.99,2026-07-30,2605479.72,2025-07-17,-0.07526780135521449
M0380_2564,LHEUROPE-E,LHEUROPE,ตราสารทุน,3430401.88,2026-07-24,3241121.79,2025-07-14,0.058399561097640884
M0407_2564,main,LH-THAPE1UI,ทรัพย์สินทางเลือก,3781724371.2,2026-07-31,3756013972.14,2025-07-14,0.006845128705778247
M0413_2558,LHMSFL-A,LHMSFL,ผสม,3354342.14,2026-07-31,6536377.74,2025-07-14,-0.48681941689618446
M0413_2558,LHMSFL-D,LHMSFL,ผสม,3740927.9,2026-07-31,3913864.81,2025-07-14,-0.04418571371145552
M0413_2558,LHMSFL-R,LHMSFL,ผสม,2991494.55,2026-07-31,5378035.53,2025-07-14,-0.4437570125164272
M0417_2569,main,LHGAS,ตราสารทุน,113714237.05,2026-07-30,,,
M0425_2560,LHGLIFEE-A,LHGLIFEE,ตราสารทุน,101840251.0,2026-07-30,91095565.79,2025-07-14,0.1179495963038355
M0425_2560,LHGLIFEE-D,LHGLIFEE,ตราสารทุน,158433418.25,2026-07-30,180025290.78,2025-07-14,-0.11993799558077844
M0425_2560,LHGLIFEE-E,LHGLIFEE,ตราสารทุน,4630216.41,2026-07-30,5006243.47,2025-07-14,-0.07511162057006382
M0433_2555,LHDEBT-A,LHDEBT,ตราสารหนี้,165795161.73,2026-07-31,87758669.43,2025-07-14,0.8892169036615256
M0433_2555,LHDEBT-D,LHDEBT,ตราสารหนี้,12809190.6,2026-07-30,21827783.32,2025-07-14,-0.41317034294254673
M0433_2555,LHDEBT-E,LHDEBT,ตราสารหนี้,1291387.79,2026-07-31,1171321.39,2025-07-14,0.10250508615743814
M0433_2555,LHDEBT-IA,LHDEBT,ตราสารหนี้,165795161.73,2026-07-31,87758669.43,2025-07-14,0.8892169036615256
M0433_2555,LHDEBT-L,LHDEBT,ตราสารหนี้,26697460.51,2026-07-31,50225115.08,2025-07-14,-0.46844401516103007
M0433_2555,LHDEBT-R,LHDEBT,ตราสารหนี้,3515609.39,2026-07-24,3496018.76,2025-07-14,0.005603697046522749
M0435_2559,main,LHSMARTMIX,ผสม,106132795.79,2026-07-31,108083591.12,2025-07-14,-0.018048949982001683
M0460_2563,LHGDYNAMIC-A,LHGDYNAMIC,ผสม,4489579.11,2026-07-30,9435440.87,2025-07-15,-0.5241791907917493
M0460_2563,LHGDYNAMIC-D,LHGDYNAMIC,ผสม,5638326.49,2026-07-30,10997197.43,2025-07-14,-0.48729423783746684
M0460_2563,LHGDYNAMIC-E,LHGDYNAMIC,ผสม,5937675.5,2026-07-27,4498338.74,2025-07-15,0.3199707365746314
M0462_2563,LHESPORT-A,LHESPORT,ตราสารทุน,155999703.33,2026-07-30,267246627.76,2025-07-14,-0.41627063870719794
M0462_2563,LHESPORT-D,LHESPORT,ตราสารทุน,68012398.45,2026-07-27,105322300.8,2025-07-14,-0.3542450370586663
M0462_2563,LHESPORT-E,LHESPORT,ตราสารทุน,15416967.75,2026-07-30,24454225.54,2025-07-14,-0.3695581270900472
M0489_2569,main,LHSOLAR,ตราสารทุน,391085557.71,2026-07-30,,,
M0491_2560,LHTOPPICK-A,LHTOPPICK,ตราสารทุน,25019281.51,2026-07-31,19298721.15,2025-07-14,0.2964217325871876
M0491_2560,LHTOPPICK-D,LHTOPPICK,ตราสารทุน,10557437.75,2026-07-30,10841682.4,2025-07-15,-0.02621776210673732
M0491_2560,LHTOPPICK-R,LHTOPPICK,ตราสารทุน,2808223.68,2026-07-31,5523945.64,2025-07-14,-0.49162720580284347
M0496_2555,LHEQD-A,LHEQD,ตราสารทุน,276480446.93,2026-07-31,315799259.59,2025-07-14,-0.12450571515287057
M0496_2555,LHEQD-D,LHEQD,ตราสารทุน,24494828.2,2026-07-31,19080365.25,2025-07-14,0.2837714519118024
M0496_2555,LHEQD-E,LHEQD,ตราสารทุน,1555390.7,2026-07-31,2335735.04,2025-07-14,-0.3340894093878045
M0496_2555,LHEQD-R,LHEQD,ตราสารทุน,3910074.26,2026-07-31,2498045.35,2025-07-14,0.5652535131117613
M0500_2560,main,LHGINCOMERMF,ผสม,18906114.17,2026-07-22,21750129.96,2025-07-14,-0.13075856536169406
M0503_2561,LHEQDPLUS-A,LHEQDPLUS,ตราสารทุน,6357200.09,2026-07-31,6172043.75,2025-07-15,0.029999194351141734
M0503_2561,LHEQDPLUS-D,LHEQDPLUS,ตราสารทุน,202460984.58,2026-07-31,166750506.54,2025-07-14,0.21415513980123246
M0504_2559,LHSTPLUS-A,LHSTPLUS,ตราสารหนี้,2618666209.01,2026-07-31,2062178313.91,2025-07-14,0.26985440170053443
M0504_2559,LHSTPLUS-ASSF,LHSTPLUS,ตราสารหนี้,6153670.46,2026-07-31,6076183.14,2025-07-14,0.012752630757604244
M0504_2559,LHSTPLUS-E,LHSTPLUS,ตราสารหนี้,2618666209.01,2026-07-31,2062178313.91,2025-07-14,0.26985440170053443
M0504_2559,LHSTPLUS-L,LHSTPLUS,ตราสารหนี้,2618666209.01,2026-07-31,2062178313.91,2025-07-14,0.26985440170053443
M0514_2569,main,LHPHOTONICS,ตราสารทุน,52677499.31,2026-07-30,,,
M0521_2567,LHSPACE-A,LHSPACE,ตราสารทุน,347575887.46,2026-07-30,221264684.01,2025-07-14,0.5708602076067928
M0521_2567,LHSPACE-ASSF,LHSPACE,ตราสารทุน,1553532.96,2026-07-27,372620.61,2025-07-14,3.1692083537730245
M0521_2567,LHSPACE-D,LHSPACE,ตราสารทุน,19832521.4,2026-07-30,6725569.84,2025-07-14,1.9488239467899122
M0521_2567,LHSPACE-DSSF,LHSPACE,ตราสารทุน,1908504.19,2026-07-30,793526.84,2025-07-14,1.4050909103465234
M0521_2567,LHSPACE-E,LHSPACE,ตราสารทุน,10003276.52,2026-07-30,2360936.73,2025-07-14,3.2369947457253545
M0524_2558,main,LHPROP-I,ทรัพย์สินทางเลือก,996418085.98,2026-07-31,736181260.83,2025-07-14,0.3534955845746448
M0534_2569,main,LHGRID,ตราสารทุน,111458967.12,2026-07-30,,,
M0545_2556,main,LHTPROP,ทรัพย์สินทางเลือก,1183629630.21,2026-07-31,1179616411.37,2025-07-14,0.0034021388659211116
M0557_2563,main,LHCHINARMF,ตราสารทุน,25572418.49,2026-07-30,26076288.21,2025-07-14,-0.019322908074270062
M0561_2569,main,LHDRAM,ตราสารทุน,665388063.9,2026-07-30,,,
M0562_2565,main,LHMMRMF,ตราสารหนี้,53724178.82,2026-07-31,50080493.06,2025-07-14,0.07275658719323319
M0563_2562,LHPROPG-A,LHPROPG,ทรัพย์สินทางเลือก,6744462.8,2026-07-24,9850693.83,2025-07-14,-0.31533119225978423
M0563_2562,LHPROPG-D,LHPROPG,ทรัพย์สินทางเลือก,105851374.09,2026-07-24,114652824.65,2025-07-14,-0.076766103119292
M0563_2562,LHPROPG-E,LHPROPG,ทรัพย์สินทางเลือก,1520600.21,2026-07-24,1419392.85,2025-07-14,0.07130327590420071
M0564_2568,LHALFA1-UI-D,LHALFA1-UI,ผสม,452337661.15,2026-07-31,431900000.0,2025-08-04,0.04732035459597128
M0564_2568,LHALFA1-UI-PD,LHALFA1-UI,ผสม,452337661.15,2026-07-31,431900000.0,2025-08-04,0.04732035459597128
M0567_2559,LHACTGF-A,LHACTGF,ผสม,9837276.75,2026-07-31,10513189.27,2025-07-14,-0.0642918625967056
M0567_2559,LHACTGF-D,LHACTGF,ผสม,25970515.3,2026-07-31,10513189.27,2025-07-14,1.4702794397612897
M0570_2567,main,LHSBUSD6M1,ตราสารหนี้,1648023.25,2026-07-30,,,
M0579_2560,LHINDIAE-A,LHINDIAE,ตราสารทุน,9539672.67,2026-07-30,29947756.66,2025-07-14,-0.6814561845715223
M0579_2560,LHINDIAE-D,LHINDIAE,ตราสารทุน,8753224.71,2026-07-30,13331910.79,2025-07-14,-0.34343809766821864
M0579_2560,LHINDIAE-E,LHINDIAE,ตราสารทุน,4042547.42,2026-07-30,5424232.87,2025-07-14,-0.25472458191124825
M0582_2560,LHTHAIEQ-A,LHTHAIEQ,ตราสารทุน,21656720.84,2026-07-31,21816506.04,2025-07-14,-0.007324050868046328
M0582_2560,LHTHAIEQ-D,LHTHAIEQ,ตราสารทุน,43584316.63,2026-07-31,21816506.04,2025-07-14,0.9977679537726749
M0585_2563,LHINNO-A,LHINNO,ตราสารทุน,506014925.19,2026-07-30,688153504.82,2025-07-14,-0.2646772534823345
M0585_2563,LHINNO-D,LHINNO,ตราสารทุน,143992666.52,2026-07-27,188417697.47,2025-07-15,-0.23577950238497836
M0585_2563,LHINNO-E,LHINNO,ตราสารทุน,37247005.76,2026-07-30,49166499.21,2025-07-14,-0.24243120095025372
M0589_2568,main,LHGIGORMF,ตราสารหนี้,7995052.48,2026-07-27,,,
M0617_2558,LHJAPE-A,LHJAPE,ตราสารทุน,2866036.13,2026-07-27,19771913.02,2025-07-14,-0.8550450769684804
M0617_2558,LHJAPE-D,LHJAPE,ตราสารทุน,22305194.33,2026-07-27,26006478.08,2025-07-14,-0.14232160689403128
M0617_2558,LHJAPE-E,LHJAPE,ตราสารทุน,941592.85,2026-07-27,634471.61,2025-07-14,0.48405828591763145
M0626_2558,main,LHTPROPRMF,ทรัพย์สินทางเลือก,562882295.98,2026-07-31,364191613.58,2025-07-14,0.5455663309950292
M0647_2568,LHNUKZ-A,LHNUKZ,ตราสารทุน,211078658.52,2026-07-30,,,
M0647_2568,LHNUKZ-D,LHNUKZ,ตราสารทุน,211078658.52,2026-07-30,,,
M0647_2568,LHNUKZ-E,LHNUKZ,ตราสารทุน,10907822.35,2026-07-30,,,
M0658_2560,LHROBOTE-A,LHROBOTE,ตราสารทุน,23586494.52,2026-07-27,21701627.41,2025-07-14,0.08685372181495765
M0658_2560,LHROBOTE-D,LHROBOTE,ตราสารทุน,100685607.94,2026-07-27,117507566.47,2025-07-14,-0.14315638588511403
M0658_2560,LHROBOTE-E,LHROBOTE,ตราสารทุน,4031847.1,2026-07-27,4590006.28,2025-07-14,-0.12160314081313195
M0678_2569,main,LHDRAM-AI,ตราสารทุน,23634828.7,2026-07-30,,,
M0680_2569,main,LHSUPERAI,ตราสารทุน,56094540.91,2026-07-27,,,
M0705_2568,main,LHCYBERRMF,ตราสารทุน,9717450.13,2026-07-30,,,
M0801_2567,main,LHSITHAIESG,ตราสารหนี้,23149772.03,2026-07-31,13564224.74,2025-07-15,0.7066785956246255
M0810_2566,LHTHAIESG-A,LHTHAIESG,ตราสารทุน,15713671.68,2026-07-30,7966599.94,2025-07-15,0.9724439281935373
M0810_2566,LHTHAIESG-D,LHTHAIESG,ตราสารทุน,31998108.34,2026-07-27,15119505.55,2025-07-14,1.1163462147741994
M0877_2566,LHUS-A,LHUS,ตราสารทุน,19736860.73,2026-07-30,232940034.76,2025-07-14,-0.9152706371391459
M0877_2566,LHUS-ASSF,LHUS,ตราสารทุน,530722.66,2026-07-24,516182.51,2025-07-14,0.02816862198604908
M0877_2566,LHUS-D,LHUS,ตราสารทุน,1223573.66,2026-07-30,4906780.35,2025-07-14,-0.7506361457569626
M0877_2566,LHUS-DSSF,LHUS,ตราสารทุน,278854.49,2026-07-30,304589.46,2025-07-14,-0.08449067804250365
M0877_2566,LHUS-E,LHUS,ตราสารทุน,19736860.73,2026-07-30,232940034.76,2025-07-14,-0.9152706371391459
M0881_2554,LHMM-A,LHMM,ตราสารหนี้,1805198399.08,2026-07-31,1727493944.53,2025-07-14,0.04498102861433817
M0881_2554,LHMM-ASSF,LHMM,ตราสารหนี้,6815580.4,2026-07-31,6120419.77,2025-07-14,0.11358054776037041
M0881_2554,LHMM-L,LHMM,ตราสารหนี้,0.0,2026-07-31,0.0,2025-07-14,
M0884_2568,LHAI-A,LHAI,ตราสารทุน,908589472.15,2026-07-30,,,
M0884_2568,LHAI-D,LHAI,ตราสารทุน,908589472.15,2026-07-30,,,
M0884_2568,LHAI-E,LHAI,ตราสารทุน,15311777.86,2026-07-30,,,
M0885_2555,main,LHFLRMF,ผสม,258774924.6,2026-07-31,237690645.81,2025-07-14,0.08870470572432154
M0885_2567,LHTWGHD-A,LHTWGHD,ตราสารทุน,54560186.94,2026-07-31,88284121.41,2025-07-14,-0.3819932047959427
M0885_2567,LHTWGHD-R,LHTWGHD,ตราสารทุน,8761999.26,2026-07-31,5613151.02,2025-07-14,0.560976932346994
M0890_2555,main,LHGOVRMF,ตราสารหนี้,604869055.85,2026-07-31,694536062.37,2025-07-14,-0.12910345679391333
M0909_2566,LHBLUESKY-A,LHBLUESKY,ตราสารหนี้,156413231.47,2026-07-27,166428600.5,2025-07-14,-0.06017817250106605
M0909_2566,LHBLUESKY-D,LHBLUESKY,ตราสารหนี้,631283.12,2026-07-27,1361849.93,2025-07-14,-0.5364517733609606
M0994_2567,LHGSELECT-A,LHGSELECT,ตราสารทุน,150567912.17,2026-07-30,34787304.98,2025-07-21,3.3282430834054226
M0994_2567,LHGSELECT-D,LHGSELECT,ตราสารทุน,1037661.63,2026-07-30,465346.55,2025-07-21,1.2298685356107186
M0994_2567,LHGSELECT-E,LHGSELECT,ตราสารทุน,3920006.96,2026-07-30,19002.25,2025-07-21,205.29172650607165
M1002_2568,LHGDEFENSE-A,LHGDEFENSE,ตราสารทุน,102642347.09,2026-07-30,,,
M1002_2568,LHGDEFENSE-D,LHGDEFENSE,ตราสารทุน,386896.52,2026-07-30,,,
M1002_2568,LHGDEFENSE-E,LHGDEFENSE,ตราสารทุน,2594553.91,2026-07-30,,,
M0018_2569,main,TLGOLDPLUS,ผสม,23228445.43,2026-07-30,,,
M0051_2569,main,TLWORLD-X,ตราสารทุน,997776202.85,2026-07-30,,,
M0055_2568,TLUSNDQ-UH-A,TLUSNDQ-UH,ตราสารทุน,1609899121.97,2026-07-30,544696040.27,2025-07-14,1.9555917483299314
M0055_2568,TLUSNDQ-UH-I,TLUSNDQ-UH,ตราสารทุน,1609899121.97,2026-07-30,544696040.27,2025-07-14,1.9555917483299314
M0055_2568,TLUSNDQ-UH-P,TLUSNDQ-UH,ตราสารทุน,1609899121.97,2026-07-30,544696040.27,2025-07-14,1.9555917483299314
M0055_2568,TLUSNDQ-UH-X,TLUSNDQ-UH,ตราสารทุน,174075725.31,2026-07-30,544696040.27,2025-07-14,-0.6804167601003441
M0070_2569,main,TLA-GFIX,ตราสารหนี้,1165239477.14,2026-07-30,,,
M0071_2561,main,TLDIVEQ-D,ตราสารทุน,11601909.19,2026-07-31,21489826.58,2025-07-14,-0.4601208554750468
M0074_2568,main,MEGAWORLD30RMF,ตราสารทุน,39824090.44,2026-07-30,9337591.85,2025-07-14,3.2649208789308988
M0074_2569,main,TLDEFENSE,ตราสารทุน,99579010.45,2026-07-30,,,
M0093_2569,main,TLDEFENSERMF,ตราสารทุน,7393601.44,2026-07-30,,,
M0096_2567,main,TLFVMR-ASIAX,ตราสารทุน,3171638299.68,2026-07-30,186718378.76,2025-07-14,15.98621378753878
M0130_2567,MEGA10AI-A,MEGA10AI,ตราสารทุน,450573762.41,2026-07-30,336677076.03,2025-07-14,0.3382965294906244
M0130_2567,MEGA10AI-I,MEGA10AI,ตราสารทุน,450573762.41,2026-07-30,30746150.98,2025-07-14,13.654639623122023
M0130_2567,MEGA10AI-P,MEGA10AI,ตราสารทุน,450573762.41,2026-07-30,30746150.98,2025-07-14,13.654639623122023
M0130_2567,MEGA10AI-SSF,MEGA10AI,ตราสารทุน,41549947.81,2026-07-30,30746150.98,2025-07-14,0.351386969934147
M0140_2568,TLUS500-UH-A,TLUS500-UH,ตราสารทุน,223074979.34,2026-07-30,113504974.38,2025-07-14,0.9653321852941332
M0140_2568,TLUS500-UH-I,TLUS500-UH,ตราสารทุน,539894505.51,2026-07-30,113504974.38,2025-07-14,3.7565713173283743
M0140_2568,TLUS500-UH-P,TLUS500-UH,ตราสารทุน,539894505.51,2026-07-30,113504974.38,2025-07-14,3.7565713173283743
M0140_2568,TLUS500-UH-X,TLUS500-UH,ตราสารทุน,539894505.51,2026-07-30,113504974.38,2025-07-14,3.7565713173283743
M0146_2568,MEGA10AICHINA-A,MEGA10AICHINA,ตราสารทุน,403712322.49,2026-07-31,187319356.3,2025-07-14,1.1552087860233589
M0146_2568,MEGA10AICHINA-I,MEGA10AICHINA,ตราสารทุน,403712322.49,2026-07-31,187319356.3,2025-07-14,1.1552087860233589
M0146_2568,MEGA10AICHINA-P,MEGA10AICHINA,ตราสารทุน,403712322.49,2026-07-31,187319356.3,2025-07-14,1.1552087860233589
M0153_2569,main,TLWORLDRMF,ตราสารทุน,65280547.72,2026-07-30,,,
M0155_2565,TLSMALLEQ-A,TLSMALLEQ,ตราสารทุน,1357578.91,2026-07-31,3627344.17,2025-07-14,-0.625737496533173
M0155_2565,TLSMALLEQ-D,TLSMALLEQ,ตราสารทุน,1024752.5,2026-07-31,3627344.17,2025-07-14,-0.7174923437165875
M0155_2565,TLSMALLEQ-P,TLSMALLEQ,ตราสารทุน,1024752.5,2026-07-31,3627344.17,2025-07-14,-0.7174923437165875
M0155_2565,TLSMALLEQ-SSF,TLSMALLEQ,ตราสารทุน,1024752.5,2026-07-31,999783.55,2025-07-14,0.024974355699290962
M0187_2568,main,MEGA10AICHINARMF,ตราสารทุน,27303333.91,2026-07-31,6411819.1,2025-07-14,3.258282007675482
M0209_2568,main,TLUS500-H,ตราสารทุน,155632204.23,2026-07-30,113789066.69,2025-07-14,0.3677254656986939
M0231_2569,main,TLNDQINCOME-UH-X,ตราสารทุน,181942696.96,2026-07-30,,,
M0241_2567,main,MEGA10AIRMF,ตราสารทุน,108271836.7,2026-07-30,56179608.87,2025-07-14,0.9272444019776247
M0242_2568,main,TLTECH-UH,ตราสารทุน,4957797377.5,2026-07-30,2523049822.6,2025-07-14,0.9650017740795129
M0244_2568,MEGA10HEALTH-A,MEGA10HEALTH,ตราสารทุน,40648142.51,2026-07-30,17485516.23,2025-07-14,1.324675003890348
M0244_2568,MEGA10HEALTH-I,MEGA10HEALTH,ตราสารทุน,40648142.51,2026-07-30,17485516.23,2025-07-14,1.324675003890348
M0244_2568,MEGA10HEALTH-P,MEGA10HEALTH,ตราสารทุน,40648142.51,2026-07-30,17485516.23,2025-07-14,1.324675003890348
M0271_2569,main,TLNDQINCOME-H-X,ตราสารทุน,35155056.96,2026-07-30,,,
M0292_2569,TLQUANT-GROW-A,TLQUANT-GROW,ผสม,59542871.9,2026-07-30,,,
M0292_2569,TLQUANT-GROW-I,TLQUANT-GROW,ผสม,59542871.9,2026-07-30,,,
M0292_2569,TLQUANT-GROW-P,TLQUANT-GROW,ผสม,59542871.9,2026-07-30,,,
M0292_2569,TLQUANT-GROW-R,TLQUANT-GROW,ผสม,59542871.9,2026-07-30,,,
M0344_2564,TLUSNDQ-H-A,TLUSNDQ-H,ตราสารทุน,1850635563.77,2026-07-30,881178412.64,2025-07-14,1.1001825932452407
M0344_2564,TLUSNDQ-H-P,TLUSNDQ-H,ตราสารทุน,30786262.97,2026-07-30,20321348.53,2025-07-14,0.5149714559814205
M0344_2564,TLUSNDQ-H-SSF,TLUSNDQ-H,ตราสารทุน,30786262.97,2026-07-30,20321348.53,2025-07-14,0.5149714559814205
M0358_2568,main,TLTECH-H,ตราสารทุน,10558006579.44,2026-07-30,1935300456.14,2025-07-14,4.455487051606539
M0396_2568,main,TLSEMICON-UH,ตราสารทุน,210948355.47,2026-07-30,110679837.6,2025-07-14,0.9059330050010843
M0408_2568,MEGATX8020U-L,MEGATX8020U,ตราสารทุน,9804249.06,2026-07-30,6575151.69,2025-07-14,0.4911061405489794
M0408_2568,MEGATX8020U-N,MEGATX8020U,ตราสารทุน,150534921.07,2026-07-30,116862583.4,2025-07-14,0.28813617404593495
M0408_2568,MEGATX8020U-T,MEGATX8020U,ตราสารทุน,987447.28,2026-07-30,6575151.69,2025-07-14,-0.8498213689120228
M0411_2569,main,TLUSHDRMF,ตราสารทุน,33895519.63,2026-07-30,,,
M0442_2567,MEGA10EURO-A,MEGA10EURO,ตราสารทุน,20830048.45,2026-07-30,19480750.24,2025-07-14,0.06926315431268537
M0442_2567,MEGA10EURO-I,MEGA10EURO,ตราสารทุน,20830048.45,2026-07-30,19480750.24,2025-07-14,0.06926315431268537
M0442_2567,MEGA10EURO-P,MEGA10EURO,ตราสารทุน,20830048.45,2026-07-30,19480750.24,2025-07-14,0.06926315431268537
M0442_2567,MEGA10EURO-SSF,MEGA10EURO,ตราสารทุน,3188750.54,2026-07-23,3712185.82,2025-07-14,-0.14100460089576006
M0457_2564,main,TLMSEQRMF,ตราสารทุน,15291592.48,2026-07-31,15216231.35,2025-07-14,0.00495268034946128
M0473_2568,MEGATX8020C-L,MEGATX8020C,ตราสารทุน,11129257.86,2026-07-31,8317173.92,2025-07-14,0.3381057035777364
M0473_2568,MEGATX8020C-N,MEGATX8020C,ตราสารทุน,93113608.96,2026-07-31,73854134.57,2025-07-14,0.2607771995722947
M0473_2568,MEGATX8020C-T,MEGATX8020C,ตราสารทุน,979199.55,2026-07-31,73854134.57,2025-07-14,-0.9867414389769621
M0474_2569,main,TLUSHD-UH,ตราสารทุน,171647155.67,2026-07-30,,,
M0478_2564,AFMOAT-HA,AFMOAT-H,ตราสารทุน,213132727.35,2026-07-27,363484572.6,2025-07-14,-0.41364023835877106
M0478_2564,AFMOAT-HD,AFMOAT-H,ตราสารทุน,213132727.35,2026-07-27,23067480.01,2025-07-14,8.239532331126098
M0478_2564,AFMOAT-HP,AFMOAT-H,ตราสารทุน,213132727.35,2026-07-27,23067480.01,2025-07-14,8.239532331126098
M0478_2564,AFMOAT-HR,AFMOAT-H,ตราสารทุน,213132727.35,2026-07-27,23067480.01,2025-07-14,8.239532331126098
M0478_2564,AFMOAT-HSSF,AFMOAT-H,ตราสารทุน,23285569.27,2026-07-27,23067480.01,2025-07-14,0.009454403337748829
M0478_2569,main,TLUSHD-H,ตราสารทุน,81219817.08,2026-07-30,,,
M0485_2560,main,TLEQ-THAICG,ตราสารทุน,11039953.04,2026-07-31,8795230.03,2025-07-14,0.25522050046938904
M0525_2566,main,AFMOATHRMF,ตราสารทุน,33756352.43,2026-07-27,31635445.17,2025-07-15,0.06704211837711904
M0526_2568,main,MEGA10HEALTHRMF,ตราสารทุน,10651941.18,2026-07-30,1398705.92,2025-07-14,6.615568810919168
M0530_2569,main,TLUSHGRMF,ตราสารทุน,32296140.4,2026-07-30,,,
M0532_2559,main,TLFLEX,ผสม,43603293.12,2026-07-31,39037037.74,2025-07-14,0.11697238428829593
M0539_2567,main,MEGA10EURORMF,ตราสารทุน,7174709.03,2026-07-30,5279413.72,2025-07-15,0.35899730737525926
M0552_2569,main,TLUSHG-UH-X,ตราสารทุน,134716686.11,2026-07-30,,,
M0553_2569,main,TLUSHG-H-X,ตราสารทุน,36369950.53,2026-07-30,,,
M0563_2568,main,TLA-GEQ,ตราสารทุน,2726260676.12,2026-07-30,,,
M0569_2568,main,TLSEMICON-H,ตราสารทุน,206373763.96,2026-07-30,110507378.24,2025-07-15,0.8675111766003292
M0585_2559,main,TLEQ-SELECT,ตราสารทุน,52992523.46,2026-07-31,,,
M0595_2565,MEGA10-A,MEGA10,ตราสารทุน,403181383.69,2026-07-30,559661683.77,2025-07-14,-0.27959802255161625
M0595_2565,MEGA10-SSF,MEGA10,ตราสารทุน,209950553.54,2026-07-30,198683449.18,2025-07-15,0.0567088220307288
M0596_2559,main,TLFLEXRMF,ผสม,42950491.51,2026-07-31,37127678.82,2025-07-14,0.1568321229622185
M0598_2559,main,TLEQRMF,ตราสารทุน,18312898.21,2026-07-31,17209043.23,2025-07-14,0.06414389023532019
M0610_2569,main,TLSPACE-X,ตราสารทุน,52507323.87,2026-07-30,,,
M0614_2560,main,TLDIVFOCUS,ตราสารทุน,14250554.79,2026-07-31,,,
M0616_2560,main,TLDIVRMF,ตราสารทุน,22854731.83,2026-07-30,15200703.07,2025-07-15,0.5035312330457882
M0619_2565,main,MEGA10RMF,ตราสารทุน,379528321.0,2026-07-30,285339874.83,2025-07-14,0.3300921268929402
M0628_2559,main,TLMMRMF,ตราสารหนี้,100391304.64,2026-07-31,88307580.83,2025-07-14,0.13683676640697762
M0641_2569,main,TLCHINAROBOT,ตราสารทุน,52280821.73,2026-07-31,,,
M0669_2559,TLMMF-A,TLMMF,ตราสารหนี้,1068472872.27,2026-07-27,848687344.06,2025-07-14,0.2589711390752891
M0669_2559,TLMMF-SSF,TLMMF,ตราสารหนี้,23617060.84,2026-07-31,25031032.78,2025-07-14,-0.05648875747267512
M0682_2566,MEGA10CHINA-A,MEGA10CHINA,ตราสารทุน,1768294121.5,2026-07-31,3184568160.15,2025-07-14,-0.4447303268218603
M0682_2566,MEGA10CHINA-I,MEGA10CHINA,ตราสารทุน,73689335.15,2026-07-31,79650756.51,2025-07-14,-0.07484450394707243
M0682_2566,MEGA10CHINA-P,MEGA10CHINA,ตราสารทุน,73689335.15,2026-07-31,79650756.51,2025-07-14,-0.07484450394707243
M0682_2566,MEGA10CHINA-SSF,MEGA10CHINA,ตราสารทุน,73689335.15,2026-07-31,79650756.51,2025-07-14,-0.07484450394707243
M0683_2559,TLMSEQ-A,TLMSEQ,ตราสารทุน,95975066.27,2026-07-31,87738583.02,2025-07-14,0.09387527090701364
M0683_2559,TLMSEQ-D,TLMSEQ,ตราสารทุน,1443782.87,2026-07-31,87738583.02,2025-07-14,-0.9835444929664423
M0683_2559,TLMSEQ-P,TLMSEQ,ตราสารทุน,1443782.87,2026-07-31,87738583.02,2025-07-14,-0.9835444929664423
M0683_2559,TLMSEQ-SSF,TLMSEQ,ตราสารทุน,1443782.87,2026-07-31,1184351.09,2025-07-15,0.21904972452045457
M0689_2569,main,TLWORLDXUS-X,ตราสารทุน,54921771.12,2026-07-30,,,
M0700_2569,main,TLWORLDXUSRMF,ตราสารทุน,3561565.29,2026-07-24,,,
M0710_2568,MEGA10CHINAPOP-A,MEGA10CHINAPOP,ตราสารทุน,26209892.11,2026-07-31,,,
M0710_2568,MEGA10CHINAPOP-I,MEGA10CHINAPOP,ตราสารทุน,26209892.11,2026-07-31,,,
M0710_2568,MEGA10CHINAPOP-P,MEGA10CHINAPOP,ตราสารทุน,26209892.11,2026-07-31,,,
M0726_2569,main,TLCOREWEALTH-H-X,ผสม,166233210.62,2026-07-30,,,
M0728_2569,main,TLCOREWEALTH-UH-X,ผสม,217255097.79,2026-07-30,,,
M0729_2569,main,TLCOREWEALTHRMF,ผสม,2886539.43,2026-07-30,,,
M0752_2569,main,TLCNTECH100-X,ตราสารทุน,23416693.41,2026-07-30,,,
M0761_2566,main,MEGA10CHINARMF,ตราสารทุน,177418247.47,2026-07-30,160892804.3,2025-07-14,0.10271089028435809
M0803_2568,MEGA10CHINATECH-A,MEGA10CHINATECH,ตราสารทุน,106789381.53,2026-07-31,,,
M0803_2568,MEGA10CHINATECH-I,MEGA10CHINATECH,ตราสารทุน,106789381.53,2026-07-31,,,
M0803_2568,MEGA10CHINATECH-P,MEGA10CHINATECH,ตราสารทุน,106789381.53,2026-07-31,,,
M0822_2566,main,MEGA20THAIESG,ตราสารทุน,54340223.86,2026-07-31,33321915.87,2025-07-15,0.630765291887762
M0844_2568,MEGA10CYBER-A,MEGA10CYBER,ตราสารทุน,75038778.13,2026-07-30,,,
M0844_2568,MEGA10CYBER-I,MEGA10CYBER,ตราสารทุน,75038778.13,2026-07-30,,,
M0844_2568,MEGA10CYBER-P,MEGA10CYBER,ตราสารทุน,75038778.13,2026-07-30,,,
M0864_2567,MEGAWORLD30-A,MEGAWORLD30,ตราสารทุน,83939782.41,2026-07-30,123230612.3,2025-07-14,-0.31883984958500444
M0864_2567,MEGAWORLD30-I,MEGAWORLD30,ตราสารทุน,83939782.41,2026-07-30,28765070.31,2025-07-14,1.9181149743555066
M0864_2567,MEGAWORLD30-P,MEGAWORLD30,ตราสารทุน,83939782.41,2026-07-30,28765070.31,2025-07-14,1.9181149743555066
M0864_2567,MEGAWORLD30-SSF,MEGAWORLD30,ตราสารทุน,41504314.89,2026-07-30,28765070.31,2025-07-14,0.4428720125732244
M0917_2568,main,MEGA10CHINAPOPRMF,ตราสารทุน,3516813.02,2026-07-30,,,
M0936_2568,main,MEGA10CHINATECHRMF,ตราสารทุน,9520599.66,2026-07-30,,,
M0948_2568,main,TLAWSRMF,ผสม,283520614.13,2026-07-30,,,
M0976_2567,main,TLGSELECT,ผสม,228878229.54,2026-07-30,125210767.07,2025-07-14,0.8279436736622174
M1015_2568,main,MEGA10CYBERRMF,ตราสารทุน,7956253.11,2026-07-27,,,
M1027_2568,main,TLUS500RMF,ตราสารทุน,49950895.96,2026-07-30,,,
M1087_2568,main,TLUSNDQRMF,ตราสารทุน,48146943.26,2026-07-30,,,
M0008_2564,main,DAOL-NUCLEAR,ตราสารทุน,554744493.12,2026-07-30,,,
M0014_2565,main,DAOL-BOND6M3,ตราสารหนี้,121203654.22,2026-07-31,182731138.6,2025-07-31,-0.33671045258840193
M0014_2566,main,DAOL-ALPHABONDS,ตราสารหนี้,8075754.13,2026-07-27,12846666.4,2025-07-14,-0.37137356271662825
M0015_2569,main,DAOL-COPPER,ตราสารทุน,1108898408.88,2026-07-30,,,
M0020_2569,main,DAOL-CHINABIO,ตราสารทุน,79863682.95,2026-07-31,,,
M0027_2563,DAOL-TRBOND-A,DAOL-TRBOND,ตราสารหนี้,,,24545927.37,2025-07-14,
M0027_2563,DAOL-TRBOND-D,DAOL-TRBOND,ตราสารหนี้,,,24545927.37,2025-07-14,
M0055_2564,main,DAOL-DEWORLD,ตราสารทุน,9747328.72,2026-07-27,10160451.64,2025-07-14,-0.040659897279920476
M0082_2567,main,DAOL-BHARAT,ตราสารทุน,51543269.59,2026-07-30,56266608.01,2025-07-14,-0.08394567554455279
M0104_2564,main,DAOL-CANAB,ตราสารทุน,36529838.24,2026-07-30,7162181.12,2025-07-14,4.100379008566597
M0104_2568,main,DAOL-DAPP,ตราสารทุน,1443653569.85,2026-07-30,406347311.87,2025-07-14,2.5527577707019713
M0105_2562,DAOL-MONEY-I,DAOL-MONEY,ตราสารหนี้,4442301933.45,2026-06-23,2046734015.85,2025-07-14,1.170434408696301
M0105_2562,DAOL-MONEY-R,DAOL-MONEY,ตราสารหนี้,4442301933.45,2026-06-23,2046734015.85,2025-07-14,1.170434408696301
M0105_2563,main,DAOL-GIHEALTH,ตราสารทุน,58523238.89,2026-07-27,43404940.27,2025-07-14,0.3483082461571603
M0110_2565,DAOL-XPROP-A,DAOL-XPROP,ผสม,2334512.76,2026-07-30,12211586.62,2025-07-14,-0.8088280554652447
M0110_2565,DAOL-XPROP-D,DAOL-XPROP,ผสม,3681985.98,2026-07-30,5596084.13,2025-07-14,-0.3420424185081006
M0113_2563,main,DAOL-GEDUCATION,ตราสารทุน,20389804.88,2026-07-30,19939403.98,2025-07-14,0.02258848361023058
M0162_2565,main,DAOL-THAITRIG6M,ผสม,9800753.92,2026-07-31,9605935.83,2025-07-14,0.020281010975689684
M0180_2569,main,DAOL-GOLDXJ,ตราสารทุน,294010338.39,2026-07-30,,,
M0197_2563,main,DAOL-BOND6M,ตราสารหนี้,111658081.84,2026-07-31,158164540.38,2025-07-31,-0.2940384641732299
M0205_2564,main,DAOL-BOND6M2,ตราสารหนี้,466960783.44,2026-07-31,240070872.62,2025-07-31,0.9450955392624256
M0220_2564,main,DAOL-EVOSEMI,ตราสารทุน,1787421537.55,2026-07-30,138283718.46,2025-07-14,11.925755522455306
M0220_2569,main,DAOL-BRAZILEQ,ตราสารทุน,69937174.97,2026-07-30,,,
M0227_2569,main,DAOL-ENERGY,ตราสารทุน,54833117.47,2026-07-30,,,
M0236_2569,main,DAOL-JAPANEQ,ตราสารทุน,53731825.18,2026-07-30,,,
M0252_2562,main,DAOL-GTECH,ตราสารทุน,724496816.26,2026-07-27,75299377.96,2025-07-14,8.621551145414005
M0271_2564,main,DAOL-EUROPE,ผสม,49381120.51,2026-07-30,61032162.79,2025-07-14,-0.19090003937905675
M0273_2564,main,DAOL-VIETGROWTH,ตราสารทุน,29258275.09,2026-07-30,51967934.49,2025-07-14,-0.4369936889519813
M0286_2569,main,TOP11USA,ตราสารทุน,,,,,
M0300_2563,main,DAOL-CHIG,ตราสารทุน,270333180.81,2026-07-30,227841256.62,2025-07-14,0.1864979364157442
M0327_2566,main,DTOP,ตราสารทุน,14615635.39,2026-07-31,6860262.58,2025-07-14,1.1304775465314623
M0328_2567,main,DAOL-KOREAEQ,ตราสารทุน,987911061.78,2026-07-30,168216785.0,2025-07-14,4.872844744833282
M0370_2563,main,DAOL-GOLDRMF,ตราสารทุน,160577774.51,2026-07-30,35407159.82,2025-07-14,3.535178063598776
M0376_2568,main,DAOL-CHINATECH,ตราสารทุน,453532754.74,2026-07-30,119856498.69,2025-07-14,2.7839646552084676
M0398_2563,main,DAOL-MONYRMF,ตราสารหนี้,17155521.56,2026-07-31,5652502.88,2025-07-14,2.035031016207107
M0407_2563,main,DAOL-OSHOP,ตราสารทุน,10613418.67,2026-07-30,19710330.2,2025-07-14,-0.46153014372128576
M0417_2564,main,DAOL-AQUA,ตราสารทุน,14748488.45,2026-07-27,13370206.73,2025-07-14,0.1030860440555057
M0428_2569,main,DAOL-AGRI,ตราสารทุน,19273614.61,2026-07-27,,,
M0437_2565,DAOL-FXALPHA-UI-A,DAOL-FXALPHA-UI,ผสม,10696949.74,2026-07-27,15590096.33,2025-07-14,-0.3138624987572479
M0437_2565,DAOL-FXALPHA-UI-D,DAOL-FXALPHA-UI,ผสม,3862762.68,2026-07-27,4199508.01,2025-07-14,-0.0801868526499131
M0442_2569,main,DAOL-GAS,ตราสารทุน,276342035.69,2026-07-30,,,
M0461_2563,main,DAOL-CYBER,ตราสารทุน,346894070.81,2026-07-30,517644177.63,2025-07-14,-0.32985999688389844
M0484_2568,main,DAOL-CYBERSECURE,ตราสารทุน,141982550.63,2026-07-30,428040028.31,2025-07-14,-0.6682960909273378
M0500_2569,main,DAOL-VOLT,ตราสารทุน,351322265.54,2026-07-30,,,
M0502_2563,main,DAOL-PLAY,ตราสารทุน,119960245.46,2026-07-30,53369663.78,2025-07-16,1.247723462424256
M0506_2563,main,DAOL-GLOBALEQRMF,ตราสารทุน,14272731.69,2026-07-30,10066270.06,2025-07-14,0.4178768903404524
M0529_2569,main,DAOL-HYDROGEN,ตราสารทุน,67298596.69,2026-07-30,,,
M0547_2562,main,DAOL-GOLD,ตราสารทุน,4327562360.99,2026-07-27,1109161766.13,2025-07-16,2.901651222697109
M0550_2569,main,DAOL-KOREAX,ตราสารทุน,379419554.19,2026-07-30,,,
M0568_2566,main,DAOL-BOND3M,ตราสารหนี้,,,151769216.74,2025-07-31,
M0573_2569,main,DAOL-SUPERAI,ตราสารทุน,1660684405.65,2026-07-30,,,
M0593_2569,main,DAOL-DRONE,ตราสารทุน,43543575.7,2026-07-30,,,
M0601_2562,main,DAOL-GSECURE,ตราสารทุน,16920814.35,2026-07-27,24541828.21,2025-07-14,-0.31053162766801057
M0623_2569,main,DAOL-DRAM,ตราสารทุน,402996976.82,2026-07-30,,,
M0624_2569,main,DAOL-GALAXY,ตราสารทุน,26107942.26,2026-07-30,,,
M0641_2562,main,DAOL-USREIT,ทรัพย์สินทางเลือก,45690147.1,2026-07-30,61153879.06,2025-07-14,-0.25286592114341666
M0643_2569,main,DAOL-AIINFRA,ตราสารทุน,74830643.5,2026-07-30,,,
M0661_2568,main,DAOL-WGG,ตราสารทุน,31490423.73,2026-07-30,96430000.28,2025-07-29,-0.6734374817114748
M0673_2568,DAOL-ISTREAM-A,DAOL-ISTREAM,ผสม,300614907.18,2026-07-30,,,
M0673_2568,DAOL-ISTREAM-I,DAOL-ISTREAM,ผสม,300614907.18,2026-07-30,,,
M0673_2568,DAOL-ISTREAM-R,DAOL-ISTREAM,ผสม,20116710.64,2026-07-30,,,
M0683_2562,main,DAOL-GEQUITY,ตราสารทุน,17292371.7,2026-07-27,30798514.61,2025-07-14,-0.4385322825151664
M0688_2566,DCAF-I,DCAF,ผสม,257170209.67,2026-07-30,78076116.5,2025-07-14,2.293839668242208
M0688_2566,DCAF-R,DCAF,ผสม,253980531.69,2026-07-30,133266581.05,2025-07-14,0.9058081154997861
M0696_2566,main,DAOL-USTBILL,ตราสารหนี้,12822242.74,2026-07-30,19533597.66,2025-07-14,-0.3435800735131963
M0699_2569,main,DAOL-JAPANSEMI,ตราสารทุน,70935683.18,2026-07-31,,,
M0740_2567,main,DAOL-USEQG,ตราสารทุน,296150592.75,2026-07-30,513042199.88,2025-07-16,-0.4227558808626868
M0770_2568,main,DAOL-RARE,ตราสารทุน,1927550247.92,2026-07-30,,,
M0858_2567,main,DAOL-TAIWANEQ,ตราสารทุน,531693537.04,2026-07-30,32578262.54,2025-07-15,15.320500099941796
M0879_2568,main,DAOL-SILVER,ตราสารทุน,2388351264.83,2026-07-27,,,
M0931_2567,main,DAOL-DEFENSE,ตราสารทุน,1493487014.57,2026-07-30,1303598731.31,2025-07-14,0.1456646732612108
M0975_2568,main,DAOL-QUANTUM,ตราสารทุน,168465998.54,2026-07-27,,,
M1040_2568,main,TOP11VNM,ตราสารทุน,185703952.94,2026-07-31,,,
M0167_2568,main,AIA-GAIF,ผสม,4739548275.28,2026-07-30,12712653.95,2025-07-14,371.82130811717724
M0253_2563,main,AIA-IC,ตราสารหนี้,10483331033.31,2026-07-31,10349211726.02,2025-07-14,0.012959374186228612
M0307_2563,main,AIA-ES50,ตราสารทุน,17279923716.39,2026-07-31,12524936399.53,2025-07-14,0.3796416337122821
M0331_2563,main,AIA-THDIS,ตราสารทุน,2222810756.27,2026-07-31,1763126118.13,2025-07-14,0.2607213593021631
M0335_2563,main,AIA-TEQ,ตราสารทุน,12687608409.37,2026-07-31,9771513582.7,2025-07-14,0.29842816079515133
M0342_2563,main,AIA-ST,ตราสารหนี้,3034342016.18,2026-07-31,3228882512.6,2025-07-14,-0.060250100665121376
M0348_2563,main,AIA-GCA,ผสม,407201617.92,2026-07-30,297964263.13,2025-07-14,0.3666122696812819
M0351_2563,main,AIA-GMA,ผสม,2664314315.78,2026-07-30,2085549899.68,2025-07-14,0.2775116606842176
M0354_2563,main,AIA-GAA,ผสม,17546206896.77,2026-07-30,12850166561.52,2025-07-14,0.36544587284279695
M0472_2563,main,AIA-US500,ตราสารทุน,5798248144.68,2026-07-24,4392765417.92,2025-07-14,0.3199539681828729
M0485_2566,main,AIA-SEL,ตราสารทุน,3711164541.99,2026-07-30,3667974821.26,2025-07-14,0.011774813850865984
M0511_2568,main,AIA-GAA-UH,ผสม,3041270460.21,2026-07-30,,,
M0512_2564,main,AIA-ICA,ผสม,547441855.14,2026-07-30,608954401.93,2025-07-14,-0.10101338720115027
M0520_2563,main,AIA-DFI,ตราสารหนี้,289159065.56,2026-07-30,334452621.18,2025-07-15,-0.13542592508379037
M0520_2564,main,AIA-IMA,ผสม,4866723856.28,2026-07-27,3864348288.19,2025-07-14,0.2593905862868009
M0521_2564,main,AIA-IAA,ผสม,10974902840.15,2026-07-30,10256689766.07,2025-07-14,0.07002386641896008
M0522_2564,main,AIA-TCA,ผสม,180077097.03,2026-07-31,182094643.92,2025-07-14,-0.011079660810267233
M0525_2564,main,AIA-TMA,ผสม,1130684014.51,2026-07-31,759077461.57,2025-07-14,0.48955023927519337
M0526_2564,main,AIA-TAA,ผสม,1987476194.07,2026-07-31,1288076008.04,2025-07-15,0.5429805241805892
M0602_2563,main,AIA-GEQ,ตราสารทุน,9631364097.08,2026-07-30,3451116547.11,2025-07-14,1.7907965337031002
M0665_2568,main,AIA-GMA-UH,ผสม,238160576.5,2026-07-30,,,
M0669_2568,main,AIA-GMSH,ผสม,627487121.97,2026-07-30,,,
M0105_2566,SW-A,SW,ผสม,22112690.83,2026-07-31,18332753.6,2025-07-14,0.20618491430550812
M0105_2566,SW-SSF,SW,ผสม,896422.74,2026-07-31,724056.86,2025-07-14,0.2380557239662089
M0002_2545,main,ES-TM,ตราสารหนี้,41829858957.97,2026-07-31,30093012765.88,2025-07-14,0.3900189815955366
M0003_2537,main,ES-EQUITY,ตราสารทุน,1240269168.76,2026-07-31,999631715.29,2025-07-14,0.2407261092153219
M0004_2559,ES-JPNAE-A,ES-JPNAE,ตราสารทุน,708899467.78,2026-07-30,242528530.65,2025-07-14,1.9229528826158333
M0004_2559,ES-JPNAE-D,ES-JPNAE,ตราสารทุน,708899467.78,2026-07-30,22019050.86,2025-07-14,31.19482403157499
M0004_2559,ES-JPNAE-E,ES-JPNAE,ตราสารทุน,708899467.78,2026-07-30,22019050.86,2025-07-14,31.19482403157499
M0004_2559,ES-JPNAE-I,ES-JPNAE,ตราสารทุน,708899467.78,2026-07-30,22019050.86,2025-07-14,31.19482403157499
M0004_2559,ES-JPNAE-P,ES-JPNAE,ตราสารทุน,708899467.78,2026-07-30,22019050.86,2025-07-14,31.19482403157499
M0004_2559,ES-JPNAE-R,ES-JPNAE,ตราสารทุน,38155319.49,2026-07-30,22019050.86,2025-07-14,0.7328321612314947
M0004_2559,ES-JPNAE-S,ES-JPNAE,ตราสารทุน,708899467.78,2026-07-30,22019050.86,2025-07-14,31.19482403157499
M0009_2540,main,ES-MF,ตราสารหนี้,7364766295.11,2026-07-31,5869660134.91,2025-07-14,0.25471767118300526
M0013_2536,main,ES-CSD,ผสม,1600027268.03,2026-07-31,1578950498.08,2025-07-14,0.013348594509852818
M0013_2563,ES-CHINAA-A,ES-CHINAA,ตราสารทุน,5544042519.36,2026-07-30,6688745032.08,2025-07-14,-0.17113860780009904
M0013_2563,ES-CHINAA-D,ES-CHINAA,ตราสารทุน,5544042519.36,2026-07-30,225816599.51,2025-07-14,23.551084957394767
M0013_2563,ES-CHINAA-E,ES-CHINAA,ตราสารทุน,5544042519.36,2026-07-30,225816599.51,2025-07-14,23.551084957394767
M0013_2563,ES-CHINAA-I,ES-CHINAA,ตราสารทุน,5544042519.36,2026-07-30,225816599.51,2025-07-14,23.551084957394767
M0013_2563,ES-CHINAA-P,ES-CHINAA,ตราสารทุน,5544042519.36,2026-07-30,225816599.51,2025-07-14,23.551084957394767
M0013_2563,ES-CHINAA-R,ES-CHINAA,ตราสารทุน,5544042519.36,2026-07-30,225816599.51,2025-07-14,23.551084957394767
M0013_2563,ES-CHINAA-S,ES-CHINAA,ตราสารทุน,5544042519.36,2026-07-30,225816599.51,2025-07-14,23.551084957394767
M0013_2563,ES-CHINAA-SSF,ES-CHINAA,ตราสารทุน,225611239.2,2026-07-30,225816599.51,2025-07-14,-0.000909411931831472
M0014_2535,main,ES-STSD,ผสม,161848034.27,2026-07-31,203359888.78,2025-07-14,-0.20413000203254728
M0014_2556,main,ES-IPLUS,ตราสารหนี้,69263230166.86,2026-07-31,44223795911.21,2025-07-14,0.5661982138738777
M0018_2564,main,ES-GENOME,ตราสารทุน,359415870.08,2026-07-30,141205433.84,2025-07-14,1.5453402203151363
M0021_2541,main,ES-TSB,ตราสารหนี้,630851236.46,2026-07-31,721864890.04,2025-07-14,-0.12608128589680634
M0024_2535,main,ES-PPSD,ตราสารทุน,633250914.35,2026-07-31,487218092.47,2025-07-14,0.2997278305895257
M0031_2564,main,ES-INTERNET,ตราสารทุน,422549332.03,2026-07-30,435874103.24,2025-07-14,-0.030570229134863736
M0032_2543,main,ES-TSARN,ตราสารหนี้,592327649.0,2026-07-31,665572634.03,2025-07-14,-0.11004807181825704
M0041_2543,ES-SET50-A,ES-SET50,ตราสารทุน,12505557647.88,2026-07-31,10240305952.64,2025-07-14,0.2212093765280525
M0041_2543,ES-SET50-D,ES-SET50,ตราสารทุน,9981362.14,2026-07-31,1447682.61,2025-07-14,5.894717164558604
M0041_2543,ES-SET50-R,ES-SET50,ตราสารทุน,12505557647.88,2026-07-31,10240305952.64,2025-07-14,0.2212093765280525
M0041_2543,ES-SET50-SSF,ES-SET50,ตราสารทุน,12505557647.88,2026-07-31,10240305952.64,2025-07-14,0.2212093765280525
M0043_2569,main,ES-FGOVUSD6M1,ตราสารหนี้,,,,,
M0044_2564,main,ES-AUTOMATION,ตราสารทุน,85930982.92,2026-07-30,357741931.99,2025-07-14,-0.7597961680309759
M0048_2568,main,ES-ALOVE-UH,ตราสารทุน,387777329.96,2026-07-30,96277892.07,2025-07-14,3.027688201545396
M0050_2564,main,ES-FINTECH,ตราสารทุน,187564975.4,2026-07-30,474271478.81,2025-07-14,-0.6045198082106447
M0052_2558,main,ES-GQG,ตราสารทุน,21262013964.67,2026-07-30,21436626049.94,2025-07-14,-0.008145502228905532
M0056_2545,main,ES-EQRMF,ตราสารทุน,1371552766.06,2026-07-31,1197739470.95,2025-07-14,0.14511778172605272
M0065_2560,main,ES-DIV,ตราสารทุน,2682752695.09,2026-07-31,3134921070.54,2025-07-14,-0.14423596807562122
M0071_2544,main,ES-GOVRMF,ตราสารหนี้,2330943264.49,2026-07-31,2945720486.4,2025-07-14,-0.20870181836611623
M0075_2562,main,ES-MULTIINCOME,ผสม,1006499591.73,2026-07-31,1107048387.94,2025-07-14,-0.09082601745810015
M0078_2545,main,ES-MMRMF,ตราสารหนี้,1605708924.15,2026-07-31,1486226394.18,2025-07-14,0.08039322302301222
M0081_2559,main,ES-PROPINFRAFLEX,ผสม,826947232.17,2026-07-31,710872681.57,2025-07-14,0.16328458472147656
M0081_2569,main,ES-GOVCP6M52,ตราสารหนี้,1054970159.98,2026-07-31,,,
M0086_2569,main,ES-GOVCP6M53,ตราสารหนี้,502397504.35,2026-07-31,,,
M0090_2559,main,ES-USBLUECHIP,ตราสารทุน,2786639715.05,2026-07-30,3236221262.24,2025-07-14,-0.13892175805025608
M0100_2547,main,ES-SET50DV,ตราสารทุน,1083822896.74,2026-07-31,951881710.27,2025-07-14,0.13861090621499073
M0100_2560,main,ES-EAE,ตราสารทุน,1504694152.08,2026-07-30,1517482512.21,2025-07-14,-0.008427352557345613
M0117_2561,main,ES-INDAE,ตราสารทุน,1515074635.57,2026-07-30,2038790474.94,2025-07-14,-0.2568757534466177
M0120_2565,main,ES-VIETNAMRMF,ตราสารทุน,370170102.56,2026-07-30,396231770.05,2025-07-14,-0.06577379569213071
M0125_2556,main,ES-DMIXED,ผสม,77397794.08,2026-07-31,79687310.81,2025-07-14,-0.02873125854954428
M0133_2558,main,ES-CHCHALLENGE#1,ตราสารทุน,21690467.55,2026-07-31,30346454.41,2025-07-14,-0.285238820425348
M0133_2563,main,ES-EQDSSFX,ตราสารทุน,203934558.89,2026-07-31,147954093.24,2025-07-14,0.378363750702001
M0139_2555,ES-AASF-A,ES-AASF,ผสม,225850947.26,2026-07-30,252257340.74,2025-07-14,-0.10468037680305575
M0139_2555,ES-AASF-D,ES-AASF,ผสม,225850947.26,2026-07-30,252257340.74,2025-07-14,-0.10468037680305575
M0139_2555,ES-AASF-E,ES-AASF,ผสม,225850947.26,2026-07-30,252257340.74,2025-07-14,-0.10468037680305575
M0139_2555,ES-AASF-I,ES-AASF,ผสม,225850947.26,2026-07-30,252257340.74,2025-07-14,-0.10468037680305575
M0139_2555,ES-AASF-P,ES-AASF,ผสม,225850947.26,2026-07-30,252257340.74,2025-07-14,-0.10468037680305575
M0139_2555,ES-AASF-R,ES-AASF,ผสม,225850947.26,2026-07-30,252257340.74,2025-07-14,-0.10468037680305575
M0139_2555,ES-AASF-S,ES-AASF,ผสม,225850947.26,2026-07-30,252257340.74,2025-07-14,-0.10468037680305575
M0140_2555,ES-AAMF-A,ES-AAMF,ผสม,114100682.03,2026-07-30,150575244.07,2025-07-14,-0.2422347861049693
M0140_2555,ES-AAMF-D,ES-AAMF,ผสม,114100682.03,2026-07-30,150575244.07,2025-07-14,-0.2422347861049693
M0140_2555,ES-AAMF-E,ES-AAMF,ผสม,114100682.03,2026-07-30,150575244.07,2025-07-14,-0.2422347861049693
M0140_2555,ES-AAMF-I,ES-AAMF,ผสม,114100682.03,2026-07-30,150575244.07,2025-07-14,-0.2422347861049693
M0140_2555,ES-AAMF-P,ES-AAMF,ผสม,114100682.03,2026-07-30,150575244.07,2025-07-14,-0.2422347861049693
M0140_2555,ES-AAMF-R,ES-AAMF,ผสม,26425357.91,2026-07-30,25291026.73,2025-07-14,0.04485113206789926
M0140_2555,ES-AAMF-S,ES-AAMF,ผสม,114100682.03,2026-07-30,150575244.07,2025-07-14,-0.2422347861049693
M0140_2564,main,ES-GINNORMF,ตราสารทุน,233831315.44,2026-07-30,239923536.09,2025-07-14,-0.025392342699195214
M0141_2555,ES-AALF-A,ES-AALF,ผสม,265566956.11,2026-07-30,313336063.85,2025-07-14,-0.1524532706291606
M0141_2555,ES-AALF-D,ES-AALF,ผสม,265566956.11,2026-07-30,313336063.85,2025-07-14,-0.1524532706291606
M0141_2555,ES-AALF-E,ES-AALF,ผสม,265566956.11,2026-07-30,313336063.85,2025-07-14,-0.1524532706291606
M0141_2555,ES-AALF-I,ES-AALF,ผสม,265566956.11,2026-07-30,313336063.85,2025-07-14,-0.1524532706291606
M0141_2555,ES-AALF-P,ES-AALF,ผสม,265566956.11,2026-07-30,313336063.85,2025-07-14,-0.1524532706291606
M0141_2555,ES-AALF-R,ES-AALF,ผสม,265566956.11,2026-07-30,313336063.85,2025-07-14,-0.1524532706291606
M0141_2555,ES-AALF-S,ES-AALF,ผสม,265566956.11,2026-07-30,313336063.85,2025-07-14,-0.1524532706291606
M0141_2557,main,ES-SMCAP,ตราสารทุน,36540383.0,2026-07-31,31914726.55,2025-07-14,0.14493799414991382
M0147_2561,main,ES-SMARTBETA,ตราสารทุน,464895771.94,2026-07-31,423268809.66,2025-07-14,0.09834639673411738
M0149_2568,ES-NDQPIN-UH-A,ES-NDQPIN-UH,ตราสารทุน,83431424.38,2026-07-30,8813094.77,2025-07-14,8.466756747471127
M0149_2568,ES-NDQPIN-UH-AG,ES-NDQPIN-UH,ตราสารทุน,25527453.29,2026-07-30,136467047.22,2025-07-14,-0.8129405317252383
M0149_2568,ES-NDQPIN-UH-D,ES-NDQPIN-UH,ตราสารทุน,345972602.23,2026-07-30,136467047.22,2025-07-14,1.5352098493950255
M0149_2568,ES-NDQPIN-UH-E,ES-NDQPIN-UH,ตราสารทุน,345972602.23,2026-07-30,136467047.22,2025-07-14,1.5352098493950255
M0149_2568,ES-NDQPIN-UH-I,ES-NDQPIN-UH,ตราสารทุน,345972602.23,2026-07-30,136467047.22,2025-07-14,1.5352098493950255
M0149_2568,ES-NDQPIN-UH-P,ES-NDQPIN-UH,ตราสารทุน,345972602.23,2026-07-30,136467047.22,2025-07-14,1.5352098493950255
M0149_2568,ES-NDQPIN-UH-R,ES-NDQPIN-UH,ตราสารทุน,345972602.23,2026-07-30,136467047.22,2025-07-14,1.5352098493950255
M0149_2568,ES-NDQPIN-UH-S,ES-NDQPIN-UH,ตราสารทุน,345972602.23,2026-07-30,136467047.22,2025-07-14,1.5352098493950255
M0165_2550,main,ES-GLOBALVALUE,ตราสารทุน,71536568.84,2026-07-30,61881588.84,2025-07-14,0.156023466445953
M0175_2557,ES-EG-A,ES-EG,ตราสารทุน,1534574735.03,2026-07-30,1888820681.48,2025-07-14,-0.18754874399851862
M0175_2557,ES-EG-D,ES-EG,ตราสารทุน,1534574735.03,2026-07-30,1888820681.48,2025-07-14,-0.18754874399851862
M0175_2557,ES-EG-E,ES-EG,ตราสารทุน,1534574735.03,2026-07-30,1888820681.48,2025-07-14,-0.18754874399851862
M0175_2557,ES-EG-I,ES-EG,ตราสารทุน,1534574735.03,2026-07-30,1888820681.48,2025-07-14,-0.18754874399851862
M0175_2557,ES-EG-P,ES-EG,ตราสารทุน,1534574735.03,2026-07-30,1888820681.48,2025-07-14,-0.18754874399851862
M0175_2557,ES-EG-R,ES-EG,ตราสารทุน,1534574735.03,2026-07-30,1888820681.48,2025-07-14,-0.18754874399851862
M0175_2557,ES-EG-S,ES-EG,ตราสารทุน,2287735.56,2026-07-30,341005686.71,2025-07-14,-0.9932912099441158
M0182_2559,ES-GINCOME-A,ES-GINCOME,ตราสารหนี้,4770384626.69,2026-07-30,12107692872.55,2025-07-14,-0.6060038293913785
M0182_2559,ES-GINCOME-D,ES-GINCOME,ตราสารหนี้,6011201378.46,2026-07-30,12107692872.55,2025-07-14,-0.503522145652677
M0182_2559,ES-GINCOME-E,ES-GINCOME,ตราสารหนี้,6011201378.46,2026-07-30,12107692872.55,2025-07-14,-0.503522145652677
M0182_2559,ES-GINCOME-I,ES-GINCOME,ตราสารหนี้,6011201378.46,2026-07-30,12107692872.55,2025-07-14,-0.503522145652677
M0182_2559,ES-GINCOME-P,ES-GINCOME,ตราสารหนี้,6011201378.46,2026-07-30,12107692872.55,2025-07-14,-0.503522145652677
M0182_2559,ES-GINCOME-R,ES-GINCOME,ตราสารหนี้,6011201378.46,2026-07-30,12107692872.55,2025-07-14,-0.503522145652677
M0182_2559,ES-GINCOME-S,ES-GINCOME,ตราสารหนี้,6011201378.46,2026-07-30,12107692872.55,2025-07-14,-0.503522145652677
M0189_2564,main,ES-STARTECH,ตราสารทุน,1106509977.08,2026-07-30,396576654.84,2025-07-14,1.790154093983229
M0191_2565,main,ES-INDONESIA,ตราสารทุน,261126489.64,2026-07-30,411098902.23,2025-07-14,-0.3648085941764302
M0197_2564,main,tsp1-preserver,ตราสารหนี้,304013590.78,2026-07-30,467614470.19,2025-07-14,-0.3498627391567376
M0198_2564,main,tsp5-gogetter,ตราสารทุน,1144998582.17,2026-07-30,1532644292.48,2025-07-14,-0.25292607828966185
M0199_2564,main,tsp2-nurturer,ผสม,847543525.83,2026-07-30,1828649409.53,2025-07-15,-0.536519399829716
M0200_2564,main,tsp3-balancer,ผสม,1233572402.64,2026-07-30,1550269406.55,2025-07-15,-0.20428514074517123
M0201_2563,ES-GCG-A,ES-GCG,ตราสารทุน,900458112.75,2026-07-30,1562739947.21,2025-07-14,-0.4237952934155097
M0201_2563,ES-GCG-D,ES-GCG,ตราสารทุน,161220206.47,2026-07-30,190833548.1,2025-07-14,-0.15517890813664537
M0201_2563,ES-GCG-E,ES-GCG,ตราสารทุน,161220206.47,2026-07-30,190833548.1,2025-07-14,-0.15517890813664537
M0201_2563,ES-GCG-I,ES-GCG,ตราสารทุน,161220206.47,2026-07-30,190833548.1,2025-07-14,-0.15517890813664537
M0201_2563,ES-GCG-P,ES-GCG,ตราสารทุน,161220206.47,2026-07-30,190833548.1,2025-07-14,-0.15517890813664537
M0201_2563,ES-GCG-R,ES-GCG,ตราสารทุน,161220206.47,2026-07-30,190833548.1,2025-07-14,-0.15517890813664537
M0201_2563,ES-GCG-S,ES-GCG,ตราสารทุน,161220206.47,2026-07-30,190833548.1,2025-07-14,-0.15517890813664537
M0201_2563,ES-GCG-SSF,ES-GCG,ตราสารทุน,161220206.47,2026-07-30,190833548.1,2025-07-14,-0.15517890813664537
M0201_2564,main,tsp4-explorer,ผสม,517068151.95,2026-07-30,657824444.74,2025-07-15,-0.21397242670973238
M0209_2560,main,ES-EBF,ตราสารหนี้,30669512.34,2026-07-30,25660174.39,2025-07-14,0.19521839071959635
M0221_2554,main,ES-GOLDRMF-H,ทรัพย์สินทางเลือก,784924741.24,2026-07-31,439083086.31,2025-07-14,0.787645130757394
M0221_2557,main,ES-PIPF,ทรัพย์สินทางเลือก,8397910302.03,2026-07-31,8625131491.51,2025-07-14,-0.02634408411091027
M0222_2554,main,ES-GOLDRMF-UH,ทรัพย์สินทางเลือก,760960513.95,2026-07-31,467144510.53,2025-07-14,0.6289616955717845
M0224_2568,ES-NDQPIN-A,ES-NDQPIN,ตราสารทุน,92577943.57,2026-07-30,3829758.87,2025-07-14,23.173308741497866
M0224_2568,ES-NDQPIN-AG,ES-NDQPIN,ตราสารทุน,78730805.09,2026-07-30,3829758.87,2025-07-14,19.55764024903218
M0224_2568,ES-NDQPIN-D,ES-NDQPIN,ตราสารทุน,92577943.57,2026-07-30,3829758.87,2025-07-14,23.173308741497866
M0224_2568,ES-NDQPIN-E,ES-NDQPIN,ตราสารทุน,92577943.57,2026-07-30,3829758.87,2025-07-14,23.173308741497866
M0224_2568,ES-NDQPIN-I,ES-NDQPIN,ตราสารทุน,92577943.57,2026-07-30,3829758.87,2025-07-14,23.173308741497866
M0224_2568,ES-NDQPIN-P,ES-NDQPIN,ตราสารทุน,92577943.57,2026-07-30,3829758.87,2025-07-14,23.173308741497866
M0224_2568,ES-NDQPIN-R,ES-NDQPIN,ตราสารทุน,214316904.82,2026-07-30,73185274.29,2025-07-14,1.9284156806020762
M0224_2568,ES-NDQPIN-S,ES-NDQPIN,ตราสารทุน,92577943.57,2026-07-30,3829758.87,2025-07-14,23.173308741497866
M0227_2562,main,ES-SET50ACC2,ตราสารทุน,62099765.13,2026-07-31,62297352.61,2025-07-14,-0.003171683413851545
M0252_2569,main,ES-GOVCP6M54,ตราสารหนี้,530744004.52,2026-07-31,,,
M0253_2557,main,ES-EGRMF,ตราสารทุน,334105350.36,2026-07-30,285477719.74,2025-07-14,0.17033774356992848
M0253_2561,main,ES-APPF,ผสม,839079386.38,2026-07-27,860786905.06,2025-07-14,-0.025218225965562113
M0254_2564,main,ES-CHILL,ตราสารทุน,113719945.2,2026-07-30,414285635.47,2025-07-14,-0.7255035283301903
M0258_2559,main,ES-GINCOMERMF,ตราสารหนี้,1192680522.87,2026-07-30,1159370574.76,2025-07-14,0.028731062211834413
M0266_2564,main,ES-SPlus,ตราสารหนี้,2128210655.43,2026-07-31,558876695.85,2025-07-14,2.8080146680533664
M0267_2550,main,ES-CHEQ,ตราสารทุน,1939129190.99,2026-07-31,1999036313.4,2025-07-14,-0.029968001085537543
M0267_2568,main,ES-GQG-UH,ตราสารทุน,145048936.64,2026-07-30,59397599.65,2025-07-14,1.4419999712900853
M0277_2562,main,ES-GCORE,ตราสารทุน,3339552618.62,2026-07-30,1655670166.1,2025-07-14,1.0170397987459392
M0288_2569,main,ES-GRID,ตราสารทุน,4991374629.0,2026-07-30,,,
M0292_2562,main,ES-SET50RMF2,ตราสารทุน,358619074.86,2026-07-31,270759546.34,2025-07-14,0.3244928192104166
M0296_2553,main,ES-OIL,ทรัพย์สินทางเลือก,181444444.13,2026-07-30,242347018.92,2025-07-14,-0.2513031728692493
M0305_2563,main,ES-GGREEN,ตราสารทุน,2215388756.5,2026-07-27,2765563299.27,2025-07-14,-0.19893760627906232
M0307_2559,ES-GINFRA-A,ES-GINFRA,ตราสารทุน,497209165.55,2026-07-30,300666938.04,2025-07-14,0.6536875281041126
M0307_2559,ES-GINFRA-D,ES-GINFRA,ตราสารทุน,82122656.87,2026-07-30,93432766.74,2025-07-14,-0.12105078619231302
M0307_2559,ES-GINFRA-E,ES-GINFRA,ตราสารทุน,497209165.55,2026-07-30,300666938.04,2025-07-14,0.6536875281041126
M0307_2559,ES-GINFRA-I,ES-GINFRA,ตราสารทุน,497209165.55,2026-07-30,300666938.04,2025-07-14,0.6536875281041126
M0307_2559,ES-GINFRA-P,ES-GINFRA,ตราสารทุน,497209165.55,2026-07-30,300666938.04,2025-07-14,0.6536875281041126
M0307_2559,ES-GINFRA-R,ES-GINFRA,ตราสารทุน,497209165.55,2026-07-30,300666938.04,2025-07-14,0.6536875281041126
M0307_2559,ES-GINFRA-S,ES-GINFRA,ตราสารทุน,497209165.55,2026-07-30,300666938.04,2025-07-14,0.6536875281041126
M0307_2559,ES-GINFRA-SSF,ES-GINFRA,ตราสารทุน,497209165.55,2026-07-30,300666938.04,2025-07-14,0.6536875281041126
M0309_2566,main,ES-GDIV-Acc,ตราสารทุน,283243327.6,2026-07-30,222190145.72,2025-07-14,0.27477898122870914
M0318_2550,main,ES-WDEQ,ตราสารทุน,3307715809.57,2026-07-30,2099674562.0,2025-07-14,0.5753468987209649
M0320_2550,main,ES-EMEQ,ตราสารทุน,1276861912.46,2026-07-30,471071951.72,2025-07-14,1.710545401393273
M0322_2550,main,ES-PREMIUMBRAND,ตราสารทุน,204437245.2,2026-07-30,291085133.72,2025-07-14,-0.29767198143258045
M0327_2558,main,ES-ASIARMF,ตราสารทุน,1050479841.87,2026-07-30,799691704.2,2025-07-14,0.3136060263634781
M0328_2558,main,ES-CORMF,ตราสารทุน,2304989869.3,2026-07-30,2787403498.98,2025-07-14,-0.17306917705188019
M0329_2558,main,ES-JERMF,ตราสารทุน,289402821.59,2026-07-31,125501994.85,2025-07-14,1.305961924636292
M0330_2558,main,ES-GQGRMF,ตราสารทุน,6813875860.28,2026-07-30,6101850027.26,2025-07-14,0.11669015623770274
M0332_2560,main,ES-HEALTHPLUS,ตราสารทุน,1204181997.29,2026-07-31,982784639.61,2025-07-14,0.22527555759098705
M0356_2567,main,ES-ALPHABONDS,ตราสารหนี้,157906176.85,2026-07-27,383074707.54,2025-07-14,-0.5877927366595674
M0362_2558,main,ES-HEALTHCARE,ตราสารทุน,802336320.23,2026-07-30,366663689.17,2025-07-14,1.1882077334851795
M0364_2564,main,ES-CONBOND,ผสม,281237953.78,2026-07-27,491920594.09,2025-07-14,-0.42828587142146424
M0367_2558,main,ES-HEALTHCARERMF,ตราสารทุน,324145157.89,2026-07-30,236977430.55,2025-07-14,0.3678313463762888
M0367_2564,main,ES-STARTECHRMF,ตราสารทุน,134345339.32,2026-07-30,54214869.48,2025-07-14,1.4780164668580515
M0371_2546,main,ES-TTW,ผสม,59545894.12,2026-07-31,155553976.78,2025-07-14,-0.6172010812412996
M0383_2562,main,ES-GLOBALESG,ตราสารทุน,317199943.32,2026-07-30,486419511.54,2025-07-14,-0.34788811757211857
M0405_2569,main,ES-GOVCP6M55,ตราสารหนี้,245792432.87,2026-07-31,,,
M0413_2568,ES-DIV70THAIESGX-68A,ES-DIV70THAIESGX,ผสม,133080059.57,2026-07-30,105061132.35,2025-07-14,0.26669165459456434
M0413_2568,ES-DIV70THAIESGX-68D,ES-DIV70THAIESGX,ผสม,172225290.7,2026-07-31,140607458.44,2025-07-14,0.22486596807019277
M0413_2568,ES-DIV70THAIESGX-A,ES-DIV70THAIESGX,ผสม,141906.11,2026-07-30,335814387.97,2025-07-14,-0.9995774269504716
M0413_2568,ES-DIV70THAIESGX-D,ES-DIV70THAIESGX,ผสม,400114.18,2026-07-31,335814387.97,2025-07-14,-0.9988085257977817
M0413_2568,ES-DIV70THAIESGX-LA,ES-DIV70THAIESGX,ผสม,427445137.66,2026-07-30,335814387.97,2025-07-14,0.27286129770647527
M0413_2568,ES-DIV70THAIESGX-LD,ES-DIV70THAIESGX,ผสม,847416219.71,2026-07-23,699025110.44,2025-07-14,0.21228294528160152
M0414_2553,main,ES-GLOBALEQ,ตราสารทุน,214443742.23,2026-07-30,458525577.77,2025-07-14,-0.5323189095078865
M0416_2567,ES-GINCOME-UH-A,ES-GINCOME-UH,ตราสารหนี้,415215.27,2026-07-30,763308188.27,2025-07-14,-0.9994560319457059
M0416_2567,ES-GINCOME-UH-D,ES-GINCOME-UH,ตราสารหนี้,415215.27,2026-07-30,763308188.27,2025-07-14,-0.9994560319457059
M0416_2567,ES-GINCOME-UH-E,ES-GINCOME-UH,ตราสารหนี้,415215.27,2026-07-30,763308188.27,2025-07-14,-0.9994560319457059
M0416_2567,ES-GINCOME-UH-I,ES-GINCOME-UH,ตราสารหนี้,415215.27,2026-07-30,763308188.27,2025-07-14,-0.9994560319457059
M0416_2567,ES-GINCOME-UH-P,ES-GINCOME-UH,ตราสารหนี้,415215.27,2026-07-30,763308188.27,2025-07-14,-0.9994560319457059
M0416_2567,ES-GINCOME-UH-R,ES-GINCOME-UH,ตราสารหนี้,465340407.94,2026-07-30,763308188.27,2025-07-14,-0.39036366294632463
M0416_2567,ES-GINCOME-UH-S,ES-GINCOME-UH,ตราสารหนี้,415215.27,2026-07-30,544936734.44,2025-07-14,-0.9992380486692154
M0419_2568,ES-DIVTHAIESGX-68A,ES-DIVTHAIESGX,ตราสารทุน,70237594.45,2026-07-31,47168863.29,2025-07-14,0.48906692998240375
M0419_2568,ES-DIVTHAIESGX-68D,ES-DIVTHAIESGX,ตราสารทุน,38769454.66,2026-07-30,28276446.0,2025-07-14,0.37108654531761154
M0419_2568,ES-DIVTHAIESGX-A,ES-DIVTHAIESGX,ตราสารทุน,230317.28,2026-07-30,156848567.49,2025-07-14,-0.9985315946222162
M0419_2568,ES-DIVTHAIESGX-D,ES-DIVTHAIESGX,ตราสารทุน,216804.92,2026-07-31,156848567.49,2025-07-14,-0.9986177437035642
M0419_2568,ES-DIVTHAIESGX-LA,ES-DIVTHAIESGX,ตราสารทุน,228296992.38,2026-07-30,156848567.49,2025-07-14,0.45552488003790814
M0419_2568,ES-DIVTHAIESGX-LD,ES-DIVTHAIESGX,ตราสารทุน,285191291.96,2026-07-31,210563885.3,2025-07-14,0.3544169340990022
M0422_2545,main,ES-FIXEDRMF,ตราสารหนี้,5112132456.53,2026-07-31,5680717910.83,2025-07-14,-0.10009042223624953
M0422_2565,main,ES-USTECH,ตราสารทุน,2145196250.64,2026-07-30,1731062644.39,2025-07-14,0.23923663744470347
M0424_2557,main,ES-PIPFRMF,ทรัพย์สินทางเลือก,935042334.86,2026-07-31,848175046.67,2025-07-14,0.10241669868861103
M0428_2558,main,ES-INCOMEAI,ผสม,163017210.87,2026-07-30,165150164.85,2025-07-14,-0.01291523978760345
M0429_2562,main,ES-IALLO,ผสม,63855888.77,2026-07-30,89048027.25,2025-07-14,-0.2829050710946547
M0436_2560,main,ES-THAICG,ตราสารทุน,214589214.05,2026-07-31,305283256.19,2025-07-14,-0.2970816128990529
M0444_2564,main,tsp4-explorer-SSF,ผสม,35518330.91,2026-07-30,30165141.89,2025-07-15,0.17746274953789043
M0446_2564,main,tsp1-preserver-SSF,ตราสารหนี้,20356908.51,2026-07-27,19907049.13,2025-07-14,0.0225979941608756
M0447_2564,main,tsp2-nurturer-SSF,ผสม,13342782.54,2026-07-30,11994827.27,2025-07-15,0.1123780476081837
M0448_2564,main,tsp3-balancer-SSF,ผสม,45607239.27,2026-07-30,35430405.61,2025-07-15,0.28723446669003594
M0449_2564,main,tsp5-gogetter-SSF,ตราสารทุน,107523538.02,2026-07-30,90501597.21,2025-07-14,0.1880844243058195
M0462_2558,main,ES-GER,ตราสารทุน,294528745.26,2026-07-30,333469597.83,2025-07-16,-0.11677482092341063
M0463_2569,main,ES-USDPRIME,ตราสารหนี้,,,,,
M0470_2547,main,ES-JB25,ตราสารทุน,3735569005.17,2026-07-31,3081840940.57,2025-07-14,0.2121225842626031
M0478_2559,main,ES-LOWBETADIV,ตราสารทุน,559338873.83,2026-07-31,,,
M0479_2563,ES-GINNO-A,ES-GINNO,ตราสารทุน,3720488976.44,2026-07-30,4958880091.22,2025-07-14,-0.24973201448703053
M0479_2563,ES-GINNO-D,ES-GINNO,ตราสารทุน,3720488976.44,2026-07-30,47666978.48,2025-07-14,77.05170571071616
M0479_2563,ES-GINNO-E,ES-GINNO,ตราสารทุน,3720488976.44,2026-07-30,47666978.48,2025-07-14,77.05170571071616
M0479_2563,ES-GINNO-I,ES-GINNO,ตราสารทุน,3720488976.44,2026-07-30,47666978.48,2025-07-14,77.05170571071616
M0479_2563,ES-GINNO-P,ES-GINNO,ตราสารทุน,3720488976.44,2026-07-30,47666978.48,2025-07-14,77.05170571071616
M0479_2563,ES-GINNO-R,ES-GINNO,ตราสารทุน,3720488976.44,2026-07-30,47666978.48,2025-07-14,77.05170571071616
M0479_2563,ES-GINNO-S,ES-GINNO,ตราสารทุน,3720488976.44,2026-07-30,47666978.48,2025-07-14,77.05170571071616
M0479_2563,ES-GINNO-SSF,ES-GINNO,ตราสารทุน,44913902.0,2026-07-30,47666978.48,2025-07-14,-0.05775647141458995
M0485_2557,ES-ASIA-A,ES-ASIA,ตราสารทุน,7042659315.69,2026-07-27,4365079406.01,2025-07-14,0.6134092099203075
M0485_2557,ES-ASIA-D,ES-ASIA,ตราสารทุน,2425254.08,2026-07-30,4365079406.01,2025-07-14,-0.9994443963432462
M0485_2557,ES-ASIA-E,ES-ASIA,ตราสารทุน,2425254.08,2026-07-30,4365079406.01,2025-07-14,-0.9994443963432462
M0485_2557,ES-ASIA-I,ES-ASIA,ตราสารทุน,2425254.08,2026-07-30,4365079406.01,2025-07-14,-0.9994443963432462
M0485_2557,ES-ASIA-P,ES-ASIA,ตราสารทุน,2425254.08,2026-07-30,4365079406.01,2025-07-14,-0.9994443963432462
M0485_2557,ES-ASIA-R,ES-ASIA,ตราสารทุน,2425254.08,2026-07-30,4365079406.01,2025-07-14,-0.9994443963432462
M0485_2557,ES-ASIA-S,ES-ASIA,ตราสารทุน,2425254.08,2026-07-30,186374102.56,2025-07-14,-0.9869871723233692
M0489_2563,main,ES-CHINAARMF,ตราสารทุน,534909510.68,2026-07-24,569380763.0,2025-07-14,-0.060541652546136304
M0490_2567,main,ES-LINK2Y4MA,ผสม,612909475.23,2026-07-30,611799673.91,2025-07-14,0.0018139946249191574
M0493_2563,main,ES-APLUS,ตราสารหนี้,895427057.89,2026-07-30,318819494.77,2025-07-14,1.808570594266738
M0499_2563,main,ES-GTECHSSF,ตราสารทุน,500651995.0,2026-07-24,279397988.31,2025-07-15,0.79189548939956
M0506_2569,main,ES-GOVCP6M56,ตราสารหนี้,124119412.52,2026-07-31,,,
M0514_2564,main,ES-VIETNAM,ตราสารทุน,1392798954.29,2026-07-30,1936886815.33,2025-07-14,-0.2809084437632976
M0525_2559,main,ES-SMCAPRMF,ตราสารทุน,56452062.22,2026-07-31,46474349.9,2025-07-14,0.21469288632265515
M0531_2568,main,ES-USBLUECHIP-UH,ตราสารทุน,52875022.21,2026-07-30,51572251.02,2025-07-30,0.025261088361157258
M0531_2569,main,ES-GOVCP6M57,ตราสารหนี้,270610778.84,2026-07-31,,,
M0540_2559,main,ES-SMCAP2,ตราสารทุน,70587990.34,2026-07-31,,,
M0541_2559,main,ES-ABRMF,ตราสารหนี้,802015387.06,2026-07-31,747551082.03,2025-07-15,0.07285696768988736
M0551_2563,main,ES-GCGRMF,ตราสารทุน,210128359.73,2026-07-27,286865766.81,2025-07-16,-0.2675028391617936
M0555_2560,main,ES-GPROP,ทรัพย์สินทางเลือก,156416102.64,2026-07-30,160153721.45,2025-07-14,-0.02333769565989685
M0563_2566,ES-GAINCOME-A,ES-GAINCOME,ผสม,6505044719.01,2026-07-30,335065847.86,2025-07-14,18.41422786164704
M0563_2566,ES-GAINCOME-D,ES-GAINCOME,ผสม,289512190.75,2026-07-27,51818132.33,2025-07-15,4.587082701210895
M0563_2566,ES-GAINCOME-E,ES-GAINCOME,ผสม,925430584.63,2026-07-30,335065847.86,2025-07-14,1.7619364687285919
M0563_2566,ES-GAINCOME-I,ES-GAINCOME,ผสม,925430584.63,2026-07-30,335065847.86,2025-07-14,1.7619364687285919
M0563_2566,ES-GAINCOME-P,ES-GAINCOME,ผสม,925430584.63,2026-07-30,335065847.86,2025-07-14,1.7619364687285919
M0563_2566,ES-GAINCOME-RP,ES-GAINCOME,ผสม,925430584.63,2026-07-30,614754034.73,2025-07-14,0.5053672401458074
M0563_2566,ES-GAINCOME-S,ES-GAINCOME,ผสม,925430584.63,2026-07-30,335065847.86,2025-07-14,1.7619364687285919
M0563_2566,ES-GAINCOME-SSF,ES-GAINCOME,ผสม,925430584.63,2026-07-30,335065847.86,2025-07-14,1.7619364687285919
M0564_2565,main,ES-INDONESIA-RMF,ตราสารทุน,45391274.5,2026-07-24,41999331.49,2025-07-14,0.08076183333555242
M0565_2563,main,ES-FIXEDSSF,ตราสารหนี้,174247104.18,2026-07-30,154880876.94,2025-07-14,0.1250394988885708
M0568_2559,main,ES-ASIANBOND,ตราสารหนี้,14314990.63,2026-07-30,15589959.11,2025-07-14,-0.08178138704560067
M0576_2553,main,ES-BRMF,ตราสารหนี้,3326186101.54,2026-07-31,3102133254.38,2025-07-14,0.07222541031841634
M0602_2546,main,ES-SET50RMF,ตราสารทุน,3542285905.27,2026-07-31,2827982567.85,2025-07-14,0.2525840666560599
M0605_2546,main,ES-MRMF,ตราสารหนี้,5736739625.09,2026-07-31,5552113055.76,2025-07-14,0.0332533879400132
M0621_2553,ES-GF-A,ES-GF,ตราสารหนี้,1281117052.39,2026-07-30,1742201674.26,2025-07-15,-0.26465628444872524
M0621_2553,ES-GF-D,ES-GF,ตราสารหนี้,46407404.29,2026-07-30,52272505.46,2025-07-15,-0.11220241154287314
M0621_2553,ES-GF-E,ES-GF,ตราสารหนี้,46407404.29,2026-07-30,311110114.72,2025-07-14,-0.8508328656181211
M0621_2553,ES-GF-I,ES-GF,ตราสารหนี้,46407404.29,2026-07-30,311110114.72,2025-07-14,-0.8508328656181211
M0621_2553,ES-GF-P,ES-GF,ตราสารหนี้,46407404.29,2026-07-30,311110114.72,2025-07-14,-0.8508328656181211
M0621_2553,ES-GF-R,ES-GF,ตราสารหนี้,46407404.29,2026-07-30,311110114.72,2025-07-14,-0.8508328656181211
M0621_2553,ES-GF-S,ES-GF,ตราสารหนี้,692219.14,2026-07-30,311110114.72,2025-07-14,-0.997775002781176
M0621_2553,ES-GF-SF,ES-GF,ตราสารหนี้,46407404.29,2026-07-30,311110114.72,2025-07-14,-0.8508328656181211
M0621_2553,ES-GF-SSF,ES-GF,ตราสารหนี้,46407404.29,2026-07-30,311110114.72,2025-07-14,-0.8508328656181211
M0638_2547,main,ES-JBPDIV,ผสม,1275422747.1,2026-07-31,,,
M0648_2560,main,ES-EAERMF,ตราสารทุน,113863131.19,2026-07-30,55210763.49,2025-07-14,1.0623357474602457
M0650_2560,main,ES-GPROPRMF,ทรัพย์สินทางเลือก,44781726.4,2026-07-30,44958156.17,2025-07-14,-0.003924310626371552
M0650_2569,main,ES-QUANTABS,ตราสารทุน,,,,,
M0653_2547,main,ES-EQDIV,ตราสารทุน,870599636.94,2026-07-31,,,
M0656_2547,main,ES-BIGCAPEQ,ตราสารทุน,812011032.78,2026-07-31,,,
M0659_2547,main,ES-MIXEDRMF,ผสม,1148873748.75,2026-07-31,1039446022.83,2025-07-14,0.10527504412597732
M0669_2567,main,ES-GAINCOMERMF,ผสม,461312050.32,2026-07-30,40565956.01,2025-07-14,10.371901360004458
M0672_2548,main,ES-CASH,ตราสารหนี้,17870487775.52,2026-07-31,20986536028.7,2025-07-14,-0.14847844584350023
M0681_2556,main,ES-GLOBALEQRMF,ตราสารทุน,435580596.13,2026-07-30,343547613.08,2025-07-14,0.26789003778806286
M0681_2569,main,ES-GOVCP6M58,ตราสารหนี้,284047930.88,2026-07-31,,,
M0692_2562,main,ES-GTECH,ตราสารทุน,10923161876.27,2026-07-27,1786490670.64,2025-07-14,5.114312297167967
M0699_2558,main,ES-PRIMELOWBETA,ตราสารทุน,289445706.75,2026-07-31,318514045.35,2025-07-14,-0.09126234470463679
M0708_2562,ES-GSBOND-A,ES-GSBOND,ตราสารหนี้,1140330302.34,2026-07-30,1793733642.46,2025-07-14,-0.3642699922960111
M0708_2562,ES-GSBOND-D,ES-GSBOND,ตราสารหนี้,218815.28,2026-07-30,128652.06,2025-07-14,0.7008299750505356
M0708_2562,ES-GSBOND-E,ES-GSBOND,ตราสารหนี้,1140330302.34,2026-07-30,1793733642.46,2025-07-14,-0.3642699922960111
M0708_2562,ES-GSBOND-I,ES-GSBOND,ตราสารหนี้,1140330302.34,2026-07-30,1793733642.46,2025-07-14,-0.3642699922960111
M0708_2562,ES-GSBOND-P,ES-GSBOND,ตราสารหนี้,1140330302.34,2026-07-30,1793733642.46,2025-07-14,-0.3642699922960111
M0708_2562,ES-GSBOND-R,ES-GSBOND,ตราสารหนี้,1140330302.34,2026-07-30,1793733642.46,2025-07-14,-0.3642699922960111
M0708_2562,ES-GSBOND-S,ES-GSBOND,ตราสารหนี้,569208.31,2026-07-30,207480194.03,2025-07-14,-0.9972565655596134
M0708_2562,ES-GSBOND-SSF,ES-GSBOND,ตราสารหนี้,1140330302.34,2026-07-30,1793733642.46,2025-07-14,-0.3642699922960111
M0710_2546,main,ES-EQPLUS,ตราสารทุน,304248832.31,2026-07-31,252912721.14,2025-07-14,0.20297955333604145
M0715_2547,main,ES-JB25DIV,ตราสารทุน,2633059737.78,2026-07-31,,,
M0715_2569,main,ES-GOVCP6M59,ตราสารหนี้,218071575.27,2026-07-31,,,
M0721_2567,main,ES-LINK2Y3MB,ผสม,328545531.36,2026-07-31,326730976.56,2025-07-15,0.005553666258108159
M0730_2567,ES-ESG3070-A,ES-ESG3070,ผสม,55289015.77,2026-07-31,21380618.75,2025-07-14,1.585940866187514
M0730_2567,ES-ESG3070-D,ES-ESG3070,ผสม,55289015.77,2026-07-31,21380618.75,2025-07-14,1.585940866187514
M0730_2567,ES-ESG3070-E,ES-ESG3070,ผสม,55289015.77,2026-07-31,21380618.75,2025-07-14,1.585940866187514
M0730_2567,ES-ESG3070-I,ES-ESG3070,ผสม,55289015.77,2026-07-31,21380618.75,2025-07-14,1.585940866187514
M0730_2567,ES-ESG3070-P,ES-ESG3070,ผสม,55289015.77,2026-07-31,21380618.75,2025-07-14,1.585940866187514
M0730_2567,ES-ESG3070-RI,ES-ESG3070,ผสม,55289015.77,2026-07-31,21380618.75,2025-07-14,1.585940866187514
M0730_2567,ES-ESG3070-RP,ES-ESG3070,ผสม,55289015.77,2026-07-31,21380618.75,2025-07-14,1.585940866187514
M0730_2567,ES-ESG3070-S,ES-ESG3070,ผสม,55289015.77,2026-07-31,21380618.75,2025-07-14,1.585940866187514
M0730_2567,ES-ESG3070-ThaiESG-A,ES-ESG3070,ผสม,634621975.7,2026-07-31,326541337.27,2025-07-14,0.9434659666848375
M0730_2567,ES-ESG3070-ThaiESG-D,ES-ESG3070,ผสม,55289015.77,2026-07-31,21380618.75,2025-07-14,1.585940866187514
M0744_2565,main,ES-GDIV,ตราสารทุน,1016565765.79,2026-07-30,957294107.52,2025-07-14,0.061915829006355505
M0760_2565,main,ES-LOVE,ตราสารทุน,52802988.42,2026-07-30,64907760.3,2025-07-14,-0.18649190519057235
M0770_2550,main,ES-GLOBALFI,ตราสารหนี้,302526923.13,2026-07-27,321167086.68,2025-07-15,-0.05803883499610418
M0784_2555,main,ES-US500,ตราสารทุน,3539521537.89,2026-07-27,2794264583.82,2025-07-15,0.2667095157650279
M0791_2568,main,ES-ULTIMATE GA1RMF,ผสม,102025321.81,2026-07-30,,,
M0799_2557,main,ES-COF,ตราสารทุน,3209699039.7,2026-07-30,4178721886.53,2025-07-14,-0.23189455368006662
M0815_2566,ES-SETESG-A,ES-SETESG,ตราสารทุน,594961780.03,2026-07-31,316751590.41,2025-07-14,0.8783229446768919
M0815_2566,ES-SETESG-D,ES-SETESG,ตราสารทุน,594961780.03,2026-07-31,316751590.41,2025-07-14,0.8783229446768919
M0815_2566,ES-SETESG-E,ES-SETESG,ตราสารทุน,594961780.03,2026-07-31,316751590.41,2025-07-14,0.8783229446768919
M0815_2566,ES-SETESG-I,ES-SETESG,ตราสารทุน,594961780.03,2026-07-31,316751590.41,2025-07-14,0.8783229446768919
M0815_2566,ES-SETESG-P,ES-SETESG,ตราสารทุน,594961780.03,2026-07-31,316751590.41,2025-07-14,0.8783229446768919
M0815_2566,ES-SETESG-R,ES-SETESG,ตราสารทุน,594961780.03,2026-07-31,316751590.41,2025-07-14,0.8783229446768919
M0815_2566,ES-SETESG-S,ES-SETESG,ตราสารทุน,594961780.03,2026-07-31,316751590.41,2025-07-14,0.8783229446768919
M0815_2566,ES-SETESG-ThaiESG-A,ES-SETESG,ตราสารทุน,594961780.03,2026-07-31,316751590.41,2025-07-14,0.8783229446768919
M0815_2566,ES-SETESG-ThaiESG-D,ES-SETESG,ตราสารทุน,484109206.15,2026-07-31,255722855.79,2025-07-14,0.8931010474384473
M0819_2555,main,ES-LOWBETARMF,ตราสารทุน,1485006055.91,2026-07-31,1341878565.94,2025-07-14,0.10666202859402385
M0833_2568,main,ES-INDAERMF,ตราสารทุน,31709613.44,2026-07-30,,,
M0844_2553,main,ES-GOLDBULLION-H,ทรัพย์สินทางเลือก,1668252187.08,2026-07-30,601900845.95,2025-07-14,1.7716395454585916
M0868_2567,main,ES-ULTIMATE GA1,ผสม,10802145849.11,2026-07-30,3952240781.14,2025-07-15,1.7331699780685392
M0869_2567,main,ES-ULTIMATE GA2,ผสม,18114093366.12,2026-07-30,2062069734.2,2025-07-15,7.784423274195204
M0870_2548,main,ES-GOLD,ทรัพย์สินทางเลือก,2165242848.56,2026-07-30,1140925982.83,2025-07-14,0.8977943189524373
M0871_2567,main,ES-ULTIMATE GA3,ผสม,8246139386.77,2026-07-30,645187855.57,2025-07-15,11.780989777752149
M0872_2547,main,ES-JB25RMF,ตราสารทุน,2856872029.32,2026-07-31,2410355990.35,2025-07-14,0.185249000876905
M0873_2568,main,ES-ULTIMATE GA2RMF,ผสม,210253398.33,2026-07-30,,,
M0874_2568,main,ES-ULTIMATE GA3RMF,ผสม,116714837.01,2026-07-24,,,
M0905_2553,main,ES-GOLDBULLION-UH,ทรัพย์สินทางเลือก,935203198.43,2026-07-31,480966792.43,2025-07-14,0.9444236341246148
M0912_2568,ES-GAINCOME-UH-A,ES-GAINCOME-UH,ผสม,989445674.33,2026-07-27,,,
M0912_2568,ES-GAINCOME-UH-D,ES-GAINCOME-UH,ผสม,51810931.82,2026-07-30,,,
M0912_2568,ES-GAINCOME-UH-E,ES-GAINCOME-UH,ผสม,51810931.82,2026-07-30,,,
M0912_2568,ES-GAINCOME-UH-I,ES-GAINCOME-UH,ผสม,51810931.82,2026-07-30,,,
M0912_2568,ES-GAINCOME-UH-P,ES-GAINCOME-UH,ผสม,51810931.82,2026-07-30,,,
M0912_2568,ES-GAINCOME-UH-R,ES-GAINCOME-UH,ผสม,51810931.82,2026-07-30,,,
M0912_2568,ES-GAINCOME-UH-S,ES-GAINCOME-UH,ผสม,51810931.82,2026-07-30,,,
M0913_2554,main,ES-LOWBETA,ตราสารทุน,1000222161.2,2026-07-31,964275508.38,2025-07-14,0.037278404882844285
M0943_2554,main,ES-SET50DV2,ตราสารทุน,488897679.53,2026-07-31,547644750.84,2025-07-14,-0.10727222568990458
M0965_2550,main,ES-GLOBALENERGY,ตราสารทุน,161211458.12,2026-07-30,127496125.09,2025-07-14,0.2644420213257479
M0970_2553,main,ES-GRMF,ตราสารหนี้,229586119.89,2026-07-30,176552054.76,2025-07-14,0.30038769700014556
M0987_2567,main,ES-TECHRMF,ตราสารทุน,101170132.01,2026-07-22,13990781.49,2025-07-14,6.231199492488107
M0989_2555,main,ES-US500RMF,ตราสารทุน,2735269269.77,2026-07-27,2136214751.94,2025-07-14,0.2804280409008362
M1034_2553,main,ES-GOLDSRMF,ทรัพย์สินทางเลือก,813925918.88,2026-07-31,614385318.87,2025-07-14,0.3247808726565966
M1035_2553,main,ES-GOLDS,ทรัพย์สินทางเลือก,1761713044.18,2026-07-31,1001890867.18,2025-07-14,0.7583881657077629
M1038_2567,ES-GDIV-UH-A,ES-GDIV-UH,ตราสารทุน,1401670.09,2026-07-30,46933386.41,2025-07-14,-0.9701349040157616
M1038_2567,ES-GDIV-UH-D,ES-GDIV-UH,ตราสารทุน,1401670.09,2026-07-30,1193585.77,2025-07-14,0.17433545642890835
M1038_2567,ES-GDIV-UH-E,ES-GDIV-UH,ตราสารทุน,1401670.09,2026-07-30,1193585.77,2025-07-14,0.17433545642890835
M1038_2567,ES-GDIV-UH-I,ES-GDIV-UH,ตราสารทุน,1401670.09,2026-07-30,1193585.77,2025-07-14,0.17433545642890835
M1038_2567,ES-GDIV-UH-P,ES-GDIV-UH,ตราสารทุน,1401670.09,2026-07-30,1193585.77,2025-07-14,0.17433545642890835
M1038_2567,ES-GDIV-UH-R,ES-GDIV-UH,ตราสารทุน,1401670.09,2026-07-30,1193585.77,2025-07-14,0.17433545642890835
M1038_2567,ES-GDIV-UH-S,ES-GDIV-UH,ตราสารทุน,1401670.09,2026-07-30,1193585.77,2025-07-14,0.17433545642890835
M1137_2557,main,ES-JE,ตราสารทุน,1244073026.8,2026-07-31,175910855.93,2025-07-14,6.072178804559125
