proj_id,unique_id,fund_class_name,class_abbr_name,display_name,search_term,amc_name_th,amc_name_en,policy_desc,nav_start,nav_end,nav_months,nav_span_months,nav_completeness,nav_gap_count,nav_largest_gap_start,nav_largest_gap_end
M0209_2548,C0000000021,main,main,K-SET50,ตราสารทุน,บริษัทหลักทรัพย์จัดการกองทุน กสิกรไทย จำกัด,KASIKORN ASSET MANAGEMENT COMPANY LIMITED,ตราสารทุน,2015-01-05,2026-07-31,135.0,139.0,0.9712230215827338,1.0,2024-07,2024-10
M0155_2547,C0000000023,M-S50-G,M-S50-G,M-S50,ตราสารทุน,บริษัทหลักทรัพย์จัดการกองทุน เอ็มเอฟซี จำกัด (มหาชน),MFC ASSET MANAGEMENT PUBLIC COMPANY LIMITED ,ตราสารทุน,2015-01-05,2026-07-31,135.0,139.0,0.9712230215827338,1.0,2024-07,2024-10
M0005_2565,C0000000239,SCBCIO(A),SCBCIO(A),SCBCIO,ผสม,บริษัทหลักทรัพย์จัดการกองทุน ไทยพาณิชย์ จำกัด,SCB ASSET MANAGEMENT COMPANY LIMITED,ผสม,2022-03-29,2026-07-27,49.0,53.0,0.9245283018867925,1.0,2024-07,2024-10
M0056_2564,C0000000329,main,main,BCAP-GMA,ผสม,บริษัทหลักทรัพย์จัดการกองทุนรวม  บัวหลวง จำกัด,BBL ASSET MANAGEMENT COMPANY LIMITED,ผสม,2021-09-27,2026-07-27,55.0,59.0,0.9322033898305084,1.0,2024-07,2024-10
M0187_2563,C0000000290,ABTESSF,ABTESSF,ABTESSF-M,ตราสารทุน,บริษัทหลักทรัพย์จัดการกองทุน อเบอร์ดีน (ประเทศไทย) จำกัด,ABERDEEN ASSET MANAGEMENT (THAILAND) LIMITED,ตราสารทุน,2020-06-01,2026-07-31,70.0,74.0,0.9459459459459459,1.0,2024-07,2024-10
M0089_2545,C0000000623,main,main,UOBEQRMF,ตราสารทุน,บริษัทหลักทรัพย์จัดการกองทุน ยูโอบี (ประเทศไทย) จำกัด,UOB ASSET MANAGEMENT (THAILAND) COMPANY LIMITED,ตราสารทุน,2015-01-05,2026-07-31,135.0,139.0,0.9712230215827338,1.0,2024-07,2024-10
M0776_2547,C0000005022,main,main,ASP-ERF,ตราสารทุน,บริษัทหลักทรัพย์จัดการกองทุน แอสเซท พลัส จำกัด,ASSET PLUS FUND MANAGEMENT COMPANY LIMITED,ตราสารทุน,2015-01-05,2026-07-31,135.0,139.0,0.9712230215827338,1.0,2024-07,2024-10
M0359_2552,C0000006099,main,main,X-EQRMF,ตราสารทุน,บริษัทหลักทรัพย์จัดการกองทุน เอ็กซ์สปริง จำกัด,XSPRING ASSET MANAGEMENT COMPANY LIMITED,ตราสารทุน,2015-01-05,2026-07-31,135.0,139.0,0.9712230215827338,1.0,2024-07,2024-10
M0430_2556,C0000006122,main,main,PEQ,ตราสารทุน,บริษัทหลักทรัพย์จัดการกองทุนรวม  ฟิลลิป จำกัด,PHILLIP ASSET MANAGEMENT COMPANY LIMITED,ตราสารทุน,2015-01-05,2026-07-31,135.0,139.0,0.9712230215827338,1.0,2024-07,2024-10
M0337_2550,C0000000021,main,main,K-MONEY,ตราสารหนี้,บริษัทหลักทรัพย์จัดการกองทุน กสิกรไทย จำกัด,KASIKORN ASSET MANAGEMENT COMPANY LIMITED,ตราสารหนี้,2015-01-05,2026-07-31,135.0,139.0,0.9712230215827338,1.0,2024-07,2024-10
M0084_2545,C0000000023,main,main,MMF-RMF,ตราสารหนี้,บริษัทหลักทรัพย์จัดการกองทุน เอ็มเอฟซี จำกัด (มหาชน),MFC ASSET MANAGEMENT PUBLIC COMPANY LIMITED ,ตราสารหนี้,2015-01-05,2026-07-31,135.0,139.0,0.9712230215827338,1.0,2024-07,2024-10
M0306_2552,C0000000239,main,main,SCBTMF,ตราสารหนี้,บริษัทหลักทรัพย์จัดการกองทุน ไทยพาณิชย์ จำกัด,SCB ASSET MANAGEMENT COMPANY LIMITED,ตราสารหนี้,2015-01-05,2026-07-31,135.0,139.0,0.9712230215827338,1.0,2024-07,2024-10
M0753_2553,C0000000460,KT-PRECIOUS-A,KT-PRECIOUS-A,KT-PRECIOUS,ตราสารทุน,บริษัทหลักทรัพย์จัดการกองทุน กรุงไทย จำกัด (มหาชน),KRUNG THAI ASSET MANAGEMENT PUBLIC COMPANY LIMITED ,ตราสารทุน,,,,,,,,
M0377_2556,C0000000021,K-SF-A,K-SF-A,K-SF,ตราสารหนี้,บริษัทหลักทรัพย์จัดการกองทุน กสิกรไทย จำกัด,KASIKORN ASSET MANAGEMENT COMPANY LIMITED,ตราสารหนี้,2015-01-05,2026-07-31,135.0,139.0,0.9712230215827338,1.0,2024-07,2024-10
M0856_2553,C0000000239,SCBGOLDH,SCBGOLDH,SCBGOLDHFUND,ทรัพย์สินทางเลือก,บริษัทหลักทรัพย์จัดการกองทุน ไทยพาณิชย์ จำกัด,SCB ASSET MANAGEMENT COMPANY LIMITED,ทรัพย์สินทางเลือก,2015-01-05,2026-07-31,135.0,139.0,0.9712230215827338,1.0,2024-07,2024-10
M0681_2546,C0000000460,VAYUA,VAYUA,VAYU1,ผสม,บริษัทหลักทรัพย์จัดการกองทุน กรุงไทย จำกัด (มหาชน),KRUNG THAI ASSET MANAGEMENT PUBLIC COMPANY LIMITED ,ผสม,2024-11-15,2026-07-30,21.0,21.0,1.0,0.0,,
M0537_2568,C0000005025,KKP GBA-UI,KKP GBA-UI,KKP GBA-UI FUND,อื่น ๆ,บริษัทหลักทรัพย์จัดการกองทุน เกียรตินาคินภัทร จำกัด,KIATNAKIN PHATRA ASSET MANAGEMENT COMPANY LIMITED,อื่น ๆ,,,,,,,,
M0278_2568,C0000000329,main,main,2I01BSET50,ไม่ระบุ เนื่องจากเป็นกองทุนรวมอีทีเอฟแบบ leveraged management หรือ inverse management,บริษัทหลักทรัพย์จัดการกองทุนรวม  บัวหลวง จำกัด,BBL ASSET MANAGEMENT COMPANY LIMITED,ไม่ระบุ เนื่องจากเป็นกองทุนรวมอีทีเอฟแบบ leveraged management หรือ inverse management,2025-09-24,2026-07-31,11.0,11.0,1.0,0.0,,
M0643_2555,C0000000239,SCBS&P500,SCBS&P500,SCBS&P500FUND,ตราสารทุน,บริษัทหลักทรัพย์จัดการกองทุน ไทยพาณิชย์ จำกัด,SCB ASSET MANAGEMENT COMPANY LIMITED,ตราสารทุน,2015-01-05,2026-07-27,135.0,139.0,0.9712230215827338,1.0,2024-07,2024-10
M0732_2556,C0000000239,SCBSFFPLU(SSFE),SCBSFFPLU(SSFE),SCBSFFPLUS,ตราสารหนี้,บริษัทหลักทรัพย์จัดการกองทุน ไทยพาณิชย์ จำกัด,SCB ASSET MANAGEMENT COMPANY LIMITED,ตราสารหนี้,2022-06-13,2026-07-31,46.0,50.0,0.92,1.0,2024-07,2024-10
M0447_2551,C0000000021,K-GOLD-A(A),K-GOLD-A(A),K-GOLD,ทรัพย์สินทางเลือก,บริษัทหลักทรัพย์จัดการกองทุน กสิกรไทย จำกัด,KASIKORN ASSET MANAGEMENT COMPANY LIMITED,ทรัพย์สินทางเลือก,2020-07-22,2026-07-30,69.0,73.0,0.9452054794520548,1.0,2024-07,2024-10
M1021_2567,C0000000239,SCBGMCORE(A),SCBGMCORE(A),SCBGMCORE,ผสม,บริษัทหลักทรัพย์จัดการกองทุน ไทยพาณิชย์ จำกัด,SCB ASSET MANAGEMENT COMPANY LIMITED,ผสม,2025-04-10,2026-07-27,16.0,16.0,1.0,0.0,,
M0726_2568,C0000005025,KKP GCORE-UI,KKP GCORE-UI,KKP GCORE-UI FUND,อื่น ๆ,บริษัทหลักทรัพย์จัดการกองทุน เกียรตินาคินภัทร จำกัด,KIATNAKIN PHATRA ASSET MANAGEMENT COMPANY LIMITED,อื่น ๆ,,,,,,,,
M0279_2568,C0000000329,main,main,2X01BSET50,ไม่ระบุ เนื่องจากเป็นกองทุนรวมอีทีเอฟแบบ leveraged management หรือ inverse management,บริษัทหลักทรัพย์จัดการกองทุนรวม  บัวหลวง จำกัด,BBL ASSET MANAGEMENT COMPANY LIMITED,ไม่ระบุ เนื่องจากเป็นกองทุนรวมอีทีเอฟแบบ leveraged management หรือ inverse management,2025-09-24,2026-07-31,11.0,11.0,1.0,0.0,,
M0013_2563,C0000033452,ES-CHINAA-A,ES-CHINAA-A,ES-CHINAA,ตราสารทุน,บริษัทหลักทรัพย์จัดการกองทุน อีสท์สปริง (ประเทศไทย) จำกัด,EASTSPRING ASSET MANAGEMENT (THAILAND) COMPANY LIMITED,ตราสารทุน,2025-06-04,2026-07-30,14.0,14.0,1.0,0.0,,
M0304_2559,C0000000460,KTSTPLUS-A,KTSTPLUS-A,KTSTPLUS,ตราสารหนี้,บริษัทหลักทรัพย์จัดการกองทุน กรุงไทย จำกัด (มหาชน),KRUNG THAI ASSET MANAGEMENT PUBLIC COMPANY LIMITED ,ตราสารหนี้,2016-08-03,2026-07-31,116.0,120.0,0.9666666666666667,1.0,2024-07,2024-10
M0939_2553,C0000005531,PRINCIPAL iPROP-A,PRINCIPAL iPROP-A,PRINCIPAL iPROP,ทรัพย์สินทางเลือก,บริษัทหลักทรัพย์จัดการกองทุน พรินซิเพิล จำกัด,PRINCIPAL ASSET MANAGEMENT COMPANY LIMITED,ทรัพย์สินทางเลือก,2015-01-05,2026-07-31,135.0,139.0,0.9712230215827338,1.0,2024-07,2024-10
M0279_2564,C0000000021,main,main,K-WPBALANCED,ผสม,บริษัทหลักทรัพย์จัดการกองทุน กสิกรไทย จำกัด,KASIKORN ASSET MANAGEMENT COMPANY LIMITED,ผสม,2021-08-06,2026-07-30,56.0,60.0,0.9333333333333333,1.0,2024-07,2024-10
M0716_2568,C0000005025,KKP GCON-UI,KKP GCON-UI,KKP GCON-UI FUND,อื่น ๆ,บริษัทหลักทรัพย์จัดการกองทุน เกียรตินาคินภัทร จำกัด,KIATNAKIN PHATRA ASSET MANAGEMENT COMPANY LIMITED,อื่น ๆ,,,,,,,,
M0277_2568,C0000000329,main,main,1I01BSET50,ไม่ระบุ เนื่องจากเป็นกองทุนรวมอีทีเอฟแบบ leveraged management หรือ inverse management,บริษัทหลักทรัพย์จัดการกองทุนรวม  บัวหลวง จำกัด,BBL ASSET MANAGEMENT COMPANY LIMITED,ไม่ระบุ เนื่องจากเป็นกองทุนรวมอีทีเอฟแบบ leveraged management หรือ inverse management,2025-09-24,2026-07-31,11.0,11.0,1.0,0.0,,
M0041_2543,C0000033452,ES-SET50-A,ES-SET50-A,ES-SET50,ตราสารทุน,บริษัทหลักทรัพย์จัดการกองทุน อีสท์สปริง (ประเทศไทย) จำกัด,EASTSPRING ASSET MANAGEMENT (THAILAND) COMPANY LIMITED,ตราสารทุน,2015-01-05,2026-07-31,135.0,139.0,0.9712230215827338,1.0,2024-07,2024-10
M0038_2559,C0000000021,K-SFPLUS-A,K-SFPLUS-A,K-SFPLUS,ตราสารหนี้,บริษัทหลักทรัพย์จัดการกองทุน กสิกรไทย จำกัด,KASIKORN ASSET MANAGEMENT COMPANY LIMITED,ตราสารหนี้,2025-04-16,2026-07-31,16.0,16.0,1.0,0.0,,
M0714_2552,C0000000021,main,main,K-GDRMF,ทรัพย์สินทางเลือก,บริษัทหลักทรัพย์จัดการกองทุน กสิกรไทย จำกัด,KASIKORN ASSET MANAGEMENT COMPANY LIMITED,ทรัพย์สินทางเลือก,2015-01-05,2026-07-31,131.0,139.0,0.9424460431654677,1.0,2024-07,2025-02
M0280_2564,C0000000021,main,main,K-WPSPEEDUP,ผสม,บริษัทหลักทรัพย์จัดการกองทุน กสิกรไทย จำกัด,KASIKORN ASSET MANAGEMENT COMPANY LIMITED,ผสม,2021-08-06,2026-07-30,56.0,60.0,0.9333333333333333,1.0,2024-07,2024-10
M0723_2568,C0000005025,KKP GAG-UI,KKP GAG-UI,KKP GAG-UI FUND,อื่น ๆ,บริษัทหลักทรัพย์จัดการกองทุน เกียรตินาคินภัทร จำกัด,KIATNAKIN PHATRA ASSET MANAGEMENT COMPANY LIMITED,อื่น ๆ,,,,,,,,
M0579_2552,C0000000021,K-CHINA-A(A),K-CHINA-A(A),K-CHINA,ตราสารทุน,บริษัทหลักทรัพย์จัดการกองทุน กสิกรไทย จำกัด,KASIKORN ASSET MANAGEMENT COMPANY LIMITED,ตราสารทุน,2021-04-20,2026-07-30,60.0,64.0,0.9375,1.0,2024-07,2024-10
M0167_2559,C0000000709,KFSMART-A,KFSMART-A,KFSMART,ตราสารหนี้,บริษัทหลักทรัพย์จัดการกองทุน กรุงศรี จำกัด,KRUNGSRI ASSET MANAGEMENT COMPANY LIMITED,ตราสารหนี้,2016-05-09,2026-07-31,119.0,123.0,0.967479674796748,1.0,2024-07,2024-10
M0241_2554,C0000000239,SCBGOLD,SCBGOLD,SCBGOLDFUND,ทรัพย์สินทางเลือก,บริษัทหลักทรัพย์จัดการกองทุน ไทยพาณิชย์ จำกัด,SCB ASSET MANAGEMENT COMPANY LIMITED,ทรัพย์สินทางเลือก,2015-01-05,2026-07-31,135.0,139.0,0.9712230215827338,1.0,2024-07,2024-10
M0664_2557,C0000000021,K-PROPI-A(D),K-PROPI-A(D),K-PROPI,ผสม,บริษัทหลักทรัพย์จัดการกองทุน กสิกรไทย จำกัด,KASIKORN ASSET MANAGEMENT COMPANY LIMITED,ผสม,2016-06-06,2026-07-31,118.0,122.0,0.9672131147540983,1.0,2024-07,2024-10
M0717_2568,C0000005025,KKP GMOD-UI,KKP GMOD-UI,KKP GMOD-UI FUND,อื่น ๆ,บริษัทหลักทรัพย์จัดการกองทุน เกียรตินาคินภัทร จำกัด,KIATNAKIN PHATRA ASSET MANAGEMENT COMPANY LIMITED,อื่น ๆ,,,,,,,,
M0026_2539,C0000000239,SCBSET,SCBSET,SCBSETFUND,ตราสารทุน,บริษัทหลักทรัพย์จัดการกองทุน ไทยพาณิชย์ จำกัด,SCB ASSET MANAGEMENT COMPANY LIMITED,ตราสารทุน,2015-01-05,2026-07-31,135.0,139.0,0.9712230215827338,1.0,2024-07,2024-10
M0934_2547,C0000000329,main,main,B-TNTV,ตราสารหนี้,บริษัทหลักทรัพย์จัดการกองทุนรวม  บัวหลวง จำกัด,BBL ASSET MANAGEMENT COMPANY LIMITED,ตราสารหนี้,2015-01-05,2026-07-31,129.0,139.0,0.9280575539568345,2.0,2017-03,2017-08
M0221_2557,C0000033452,main,main,ES-PIPF,ทรัพย์สินทางเลือก,บริษัทหลักทรัพย์จัดการกองทุน อีสท์สปริง (ประเทศไทย) จำกัด,EASTSPRING ASSET MANAGEMENT (THAILAND) COMPANY LIMITED,ทรัพย์สินทางเลือก,2015-01-05,2026-07-31,135.0,139.0,0.9712230215827338,1.0,2024-07,2024-10
M0268_2566,C0000000460,KTWC-DEFENSIVE-A,KTWC-DEFENSIVE-A,KTWC-DEFENSIVE,ผสม,บริษัทหลักทรัพย์จัดการกองทุน กรุงไทย จำกัด (มหาชน),KRUNG THAI ASSET MANAGEMENT PUBLIC COMPANY LIMITED ,ผสม,2023-08-11,2026-07-27,32.0,36.0,0.8888888888888888,1.0,2024-07,2024-10
M0730_2568,C0000005025,KKP GENH-UI,KKP GENH-UI,KKP GENH-UI FUND,อื่น ๆ,บริษัทหลักทรัพย์จัดการกองทุน เกียรตินาคินภัทร จำกัด,KIATNAKIN PHATRA ASSET MANAGEMENT COMPANY LIMITED,อื่น ๆ,,,,,,,,
M0452_2546,C0000000239,SCBDV,SCBDV,SCBDVFUND,ตราสารทุน,บริษัทหลักทรัพย์จัดการกองทุน ไทยพาณิชย์ จำกัด,SCB ASSET MANAGEMENT COMPANY LIMITED,ตราสารทุน,2015-01-05,2026-07-31,135.0,139.0,0.9712230215827338,1.0,2024-07,2024-10
M0003_2539,C0000000239,main,main,SCBSFF,ตราสารหนี้,บริษัทหลักทรัพย์จัดการกองทุน ไทยพาณิชย์ จำกัด,SCB ASSET MANAGEMENT COMPANY LIMITED,ตราสารหนี้,2015-01-05,2026-07-31,135.0,139.0,0.9712230215827338,1.0,2024-07,2024-10
M0578_2567,C0000005025,KKP PEQ-UI,KKP PEQ-UI,KKP PEQ-UI FUND,ทรัพย์สินทางเลือก,บริษัทหลักทรัพย์จัดการกองทุน เกียรตินาคินภัทร จำกัด,KIATNAKIN PHATRA ASSET MANAGEMENT COMPANY LIMITED,ทรัพย์สินทางเลือก,2024-09-30,2026-07-01,21.0,23.0,0.9130434782608695,2.0,2024-10,2024-10
M0080_2545,C0000000021,K-GA-A(A),K-GA-A(A),K-GA,ผสม,บริษัทหลักทรัพย์จัดการกองทุน กสิกรไทย จำกัด,KASIKORN ASSET MANAGEMENT COMPANY LIMITED,ผสม,2022-02-14,2026-07-30,50.0,54.0,0.9259259259259259,1.0,2024-07,2024-10
M0725_2568,C0000005025,KKP GGRO-UI,KKP GGRO-UI,KKP GGRO-UI FUND,อื่น ๆ,บริษัทหลักทรัพย์จัดการกองทุน เกียรตินาคินภัทร จำกัด,KIATNAKIN PHATRA ASSET MANAGEMENT COMPANY LIMITED,อื่น ๆ,,,,,,,,
M0479_2563,C0000033452,ES-GINNO-A,ES-GINNO-A,ES-GINNO,ตราสารทุน,บริษัทหลักทรัพย์จัดการกองทุน อีสท์สปริง (ประเทศไทย) จำกัด,EASTSPRING ASSET MANAGEMENT (THAILAND) COMPANY LIMITED,ตราสารทุน,2020-10-27,2026-07-30,66.0,70.0,0.9428571428571428,1.0,2024-07,2024-10
M0352_2564,C0000000021,K-GDBOND-A(A),K-GDBOND-A(A),K-GDBOND,ตราสารหนี้,บริษัทหลักทรัพย์จัดการกองทุน กสิกรไทย จำกัด,KASIKORN ASSET MANAGEMENT COMPANY LIMITED,ตราสารหนี้,2021-09-27,2026-07-30,55.0,59.0,0.9322033898305084,1.0,2024-07,2024-10
M0116_2553,C0000000329,main,main,BGOLDRMF,ทรัพย์สินทางเลือก,บริษัทหลักทรัพย์จัดการกองทุนรวม  บัวหลวง จำกัด,BBL ASSET MANAGEMENT COMPANY LIMITED,ทรัพย์สินทางเลือก,2015-01-05,2026-07-31,129.0,139.0,0.9280575539568345,2.0,2017-03,2017-08
M0869_2567,C0000033452,main,main,ES-ULTIMATE GA2,ผสม,บริษัทหลักทรัพย์จัดการกองทุน อีสท์สปริง (ประเทศไทย) จำกัด,EASTSPRING ASSET MANAGEMENT (THAILAND) COMPANY LIMITED,ผสม,2025-01-29,2026-07-30,19.0,19.0,1.0,0.0,,
M0272_2567,C0000000460,KTPCRED-UI-A,KTPCRED-UI-A,KTPCRED-UI,อื่น ๆ,บริษัทหลักทรัพย์จัดการกองทุน กรุงไทย จำกัด (มหาชน),KRUNG THAI ASSET MANAGEMENT PUBLIC COMPANY LIMITED ,อื่น ๆ,2024-05-31,2026-06-30,19.0,26.0,0.7307692307692307,1.0,2024-07,2025-01
M0717_2558,C0000000569,ONE-UGG-ASSF,ONE-UGG-ASSF,ONE-UGG,ตราสารทุน,บริษัทหลักทรัพย์จัดการกองทุน วรรณ จำกัด,ONE ASSET MANAGEMENT LIMITED,ตราสารทุน,2020-05-11,2026-07-30,71.0,75.0,0.9466666666666667,1.0,2024-07,2024-10
M0640_2566,C0000000239,SCBDBOND(A),SCBDBOND(A),SCBDBOND,ตราสารหนี้,บริษัทหลักทรัพย์จัดการกองทุน ไทยพาณิชย์ จำกัด,SCB ASSET MANAGEMENT COMPANY LIMITED,ตราสารหนี้,2024-01-16,2026-07-30,27.0,31.0,0.8709677419354839,1.0,2024-07,2024-10
M0113_2553,C0000000329,main,main,BGOLD,ทรัพย์สินทางเลือก,บริษัทหลักทรัพย์จัดการกองทุนรวม  บัวหลวง จำกัด,BBL ASSET MANAGEMENT COMPANY LIMITED,ทรัพย์สินทางเลือก,2015-01-05,2026-07-31,129.0,139.0,0.9280575539568345,2.0,2017-03,2017-08
M0354_2563,C0000031161,main,main,AIA-GAA,ผสม,บริษัทหลักทรัพย์จัดการกองทุน เอไอเอ (ประเทศไทย) จำกัด,AIA INVESTMENT MANAGEMENT (THAILAND) LIMITED,ผสม,2020-12-01,2026-07-30,64.0,68.0,0.9411764705882353,1.0,2024-07,2024-10
M0224_2567,C0000000569,ONE-LIFESET-UIG,ONE-LIFESET-UIG,ONE-LIFESET-UI,อื่น ๆ,บริษัทหลักทรัพย์จัดการกองทุน วรรณ จำกัด,ONE ASSET MANAGEMENT LIMITED,อื่น ๆ,2024-10-31,2026-06-30,21.0,21.0,1.0,0.0,,
M0204_2549,C0000000021,main,main,K-GLOBE,ตราสารทุน,บริษัทหลักทรัพย์จัดการกองทุน กสิกรไทย จำกัด,KASIKORN ASSET MANAGEMENT COMPANY LIMITED,ตราสารทุน,2015-01-05,2026-07-30,135.0,139.0,0.9712230215827338,1.0,2024-07,2024-10
M0359_2547,C0000005025,KKP PLUS,KKP PLUS,KKP PLUS FUND,ตราสารหนี้,บริษัทหลักทรัพย์จัดการกองทุน เกียรตินาคินภัทร จำกัด,KIATNAKIN PHATRA ASSET MANAGEMENT COMPANY LIMITED,ตราสารหนี้,2015-01-05,2026-07-31,135.0,139.0,0.9712230215827338,1.0,2024-07,2024-10
M0279_2561,C0000000239,SCBPIN(E),SCBPIN(E),SCBPIN,ทรัพย์สินทางเลือก,บริษัทหลักทรัพย์จัดการกองทุน ไทยพาณิชย์ จำกัด,SCB ASSET MANAGEMENT COMPANY LIMITED,ทรัพย์สินทางเลือก,2021-10-15,2026-07-31,54.0,58.0,0.9310344827586207,1.0,2024-07,2024-10
M0273_2566,C0000000460,KTWC-GROWTH-A,KTWC-GROWTH-A,KTWC-GROWTH,ผสม,บริษัทหลักทรัพย์จัดการกองทุน กรุงไทย จำกัด (มหาชน),KRUNG THAI ASSET MANAGEMENT PUBLIC COMPANY LIMITED ,ผสม,2023-08-11,2026-07-27,32.0,36.0,0.8888888888888888,1.0,2024-07,2024-10
M0054_2568,C0000000023,MPINFRAUI-H,MPINFRAUI-H,MPINFRA-UI,อื่น ๆ,บริษัทหลักทรัพย์จัดการกองทุน เอ็มเอฟซี จำกัด (มหาชน),MFC ASSET MANAGEMENT PUBLIC COMPANY LIMITED ,อื่น ๆ,2026-02-27,2026-06-30,5.0,5.0,1.0,0.0,,
M0052_2558,C0000033452,main,main,ES-GQG,ตราสารทุน,บริษัทหลักทรัพย์จัดการกองทุน อีสท์สปริง (ประเทศไทย) จำกัด,EASTSPRING ASSET MANAGEMENT (THAILAND) COMPANY LIMITED,ตราสารทุน,2015-03-24,2026-07-30,133.0,137.0,0.9708029197080292,1.0,2024-07,2024-10
M0705_2548,C0000000021,K-CASH-A,K-CASH-A,K-CASH,ตราสารหนี้,บริษัทหลักทรัพย์จัดการกองทุน กสิกรไทย จำกัด,KASIKORN ASSET MANAGEMENT COMPANY LIMITED,ตราสารหนี้,2025-12-11,2026-07-31,8.0,8.0,1.0,0.0,,
M0778_2554,C0000000239,main,main,SCBGOLDHRMF,ทรัพย์สินทางเลือก,บริษัทหลักทรัพย์จัดการกองทุน ไทยพาณิชย์ จำกัด,SCB ASSET MANAGEMENT COMPANY LIMITED,ทรัพย์สินทางเลือก,2015-01-05,2026-07-31,135.0,139.0,0.9712230215827338,1.0,2024-07,2024-10
M0217_2558,C0000000021,K-GINCOME-A(A),K-GINCOME-A(A),K-GINCOME,ผสม,บริษัทหลักทรัพย์จัดการกองทุน กสิกรไทย จำกัด,KASIKORN ASSET MANAGEMENT COMPANY LIMITED,ผสม,2015-06-24,2026-07-30,130.0,134.0,0.9701492537313433,1.0,2024-07,2024-10
M0217_2568,C0000000329,main,main,BCAP-EPC UI,อื่น ๆ,บริษัทหลักทรัพย์จัดการกองทุนรวม  บัวหลวง จำกัด,BBL ASSET MANAGEMENT COMPANY LIMITED,อื่น ๆ,2025-08-15,2026-07-24,12.0,12.0,1.0,0.0,,
M0213_2561,C0000000329,main,main,B-INNOTECHRMF,ตราสารทุน,บริษัทหลักทรัพย์จัดการกองทุนรวม  บัวหลวง จำกัด,BBL ASSET MANAGEMENT COMPANY LIMITED,ตราสารทุน,2018-10-11,2026-07-27,90.0,94.0,0.9574468085106383,1.0,2024-07,2024-10
M0014_2556,C0000033452,main,main,ES-IPLUS,ตราสารหนี้,บริษัทหลักทรัพย์จัดการกองทุน อีสท์สปริง (ประเทศไทย) จำกัด,EASTSPRING ASSET MANAGEMENT (THAILAND) COMPANY LIMITED,ตราสารหนี้,2015-01-05,2026-07-31,135.0,139.0,0.9712230215827338,1.0,2024-07,2024-10
M0411_2564,C0000000239,SCBGPA(A),SCBGPA(A),SCBGPA,ทรัพย์สินทางเลือก,บริษัทหลักทรัพย์จัดการกองทุน ไทยพาณิชย์ จำกัด,SCB ASSET MANAGEMENT COMPANY LIMITED,ทรัพย์สินทางเลือก,2022-01-25,2026-07-30,51.0,55.0,0.9272727272727272,1.0,2024-07,2024-10
M0059_2545,C0000000329,main,main,BFLRMF,ผสม,บริษัทหลักทรัพย์จัดการกองทุนรวม  บัวหลวง จำกัด,BBL ASSET MANAGEMENT COMPANY LIMITED,ผสม,2015-01-05,2026-07-31,129.0,139.0,0.9280575539568345,2.0,2017-03,2017-08
M0281_2567,C0000000023,main,main,MBTCETF-UI,อื่น ๆ,บริษัทหลักทรัพย์จัดการกองทุน เอ็มเอฟซี จำกัด (มหาชน),MFC ASSET MANAGEMENT PUBLIC COMPANY LIMITED ,อื่น ๆ,2024-06-06,2026-07-30,22.0,26.0,0.8461538461538461,1.0,2024-07,2024-10
M0087_2560,C0000000460,KT-CHINA-A,KT-CHINA-A,KT-CHINA,ตราสารทุน,บริษัทหลักทรัพย์จัดการกองทุน กรุงไทย จำกัด (มหาชน),KRUNG THAI ASSET MANAGEMENT PUBLIC COMPANY LIMITED ,ตราสารทุน,2017-04-03,2026-07-30,108.0,112.0,0.9642857142857143,1.0,2024-07,2024-10
M0017_2538,C0000000021,K-FIXED-A,K-FIXED-A,K-FIXED,ตราสารหนี้,บริษัทหลักทรัพย์จัดการกองทุน กสิกรไทย จำกัด,KASIKORN ASSET MANAGEMENT COMPANY LIMITED,ตราสารหนี้,2015-01-05,2026-07-31,135.0,139.0,0.9712230215827338,1.0,2024-07,2024-10
M0625_2562,C0000005531,PRINCIPAL iPROPEN-A,PRINCIPAL iPROPEN-A,PRINCIPAL iPROPEN,ทรัพย์สินทางเลือก,บริษัทหลักทรัพย์จัดการกองทุน พรินซิเพิล จำกัด,PRINCIPAL ASSET MANAGEMENT COMPANY LIMITED,ทรัพย์สินทางเลือก,2019-11-14,2026-07-31,77.0,81.0,0.9506172839506173,1.0,2024-07,2024-10
M0328_2564,C0000000239,SCBGA(A),SCBGA(A),SCBGA,ผสม,บริษัทหลักทรัพย์จัดการกองทุน ไทยพาณิชย์ จำกัด,SCB ASSET MANAGEMENT COMPANY LIMITED,ผสม,2023-08-23,2026-07-27,32.0,36.0,0.8888888888888888,1.0,2024-07,2024-10
M0452_2566,C0000000569,main,main,ONE-LS6-UI,อื่น ๆ,บริษัทหลักทรัพย์จัดการกองทุน วรรณ จำกัด,ONE ASSET MANAGEMENT LIMITED,อื่น ๆ,2024-02-21,2026-06-30,21.0,29.0,0.7241379310344828,3.0,2024-04,2024-09
M0307_2563,C0000031161,main,main,AIA-ES50,ตราสารทุน,บริษัทหลักทรัพย์จัดการกองทุน เอไอเอ (ประเทศไทย) จำกัด,AIA INVESTMENT MANAGEMENT (THAILAND) LIMITED,ตราสารทุน,2020-09-08,2026-07-31,67.0,71.0,0.9436619718309859,1.0,2024-07,2024-10
M0024_2540,C0000000709,KFSPLUS-A,KFSPLUS-A,KFSPLUS,ตราสารหนี้,บริษัทหลักทรัพย์จัดการกองทุน กรุงศรี จำกัด,KRUNGSRI ASSET MANAGEMENT COMPANY LIMITED,ตราสารหนี้,2015-01-05,2026-07-31,135.0,139.0,0.9712230215827338,1.0,2024-07,2024-10
M0407_2564,C0000006646,main,main,LH-THAPE1UI,ทรัพย์สินทางเลือก,บริษัทหลักทรัพย์จัดการกองทุน แลนด์ แอนด์ เฮ้าส์ จำกัด,LAND AND HOUSES FUND MANAGEMENT COMPANY LIMITED,ทรัพย์สินทางเลือก,2021-12-24,2026-07-31,52.0,56.0,0.9285714285714286,1.0,2024-07,2024-10
M0563_2566,C0000033452,ES-GAINCOME-A,ES-GAINCOME-A,ES-GAINCOME,ผสม,บริษัทหลักทรัพย์จัดการกองทุน อีสท์สปริง (ประเทศไทย) จำกัด,EASTSPRING ASSET MANAGEMENT (THAILAND) COMPANY LIMITED,ผสม,2024-11-14,2026-07-30,21.0,21.0,1.0,0.0,,
M0878_2566,C0000005025,KKP GC-UI,KKP GC-UI,KKP GC-UI FUND,อื่น ๆ,บริษัทหลักทรัพย์จัดการกองทุน เกียรตินาคินภัทร จำกัด,KIATNAKIN PHATRA ASSET MANAGEMENT COMPANY LIMITED,อื่น ๆ,2024-02-21,2026-07-27,26.0,30.0,0.8666666666666667,1.0,2024-07,2024-10
M0369_2555,C0000000021,K-USXNDQ-A(A),K-USXNDQ-A(A),K-USXNDQ,ตราสารทุน,บริษัทหลักทรัพย์จัดการกองทุน กสิกรไทย จำกัด,KASIKORN ASSET MANAGEMENT COMPANY LIMITED,ตราสารทุน,2019-08-22,2026-07-30,80.0,84.0,0.9523809523809523,1.0,2024-07,2024-10
M0154_2561,C0000000239,SCBFIXEDA,SCBFIXEDA,SCBFIXED,ตราสารหนี้,บริษัทหลักทรัพย์จัดการกองทุน ไทยพาณิชย์ จำกัด,SCB ASSET MANAGEMENT COMPANY LIMITED,ตราสารหนี้,2018-05-30,2026-07-31,95.0,99.0,0.9595959595959596,1.0,2024-07,2024-10
M0386_2552,C0000000709,main,main,KFGOLDRMF,ทรัพย์สินทางเลือก,บริษัทหลักทรัพย์จัดการกองทุน กรุงศรี จำกัด,KRUNGSRI ASSET MANAGEMENT COMPANY LIMITED,ทรัพย์สินทางเลือก,2015-01-05,2026-07-31,135.0,139.0,0.9712230215827338,1.0,2024-07,2024-10
M0281_2564,C0000000021,main,main,K-WPULTIMATE,ผสม,บริษัทหลักทรัพย์จัดการกองทุน กสิกรไทย จำกัด,KASIKORN ASSET MANAGEMENT COMPANY LIMITED,ผสม,2021-08-06,2026-07-30,56.0,60.0,0.9333333333333333,1.0,2024-07,2024-10
M0559_2568,C0000000239,SCBROYALTY(A),SCBROYALTY(A),SCBROYALTY,อื่น ๆ,บริษัทหลักทรัพย์จัดการกองทุน ไทยพาณิชย์ จำกัด,SCB ASSET MANAGEMENT COMPANY LIMITED,อื่น ๆ,2025-09-26,2026-07-30,11.0,11.0,1.0,0.0,,
M0022_2567,C0000000460,KT-JAPANALL-A,KT-JAPANALL-A,KT-JAPANALL,ตราสารทุน,บริษัทหลักทรัพย์จัดการกองทุน กรุงไทย จำกัด (มหาชน),KRUNG THAI ASSET MANAGEMENT PUBLIC COMPANY LIMITED ,ตราสารทุน,2024-11-14,2026-07-30,21.0,21.0,1.0,0.0,,
M0058_2565,C0000005025,KKP S-PLUS,KKP S-PLUS,KKP S-PLUS FUND,ตราสารหนี้,บริษัทหลักทรัพย์จัดการกองทุน เกียรตินาคินภัทร จำกัด,KIATNAKIN PHATRA ASSET MANAGEMENT COMPANY LIMITED,ตราสารหนี้,2022-04-27,2026-07-31,48.0,52.0,0.9230769230769231,1.0,2024-07,2024-10
M0037_2552,C0000000709,main,main,KF-GOLD,ทรัพย์สินทางเลือก,บริษัทหลักทรัพย์จัดการกองทุน กรุงศรี จำกัด,KRUNGSRI ASSET MANAGEMENT COMPANY LIMITED,ทรัพย์สินทางเลือก,2015-01-05,2026-07-31,135.0,139.0,0.9712230215827338,1.0,2024-07,2024-10
M0521_2564,C0000031161,main,main,AIA-IAA,ผสม,บริษัทหลักทรัพย์จัดการกองทุน เอไอเอ (ประเทศไทย) จำกัด,AIA INVESTMENT MANAGEMENT (THAILAND) LIMITED,ผสม,2022-04-08,2026-07-30,48.0,52.0,0.9230769230769231,1.0,2024-07,2024-10
M0695_2567,C0000000021,main,main,K-THRE24A-UI,อื่น ๆ,บริษัทหลักทรัพย์จัดการกองทุน กสิกรไทย จำกัด,KASIKORN ASSET MANAGEMENT COMPANY LIMITED,อื่น ๆ,2024-11-15,2026-06-30,7.0,20.0,0.35,5.0,2025-07,2025-11
M0232_2564,C0000000239,SCBSEMI(A),SCBSEMI(A),SCBSEMI,ตราสารทุน,บริษัทหลักทรัพย์จัดการกองทุน ไทยพาณิชย์ จำกัด,SCB ASSET MANAGEMENT COMPANY LIMITED,ตราสารทุน,2021-06-15,2026-07-30,58.0,62.0,0.9354838709677419,1.0,2024-07,2024-10
M0035_2543,C0000000623,TCMF,TCMF,TCMF-M,ตราสารหนี้,บริษัทหลักทรัพย์จัดการกองทุน ยูโอบี (ประเทศไทย) จำกัด,UOB ASSET MANAGEMENT (THAILAND) COMPANY LIMITED,ตราสารหนี้,2015-01-05,2026-07-31,135.0,139.0,0.9712230215827338,1.0,2024-07,2024-10
M0420_2565,C0000000021,main,main,K-GPE22B-UI,ทรัพย์สินทางเลือก,บริษัทหลักทรัพย์จัดการกองทุน กสิกรไทย จำกัด,KASIKORN ASSET MANAGEMENT COMPANY LIMITED,ทรัพย์สินทางเลือก,2022-10-05,2026-06-30,14.0,45.0,0.3111111111111111,13.0,2023-07,2023-11
M0868_2567,C0000033452,main,main,ES-ULTIMATE GA1,ผสม,บริษัทหลักทรัพย์จัดการกองทุน อีสท์สปริง (ประเทศไทย) จำกัด,EASTSPRING ASSET MANAGEMENT (THAILAND) COMPANY LIMITED,ผสม,2025-01-29,2026-07-30,19.0,19.0,1.0,0.0,,
M0774_2568,C0000000569,ONE-LS7UH-UIA,ONE-LS7UH-UIA,ONE-LS7UH-UI,อื่น ๆ,บริษัทหลักทรัพย์จัดการกองทุน วรรณ จำกัด,ONE ASSET MANAGEMENT LIMITED,อื่น ๆ,2025-11-21,2026-06-30,8.0,8.0,1.0,0.0,,
M0667_2559,C0000000329,main,main,B-INNOTECH,ตราสารทุน,บริษัทหลักทรัพย์จัดการกองทุนรวม  บัวหลวง จำกัด,BBL ASSET MANAGEMENT COMPANY LIMITED,ตราสารทุน,2017-08-31,2026-07-24,104.0,108.0,0.9629629629629629,1.0,2024-07,2024-10
M0884_2547,C0000000021,main,main,K-TREASURY,ตราสารหนี้,บริษัทหลักทรัพย์จัดการกองทุน กสิกรไทย จำกัด,KASIKORN ASSET MANAGEMENT COMPANY LIMITED,ตราสารหนี้,2015-01-06,2026-07-31,135.0,139.0,0.9712230215827338,1.0,2024-07,2024-10
M0522_2555,C0000000239,SCBOIL,SCBOIL,SCBOILFUND,ทรัพย์สินทางเลือก,บริษัทหลักทรัพย์จัดการกองทุน ไทยพาณิชย์ จำกัด,SCB ASSET MANAGEMENT COMPANY LIMITED,ทรัพย์สินทางเลือก,2015-01-05,2026-07-30,135.0,139.0,0.9712230215827338,1.0,2024-07,2024-10
M0061_2544,C0000000021,main,main,K-FLRMF,ผสม,บริษัทหลักทรัพย์จัดการกองทุน กสิกรไทย จำกัด,KASIKORN ASSET MANAGEMENT COMPANY LIMITED,ผสม,2015-01-05,2026-07-31,131.0,139.0,0.9424460431654677,1.0,2024-07,2025-02
M0213_2566,C0000000569,main,main,ONE-LS5-UI,อื่น ๆ,บริษัทหลักทรัพย์จัดการกองทุน วรรณ จำกัด,ONE ASSET MANAGEMENT LIMITED,อื่น ๆ,2023-08-29,2026-06-30,30.0,35.0,0.8571428571428571,1.0,2024-05,2024-09
M0005_2558,C0000000239,SCBCHA,SCBCHA,SCBCHAFUND,ตราสารทุน,บริษัทหลักทรัพย์จัดการกองทุน ไทยพาณิชย์ จำกัด,SCB ASSET MANAGEMENT COMPANY LIMITED,ตราสารทุน,2015-02-13,2026-07-31,134.0,138.0,0.9710144927536232,1.0,2024-07,2024-10
M0135_2551,C0000005025,KKP MP,KKP MP,KKP MP FUND,ตราสารหนี้,บริษัทหลักทรัพย์จัดการกองทุน เกียรตินาคินภัทร จำกัด,KIATNAKIN PHATRA ASSET MANAGEMENT COMPANY LIMITED,ตราสารหนี้,2015-01-05,2026-07-31,135.0,139.0,0.9712230215827338,1.0,2024-07,2024-10
M0882_2554,C0000000239,main,main,SCBCOMP,ทรัพย์สินทางเลือก,บริษัทหลักทรัพย์จัดการกองทุน ไทยพาณิชย์ จำกัด,SCB ASSET MANAGEMENT COMPANY LIMITED,ทรัพย์สินทางเลือก,2015-01-05,2026-07-27,135.0,139.0,0.9712230215827338,1.0,2024-07,2024-10
M0623_2547,C0000000239,SCBLT1,SCBLT1,SCBLT1FUND,ผสม,บริษัทหลักทรัพย์จัดการกองทุน ไทยพาณิชย์ จำกัด,SCB ASSET MANAGEMENT COMPANY LIMITED,ผสม,2015-01-05,2026-07-27,135.0,139.0,0.9712230215827338,1.0,2024-07,2024-10
M0787_2567,C0000000623,UPD-UI-A,UPD-UI-A,UPD-UI,อื่น ๆ,บริษัทหลักทรัพย์จัดการกองทุน ยูโอบี (ประเทศไทย) จำกัด,UOB ASSET MANAGEMENT (THAILAND) COMPANY LIMITED,อื่น ๆ,2025-03-06,2026-07-27,12.0,17.0,0.7058823529411765,5.0,2025-05,2025-05
M0077_2564,C0000000021,main,main,K-ATECH,ตราสารทุน,บริษัทหลักทรัพย์จัดการกองทุน กสิกรไทย จำกัด,KASIKORN ASSET MANAGEMENT COMPANY LIMITED,ตราสารทุน,2021-03-29,2026-07-30,61.0,65.0,0.9384615384615385,1.0,2024-07,2024-10
M0139_2552,C0000000460,KTSV-A,KTSV-A,KTSV,ตราสารหนี้,บริษัทหลักทรัพย์จัดการกองทุน กรุงไทย จำกัด (มหาชน),KRUNG THAI ASSET MANAGEMENT PUBLIC COMPANY LIMITED ,ตราสารหนี้,2025-06-26,2026-07-31,14.0,14.0,1.0,0.0,,
M0613_2555,C0000005531,PRINCIPAL iGOLD-A,PRINCIPAL iGOLD-A,PRINCIPAL iGOLD,ทรัพย์สินทางเลือก,บริษัทหลักทรัพย์จัดการกองทุน พรินซิเพิล จำกัด,PRINCIPAL ASSET MANAGEMENT COMPANY LIMITED,ทรัพย์สินทางเลือก,2015-01-05,2026-07-31,135.0,139.0,0.9712230215827338,1.0,2024-07,2024-10
M0846_2566,C0000000460,KTAG70/30-A,KTAG70/30-A,KTAG70/30,ผสม,บริษัทหลักทรัพย์จัดการกองทุน กรุงไทย จำกัด (มหาชน),KRUNG THAI ASSET MANAGEMENT PUBLIC COMPANY LIMITED ,ผสม,,,,,,,,
M0694_2568,C0000005025,KKP CAT-UI,KKP CAT-UI,KKP CAT-UI FUND,อื่น ๆ,บริษัทหลักทรัพย์จัดการกองทุน เกียรตินาคินภัทร จำกัด,KIATNAKIN PHATRA ASSET MANAGEMENT COMPANY LIMITED,อื่น ๆ,2025-10-09,2026-07-27,10.0,10.0,1.0,0.0,,
M0570_2547,C0000000329,main,main,B-EQUITY,ตราสารทุน,บริษัทหลักทรัพย์จัดการกองทุนรวม  บัวหลวง จำกัด,BBL ASSET MANAGEMENT COMPANY LIMITED,ตราสารทุน,2015-01-05,2026-07-31,116.0,139.0,0.8345323741007195,2.0,2024-07,2025-11
M0884_2548,C0000000460,main,main,KTSS,ตราสารหนี้,บริษัทหลักทรัพย์จัดการกองทุน กรุงไทย จำกัด (มหาชน),KRUNG THAI ASSET MANAGEMENT PUBLIC COMPANY LIMITED ,ตราสารหนี้,2015-01-05,2026-07-31,135.0,139.0,0.9712230215827338,1.0,2024-07,2024-10
M0389_2555,C0000000709,main,main,KF-HGOLD,ทรัพย์สินทางเลือก,บริษัทหลักทรัพย์จัดการกองทุน กรุงศรี จำกัด,KRUNGSRI ASSET MANAGEMENT COMPANY LIMITED,ทรัพย์สินทางเลือก,2015-01-05,2026-07-31,135.0,139.0,0.9712230215827338,1.0,2024-07,2024-10
M0943_2555,C0000000329,main,main,B-SENIOR,ผสม,บริษัทหลักทรัพย์จัดการกองทุนรวม  บัวหลวง จำกัด,BBL ASSET MANAGEMENT COMPANY LIMITED,ผสม,2015-01-05,2026-07-31,129.0,139.0,0.9280575539568345,2.0,2017-03,2017-08
M0493_2567,C0000000460,KT-BTCETFFOF-UI-A,KT-BTCETFFOF-UI-A,KT-BTCETFFOF-UI,อื่น ๆ,บริษัทหลักทรัพย์จัดการกองทุน กรุงไทย จำกัด (มหาชน),KRUNG THAI ASSET MANAGEMENT PUBLIC COMPANY LIMITED ,อื่น ๆ,2024-12-11,2026-07-30,20.0,20.0,1.0,0.0,,
M1020_2567,C0000000239,SCBUSFOCUS(A),SCBUSFOCUS(A),SCBUSFOCUS,ตราสารทุน,บริษัทหลักทรัพย์จัดการกองทุน ไทยพาณิชย์ จำกัด,SCB ASSET MANAGEMENT COMPANY LIMITED,ตราสารทุน,2025-02-11,2026-07-30,18.0,18.0,1.0,0.0,,
M0350_2554,C0000000329,main,main,B-TREASURY,ตราสารหนี้,บริษัทหลักทรัพย์จัดการกองทุนรวม  บัวหลวง จำกัด,BBL ASSET MANAGEMENT COMPANY LIMITED,ตราสารหนี้,2015-01-05,2026-07-31,129.0,139.0,0.9280575539568345,2.0,2017-03,2017-08
M0650_2553,C0000000460,main,main,KT-GOLD,ทรัพย์สินทางเลือก,บริษัทหลักทรัพย์จัดการกองทุน กรุงไทย จำกัด (มหาชน),KRUNG THAI ASSET MANAGEMENT PUBLIC COMPANY LIMITED ,ทรัพย์สินทางเลือก,2015-01-05,2026-07-31,135.0,139.0,0.9712230215827338,1.0,2024-07,2024-10
M0209_2554,C0000005025,KKP CorePath Balanced,KKP CorePath Balanced,KKP CorePath Balanced FUND,ผสม,บริษัทหลักทรัพย์จัดการกองทุน เกียรตินาคินภัทร จำกัด,KIATNAKIN PHATRA ASSET MANAGEMENT COMPANY LIMITED,ผสม,2025-09-10,2026-07-27,11.0,11.0,1.0,0.0,,
M0293_2567,C0000000569,main,main,ONE-BTCETFOF-UI,อื่น ๆ,บริษัทหลักทรัพย์จัดการกองทุน วรรณ จำกัด,ONE ASSET MANAGEMENT LIMITED,อื่น ๆ,2024-06-06,2026-07-30,22.0,26.0,0.8461538461538461,1.0,2024-07,2024-10
M0691_2559,C0000000460,KT-SET50-A,KT-SET50-A,KT-SET50,ตราสารทุน,บริษัทหลักทรัพย์จัดการกองทุน กรุงไทย จำกัด (มหาชน),KRUNG THAI ASSET MANAGEMENT PUBLIC COMPANY LIMITED ,ตราสารทุน,2017-05-31,2026-07-31,107.0,111.0,0.963963963963964,1.0,2024-07,2024-10
M0489_2553,C0000000239,SCBFP,SCBFP,SCBFPFUND,ตราสารหนี้,บริษัทหลักทรัพย์จัดการกองทุน ไทยพาณิชย์ จำกัด,SCB ASSET MANAGEMENT COMPANY LIMITED,ตราสารหนี้,2015-01-05,2026-07-31,135.0,139.0,0.9712230215827338,1.0,2024-07,2024-10
M0870_2548,C0000033452,main,main,ES-GOLD,ทรัพย์สินทางเลือก,บริษัทหลักทรัพย์จัดการกองทุน อีสท์สปริง (ประเทศไทย) จำกัด,EASTSPRING ASSET MANAGEMENT (THAILAND) COMPANY LIMITED,ทรัพย์สินทางเลือก,2015-01-06,2026-07-30,135.0,139.0,0.9712230215827338,1.0,2024-07,2024-10
M0271_2566,C0000000460,KTWC-MODERATE-A,KTWC-MODERATE-A,KTWC-MODERATE,ผสม,บริษัทหลักทรัพย์จัดการกองทุน กรุงไทย จำกัด (มหาชน),KRUNG THAI ASSET MANAGEMENT PUBLIC COMPANY LIMITED ,ผสม,2023-08-11,2026-07-27,32.0,36.0,0.8888888888888888,1.0,2024-07,2024-10
M0264_2567,C0000000460,KTPCREDH-UI-A,KTPCREDH-UI-A,KTPCREDH-UI,อื่น ๆ,บริษัทหลักทรัพย์จัดการกองทุน กรุงไทย จำกัด (มหาชน),KRUNG THAI ASSET MANAGEMENT PUBLIC COMPANY LIMITED ,อื่น ๆ,2024-06-12,2026-06-30,18.0,25.0,0.72,1.0,2024-07,2025-01
M0688_2562,C0000000021,main,main,K-WORLDX,ตราสารทุน,บริษัทหลักทรัพย์จัดการกองทุน กสิกรไทย จำกัด,KASIKORN ASSET MANAGEMENT COMPANY LIMITED,ตราสารทุน,2020-01-07,2026-07-30,75.0,79.0,0.9493670886075949,1.0,2024-07,2024-10
M0002_2545,C0000033452,main,main,ES-TM,ตราสารหนี้,บริษัทหลักทรัพย์จัดการกองทุน อีสท์สปริง (ประเทศไทย) จำกัด,EASTSPRING ASSET MANAGEMENT (THAILAND) COMPANY LIMITED,ตราสารหนี้,2015-01-05,2026-07-31,135.0,139.0,0.9712230215827338,1.0,2024-07,2024-10
M0128_2552,C0000000324,main,main,TGOLD,ทรัพย์สินทางเลือก,บริษัทหลักทรัพย์จัดการกองทุน ทิสโก้,TISCO ASSET MANAGEMENT COMPANY LIMITED,ทรัพย์สินทางเลือก,2015-01-05,2026-07-31,135.0,139.0,0.9712230215827338,1.0,2024-07,2024-10
M0283_2566,C0000000623,UIFT-A,UIFT-A,UIFT,ผสม,บริษัทหลักทรัพย์จัดการกองทุน ยูโอบี (ประเทศไทย) จำกัด,UOB ASSET MANAGEMENT (THAILAND) COMPANY LIMITED,ผสม,,,,,,,,
M0568_2568,C0000000569,ONE-LS7-UIA,ONE-LS7-UIA,ONE-LS7-UI,อื่น ๆ,บริษัทหลักทรัพย์จัดการกองทุน วรรณ จำกัด,ONE ASSET MANAGEMENT LIMITED,อื่น ๆ,2025-11-21,2026-06-30,7.0,8.0,0.875,1.0,2025-12,2025-12
M0335_2563,C0000031161,main,main,AIA-TEQ,ตราสารทุน,บริษัทหลักทรัพย์จัดการกองทุน เอไอเอ (ประเทศไทย) จำกัด,AIA INVESTMENT MANAGEMENT (THAILAND) LIMITED,ตราสารทุน,2020-09-08,2026-07-31,67.0,71.0,0.9436619718309859,1.0,2024-07,2024-10
M0182_2559,C0000033452,ES-GINCOME-A,ES-GINCOME-A,ES-GINCOME,ตราสารหนี้,บริษัทหลักทรัพย์จัดการกองทุน อีสท์สปริง (ประเทศไทย) จำกัด,EASTSPRING ASSET MANAGEMENT (THAILAND) COMPANY LIMITED,ตราสารหนี้,2025-11-28,2026-07-30,9.0,9.0,1.0,0.0,,
M0239_2567,C0000000460,KT-GOLDUH-A,KT-GOLDUH-A,KT-GOLDUH,ทรัพย์สินทางเลือก,บริษัทหลักทรัพย์จัดการกองทุน กรุงไทย จำกัด (มหาชน),KRUNG THAI ASSET MANAGEMENT PUBLIC COMPANY LIMITED ,ทรัพย์สินทางเลือก,2024-06-26,2026-07-31,22.0,26.0,0.8461538461538461,1.0,2024-07,2024-10
M0871_2567,C0000033452,main,main,ES-ULTIMATE GA3,ผสม,บริษัทหลักทรัพย์จัดการกองทุน อีสท์สปริง (ประเทศไทย) จำกัด,EASTSPRING ASSET MANAGEMENT (THAILAND) COMPANY LIMITED,ผสม,2025-01-29,2026-07-30,19.0,19.0,1.0,0.0,,
M1121_2568,C0000000569,ONE-LITIGATE1-DH,ONE-LITIGATE1-DH,ONE-LITIGATE1-UI,อื่น ๆ,บริษัทหลักทรัพย์จัดการกองทุน วรรณ จำกัด,ONE ASSET MANAGEMENT LIMITED,อื่น ๆ,2026-03-27,2026-06-30,3.0,4.0,0.75,1.0,2026-04,2026-04
M0257_2564,C0000000021,K-US500X-A(A),K-US500X-A(A),K-US500X,ตราสารทุน,บริษัทหลักทรัพย์จัดการกองทุน กสิกรไทย จำกัด,KASIKORN ASSET MANAGEMENT COMPANY LIMITED,ตราสารทุน,2021-07-05,2026-07-30,57.0,61.0,0.9344262295081968,1.0,2024-07,2024-10
M0266_2567,C0000000329,main,main,B-ST,ตราสารหนี้,บริษัทหลักทรัพย์จัดการกองทุนรวม  บัวหลวง จำกัด,BBL ASSET MANAGEMENT COMPANY LIMITED,ตราสารหนี้,2024-05-30,2026-07-31,23.0,27.0,0.8518518518518519,1.0,2024-07,2024-10
M1035_2553,C0000033452,main,main,ES-GOLDS,ทรัพย์สินทางเลือก,บริษัทหลักทรัพย์จัดการกองทุน อีสท์สปริง (ประเทศไทย) จำกัด,EASTSPRING ASSET MANAGEMENT (THAILAND) COMPANY LIMITED,ทรัพย์สินทางเลือก,2015-01-05,2026-07-31,135.0,139.0,0.9712230215827338,1.0,2024-07,2024-10
M0455_2568,C0000000021,K-70ThaiESGX-68,K-70ThaiESGX-68,K-70ThaiESGX,ผสม,บริษัทหลักทรัพย์จัดการกองทุน กสิกรไทย จำกัด,KASIKORN ASSET MANAGEMENT COMPANY LIMITED,ผสม,2025-05-09,2026-07-31,15.0,15.0,1.0,0.0,,
M0144_2567,C0000000239,SCBSNLOAN(A),SCBSNLOAN(A),SCBSNLOAN,อื่น ๆ,บริษัทหลักทรัพย์จัดการกองทุน ไทยพาณิชย์ จำกัด,SCB ASSET MANAGEMENT COMPANY LIMITED,อื่น ๆ,2024-05-17,2026-07-27,23.0,27.0,0.8518518518518519,1.0,2024-07,2024-10
M0596_2558,C0000000021,K-GINFRA-A(D),K-GINFRA-A(D),K-GINFRA,ตราสารทุน,บริษัทหลักทรัพย์จัดการกองทุน กสิกรไทย จำกัด,KASIKORN ASSET MANAGEMENT COMPANY LIMITED,ตราสารทุน,2016-03-29,2026-07-30,121.0,125.0,0.968,1.0,2024-07,2024-10
M0337_2553,C0000000329,main,main,BFIXED,ตราสารหนี้,บริษัทหลักทรัพย์จัดการกองทุนรวม  บัวหลวง จำกัด,BBL ASSET MANAGEMENT COMPANY LIMITED,ตราสารหนี้,2015-01-05,2026-07-31,129.0,139.0,0.9280575539568345,2.0,2017-03,2017-08
M0844_2553,C0000033452,main,main,ES-GOLDBULLION-H,ทรัพย์สินทางเลือก,บริษัทหลักทรัพย์จัดการกองทุน อีสท์สปริง (ประเทศไทย) จำกัด,EASTSPRING ASSET MANAGEMENT (THAILAND) COMPANY LIMITED,ทรัพย์สินทางเลือก,2015-01-05,2026-07-30,135.0,139.0,0.9712230215827338,1.0,2024-07,2024-10
M1082_2568,C0000000329,main,main,B-WEALTHC,ผสม,บริษัทหลักทรัพย์จัดการกองทุนรวม  บัวหลวง จำกัด,BBL ASSET MANAGEMENT COMPANY LIMITED,ผสม,2026-07-10,2026-07-27,1.0,1.0,1.0,0.0,,
M0899_2568,C0000005531,PRINCIPAL PCREDITUI-A,PRINCIPAL PCREDITUI-A,PRINCIPAL PCREDITUI,อื่น ๆ,บริษัทหลักทรัพย์จัดการกองทุน พรินซิเพิล จำกัด,PRINCIPAL ASSET MANAGEMENT COMPANY LIMITED,อื่น ๆ,,,,,,,,
M0602_2558,C0000000460,KT-HEALTHCARE-A,KT-HEALTHCARE-A,KT-HEALTHCARE,ตราสารทุน,บริษัทหลักทรัพย์จัดการกองทุน กรุงไทย จำกัด (มหาชน),KRUNG THAI ASSET MANAGEMENT PUBLIC COMPANY LIMITED ,ตราสารทุน,2015-11-30,2026-07-30,125.0,129.0,0.9689922480620154,1.0,2024-07,2024-10
M0609_2559,C0000000569,ONE-FIXED-A,ONE-FIXED-A,ONE-FIXED,ตราสารหนี้,บริษัทหลักทรัพย์จัดการกองทุน วรรณ จำกัด,ONE ASSET MANAGEMENT LIMITED,ตราสารหนี้,2018-11-23,2026-07-31,89.0,93.0,0.956989247311828,1.0,2024-07,2024-10
M0652_2551,C0000000023,IGOLD-G,IGOLD-G,I-GOLD,ทรัพย์สินทางเลือก,บริษัทหลักทรัพย์จัดการกองทุน เอ็มเอฟซี จำกัด (มหาชน),MFC ASSET MANAGEMENT PUBLIC COMPANY LIMITED ,ทรัพย์สินทางเลือก,2015-01-06,2026-07-31,135.0,139.0,0.9712230215827338,1.0,2024-07,2024-10
M0170_2550,C0000000329,main,main,B-MIXED75,ผสม,บริษัทหลักทรัพย์จัดการกองทุนรวม  บัวหลวง จำกัด,BBL ASSET MANAGEMENT COMPANY LIMITED,ผสม,2015-01-05,2026-07-31,116.0,139.0,0.8345323741007195,2.0,2024-07,2025-11
M0052_2568,C0000005022,main,main,ASP-CRYPTO-UI,อื่น ๆ,บริษัทหลักทรัพย์จัดการกองทุน แอสเซท พลัส จำกัด,ASSET PLUS FUND MANAGEMENT COMPANY LIMITED,อื่น ๆ,2025-05-22,2026-07-30,15.0,15.0,1.0,0.0,,
M0465_2564,C0000000239,SCBWORLD(A),SCBWORLD(A),SCBWORLD,ตราสารทุน,บริษัทหลักทรัพย์จัดการกองทุน ไทยพาณิชย์ จำกัด,SCB ASSET MANAGEMENT COMPANY LIMITED,ตราสารทุน,2021-11-30,2026-07-30,53.0,57.0,0.9298245614035088,1.0,2024-07,2024-10
M0458_2559,C0000000709,KFAFIX-A,KFAFIX-A,KFAFIX,ตราสารหนี้,บริษัทหลักทรัพย์จัดการกองทุน กรุงศรี จำกัด,KRUNGSRI ASSET MANAGEMENT COMPANY LIMITED,ตราสารหนี้,2016-10-12,2026-07-31,114.0,118.0,0.9661016949152542,1.0,2024-07,2024-10
M0232_2553,C0000000623,UOBSG-D,UOBSG-D,UOBSG,ทรัพย์สินทางเลือก,บริษัทหลักทรัพย์จัดการกองทุน ยูโอบี (ประเทศไทย) จำกัด,UOB ASSET MANAGEMENT (THAILAND) COMPANY LIMITED,ทรัพย์สินทางเลือก,2015-01-05,2026-07-30,135.0,139.0,0.9712230215827338,1.0,2024-07,2024-10
M0171_2565,C0000000709,KFYENJAI-A,KFYENJAI-A,KFYENJAI,ผสม,บริษัทหลักทรัพย์จัดการกองทุน กรุงศรี จำกัด,KRUNGSRI ASSET MANAGEMENT COMPANY LIMITED,ผสม,2022-06-21,2026-07-31,46.0,50.0,0.92,1.0,2024-07,2024-10
M0006_2568,C0000000023,main,main,METHETF-UI,อื่น ๆ,บริษัทหลักทรัพย์จัดการกองทุน เอ็มเอฟซี จำกัด (มหาชน),MFC ASSET MANAGEMENT PUBLIC COMPANY LIMITED ,อื่น ๆ,2025-02-27,2026-07-30,18.0,18.0,1.0,0.0,,
M0692_2562,C0000033452,main,main,ES-GTECH,ตราสารทุน,บริษัทหลักทรัพย์จัดการกองทุน อีสท์สปริง (ประเทศไทย) จำกัด,EASTSPRING ASSET MANAGEMENT (THAILAND) COMPANY LIMITED,ตราสารทุน,2020-02-07,2026-07-27,74.0,78.0,0.9487179487179487,1.0,2024-07,2024-10
M0396_2556,C0000000460,main,main,KTPLUS,ตราสารหนี้,บริษัทหลักทรัพย์จัดการกองทุน กรุงไทย จำกัด (มหาชน),KRUNG THAI ASSET MANAGEMENT PUBLIC COMPANY LIMITED ,ตราสารหนี้,2015-01-05,2026-07-31,135.0,139.0,0.9712230215827338,1.0,2024-07,2024-10
M0022_2565,C0000000329,main,main,BCAP-GPE22A UI,ทรัพย์สินทางเลือก,บริษัทหลักทรัพย์จัดการกองทุนรวม  บัวหลวง จำกัด,BBL ASSET MANAGEMENT COMPANY LIMITED,ทรัพย์สินทางเลือก,2022-06-22,2026-07-31,34.0,50.0,0.68,6.0,2022-07,2022-11
M0408_2560,C0000000239,SCBROBOA,SCBROBOA,SCBROBO,ผสม,บริษัทหลักทรัพย์จัดการกองทุน ไทยพาณิชย์ จำกัด,SCB ASSET MANAGEMENT COMPANY LIMITED,ผสม,2017-09-05,2026-07-27,103.0,107.0,0.9626168224299065,1.0,2024-07,2024-10
M0742_2568,C0000000460,main,main,KT-CATBONDUH-UI,อื่น ๆ,บริษัทหลักทรัพย์จัดการกองทุน กรุงไทย จำกัด (มหาชน),KRUNG THAI ASSET MANAGEMENT PUBLIC COMPANY LIMITED ,อื่น ๆ,2025-10-24,2026-07-31,10.0,10.0,1.0,0.0,,
M0351_2548,C0000005531,PRINCIPAL EEF-A,PRINCIPAL EEF-A,PRINCIPAL EEF,ตราสารทุน,บริษัทหลักทรัพย์จัดการกองทุน พรินซิเพิล จำกัด,PRINCIPAL ASSET MANAGEMENT COMPANY LIMITED,ตราสารทุน,,,,,,,,
M0910_2566,C0000000239,SCBMONEY(A),SCBMONEY(A),SCBMONEY,ตราสารหนี้,บริษัทหลักทรัพย์จัดการกองทุน ไทยพาณิชย์ จำกัด,SCB ASSET MANAGEMENT COMPANY LIMITED,ตราสารหนี้,2024-02-28,2026-07-31,26.0,30.0,0.8666666666666667,1.0,2024-07,2024-10
M0652_2553,C0000000460,main,main,KT-GOLD RMF,ทรัพย์สินทางเลือก,บริษัทหลักทรัพย์จัดการกองทุน กรุงไทย จำกัด (มหาชน),KRUNG THAI ASSET MANAGEMENT PUBLIC COMPANY LIMITED ,ทรัพย์สินทางเลือก,2015-01-05,2026-07-30,135.0,139.0,0.9712230215827338,1.0,2024-07,2024-10
M0660_2568,C0000000324,TGSMART-A,TGSMART-A,TGSMART,ผสม,บริษัทหลักทรัพย์จัดการกองทุน ทิสโก้,TISCO ASSET MANAGEMENT COMPANY LIMITED,ผสม,2025-12-23,2026-07-30,8.0,8.0,1.0,0.0,,
M0686_2565,C0000005022,main,main,ASP-GCC-UI,อื่น ๆ,บริษัทหลักทรัพย์จัดการกองทุน แอสเซท พลัส จำกัด,ASSET PLUS FUND MANAGEMENT COMPANY LIMITED,อื่น ๆ,2023-02-01,2026-07-30,38.0,42.0,0.9047619047619048,1.0,2024-07,2024-10
M0009_2564,C0000000460,KT-ASIAG-A,KT-ASIAG-A,KT-ASIAG,ตราสารทุน,บริษัทหลักทรัพย์จัดการกองทุน กรุงไทย จำกัด (มหาชน),KRUNG THAI ASSET MANAGEMENT PUBLIC COMPANY LIMITED ,ตราสารทุน,2021-02-23,2026-07-30,62.0,66.0,0.9393939393939394,1.0,2024-07,2024-10
M0054_2560,C0000000021,K-FIXEDPLUS-A,K-FIXEDPLUS-A,K-FIXEDPLUS,ตราสารหนี้,บริษัทหลักทรัพย์จัดการกองทุน กสิกรไทย จำกัด,KASIKORN ASSET MANAGEMENT COMPANY LIMITED,ตราสารหนี้,2017-08-03,2026-07-31,104.0,108.0,0.9629629629629629,1.0,2024-07,2024-10
M0212_2566,C0000000021,main,main,K-GVC23A-UI,ทรัพย์สินทางเลือก,บริษัทหลักทรัพย์จัดการกองทุน กสิกรไทย จำกัด,KASIKORN ASSET MANAGEMENT COMPANY LIMITED,ทรัพย์สินทางเลือก,2023-07-24,2026-06-30,12.0,36.0,0.3333333333333333,10.0,2024-04,2024-08
M0430_2569,C0000005531,BYOU-COREPORT-A,BYOU-COREPORT-A,BYOU-COREPORT,ผสม,บริษัทหลักทรัพย์จัดการกองทุน พรินซิเพิล จำกัด,PRINCIPAL ASSET MANAGEMENT COMPANY LIMITED,ผสม,2026-05-18,2026-07-30,3.0,3.0,1.0,0.0,,
M0741_2568,C0000000460,main,main,KT-CATBOND-UI,อื่น ๆ,บริษัทหลักทรัพย์จัดการกองทุน กรุงไทย จำกัด (มหาชน),KRUNG THAI ASSET MANAGEMENT PUBLIC COMPANY LIMITED ,อื่น ๆ,2025-10-24,2026-07-31,10.0,10.0,1.0,0.0,,
M0358_2568,C0000024008,main,main,TLTECH-H,ตราสารทุน,บริษัทหลักทรัพย์จัดการกองทุน ทาลิส จำกัด,TALIS ASSET MANAGEMENT COMPANY LIMITED,ตราสารทุน,2025-04-24,2026-07-30,16.0,16.0,1.0,0.0,,
M0718_2546,C0000000709,KFCASH-A,KFCASH-A,KFCASH,ตราสารหนี้,บริษัทหลักทรัพย์จัดการกองทุน กรุงศรี จำกัด,KRUNGSRI ASSET MANAGEMENT COMPANY LIMITED,ตราสารหนี้,2015-01-05,2026-07-31,135.0,139.0,0.9712230215827338,1.0,2024-07,2024-10
M0412_2567,C0000000329,main,main,BCAP-EPE UI,ทรัพย์สินทางเลือก,บริษัทหลักทรัพย์จัดการกองทุนรวม  บัวหลวง จำกัด,BBL ASSET MANAGEMENT COMPANY LIMITED,ทรัพย์สินทางเลือก,2024-12-06,2026-07-07,20.0,20.0,1.0,0.0,,
M0527_2564,C0000000021,K-ALLEN-UI-A(A),K-ALLEN-UI-A(A),K-ALLEN-UI,ผสม,บริษัทหลักทรัพย์จัดการกองทุน กสิกรไทย จำกัด,KASIKORN ASSET MANAGEMENT COMPANY LIMITED,ผสม,2022-02-21,2026-07-27,50.0,54.0,0.9259259259259259,1.0,2024-07,2024-10
M0852_2567,C0000000569,main,main,ONE-LIFESETUSD-UI,อื่น ๆ,บริษัทหลักทรัพย์จัดการกองทุน วรรณ จำกัด,ONE ASSET MANAGEMENT LIMITED,อื่น ๆ,2025-09-23,2026-06-30,9.0,10.0,0.9,1.0,2026-01,2026-01
M0767_2565,C0000000021,main,main,K-GTECH,ตราสารทุน,บริษัทหลักทรัพย์จัดการกองทุน กสิกรไทย จำกัด,KASIKORN ASSET MANAGEMENT COMPANY LIMITED,ตราสารทุน,2023-09-25,2026-07-27,31.0,35.0,0.8857142857142857,1.0,2024-07,2024-10
M0739_2554,C0000000460,main,main,KT-ST,ตราสารหนี้,บริษัทหลักทรัพย์จัดการกองทุน กรุงไทย จำกัด (มหาชน),KRUNG THAI ASSET MANAGEMENT PUBLIC COMPANY LIMITED ,ตราสารหนี้,2015-01-06,2026-07-31,135.0,139.0,0.9712230215827338,1.0,2024-07,2024-10
M0427_2564,C0000000709,main,main,KFFVPE-UI,ทรัพย์สินทางเลือก,บริษัทหลักทรัพย์จัดการกองทุน กรุงศรี จำกัด,KRUNGSRI ASSET MANAGEMENT COMPANY LIMITED,ทรัพย์สินทางเลือก,2021-12-16,2026-06-30,19.0,55.0,0.34545454545454546,16.0,2024-04,2024-08
M0440_2561,C0000000021,K-CCTV-A(A),K-CCTV-A(A),K-CCTV,ผสม,บริษัทหลักทรัพย์จัดการกองทุน กสิกรไทย จำกัด,KASIKORN ASSET MANAGEMENT COMPANY LIMITED,ผสม,2018-11-28,2026-07-30,89.0,93.0,0.956989247311828,1.0,2024-07,2024-10
M0843_2568,C0000005025,KKP CAT-USD-UI,KKP CAT-USD-UI,KKP CAT-USD-UI FUND,อื่น ๆ,บริษัทหลักทรัพย์จัดการกองทุน เกียรตินาคินภัทร จำกัด,KIATNAKIN PHATRA ASSET MANAGEMENT COMPANY LIMITED,อื่น ๆ,2025-10-09,2026-07-20,10.0,10.0,1.0,0.0,,
M0559_2557,C0000000239,SCBKEQTG,SCBKEQTG,SCBKEQTGFUND,ตราสารทุน,บริษัทหลักทรัพย์จัดการกองทุน ไทยพาณิชย์ จำกัด,SCB ASSET MANAGEMENT COMPANY LIMITED,ตราสารทุน,2015-01-05,2026-07-30,135.0,139.0,0.9712230215827338,1.0,2024-07,2024-10
M0400_2555,C0000000239,SCBTMFPLUS-A,SCBTMFPLUS-A,SCBTMFPLUS,ตราสารหนี้,บริษัทหลักทรัพย์จัดการกองทุน ไทยพาณิชย์ จำกัด,SCB ASSET MANAGEMENT COMPANY LIMITED,ตราสารหนี้,2015-01-05,2026-07-31,135.0,139.0,0.9712230215827338,1.0,2024-07,2024-10
M0487_2565,C0000000329,main,main,BCAP-VISPE22BUI,ทรัพย์สินทางเลือก,บริษัทหลักทรัพย์จัดการกองทุนรวม  บัวหลวง จำกัด,BBL ASSET MANAGEMENT COMPANY LIMITED,ทรัพย์สินทางเลือก,2023-04-05,2026-06-30,21.0,39.0,0.5384615384615384,7.0,2023-08,2023-12
M0662_2560,C0000000239,SCBINCA,SCBINCA,SCBINC,ผสม,บริษัทหลักทรัพย์จัดการกองทุน ไทยพาณิชย์ จำกัด,SCB ASSET MANAGEMENT COMPANY LIMITED,ผสม,2018-02-27,2026-07-30,98.0,102.0,0.9607843137254902,1.0,2024-07,2024-10
M0913_2568,C0000005025,KKP GC-USD-UI,KKP GC-USD-UI,KKP GC-USD-UI FUND,อื่น ๆ,บริษัทหลักทรัพย์จัดการกองทุน เกียรตินาคินภัทร จำกัด,KIATNAKIN PHATRA ASSET MANAGEMENT COMPANY LIMITED,อื่น ๆ,2025-11-13,2026-07-27,9.0,9.0,1.0,0.0,,
M1250_2557,C0000000460,KT-US-A,KT-US-A,KT-US,ตราสารทุน,บริษัทหลักทรัพย์จัดการกองทุน กรุงไทย จำกัด (มหาชน),KRUNG THAI ASSET MANAGEMENT PUBLIC COMPANY LIMITED ,ตราสารทุน,2015-03-05,2026-07-30,133.0,137.0,0.9708029197080292,1.0,2024-07,2024-10
M0582_2568,C0000000329,main,main,B-STPLUS,ตราสารหนี้,บริษัทหลักทรัพย์จัดการกองทุนรวม  บัวหลวง จำกัด,BBL ASSET MANAGEMENT COMPANY LIMITED,ตราสารหนี้,2025-08-07,2026-07-30,12.0,12.0,1.0,0.0,,
M0899_2553,C0000000460,main,main,GLD,ทรัพย์สินทางเลือก,บริษัทหลักทรัพย์จัดการกองทุน กรุงไทย จำกัด (มหาชน),KRUNG THAI ASSET MANAGEMENT PUBLIC COMPANY LIMITED ,ทรัพย์สินทางเลือก,2020-09-15,2026-07-31,67.0,71.0,0.9436619718309859,1.0,2024-07,2024-10
M0278_2564,C0000000021,main,main,K-WPLIGHT,ผสม,บริษัทหลักทรัพย์จัดการกองทุน กสิกรไทย จำกัด,KASIKORN ASSET MANAGEMENT COMPANY LIMITED,ผสม,2021-08-06,2026-07-30,56.0,60.0,0.9333333333333333,1.0,2024-07,2024-10
M0317_2567,C0000000021,main,main,K-GPC-UI,อื่น ๆ,บริษัทหลักทรัพย์จัดการกองทุน กสิกรไทย จำกัด,KASIKORN ASSET MANAGEMENT COMPANY LIMITED,อื่น ๆ,2024-10-01,2026-06-02,21.0,21.0,1.0,0.0,,
M0549_2564,C0000005025,KKP VGF-UI,KKP VGF-UI,KKP VGF-UI FUND,ตราสารทุน,บริษัทหลักทรัพย์จัดการกองทุน เกียรตินาคินภัทร จำกัด,KIATNAKIN PHATRA ASSET MANAGEMENT COMPANY LIMITED,ตราสารทุน,2022-03-28,2026-07-30,49.0,53.0,0.9245283018867925,1.0,2024-07,2024-10
M0079_2544,C0000000239,main,main,SCBRM1,ตราสารหนี้,บริษัทหลักทรัพย์จัดการกองทุน ไทยพาณิชย์ จำกัด,SCB ASSET MANAGEMENT COMPANY LIMITED,ตราสารหนี้,2015-01-05,2026-07-31,135.0,139.0,0.9712230215827338,1.0,2024-07,2024-10
M0545_2556,C0000006646,main,main,LHTPROP,ทรัพย์สินทางเลือก,บริษัทหลักทรัพย์จัดการกองทุน แลนด์ แอนด์ เฮ้าส์ จำกัด,LAND AND HOUSES FUND MANAGEMENT COMPANY LIMITED,ทรัพย์สินทางเลือก,2015-01-05,2026-07-31,121.0,139.0,0.8705035971223022,2.0,2017-03,2018-04
M0088_2561,C0000000460,KT-MAB-A,KT-MAB-A,KT-MAB,ผสม,บริษัทหลักทรัพย์จัดการกองทุน กรุงไทย จำกัด (มหาชน),KRUNG THAI ASSET MANAGEMENT PUBLIC COMPANY LIMITED ,ผสม,2018-05-11,2026-07-24,95.0,99.0,0.9595959595959596,1.0,2024-07,2024-10
M0061_2567,C0000000023,MPCREDITUI-DH,MPCREDITUI-DH,MPCREDIT-UI,อื่น ๆ,บริษัทหลักทรัพย์จัดการกองทุน เอ็มเอฟซี จำกัด (มหาชน),MFC ASSET MANAGEMENT PUBLIC COMPANY LIMITED ,อื่น ๆ,2026-01-30,2026-05-29,5.0,5.0,1.0,0.0,,
M0607_2547,C0000000709,KFSDIV2-D,KFSDIV2-D,KFSDIV2,ตราสารทุน,บริษัทหลักทรัพย์จัดการกองทุน กรุงศรี จำกัด,KRUNGSRI ASSET MANAGEMENT COMPANY LIMITED,ตราสารทุน,2025-12-29,2026-07-30,8.0,8.0,1.0,0.0,,
M0672_2548,C0000033452,main,main,ES-CASH,ตราสารหนี้,บริษัทหลักทรัพย์จัดการกองทุน อีสท์สปริง (ประเทศไทย) จำกัด,EASTSPRING ASSET MANAGEMENT (THAILAND) COMPANY LIMITED,ตราสารหนี้,2015-01-05,2026-07-31,135.0,139.0,0.9712230215827338,1.0,2024-07,2024-10
M0888_2555,C0000005531,main,main,PRINCIPAL iPROPRMF,ทรัพย์สินทางเลือก,บริษัทหลักทรัพย์จัดการกองทุน พรินซิเพิล จำกัด,PRINCIPAL ASSET MANAGEMENT COMPANY LIMITED,ทรัพย์สินทางเลือก,2015-01-05,2026-07-31,135.0,139.0,0.9712230215827338,1.0,2024-07,2024-10
M0062_2544,C0000000021,main,main,K-BLRMF,ผสม,บริษัทหลักทรัพย์จัดการกองทุน กสิกรไทย จำกัด,KASIKORN ASSET MANAGEMENT COMPANY LIMITED,ผสม,2015-01-05,2026-07-31,131.0,139.0,0.9424460431654677,1.0,2024-07,2025-02
M0497_2568,C0000000623,UPINFRA-UI-A,UPINFRA-UI-A,UPINFRA-UI,อื่น ๆ,บริษัทหลักทรัพย์จัดการกองทุน ยูโอบี (ประเทศไทย) จำกัด,UOB ASSET MANAGEMENT (THAILAND) COMPANY LIMITED,อื่น ๆ,,,,,,,,
M0602_2563,C0000031161,main,main,AIA-GEQ,ตราสารทุน,บริษัทหลักทรัพย์จัดการกองทุน เอไอเอ (ประเทศไทย) จำกัด,AIA INVESTMENT MANAGEMENT (THAILAND) LIMITED,ตราสารทุน,2021-03-29,2026-07-30,61.0,65.0,0.9384615384615385,1.0,2024-07,2024-10
M0065_2544,C0000000021,main,main,K-FIRMF,ตราสารหนี้,บริษัทหลักทรัพย์จัดการกองทุน กสิกรไทย จำกัด,KASIKORN ASSET MANAGEMENT COMPANY LIMITED,ตราสารหนี้,2015-01-05,2026-07-31,131.0,139.0,0.9424460431654677,1.0,2024-07,2025-02
M0610_2552,C0000000569,ONE-PROP-AR,ONE-PROP-AR,ONE-PROP,ทรัพย์สินทางเลือก,บริษัทหลักทรัพย์จัดการกองทุน วรรณ จำกัด,ONE ASSET MANAGEMENT LIMITED,ทรัพย์สินทางเลือก,2025-12-19,2026-07-31,8.0,8.0,1.0,0.0,,
M1173_2568,C0000000239,main,main,SCBCR1YAD,ผสม,บริษัทหลักทรัพย์จัดการกองทุน ไทยพาณิชย์ จำกัด,SCB ASSET MANAGEMENT COMPANY LIMITED,ผสม,2026-01-15,2026-07-31,7.0,7.0,1.0,0.0,,
M0368_2567,C0000000709,main,main,KFPCD-UI,อื่น ๆ,บริษัทหลักทรัพย์จัดการกองทุน กรุงศรี จำกัด,KRUNGSRI ASSET MANAGEMENT COMPANY LIMITED,อื่น ๆ,2024-09-02,2026-06-02,17.0,22.0,0.7727272727272727,5.0,2024-11,2024-11
M0311_2564,C0000000239,SCBNDQ(A),SCBNDQ(A),SCBNDQ,ตราสารทุน,บริษัทหลักทรัพย์จัดการกองทุน ไทยพาณิชย์ จำกัด,SCB ASSET MANAGEMENT COMPANY LIMITED,ตราสารทุน,2021-08-27,2026-07-30,56.0,60.0,0.9333333333333333,1.0,2024-07,2024-10
M0063_2544,C0000000021,main,main,K-SFRMF,ตราสารหนี้,บริษัทหลักทรัพย์จัดการกองทุน กสิกรไทย จำกัด,KASIKORN ASSET MANAGEMENT COMPANY LIMITED,ตราสารหนี้,2015-01-05,2026-07-31,131.0,139.0,0.9424460431654677,1.0,2024-07,2025-02
M0651_2568,C0000000329,main,main,BCAP-EESPE UI,ทรัพย์สินทางเลือก,บริษัทหลักทรัพย์จัดการกองทุนรวม  บัวหลวง จำกัด,BBL ASSET MANAGEMENT COMPANY LIMITED,ทรัพย์สินทางเลือก,2025-11-18,2026-07-08,9.0,9.0,1.0,0.0,,
M0012_2569,C0000000239,main,main,SCBCR1YAE,ผสม,บริษัทหลักทรัพย์จัดการกองทุน ไทยพาณิชย์ จำกัด,SCB ASSET MANAGEMENT COMPANY LIMITED,ผสม,2026-01-20,2026-07-31,7.0,7.0,1.0,0.0,,
M0210_2567,C0000005022,ASP-SC(UH)-UI-A,ASP-SC(UH)-UI-A,ASP-SC(UH)-UI,อื่น ๆ,บริษัทหลักทรัพย์จัดการกองทุน แอสเซท พลัส จำกัด,ASSET PLUS FUND MANAGEMENT COMPANY LIMITED,อื่น ๆ,2024-10-01,2026-06-02,21.0,21.0,1.0,0.0,,
M0067_2545,C0000000329,main,main,BERMF,ตราสารทุน,บริษัทหลักทรัพย์จัดการกองทุนรวม  บัวหลวง จำกัด,BBL ASSET MANAGEMENT COMPANY LIMITED,ตราสารทุน,2015-01-05,2026-07-31,129.0,139.0,0.9280575539568345,2.0,2017-03,2017-08
M0062_2545,C0000000329,main,main,BFRMF,ตราสารหนี้,บริษัทหลักทรัพย์จัดการกองทุนรวม  บัวหลวง จำกัด,BBL ASSET MANAGEMENT COMPANY LIMITED,ตราสารหนี้,2015-01-05,2026-07-31,129.0,139.0,0.9280575539568345,2.0,2017-03,2017-08
M0524_2558,C0000006646,main,main,LHPROP-I,ทรัพย์สินทางเลือก,บริษัทหลักทรัพย์จัดการกองทุน แลนด์ แอนด์ เฮ้าส์ จำกัด,LAND AND HOUSES FUND MANAGEMENT COMPANY LIMITED,ทรัพย์สินทางเลือก,2015-11-18,2026-07-31,111.0,129.0,0.8604651162790697,2.0,2017-03,2018-04
M0867_2548,C0000000021,K-7030-A(D),K-7030-A(D),K-7030,ผสม,บริษัทหลักทรัพย์จัดการกองทุน กสิกรไทย จำกัด,KASIKORN ASSET MANAGEMENT COMPANY LIMITED,ผสม,2025-12-26,2026-07-30,8.0,8.0,1.0,0.0,,
M0471_2566,C0000005022,ASP-SC-UI-A,ASP-SC-UI-A,ASP-SC-UI,อื่น ๆ,บริษัทหลักทรัพย์จัดการกองทุน แอสเซท พลัส จำกัด,ASSET PLUS FUND MANAGEMENT COMPANY LIMITED,อื่น ๆ,2023-10-31,2026-06-02,26.0,33.0,0.7878787878787878,3.0,2024-06,2024-09
M0405_2549,C0000000021,main,main,K-STARRMF,ตราสารทุน,บริษัทหลักทรัพย์จัดการกองทุน กสิกรไทย จำกัด,KASIKORN ASSET MANAGEMENT COMPANY LIMITED,ตราสารทุน,2015-01-05,2026-07-31,131.0,139.0,0.9424460431654677,1.0,2024-07,2025-02
M0484_2559,C0000000709,main,main,KF-CSINCOME,ตราสารหนี้,บริษัทหลักทรัพย์จัดการกองทุน กรุงศรี จำกัด,KRUNGSRI ASSET MANAGEMENT COMPANY LIMITED,ตราสารหนี้,2016-09-23,2026-07-30,112.0,119.0,0.9411764705882353,1.0,2024-07,2025-01
M0343_2562,C0000000329,main,main,B-IR-FOF,ทรัพย์สินทางเลือก,บริษัทหลักทรัพย์จัดการกองทุนรวม  บัวหลวง จำกัด,BBL ASSET MANAGEMENT COMPANY LIMITED,ทรัพย์สินทางเลือก,2019-08-28,2026-07-31,80.0,84.0,0.9523809523809523,1.0,2024-07,2024-10
M0517_2556,C0000000023,MPDIVMF,MPDIVMF,M-PROP DIV,ผสม,บริษัทหลักทรัพย์จัดการกองทุน เอ็มเอฟซี จำกัด (มหาชน),MFC ASSET MANAGEMENT PUBLIC COMPANY LIMITED ,ผสม,2015-01-05,2026-07-31,135.0,139.0,0.9712230215827338,1.0,2024-07,2024-10
M0131_2562,C0000000021,K-CHANGE-A(A),K-CHANGE-A(A),K-CHANGE,ตราสารทุน,บริษัทหลักทรัพย์จัดการกองทุน กสิกรไทย จำกัด,KASIKORN ASSET MANAGEMENT COMPANY LIMITED,ตราสารทุน,2019-04-26,2026-07-30,84.0,88.0,0.9545454545454546,1.0,2024-07,2024-10
M0691_2567,C0000000460,KTESGSI-A,KTESGSI-A,KTESGSI,ตราสารหนี้,บริษัทหลักทรัพย์จัดการกองทุน กรุงไทย จำกัด (มหาชน),KRUNG THAI ASSET MANAGEMENT PUBLIC COMPANY LIMITED ,ตราสารหนี้,,,,,,,,
M0905_2553,C0000033452,main,main,ES-GOLDBULLION-UH,ทรัพย์สินทางเลือก,บริษัทหลักทรัพย์จัดการกองทุน อีสท์สปริง (ประเทศไทย) จำกัด,EASTSPRING ASSET MANAGEMENT (THAILAND) COMPANY LIMITED,ทรัพย์สินทางเลือก,2015-01-05,2026-07-31,135.0,139.0,0.9712230215827338,1.0,2024-07,2024-10
M0186_2563,C0000000329,main,main,BCAP-GTAC,ผสม,บริษัทหลักทรัพย์จัดการกองทุนรวม  บัวหลวง จำกัด,BBL ASSET MANAGEMENT COMPANY LIMITED,ผสม,2020-06-23,2026-07-27,70.0,74.0,0.9459459459459459,1.0,2024-07,2024-10
M0426_2562,C0000000239,main,main,SCBRMS&P500,ตราสารทุน,บริษัทหลักทรัพย์จัดการกองทุน ไทยพาณิชย์ จำกัด,SCB ASSET MANAGEMENT COMPANY LIMITED,ตราสารทุน,2019-09-10,2026-07-30,79.0,83.0,0.9518072289156626,1.0,2024-07,2024-10
M0571_2552,C0000000021,main,main,K-PLAN1,ตราสารหนี้,บริษัทหลักทรัพย์จัดการกองทุน กสิกรไทย จำกัด,KASIKORN ASSET MANAGEMENT COMPANY LIMITED,ตราสารหนี้,2015-01-06,2026-07-30,135.0,139.0,0.9712230215827338,1.0,2024-07,2024-10
M0424_2557,C0000033452,main,main,ES-PIPFRMF,ทรัพย์สินทางเลือก,บริษัทหลักทรัพย์จัดการกองทุน อีสท์สปริง (ประเทศไทย) จำกัด,EASTSPRING ASSET MANAGEMENT (THAILAND) COMPANY LIMITED,ทรัพย์สินทางเลือก,2015-01-05,2026-07-31,135.0,139.0,0.9712230215827338,1.0,2024-07,2024-10
M0030_2569,C0000000239,main,main,SCBCR1YAF,ผสม,บริษัทหลักทรัพย์จัดการกองทุน ไทยพาณิชย์ จำกัด,SCB ASSET MANAGEMENT COMPANY LIMITED,ผสม,2026-01-27,2026-07-31,7.0,7.0,1.0,0.0,,
M0430_2563,C0000005531,PRINCIPAL GCLOUD-A,PRINCIPAL GCLOUD-A,PRINCIPAL GCLOUD,ตราสารทุน,บริษัทหลักทรัพย์จัดการกองทุน พรินซิเพิล จำกัด,PRINCIPAL ASSET MANAGEMENT COMPANY LIMITED,ตราสารทุน,2020-10-01,2026-07-30,66.0,70.0,0.9428571428571428,1.0,2024-07,2024-10
M0116_2549,C0000000623,UOBSD,UOBSD,UOBSD-M,ตราสารหนี้,บริษัทหลักทรัพย์จัดการกองทุน ยูโอบี (ประเทศไทย) จำกัด,UOB ASSET MANAGEMENT (THAILAND) COMPANY LIMITED,ตราสารหนี้,2015-01-05,2026-07-31,135.0,139.0,0.9712230215827338,1.0,2024-07,2024-10
M0862_2554,C0000000623,main,main,UOBSG - H,ทรัพย์สินทางเลือก,บริษัทหลักทรัพย์จัดการกองทุน ยูโอบี (ประเทศไทย) จำกัด,UOB ASSET MANAGEMENT (THAILAND) COMPANY LIMITED,ทรัพย์สินทางเลือก,2015-01-05,2026-07-30,135.0,139.0,0.9712230215827338,1.0,2024-07,2024-10
M0521_2562,C0000000021,K-ALLGR-UI-A(A),K-ALLGR-UI-A(A),K-ALLGR-UI,ผสม,บริษัทหลักทรัพย์จัดการกองทุน กสิกรไทย จำกัด,KASIKORN ASSET MANAGEMENT COMPANY LIMITED,ผสม,2019-09-20,2026-07-27,79.0,83.0,0.9518072289156626,1.0,2024-07,2024-10
M0175_2557,C0000033452,ES-EG-A,ES-EG-A,ES-EG,ตราสารทุน,บริษัทหลักทรัพย์จัดการกองทุน อีสท์สปริง (ประเทศไทย) จำกัด,EASTSPRING ASSET MANAGEMENT (THAILAND) COMPANY LIMITED,ตราสารทุน,2024-11-14,2026-07-30,21.0,21.0,1.0,0.0,,
M0064_2544,C0000000021,main,main,K-GBRMF,ตราสารหนี้,บริษัทหลักทรัพย์จัดการกองทุน กสิกรไทย จำกัด,KASIKORN ASSET MANAGEMENT COMPANY LIMITED,ตราสารหนี้,2015-01-05,2026-07-31,131.0,139.0,0.9424460431654677,1.0,2024-07,2025-02
M0448_2566,C0000000021,main,main,K-CHAPE23A-UI,ทรัพย์สินทางเลือก,บริษัทหลักทรัพย์จัดการกองทุน กสิกรไทย จำกัด,KASIKORN ASSET MANAGEMENT COMPANY LIMITED,ทรัพย์สินทางเลือก,2023-10-24,2026-06-30,12.0,33.0,0.36363636363636365,9.0,2024-04,2024-08
M0282_2564,C0000000021,main,main,K-WPSPARK,ผสม,บริษัทหลักทรัพย์จัดการกองทุน กสิกรไทย จำกัด,KASIKORN ASSET MANAGEMENT COMPANY LIMITED,ผสม,2021-08-06,2026-07-30,56.0,60.0,0.9333333333333333,1.0,2024-07,2024-10
M0156_2564,C0000000460,KT-GEQ-A,KT-GEQ-A,KT-GEQ,ตราสารทุน,บริษัทหลักทรัพย์จัดการกองทุน กรุงไทย จำกัด (มหาชน),KRUNG THAI ASSET MANAGEMENT PUBLIC COMPANY LIMITED ,ตราสารทุน,2021-06-18,2026-07-30,58.0,62.0,0.9354838709677419,1.0,2024-07,2024-10
M0002_2560,C0000000623,UGIS-A,UGIS-A,UGIS,ตราสารหนี้,บริษัทหลักทรัพย์จัดการกองทุน ยูโอบี (ประเทศไทย) จำกัด,UOB ASSET MANAGEMENT (THAILAND) COMPANY LIMITED,ตราสารหนี้,2017-01-30,2026-07-30,111.0,115.0,0.9652173913043478,1.0,2024-07,2024-10
M1034_2553,C0000033452,main,main,ES-GOLDSRMF,ทรัพย์สินทางเลือก,บริษัทหลักทรัพย์จัดการกองทุน อีสท์สปริง (ประเทศไทย) จำกัด,EASTSPRING ASSET MANAGEMENT (THAILAND) COMPANY LIMITED,ทรัพย์สินทางเลือก,2015-01-05,2026-07-31,135.0,139.0,0.9712230215827338,1.0,2024-07,2024-10
M0436_2568,C0000000329,main,main,BMDIV-TESGX,ผสม,บริษัทหลักทรัพย์จัดการกองทุนรวม  บัวหลวง จำกัด,BBL ASSET MANAGEMENT COMPANY LIMITED,ผสม,2025-05-13,2026-07-31,15.0,15.0,1.0,0.0,,
M0035_2567,C0000000239,main,main,SCBVNALPHA,ตราสารทุน,บริษัทหลักทรัพย์จัดการกองทุน ไทยพาณิชย์ จำกัด,SCB ASSET MANAGEMENT COMPANY LIMITED,ตราสารทุน,2024-11-15,2026-07-31,21.0,21.0,1.0,0.0,,
M1218_2557,C0000005531,PRINCIPAL DPLUS-A,PRINCIPAL DPLUS-A,PRINCIPAL DPLUS,ตราสารหนี้,บริษัทหลักทรัพย์จัดการกองทุน พรินซิเพิล จำกัด,PRINCIPAL ASSET MANAGEMENT COMPANY LIMITED,ตราสารหนี้,2015-02-17,2026-07-31,134.0,138.0,0.9710144927536232,1.0,2024-07,2024-10
M0221_2554,C0000033452,main,main,ES-GOLDRMF-H,ทรัพย์สินทางเลือก,บริษัทหลักทรัพย์จัดการกองทุน อีสท์สปริง (ประเทศไทย) จำกัด,EASTSPRING ASSET MANAGEMENT (THAILAND) COMPANY LIMITED,ทรัพย์สินทางเลือก,2015-01-05,2026-07-31,135.0,139.0,0.9712230215827338,1.0,2024-07,2024-10
M0027_2562,C0000000460,KT-SAGA-A,KT-SAGA-A,KT-SAGA,ผสม,บริษัทหลักทรัพย์จัดการกองทุน กรุงไทย จำกัด (มหาชน),KRUNG THAI ASSET MANAGEMENT PUBLIC COMPANY LIMITED ,ผสม,2019-03-18,2026-07-30,85.0,89.0,0.9550561797752809,1.0,2024-07,2024-10
M0338_2563,C0000000460,KT-Ashares-A,KT-Ashares-A,KT-Ashares,ตราสารทุน,บริษัทหลักทรัพย์จัดการกองทุน กรุงไทย จำกัด (มหาชน),KRUNG THAI ASSET MANAGEMENT PUBLIC COMPANY LIMITED ,ตราสารทุน,2020-08-05,2026-07-30,68.0,72.0,0.9444444444444444,1.0,2024-07,2024-10
M0762_2547,C0000000709,main,main,KFCASHRMF,ตราสารหนี้,บริษัทหลักทรัพย์จัดการกองทุน กรุงศรี จำกัด,KRUNGSRI ASSET MANAGEMENT COMPANY LIMITED,ตราสารหนี้,2015-01-05,2026-07-31,135.0,139.0,0.9712230215827338,1.0,2024-07,2024-10
M0222_2554,C0000033452,main,main,ES-GOLDRMF-UH,ทรัพย์สินทางเลือก,บริษัทหลักทรัพย์จัดการกองทุน อีสท์สปริง (ประเทศไทย) จำกัด,EASTSPRING ASSET MANAGEMENT (THAILAND) COMPANY LIMITED,ทรัพย์สินทางเลือก,2015-01-05,2026-07-31,135.0,139.0,0.9712230215827338,1.0,2024-07,2024-10
M1148_2568,C0000005531,SIGNATURE GINGRO-A,SIGNATURE GINGRO-A,SIGNATURE GINGRO,ผสม,บริษัทหลักทรัพย์จัดการกองทุน พรินซิเพิล จำกัด,PRINCIPAL ASSET MANAGEMENT COMPANY LIMITED,ผสม,,,,,,,,
M0345_2562,C0000000021,K-GNEXT-A(A),K-GNEXT-A(A),K-GNEXT,ตราสารทุน,บริษัทหลักทรัพย์จัดการกองทุน กสิกรไทย จำกัด,KASIKORN ASSET MANAGEMENT COMPANY LIMITED,ตราสารทุน,2026-04-02,2026-07-30,4.0,4.0,1.0,0.0,,
M0597_2551,C0000000329,main,main,MM-RMF,ตราสารหนี้,บริษัทหลักทรัพย์จัดการกองทุนรวม  บัวหลวง จำกัด,BBL ASSET MANAGEMENT COMPANY LIMITED,ตราสารหนี้,2015-01-05,2026-07-31,129.0,139.0,0.9280575539568345,2.0,2017-03,2017-08
M0237_2552,C0000000021,main,main,K-OIL,ทรัพย์สินทางเลือก,บริษัทหลักทรัพย์จัดการกองทุน กสิกรไทย จำกัด,KASIKORN ASSET MANAGEMENT COMPANY LIMITED,ทรัพย์สินทางเลือก,2015-01-05,2026-07-30,135.0,139.0,0.9712230215827338,1.0,2024-07,2024-10
M0520_2564,C0000031161,main,main,AIA-IMA,ผสม,บริษัทหลักทรัพย์จัดการกองทุน เอไอเอ (ประเทศไทย) จำกัด,AIA INVESTMENT MANAGEMENT (THAILAND) LIMITED,ผสม,2022-04-07,2026-07-27,48.0,52.0,0.9230769230769231,1.0,2024-07,2024-10
M0228_2554,C0000000239,SCBSE,SCBSE,SCBSEFUND,ตราสารทุน,บริษัทหลักทรัพย์จัดการกองทุน ไทยพาณิชย์ จำกัด,SCB ASSET MANAGEMENT COMPANY LIMITED,ตราสารทุน,2015-01-05,2026-07-31,135.0,139.0,0.9712230215827338,1.0,2024-07,2024-10
M0095_2567,C0000000021,K-ESGSI-A,K-ESGSI-A,K-ESGSI,ตราสารหนี้,บริษัทหลักทรัพย์จัดการกองทุน กสิกรไทย จำกัด,KASIKORN ASSET MANAGEMENT COMPANY LIMITED,ตราสารหนี้,2025-07-02,2026-07-31,13.0,13.0,1.0,0.0,,
M0814_2568,C0000000021,main,main,K-THAPE26A-UI,ทรัพย์สินทางเลือก,บริษัทหลักทรัพย์จัดการกองทุน กสิกรไทย จำกัด,KASIKORN ASSET MANAGEMENT COMPANY LIMITED,ทรัพย์สินทางเลือก,2026-02-02,2026-06-30,3.0,5.0,0.6,1.0,2026-04,2026-05
M0167_2568,C0000031161,main,main,AIA-GAIF,ผสม,บริษัทหลักทรัพย์จัดการกองทุน เอไอเอ (ประเทศไทย) จำกัด,AIA INVESTMENT MANAGEMENT (THAILAND) LIMITED,ผสม,2025-07-08,2026-07-30,13.0,13.0,1.0,0.0,,
M0141_2561,C0000000460,KT-WTAI-A,KT-WTAI-A,KT-WTAI,ตราสารทุน,บริษัทหลักทรัพย์จัดการกองทุน กรุงไทย จำกัด (มหาชน),KRUNG THAI ASSET MANAGEMENT PUBLIC COMPANY LIMITED ,ตราสารทุน,2018-05-28,2026-07-30,95.0,99.0,0.9595959595959596,1.0,2024-07,2024-10
M0145_2549,C0000000021,main,main,ABFTH,ตราสารหนี้,บริษัทหลักทรัพย์จัดการกองทุน กสิกรไทย จำกัด,KASIKORN ASSET MANAGEMENT COMPANY LIMITED,ตราสารหนี้,2015-01-05,2026-07-31,135.0,139.0,0.9712230215827338,1.0,2024-07,2024-10
M0080_2565,C0000000623,UGREF-UI-A,UGREF-UI-A,UGREF-UI,ทรัพย์สินทางเลือก,บริษัทหลักทรัพย์จัดการกองทุน ยูโอบี (ประเทศไทย) จำกัด,UOB ASSET MANAGEMENT (THAILAND) COMPANY LIMITED,ทรัพย์สินทางเลือก,,,,,,,,
M0119_2569,C0000000239,main,main,SCBCR1YAJ,ผสม,บริษัทหลักทรัพย์จัดการกองทุน ไทยพาณิชย์ จำกัด,SCB ASSET MANAGEMENT COMPANY LIMITED,ผสม,2026-02-18,2026-07-31,6.0,6.0,1.0,0.0,,
M0077_2557,C0000005531,PRINCIPAL GEF-A,PRINCIPAL GEF-A,PRINCIPAL GEF,ตราสารทุน,บริษัทหลักทรัพย์จัดการกองทุน พรินซิเพิล จำกัด,PRINCIPAL ASSET MANAGEMENT COMPANY LIMITED,ตราสารทุน,2015-01-05,2026-07-30,135.0,139.0,0.9712230215827338,1.0,2024-07,2024-10
M0074_2544,C0000000239,main,main,SCBRM2,ตราสารหนี้,บริษัทหลักทรัพย์จัดการกองทุน ไทยพาณิชย์ จำกัด,SCB ASSET MANAGEMENT COMPANY LIMITED,ตราสารหนี้,2015-01-05,2026-07-31,135.0,139.0,0.9712230215827338,1.0,2024-07,2024-10
M0201_2561,C0000005531,main,main,PRINCIPAL iPROPPLUS,ทรัพย์สินทางเลือก,บริษัทหลักทรัพย์จัดการกองทุน พรินซิเพิล จำกัด,PRINCIPAL ASSET MANAGEMENT COMPANY LIMITED,ทรัพย์สินทางเลือก,2018-07-18,2026-07-31,93.0,97.0,0.9587628865979382,1.0,2024-07,2024-10
M0465_2569,C0000000329,main,main,B-WEALTHB,ผสม,บริษัทหลักทรัพย์จัดการกองทุนรวม  บัวหลวง จำกัด,BBL ASSET MANAGEMENT COMPANY LIMITED,ผสม,2026-07-10,2026-07-27,1.0,1.0,1.0,0.0,,
M0988_2568,C0000000324,main,main,TWORLD,ตราสารทุน,บริษัทหลักทรัพย์จัดการกองทุน ทิสโก้,TISCO ASSET MANAGEMENT COMPANY LIMITED,ตราสารทุน,2025-11-12,2026-07-30,9.0,9.0,1.0,0.0,,
M0364_2567,C0000000329,main,main,BCAP-DHSL,ตราสารหนี้,บริษัทหลักทรัพย์จัดการกองทุนรวม  บัวหลวง จำกัด,BBL ASSET MANAGEMENT COMPANY LIMITED,ตราสารหนี้,2024-11-13,2026-07-30,21.0,21.0,1.0,0.0,,
M0110_2568,C0000000021,main,main,K-CHINNO25A-UI,ทรัพย์สินทางเลือก,บริษัทหลักทรัพย์จัดการกองทุน กสิกรไทย จำกัด,KASIKORN ASSET MANAGEMENT COMPANY LIMITED,ทรัพย์สินทางเลือก,2025-06-18,2026-06-30,8.0,13.0,0.6153846153846154,3.0,2025-10,2025-11
M0136_2566,C0000000329,main,main,BCAP-MNH UI,ผสม,บริษัทหลักทรัพย์จัดการกองทุนรวม  บัวหลวง จำกัด,BBL ASSET MANAGEMENT COMPANY LIMITED,ผสม,2023-09-19,2026-07-22,31.0,35.0,0.8857142857142857,2.0,2024-07,2024-09
M0083_2558,C0000000329,main,main,BCARERMF,ตราสารทุน,บริษัทหลักทรัพย์จัดการกองทุนรวม  บัวหลวง จำกัด,BBL ASSET MANAGEMENT COMPANY LIMITED,ตราสารทุน,2015-05-21,2026-07-27,125.0,135.0,0.9259259259259259,2.0,2017-02,2017-07
M0253_2563,C0000031161,main,main,AIA-IC,ตราสารหนี้,บริษัทหลักทรัพย์จัดการกองทุน เอไอเอ (ประเทศไทย) จำกัด,AIA INVESTMENT MANAGEMENT (THAILAND) LIMITED,ตราสารหนี้,2020-09-08,2026-07-31,67.0,71.0,0.9436619718309859,1.0,2024-07,2024-10
M0626_2558,C0000006646,main,main,LHTPROPRMF,ทรัพย์สินทางเลือก,บริษัทหลักทรัพย์จัดการกองทุน แลนด์ แอนด์ เฮ้าส์ จำกัด,LAND AND HOUSES FUND MANAGEMENT COMPANY LIMITED,ทรัพย์สินทางเลือก,2015-11-24,2026-07-31,111.0,129.0,0.8604651162790697,2.0,2017-03,2018-04
M0464_2569,C0000000329,main,main,B-WEALTHM,ผสม,บริษัทหลักทรัพย์จัดการกองทุนรวม  บัวหลวง จำกัด,BBL ASSET MANAGEMENT COMPANY LIMITED,ผสม,2026-07-10,2026-07-27,1.0,1.0,1.0,0.0,,
M0671_2560,C0000000709,KF-ACHINA-A,KF-ACHINA-A,KF-ACHINA,ตราสารทุน,บริษัทหลักทรัพย์จัดการกองทุน กรุงศรี จำกัด,KRUNGSRI ASSET MANAGEMENT COMPANY LIMITED,ตราสารทุน,2025-04-16,2026-07-30,16.0,16.0,1.0,0.0,,
M0840_2566,C0000005025,main,main,KKP GB THAI ESG,ตราสารหนี้,บริษัทหลักทรัพย์จัดการกองทุน เกียรตินาคินภัทร จำกัด,KIATNAKIN PHATRA ASSET MANAGEMENT COMPANY LIMITED,ตราสารหนี้,2023-12-15,2026-07-31,28.0,32.0,0.875,1.0,2024-07,2024-10
M0140_2556,C0000000569,ONEPROP-ID,ONEPROP-ID,ONEPROP-D,ทรัพย์สินทางเลือก,บริษัทหลักทรัพย์จัดการกองทุน วรรณ จำกัด,ONE ASSET MANAGEMENT LIMITED,ทรัพย์สินทางเลือก,,,,,,,,
M0080_2544,C0000000239,main,main,SCBRM3,ผสม,บริษัทหลักทรัพย์จัดการกองทุน ไทยพาณิชย์ จำกัด,SCB ASSET MANAGEMENT COMPANY LIMITED,ผสม,2015-01-05,2026-07-31,135.0,139.0,0.9712230215827338,1.0,2024-07,2024-10
M0363_2569,C0000000239,SCBRARE(A),SCBRARE(A),SCBRARE,ตราสารทุน,บริษัทหลักทรัพย์จัดการกองทุน ไทยพาณิชย์ จำกัด,SCB ASSET MANAGEMENT COMPANY LIMITED,ตราสารทุน,2026-05-26,2026-07-30,3.0,3.0,1.0,0.0,,
M0105_2562,C0000028866,DAOL-MONEY-I,DAOL-MONEY-I,DAOL-MONEY,ตราสารหนี้,บริษัทหลักทรัพย์จัดการกองทุน ดาโอ จำกัด,DAOL INVESTMENT MANAGEMENT COMPANY LIMITED,ตราสารหนี้,,,,,,,,
M0773_2554,C0000005025,main,main,KKP PROP,ทรัพย์สินทางเลือก,บริษัทหลักทรัพย์จัดการกองทุน เกียรตินาคินภัทร จำกัด,KIATNAKIN PHATRA ASSET MANAGEMENT COMPANY LIMITED,ทรัพย์สินทางเลือก,2015-01-05,2026-07-30,135.0,139.0,0.9712230215827338,1.0,2024-07,2024-10
M0006_2563,C0000000239,SCBSPLUSA,SCBSPLUSA,SCBSPLUS,ผสม,บริษัทหลักทรัพย์จัดการกองทุน ไทยพาณิชย์ จำกัด,SCB ASSET MANAGEMENT COMPANY LIMITED,ผสม,2020-02-04,2026-07-30,74.0,78.0,0.9487179487179487,1.0,2024-07,2024-10
M0118_2561,C0000000021,main,main,K-VIETNAM,ตราสารทุน,บริษัทหลักทรัพย์จัดการกองทุน กสิกรไทย จำกัด,KASIKORN ASSET MANAGEMENT COMPANY LIMITED,ตราสารทุน,2018-10-22,2026-07-31,90.0,94.0,0.9574468085106383,1.0,2024-07,2024-10
M0625_2569,C0000000329,main,main,B12/26,ตราสารหนี้,บริษัทหลักทรัพย์จัดการกองทุนรวม  บัวหลวง จำกัด,BBL ASSET MANAGEMENT COMPANY LIMITED,ตราสารหนี้,2026-06-30,2026-07-31,2.0,2.0,1.0,0.0,,
M0432_2567,C0000000021,main,main,K-CHAPE24B-UI,ทรัพย์สินทางเลือก,บริษัทหลักทรัพย์จัดการกองทุน กสิกรไทย จำกัด,KASIKORN ASSET MANAGEMENT COMPANY LIMITED,ทรัพย์สินทางเลือก,2024-10-31,2026-06-30,8.0,21.0,0.38095238095238093,7.0,2025-01,2025-02
M0611_2567,C0000000709,KFGDB-A,KFGDB-A,KFGDB,ผสม,บริษัทหลักทรัพย์จัดการกองทุน กรุงศรี จำกัด,KRUNGSRI ASSET MANAGEMENT COMPANY LIMITED,ผสม,2024-11-15,2026-07-30,21.0,21.0,1.0,0.0,,
M0349_2558,C0000000329,main,main,B-GLOBAL,ตราสารทุน,บริษัทหลักทรัพย์จัดการกองทุนรวม  บัวหลวง จำกัด,BBL ASSET MANAGEMENT COMPANY LIMITED,ตราสารทุน,2015-10-01,2026-07-27,120.0,130.0,0.9230769230769231,2.0,2017-02,2017-07
M0133_2545,C0000000709,main,main,KFGOVRMF,ตราสารหนี้,บริษัทหลักทรัพย์จัดการกองทุน กรุงศรี จำกัด,KRUNGSRI ASSET MANAGEMENT COMPANY LIMITED,ตราสารหนี้,2015-01-05,2026-07-31,135.0,139.0,0.9712230215827338,1.0,2024-07,2024-10
M0819_2554,C0000000324,TGOLDRMF-A,TGOLDRMF-A,TGOLDRMF,ทรัพย์สินทางเลือก,บริษัทหลักทรัพย์จัดการกองทุน ทิสโก้,TISCO ASSET MANAGEMENT COMPANY LIMITED,ทรัพย์สินทางเลือก,2024-11-15,2026-07-31,21.0,21.0,1.0,0.0,,
M0991_2550,C0000000329,main,main,B25RMF,ผสม,บริษัทหลักทรัพย์จัดการกองทุนรวม  บัวหลวง จำกัด,BBL ASSET MANAGEMENT COMPANY LIMITED,ผสม,2015-01-05,2026-07-31,129.0,139.0,0.9280575539568345,2.0,2017-03,2017-08
M0081_2544,C0000000239,main,main,SCBRM4,ตราสารทุน,บริษัทหลักทรัพย์จัดการกองทุน ไทยพาณิชย์ จำกัด,SCB ASSET MANAGEMENT COMPANY LIMITED,ตราสารทุน,2015-01-05,2026-07-31,135.0,139.0,0.9712230215827338,1.0,2024-07,2024-10
M0504_2559,C0000006646,LHSTPLUS-A,LHSTPLUS-A,LHSTPLUS,ตราสารหนี้,บริษัทหลักทรัพย์จัดการกองทุน แลนด์ แอนด์ เฮ้าส์ จำกัด,LAND AND HOUSES FUND MANAGEMENT COMPANY LIMITED,ตราสารหนี้,2017-03-28,2026-07-31,109.0,113.0,0.9646017699115044,1.0,2024-07,2024-10
M0299_2553,C0000000460,main,main,KT-OIL,ทรัพย์สินทางเลือก,บริษัทหลักทรัพย์จัดการกองทุน กรุงไทย จำกัด (มหาชน),KRUNG THAI ASSET MANAGEMENT PUBLIC COMPANY LIMITED ,ทรัพย์สินทางเลือก,2015-01-05,2026-07-30,135.0,139.0,0.9712230215827338,1.0,2024-07,2024-10
M0300_2559,C0000000239,SCBMPLUSA,SCBMPLUSA,SCBMPLUS,ผสม,บริษัทหลักทรัพย์จัดการกองทุน ไทยพาณิชย์ จำกัด,SCB ASSET MANAGEMENT COMPANY LIMITED,ผสม,2017-01-31,2026-07-30,111.0,115.0,0.9652173913043478,1.0,2024-07,2024-10
M0658_2556,C0000000460,KT-HiDiv-A,KT-HiDiv-A,KT-HiDiv,ตราสารทุน,บริษัทหลักทรัพย์จัดการกองทุน กรุงไทย จำกัด (มหาชน),KRUNG THAI ASSET MANAGEMENT PUBLIC COMPANY LIMITED ,ตราสารทุน,2023-05-09,2026-07-30,35.0,39.0,0.8974358974358975,1.0,2024-07,2024-10
M0127_2559,C0000000623,main,main,UIDPLUS,ตราสารหนี้,บริษัทหลักทรัพย์จัดการกองทุน ยูโอบี (ประเทศไทย) จำกัด,UOB ASSET MANAGEMENT (THAILAND) COMPANY LIMITED,ตราสารหนี้,2016-03-22,2026-07-31,121.0,125.0,0.968,1.0,2024-07,2024-10
M0815_2554,C0000000623,main,main,UOBGRMF-H,ทรัพย์สินทางเลือก,บริษัทหลักทรัพย์จัดการกองทุน ยูโอบี (ประเทศไทย) จำกัด,UOB ASSET MANAGEMENT (THAILAND) COMPANY LIMITED,ทรัพย์สินทางเลือก,2015-01-05,2026-07-31,135.0,139.0,0.9712230215827338,1.0,2024-07,2024-10
M0843_2566,C0000000239,SCBTM(A),SCBTM(A),SCBTM,ผสม,บริษัทหลักทรัพย์จัดการกองทุน ไทยพาณิชย์ จำกัด,SCB ASSET MANAGEMENT COMPANY LIMITED,ผสม,,,,,,,,
M0159_2555,C0000000021,K-USA-A(A),K-USA-A(A),K-USA,ตราสารทุน,บริษัทหลักทรัพย์จัดการกองทุน กสิกรไทย จำกัด,KASIKORN ASSET MANAGEMENT COMPANY LIMITED,ตราสารทุน,2019-09-18,2026-07-30,79.0,83.0,0.9518072289156626,1.0,2024-07,2024-10
M0526_2558,C0000005025,KKP ACT FIXED,KKP ACT FIXED,KKP ACT FIXED FUND,ตราสารหนี้,บริษัทหลักทรัพย์จัดการกองทุน เกียรตินาคินภัทร จำกัด,KIATNAKIN PHATRA ASSET MANAGEMENT COMPANY LIMITED,ตราสารหนี้,2015-10-06,2026-07-31,126.0,130.0,0.9692307692307692,1.0,2024-07,2024-10
M0573_2562,C0000000329,main,main,B-IR-FOFRMF,ทรัพย์สินทางเลือก,บริษัทหลักทรัพย์จัดการกองทุนรวม  บัวหลวง จำกัด,BBL ASSET MANAGEMENT COMPANY LIMITED,ทรัพย์สินทางเลือก,2019-11-13,2026-07-30,77.0,81.0,0.9506172839506173,1.0,2024-07,2024-10
M0772_2558,C0000000239,SCBPLUS,SCBPLUS,SCBPLUSFUND,ผสม,บริษัทหลักทรัพย์จัดการกองทุน ไทยพาณิชย์ จำกัด,SCB ASSET MANAGEMENT COMPANY LIMITED,ผสม,2016-03-17,2026-07-30,121.0,125.0,0.968,1.0,2024-07,2024-10
M0081_2550,C0000000709,main,main,KFSDIV,ตราสารทุน,บริษัทหลักทรัพย์จัดการกองทุน กรุงศรี จำกัด,KRUNGSRI ASSET MANAGEMENT COMPANY LIMITED,ตราสารทุน,2015-01-05,2026-07-31,135.0,139.0,0.9712230215827338,1.0,2024-07,2024-10
M0154_2541,C0000000021,K-CBOND-A,K-CBOND-A,K-CBOND,ตราสารหนี้,บริษัทหลักทรัพย์จัดการกองทุน กสิกรไทย จำกัด,KASIKORN ASSET MANAGEMENT COMPANY LIMITED,ตราสารหนี้,2015-01-05,2026-07-31,135.0,139.0,0.9712230215827338,1.0,2024-07,2024-10
M0847_2554,C0000005025,main,main,KKP PROPRMF,ทรัพย์สินทางเลือก,บริษัทหลักทรัพย์จัดการกองทุน เกียรตินาคินภัทร จำกัด,KIATNAKIN PHATRA ASSET MANAGEMENT COMPANY LIMITED,ทรัพย์สินทางเลือก,2015-01-05,2026-07-30,135.0,139.0,0.9712230215827338,1.0,2024-07,2024-10
M0121_2560,C0000000329,main,main,B-INCOME,ผสม,บริษัทหลักทรัพย์จัดการกองทุนรวม  บัวหลวง จำกัด,BBL ASSET MANAGEMENT COMPANY LIMITED,ผสม,2017-08-31,2026-07-27,104.0,108.0,0.9629629629629629,1.0,2024-07,2024-10
M0322_2561,C0000000239,SCBGEARA,SCBGEARA,SCBGEAR,ตราสารทุน,บริษัทหลักทรัพย์จัดการกองทุน ไทยพาณิชย์ จำกัด,SCB ASSET MANAGEMENT COMPANY LIMITED,ตราสารทุน,2018-09-28,2026-07-30,91.0,95.0,0.9578947368421052,1.0,2024-07,2024-10
M0585_2569,C0000000329,main,main,B10/26,ตราสารหนี้,บริษัทหลักทรัพย์จัดการกองทุนรวม  บัวหลวง จำกัด,BBL ASSET MANAGEMENT COMPANY LIMITED,ตราสารหนี้,2026-06-10,2026-07-31,2.0,2.0,1.0,0.0,,
M0093_2553,C0000000569,GOLD-RMF-A,GOLD-RMF-A,GOLD-RMF,ทรัพย์สินทางเลือก,บริษัทหลักทรัพย์จัดการกองทุน วรรณ จำกัด,ONE ASSET MANAGEMENT LIMITED,ทรัพย์สินทางเลือก,2015-01-05,2026-07-31,135.0,139.0,0.9712230215827338,1.0,2024-07,2024-10
M0057_2564,C0000000329,main,main,BCAP-GMA PLUS,ผสม,บริษัทหลักทรัพย์จัดการกองทุนรวม  บัวหลวง จำกัด,BBL ASSET MANAGEMENT COMPANY LIMITED,ผสม,2021-09-27,2026-07-27,55.0,59.0,0.9322033898305084,1.0,2024-07,2024-10
M0460_2550,C0000000709,main,main,KFDIVRMF,ตราสารทุน,บริษัทหลักทรัพย์จัดการกองทุน กรุงศรี จำกัด,KRUNGSRI ASSET MANAGEMENT COMPANY LIMITED,ตราสารทุน,2015-01-05,2026-07-31,135.0,139.0,0.9712230215827338,1.0,2024-07,2024-10
M0009_2540,C0000033452,main,main,ES-MF,ตราสารหนี้,บริษัทหลักทรัพย์จัดการกองทุน อีสท์สปริง (ประเทศไทย) จำกัด,EASTSPRING ASSET MANAGEMENT (THAILAND) COMPANY LIMITED,ตราสารหนี้,2015-01-05,2026-07-31,135.0,139.0,0.9712230215827338,1.0,2024-07,2024-10
M0424_2562,C0000000239,main,main,SCBRMPIN,ทรัพย์สินทางเลือก,บริษัทหลักทรัพย์จัดการกองทุน ไทยพาณิชย์ จำกัด,SCB ASSET MANAGEMENT COMPANY LIMITED,ทรัพย์สินทางเลือก,2019-09-11,2026-07-27,79.0,83.0,0.9518072289156626,1.0,2024-07,2024-10
M0435_2568,C0000000329,main,main,BM70-TESGX,ผสม,บริษัทหลักทรัพย์จัดการกองทุนรวม  บัวหลวง จำกัด,BBL ASSET MANAGEMENT COMPANY LIMITED,ผสม,2025-05-09,2026-07-31,15.0,15.0,1.0,0.0,,
M0233_2550,C0000000623,UOBSA,UOBSA,UOBSA-M,ตราสารทุน,บริษัทหลักทรัพย์จัดการกองทุน ยูโอบี (ประเทศไทย) จำกัด,UOB ASSET MANAGEMENT (THAILAND) COMPANY LIMITED,ตราสารทุน,2024-11-14,2026-07-30,21.0,21.0,1.0,0.0,,
M0136_2564,C0000000460,KT-CHINABOND-A,KT-CHINABOND-A,KT-CHINABOND,ตราสารหนี้,บริษัทหลักทรัพย์จัดการกองทุน กรุงไทย จำกัด (มหาชน),KRUNG THAI ASSET MANAGEMENT PUBLIC COMPANY LIMITED ,ตราสารหนี้,2021-05-06,2026-07-30,59.0,63.0,0.9365079365079365,1.0,2024-07,2024-10
M0636_2567,C0000000460,main,main,KT-GPEQ-UI,ทรัพย์สินทางเลือก,บริษัทหลักทรัพย์จัดการกองทุน กรุงไทย จำกัด (มหาชน),KRUNG THAI ASSET MANAGEMENT PUBLIC COMPANY LIMITED ,ทรัพย์สินทางเลือก,2025-02-03,2026-06-30,17.0,17.0,1.0,0.0,,
M0443_2568,C0000000239,SCBT70X(25A),SCBT70X(25A),SCBT70X,ผสม,บริษัทหลักทรัพย์จัดการกองทุน ไทยพาณิชย์ จำกัด,SCB ASSET MANAGEMENT COMPANY LIMITED,ผสม,2025-05-09,2026-07-30,15.0,15.0,1.0,0.0,,
M0485_2557,C0000033452,ES-ASIA-A,ES-ASIA-A,ES-ASIA,ตราสารทุน,บริษัทหลักทรัพย์จัดการกองทุน อีสท์สปริง (ประเทศไทย) จำกัด,EASTSPRING ASSET MANAGEMENT (THAILAND) COMPANY LIMITED,ตราสารทุน,2024-11-14,2026-07-27,21.0,21.0,1.0,0.0,,
M0006_2539,C0000000239,SCBRF,SCBRF,SCBRFFUND,ตราสารหนี้,บริษัทหลักทรัพย์จัดการกองทุน ไทยพาณิชย์ จำกัด,SCB ASSET MANAGEMENT COMPANY LIMITED,ตราสารหนี้,2026-07-21,2026-07-31,1.0,1.0,1.0,0.0,,
M0124_2552,C0000000709,main,main,KF-OIL,ทรัพย์สินทางเลือก,บริษัทหลักทรัพย์จัดการกองทุน กรุงศรี จำกัด,KRUNGSRI ASSET MANAGEMENT COMPANY LIMITED,ทรัพย์สินทางเลือก,2015-01-05,2026-07-30,135.0,139.0,0.9712230215827338,1.0,2024-07,2024-10
M0455_2561,C0000000021,main,main,K-GPE19A-UI,ผสม,บริษัทหลักทรัพย์จัดการกองทุน กสิกรไทย จำกัด,KASIKORN ASSET MANAGEMENT COMPANY LIMITED,ผสม,2019-05-29,2026-07-20,36.0,87.0,0.41379310344827586,25.0,2024-04,2024-09
M0375_2564,C0000000623,UGFT,UGFT,UGFT-M,ตราสารทุน,บริษัทหลักทรัพย์จัดการกองทุน ยูโอบี (ประเทศไทย) จำกัด,UOB ASSET MANAGEMENT (THAILAND) COMPANY LIMITED,ตราสารทุน,2021-11-03,2026-07-30,53.0,57.0,0.9298245614035088,1.0,2024-07,2024-10
M0708_2562,C0000033452,ES-GSBOND-A,ES-GSBOND-A,ES-GSBOND,ตราสารหนี้,บริษัทหลักทรัพย์จัดการกองทุน อีสท์สปริง (ประเทศไทย) จำกัด,EASTSPRING ASSET MANAGEMENT (THAILAND) COMPANY LIMITED,ตราสารหนี้,2020-01-21,2026-07-30,75.0,79.0,0.9493670886075949,1.0,2024-07,2024-10
M0371_2565,C0000005025,KKP PREIT-UI,KKP PREIT-UI,KKP PREIT-UI FUND,ทรัพย์สินทางเลือก,บริษัทหลักทรัพย์จัดการกองทุน เกียรตินาคินภัทร จำกัด,KIATNAKIN PHATRA ASSET MANAGEMENT COMPANY LIMITED,ทรัพย์สินทางเลือก,2022-09-16,2026-07-01,44.0,47.0,0.9361702127659575,1.0,2024-07,2024-09
M0583_2568,C0000000329,main,main,BCAP-GMA UH,ผสม,บริษัทหลักทรัพย์จัดการกองทุนรวม  บัวหลวง จำกัด,BBL ASSET MANAGEMENT COMPANY LIMITED,ผสม,2025-09-26,2026-07-27,11.0,11.0,1.0,0.0,,
M0110_2564,C0000000239,SCBGEX(A),SCBGEX(A),SCBGEX,ตราสารทุน,บริษัทหลักทรัพย์จัดการกองทุน ไทยพาณิชย์ จำกัด,SCB ASSET MANAGEMENT COMPANY LIMITED,ตราสารทุน,2021-05-21,2026-07-27,59.0,63.0,0.9365079365079365,1.0,2024-07,2024-10
M0571_2567,C0000000239,SCBTB(A),SCBTB(A),SCBTB,ตราสารหนี้,บริษัทหลักทรัพย์จัดการกองทุน ไทยพาณิชย์ จำกัด,SCB ASSET MANAGEMENT COMPANY LIMITED,ตราสารหนี้,,,,,,,,
M0074_2560,C0000005531,main,main,PRINCIPAL GREITs,ทรัพย์สินทางเลือก,บริษัทหลักทรัพย์จัดการกองทุน พรินซิเพิล จำกัด,PRINCIPAL ASSET MANAGEMENT COMPANY LIMITED,ทรัพย์สินทางเลือก,2017-02-27,2026-07-27,110.0,114.0,0.9649122807017544,1.0,2024-07,2024-10
M0698_2547,C0000000290,main,main,ABTOPP,ผสม,บริษัทหลักทรัพย์จัดการกองทุน อเบอร์ดีน (ประเทศไทย) จำกัด,ABERDEEN ASSET MANAGEMENT (THAILAND) LIMITED,ผสม,2015-01-05,2026-07-31,122.0,139.0,0.8776978417266187,1.0,2024-07,2025-11
M0150_2561,C0000000709,KFHTECH-A,KFHTECH-A,KFHTECH,ตราสารทุน,บริษัทหลักทรัพย์จัดการกองทุน กรุงศรี จำกัด,KRUNGSRI ASSET MANAGEMENT COMPANY LIMITED,ตราสารทุน,2019-05-21,2026-07-30,83.0,87.0,0.9540229885057471,1.0,2024-07,2024-10
M0092_2567,C0000000329,main,main,B-SI-THAIESG,ตราสารหนี้,บริษัทหลักทรัพย์จัดการกองทุนรวม  บัวหลวง จำกัด,BBL ASSET MANAGEMENT COMPANY LIMITED,ตราสารหนี้,2024-04-11,2026-07-31,24.0,28.0,0.8571428571428571,1.0,2024-07,2024-10
M0163_2556,C0000000324,main,main,TUSREIT,ทรัพย์สินทางเลือก,บริษัทหลักทรัพย์จัดการกองทุน ทิสโก้,TISCO ASSET MANAGEMENT COMPANY LIMITED,ทรัพย์สินทางเลือก,2015-01-05,2026-07-30,135.0,139.0,0.9712230215827338,1.0,2024-07,2024-10
M0613_2567,C0000000709,KFGDA-A,KFGDA-A,KFGDA,ผสม,บริษัทหลักทรัพย์จัดการกองทุน กรุงศรี จำกัด,KRUNGSRI ASSET MANAGEMENT COMPANY LIMITED,ผสม,2024-11-14,2026-07-30,21.0,21.0,1.0,0.0,,
M0330_2558,C0000033452,main,main,ES-GQGRMF,ตราสารทุน,บริษัทหลักทรัพย์จัดการกองทุน อีสท์สปริง (ประเทศไทย) จำกัด,EASTSPRING ASSET MANAGEMENT (THAILAND) COMPANY LIMITED,ตราสารทุน,2015-08-11,2026-07-30,128.0,132.0,0.9696969696969697,1.0,2024-07,2024-10
M0047_2566,C0000000329,main,main,B-DYNAMIC BOND,ตราสารหนี้,บริษัทหลักทรัพย์จัดการกองทุนรวม  บัวหลวง จำกัด,BBL ASSET MANAGEMENT COMPANY LIMITED,ตราสารหนี้,2023-03-30,2026-07-27,37.0,41.0,0.9024390243902439,1.0,2024-07,2024-10
M0626_2567,C0000006099,main,main,X-PEGINFRA-UI,ทรัพย์สินทางเลือก,บริษัทหลักทรัพย์จัดการกองทุน เอ็กซ์สปริง จำกัด,XSPRING ASSET MANAGEMENT COMPANY LIMITED,ทรัพย์สินทางเลือก,2026-01-22,2026-07-27,7.0,7.0,1.0,0.0,,
M0511_2568,C0000031161,main,main,AIA-GAA-UH,ผสม,บริษัทหลักทรัพย์จัดการกองทุน เอไอเอ (ประเทศไทย) จำกัด,AIA INVESTMENT MANAGEMENT (THAILAND) LIMITED,ผสม,2025-12-09,2026-07-30,8.0,8.0,1.0,0.0,,
M0259_2551,C0000000329,main,main,IN-RMF,ตราสารทุน,บริษัทหลักทรัพย์จัดการกองทุนรวม  บัวหลวง จำกัด,BBL ASSET MANAGEMENT COMPANY LIMITED,ตราสารทุน,2015-01-05,2026-07-31,129.0,139.0,0.9280575539568345,2.0,2017-03,2017-08
M0031_2543,C0000000460,KTFIXPLUS-A,KTFIXPLUS-A,KTFIXPLUS,ตราสารหนี้,บริษัทหลักทรัพย์จัดการกองทุน กรุงไทย จำกัด (มหาชน),KRUNG THAI ASSET MANAGEMENT PUBLIC COMPANY LIMITED ,ตราสารหนี้,2015-01-05,2026-07-31,135.0,139.0,0.9712230215827338,1.0,2024-07,2024-10
M0334_2563,C0000006646,LHGOLD-A,LHGOLD-A,LHGOLD,ทรัพย์สินทางเลือก,บริษัทหลักทรัพย์จัดการกองทุน แลนด์ แอนด์ เฮ้าส์ จำกัด,LAND AND HOUSES FUND MANAGEMENT COMPANY LIMITED,ทรัพย์สินทางเลือก,2020-08-14,2026-07-30,68.0,72.0,0.9444444444444444,1.0,2024-07,2024-10
M0151_2563,C0000000239,SCB70-SSF,SCB70-SSF,SCB70SSF,ผสม,บริษัทหลักทรัพย์จัดการกองทุน ไทยพาณิชย์ จำกัด,SCB ASSET MANAGEMENT COMPANY LIMITED,ผสม,,,,,,,,
M0645_2558,C0000005025,KKP GNP,KKP GNP,KKP GNP FUND,ตราสารทุน,บริษัทหลักทรัพย์จัดการกองทุน เกียรตินาคินภัทร จำกัด,KIATNAKIN PHATRA ASSET MANAGEMENT COMPANY LIMITED,ตราสารทุน,2015-12-04,2026-07-30,124.0,128.0,0.96875,1.0,2024-07,2024-10
M0799_2568,C0000005531,PRINCIPAL MYRFIUH-A,PRINCIPAL MYRFIUH-A,PRINCIPAL MYRFIUH,ตราสารหนี้,บริษัทหลักทรัพย์จัดการกองทุน พรินซิเพิล จำกัด,PRINCIPAL ASSET MANAGEMENT COMPANY LIMITED,ตราสารหนี้,2025-09-29,2026-07-30,11.0,11.0,1.0,0.0,,
M0206_2552,C0000005022,main,main,ASP-GOLD,ทรัพย์สินทางเลือก,บริษัทหลักทรัพย์จัดการกองทุน แอสเซท พลัส จำกัด,ASSET PLUS FUND MANAGEMENT COMPANY LIMITED,ทรัพย์สินทางเลือก,2015-01-05,2026-07-31,135.0,139.0,0.9712230215827338,1.0,2024-07,2024-10
M0181_2559,C0000000460,KT-PIF-A,KT-PIF-A,KT-PIF,ผสม,บริษัทหลักทรัพย์จัดการกองทุน กรุงไทย จำกัด (มหาชน),KRUNG THAI ASSET MANAGEMENT PUBLIC COMPANY LIMITED ,ผสม,2016-08-01,2026-07-31,116.0,120.0,0.9666666666666667,1.0,2024-07,2024-10
M0492_2547,C0000000623,UTCG-LN,UTCG-LN,UTCG-M,ตราสารทุน,บริษัทหลักทรัพย์จัดการกองทุน ยูโอบี (ประเทศไทย) จำกัด,UOB ASSET MANAGEMENT (THAILAND) COMPANY LIMITED,ตราสารทุน,2025-12-24,2026-07-31,8.0,8.0,1.0,0.0,,
M0522_2567,C0000000709,KFGBTHAIESG-A,KFGBTHAIESG-A,KFGBTHAIESG,ตราสารหนี้,บริษัทหลักทรัพย์จัดการกองทุน กรุงศรี จำกัด,KRUNGSRI ASSET MANAGEMENT COMPANY LIMITED,ตราสารหนี้,2024-11-18,2026-07-31,21.0,21.0,1.0,0.0,,
M0296_2553,C0000033452,main,main,ES-OIL,ทรัพย์สินทางเลือก,บริษัทหลักทรัพย์จัดการกองทุน อีสท์สปริง (ประเทศไทย) จำกัด,EASTSPRING ASSET MANAGEMENT (THAILAND) COMPANY LIMITED,ทรัพย์สินทางเลือก,2015-01-05,2026-07-30,135.0,139.0,0.9712230215827338,1.0,2024-07,2024-10
M0861_2553,C0000000021,main,main,K-GARMF,ผสม,บริษัทหลักทรัพย์จัดการกองทุน กสิกรไทย จำกัด,KASIKORN ASSET MANAGEMENT COMPANY LIMITED,ผสม,2015-01-06,2026-07-30,131.0,139.0,0.9424460431654677,1.0,2024-07,2025-02
M0166_2560,C0000005531,PRINCIPAL GOPP-A,PRINCIPAL GOPP-A,PRINCIPAL GOPP,ตราสารทุน,บริษัทหลักทรัพย์จัดการกองทุน พรินซิเพิล จำกัด,PRINCIPAL ASSET MANAGEMENT COMPANY LIMITED,ตราสารทุน,2017-05-11,2026-07-30,107.0,111.0,0.963963963963964,1.0,2024-07,2024-10
M0105_2545,C0000000709,main,main,KFMTFIRMF,ตราสารหนี้,บริษัทหลักทรัพย์จัดการกองทุน กรุงศรี จำกัด,KRUNGSRI ASSET MANAGEMENT COMPANY LIMITED,ตราสารหนี้,2015-01-05,2026-07-31,135.0,139.0,0.9712230215827338,1.0,2024-07,2024-10
M0286_2553,C0000000023,main,main,I-GOLDRMF,ทรัพย์สินทางเลือก,บริษัทหลักทรัพย์จัดการกองทุน เอ็มเอฟซี จำกัด (มหาชน),MFC ASSET MANAGEMENT PUBLIC COMPANY LIMITED ,ทรัพย์สินทางเลือก,2015-01-05,2026-07-31,135.0,139.0,0.9712230215827338,1.0,2024-07,2024-10
M0357_2559,C0000000460,KTWG-A,KTWG-A,KTWG,ผสม,บริษัทหลักทรัพย์จัดการกองทุน กรุงไทย จำกัด (มหาชน),KRUNG THAI ASSET MANAGEMENT PUBLIC COMPANY LIMITED ,ผสม,2017-01-19,2026-07-31,103.0,115.0,0.8956521739130435,2.0,2017-03,2017-10
M0799_2566,C0000000021,K-TNZ-A(A),K-TNZ-A(A),K-TNZ,ตราสารทุน,บริษัทหลักทรัพย์จัดการกองทุน กสิกรไทย จำกัด,KASIKORN ASSET MANAGEMENT COMPANY LIMITED,ตราสารทุน,2024-02-22,2026-07-31,26.0,30.0,0.8666666666666667,1.0,2024-07,2024-10
M0609_2569,C0000000329,main,main,B11/26,ตราสารหนี้,บริษัทหลักทรัพย์จัดการกองทุนรวม  บัวหลวง จำกัด,BBL ASSET MANAGEMENT COMPANY LIMITED,ตราสารหนี้,2026-06-17,2026-07-31,2.0,2.0,1.0,0.0,,
M0555_2560,C0000033452,main,main,ES-GPROP,ทรัพย์สินทางเลือก,บริษัทหลักทรัพย์จัดการกองทุน อีสท์สปริง (ประเทศไทย) จำกัด,EASTSPRING ASSET MANAGEMENT (THAILAND) COMPANY LIMITED,ทรัพย์สินทางเลือก,2017-11-22,2026-07-30,101.0,105.0,0.9619047619047619,1.0,2024-07,2024-10
M0054_2569,C0000000239,main,main,SCBCR1YAH,ผสม,บริษัทหลักทรัพย์จัดการกองทุน ไทยพาณิชย์ จำกัด,SCB ASSET MANAGEMENT COMPANY LIMITED,ผสม,2026-07-07,2026-07-31,1.0,1.0,1.0,0.0,,
M0160_2564,C0000005531,PRINCIPAL CHTECH-A,PRINCIPAL CHTECH-A,PRINCIPAL CHTECH,ตราสารทุน,บริษัทหลักทรัพย์จัดการกองทุน พรินซิเพิล จำกัด,PRINCIPAL ASSET MANAGEMENT COMPANY LIMITED,ตราสารทุน,2021-05-19,2026-07-30,59.0,63.0,0.9365079365079365,1.0,2024-07,2024-10
M0243_2569,C0000000329,main,main,B3/26,ตราสารหนี้,บริษัทหลักทรัพย์จัดการกองทุนรวม  บัวหลวง จำกัด,BBL ASSET MANAGEMENT COMPANY LIMITED,ตราสารหนี้,2026-03-11,2026-07-31,5.0,5.0,1.0,0.0,,
M0697_2562,C0000000329,main,main,BCAP-GPROP,ทรัพย์สินทางเลือก,บริษัทหลักทรัพย์จัดการกองทุนรวม  บัวหลวง จำกัด,BBL ASSET MANAGEMENT COMPANY LIMITED,ทรัพย์สินทางเลือก,2020-03-31,2026-07-27,73.0,77.0,0.948051948051948,1.0,2024-07,2024-10
M0350_2563,C0000000021,K-ASIACV-A(A),K-ASIACV-A(A),K-ASIACV,ผสม,บริษัทหลักทรัพย์จัดการกองทุน กสิกรไทย จำกัด,KASIKORN ASSET MANAGEMENT COMPANY LIMITED,ผสม,2020-08-17,2026-07-27,68.0,72.0,0.9444444444444444,1.0,2024-07,2024-10
M0277_2564,C0000000239,SCBBLOC(A),SCBBLOC(A),SCBBLOC,ตราสารทุน,บริษัทหลักทรัพย์จัดการกองทุน ไทยพาณิชย์ จำกัด,SCB ASSET MANAGEMENT COMPANY LIMITED,ตราสารทุน,2021-08-10,2026-07-30,56.0,60.0,0.9333333333333333,1.0,2024-07,2024-10
M0605_2546,C0000033452,main,main,ES-MRMF,ตราสารหนี้,บริษัทหลักทรัพย์จัดการกองทุน อีสท์สปริง (ประเทศไทย) จำกัด,EASTSPRING ASSET MANAGEMENT (THAILAND) COMPANY LIMITED,ตราสารหนี้,2015-01-05,2026-07-31,135.0,139.0,0.9712230215827338,1.0,2024-07,2024-10
M0581_2563,C0000000329,main,main,BCAP-GOLD,ทรัพย์สินทางเลือก,บริษัทหลักทรัพย์จัดการกองทุนรวม  บัวหลวง จำกัด,BBL ASSET MANAGEMENT COMPANY LIMITED,ทรัพย์สินทางเลือก,2020-12-30,2026-07-27,64.0,68.0,0.9411764705882353,1.0,2024-07,2024-10
M0219_2563,C0000000329,main,main,BM70SSF,ผสม,บริษัทหลักทรัพย์จัดการกองทุนรวม  บัวหลวง จำกัด,BBL ASSET MANAGEMENT COMPANY LIMITED,ผสม,2020-06-05,2026-07-31,70.0,74.0,0.9459459459459459,1.0,2024-07,2024-10
M0423_2560,C0000005531,PRINCIPAL  VNEQ-E,PRINCIPAL  VNEQ-E,PRINCIPAL VNEQ,ตราสารทุน,บริษัทหลักทรัพย์จัดการกองทุน พรินซิเพิล จำกัด,PRINCIPAL ASSET MANAGEMENT COMPANY LIMITED,ตราสารทุน,,,,,,,,
M0838_2568,C0000000021,K-ESGBF-A,K-ESGBF-A,K-ESGBF,ตราสารหนี้,บริษัทหลักทรัพย์จัดการกองทุน กสิกรไทย จำกัด,KASIKORN ASSET MANAGEMENT COMPANY LIMITED,ตราสารหนี้,,,,,,,,
M0768_2555,C0000000569,main,main,ONEPROP-RMF,ทรัพย์สินทางเลือก,บริษัทหลักทรัพย์จัดการกองทุน วรรณ จำกัด,ONE ASSET MANAGEMENT LIMITED,ทรัพย์สินทางเลือก,2015-01-05,2026-07-31,135.0,139.0,0.9712230215827338,1.0,2024-07,2024-10
M0351_2563,C0000031161,main,main,AIA-GMA,ผสม,บริษัทหลักทรัพย์จัดการกองทุน เอไอเอ (ประเทศไทย) จำกัด,AIA INVESTMENT MANAGEMENT (THAILAND) LIMITED,ผสม,2020-12-01,2026-07-30,64.0,68.0,0.9411764705882353,1.0,2024-07,2024-10
M0663_2557,C0000000329,main,main,B-ASIA,ตราสารทุน,บริษัทหลักทรัพย์จัดการกองทุนรวม  บัวหลวง จำกัด,BBL ASSET MANAGEMENT COMPANY LIMITED,ตราสารทุน,2015-04-03,2026-07-27,126.0,136.0,0.9264705882352942,2.0,2017-03,2017-08
M0112_2569,C0000000329,main,main,BP3/26 (AI),ตราสารหนี้,บริษัทหลักทรัพย์จัดการกองทุนรวม  บัวหลวง จำกัด,BBL ASSET MANAGEMENT COMPANY LIMITED,ตราสารหนี้,2026-02-13,2026-07-31,6.0,6.0,1.0,0.0,,
M0386_2553,C0000000023,IREITG,IREITG,I-REITs,ทรัพย์สินทางเลือก,บริษัทหลักทรัพย์จัดการกองทุน เอ็มเอฟซี จำกัด (มหาชน),MFC ASSET MANAGEMENT PUBLIC COMPANY LIMITED ,ทรัพย์สินทางเลือก,2015-01-05,2026-07-30,135.0,139.0,0.9712230215827338,1.0,2024-07,2024-10
M0231_2559,C0000005531,PRINCIPAL MAINCOME-A,PRINCIPAL MAINCOME-A,PRINCIPAL MAINCOME,ผสม,บริษัทหลักทรัพย์จัดการกองทุน พรินซิเพิล จำกัด,PRINCIPAL ASSET MANAGEMENT COMPANY LIMITED,ผสม,2024-12-23,2026-07-30,20.0,20.0,1.0,0.0,,
M0690_2566,C0000005025,KKP NDQ100-UH,KKP NDQ100-UH,KKP NDQ100-UH FUND,ตราสารทุน,บริษัทหลักทรัพย์จัดการกองทุน เกียรตินาคินภัทร จำกัด,KIATNAKIN PHATRA ASSET MANAGEMENT COMPANY LIMITED,ตราสารทุน,2023-12-07,2026-07-30,28.0,32.0,0.875,1.0,2024-07,2024-10
M0488_2569,C0000000329,main,main,B8/26,ตราสารหนี้,บริษัทหลักทรัพย์จัดการกองทุนรวม  บัวหลวง จำกัด,BBL ASSET MANAGEMENT COMPANY LIMITED,ตราสารหนี้,2026-05-20,2026-07-30,3.0,3.0,1.0,0.0,,
M0563_2562,C0000006646,LHPROPG-A,LHPROPG-A,LHPROPG,ทรัพย์สินทางเลือก,บริษัทหลักทรัพย์จัดการกองทุน แลนด์ แอนด์ เฮ้าส์ จำกัด,LAND AND HOUSES FUND MANAGEMENT COMPANY LIMITED,ทรัพย์สินทางเลือก,2020-10-16,2026-07-24,66.0,70.0,0.9428571428571428,1.0,2024-07,2024-10
M0776_2567,C0000000021,K-BL30-A(A),K-BL30-A(A),K-BL30,ผสม,บริษัทหลักทรัพย์จัดการกองทุน กสิกรไทย จำกัด,KASIKORN ASSET MANAGEMENT COMPANY LIMITED,ผสม,,,,,,,,
M0597_2552,C0000000239,SCBSET50,SCBSET50,SCBSET50FUND,ตราสารทุน,บริษัทหลักทรัพย์จัดการกองทุน ไทยพาณิชย์ จำกัด,SCB ASSET MANAGEMENT COMPANY LIMITED,ตราสารทุน,2015-01-05,2026-07-27,135.0,139.0,0.9712230215827338,1.0,2024-07,2024-10
M0671_2569,C0000000329,main,main,B13/26,ตราสารหนี้,บริษัทหลักทรัพย์จัดการกองทุนรวม  บัวหลวง จำกัด,BBL ASSET MANAGEMENT COMPANY LIMITED,ตราสารหนี้,2026-07-30,2026-07-31,1.0,1.0,1.0,0.0,,
M0393_2551,C0000000021,main,main,K-AGRI,ทรัพย์สินทางเลือก,บริษัทหลักทรัพย์จัดการกองทุน กสิกรไทย จำกัด,KASIKORN ASSET MANAGEMENT COMPANY LIMITED,ทรัพย์สินทางเลือก,2015-01-05,2026-07-30,135.0,139.0,0.9712230215827338,1.0,2024-07,2024-10
M0513_2568,C0000000460,KTWC-INCOME-A,KTWC-INCOME-A,KTWC-INCOME,ผสม,บริษัทหลักทรัพย์จัดการกองทุน กรุงไทย จำกัด (มหาชน),KRUNG THAI ASSET MANAGEMENT PUBLIC COMPANY LIMITED ,ผสม,2025-06-23,2026-07-24,14.0,14.0,1.0,0.0,,
M0086_2564,C0000005531,PRINCIPAL GCLEAN-A,PRINCIPAL GCLEAN-A,PRINCIPAL GCLEAN,ตราสารทุน,บริษัทหลักทรัพย์จัดการกองทุน พรินซิเพิล จำกัด,PRINCIPAL ASSET MANAGEMENT COMPANY LIMITED,ตราสารทุน,2021-03-24,2026-07-30,61.0,65.0,0.9384615384615385,1.0,2024-07,2024-10
M0161_2569,C0000000239,SCBGOFIX(A),SCBGOFIX(A),SCBGOFIX,ตราสารหนี้,บริษัทหลักทรัพย์จัดการกองทุน ไทยพาณิชย์ จำกัด,SCB ASSET MANAGEMENT COMPANY LIMITED,ตราสารหนี้,2026-06-23,2026-07-27,2.0,2.0,1.0,0.0,,
M0336_2551,C0000000623,main,main,UOBSC,ทรัพย์สินทางเลือก,บริษัทหลักทรัพย์จัดการกองทุน ยูโอบี (ประเทศไทย) จำกัด,UOB ASSET MANAGEMENT (THAILAND) COMPANY LIMITED,ทรัพย์สินทางเลือก,2015-01-05,2026-07-27,135.0,139.0,0.9712230215827338,1.0,2024-07,2024-10
M0574_2547,C0000000023,MIF-G,MIF-G,MIF,ผสม,บริษัทหลักทรัพย์จัดการกองทุน เอ็มเอฟซี จำกัด (มหาชน),MFC ASSET MANAGEMENT PUBLIC COMPANY LIMITED ,ผสม,2015-01-05,2026-07-31,135.0,139.0,0.9712230215827338,1.0,2024-07,2024-10
M0472_2563,C0000031161,main,main,AIA-US500,ตราสารทุน,บริษัทหลักทรัพย์จัดการกองทุน เอไอเอ (ประเทศไทย) จำกัด,AIA INVESTMENT MANAGEMENT (THAILAND) LIMITED,ตราสารทุน,2021-03-29,2026-07-24,61.0,65.0,0.9384615384615385,1.0,2024-07,2024-10
M0422_2545,C0000033452,main,main,ES-FIXEDRMF,ตราสารหนี้,บริษัทหลักทรัพย์จัดการกองทุน อีสท์สปริง (ประเทศไทย) จำกัด,EASTSPRING ASSET MANAGEMENT (THAILAND) COMPANY LIMITED,ตราสารหนี้,2015-01-05,2026-07-31,135.0,139.0,0.9712230215827338,1.0,2024-07,2024-10
M0517_2569,C0000000569,ONE-GOLD-X-H,ONE-GOLD-X-H,ONE-GOLD,ทรัพย์สินทางเลือก,บริษัทหลักทรัพย์จัดการกองทุน วรรณ จำกัด,ONE ASSET MANAGEMENT LIMITED,ทรัพย์สินทางเลือก,,,,,,,,
M0586_2568,C0000000329,main,main,BCAP-GMAPLUS UH,ผสม,บริษัทหลักทรัพย์จัดการกองทุนรวม  บัวหลวง จำกัด,BBL ASSET MANAGEMENT COMPANY LIMITED,ผสม,2025-09-26,2026-07-27,11.0,11.0,1.0,0.0,,
M0023_2538,C0000000021,K-VALUE-A(A),K-VALUE-A(A),K-VALUE,ตราสารทุน,บริษัทหลักทรัพย์จัดการกองทุน กสิกรไทย จำกัด,KASIKORN ASSET MANAGEMENT COMPANY LIMITED,ตราสารทุน,2025-07-03,2026-07-31,13.0,13.0,1.0,0.0,,
M0554_2566,C0000000709,KF-SINCOME-FX-A,KF-SINCOME-FX-A,KF-SINCOME-FX,ตราสารหนี้,บริษัทหลักทรัพย์จัดการกองทุน กรุงศรี จำกัด,KRUNGSRI ASSET MANAGEMENT COMPANY LIMITED,ตราสารหนี้,2025-02-28,2026-07-27,18.0,18.0,1.0,0.0,,
M0285_2560,C0000006185,FP APREIT-A,FP APREIT-A,FP APREIT,ทรัพย์สินทางเลือก,บริษัทหลักทรัพย์จัดการกองทุน เฟิร์ส พลัส (ประเทศไทย) จำกัด,FIRST PLUS ASSET MANAGEMENT (THAILAND) COMPANY LIMITED,ทรัพย์สินทางเลือก,2025-09-01,2026-07-31,11.0,11.0,1.0,0.0,,
M0573_2566,C0000000021,main,main,K-WPBALRMF,ผสม,บริษัทหลักทรัพย์จัดการกองทุน กสิกรไทย จำกัด,KASIKORN ASSET MANAGEMENT COMPANY LIMITED,ผสม,2023-11-13,2026-07-30,25.0,33.0,0.7575757575757576,1.0,2024-07,2025-02
M0512_2546,C0000000569,1AMSET50-IA,1AMSET50-IA,1AMSET50,ตราสารทุน,บริษัทหลักทรัพย์จัดการกองทุน วรรณ จำกัด,ONE ASSET MANAGEMENT LIMITED,ตราสารทุน,,,,,,,,
M0414_2547,C0000005025,KKP  INRMF-F,KKP  INRMF-F,KKP INRMF FUND,ตราสารหนี้,บริษัทหลักทรัพย์จัดการกองทุน เกียรตินาคินภัทร จำกัด,KIATNAKIN PHATRA ASSET MANAGEMENT COMPANY LIMITED,ตราสารหนี้,,,,,,,,
M1072_2568,C0000000324,main,main,TGOLD5M2,ทรัพย์สินทางเลือก,บริษัทหลักทรัพย์จัดการกองทุน ทิสโก้,TISCO ASSET MANAGEMENT COMPANY LIMITED,ทรัพย์สินทางเลือก,2026-03-31,2026-07-27,5.0,5.0,1.0,0.0,,
M0161_2563,C0000000021,main,main,K-SUPSTAR-SSFX,ผสม,บริษัทหลักทรัพย์จัดการกองทุน กสิกรไทย จำกัด,KASIKORN ASSET MANAGEMENT COMPANY LIMITED,ผสม,2020-03-30,2026-07-31,73.0,77.0,0.948051948051948,1.0,2024-07,2024-10
M0315_2547,C0000000021,K-EQD-A(A),K-EQD-A(A),K-EQD,ตราสารทุน,บริษัทหลักทรัพย์จัดการกองทุน กสิกรไทย จำกัด,KASIKORN ASSET MANAGEMENT COMPANY LIMITED,ตราสารทุน,,,,,,,,
M0779_2567,C0000000623,UTSB-D,UTSB-D,UTSB,ตราสารหนี้,บริษัทหลักทรัพย์จัดการกองทุน ยูโอบี (ประเทศไทย) จำกัด,UOB ASSET MANAGEMENT (THAILAND) COMPANY LIMITED,ตราสารหนี้,,,,,,,,
M0654_2551,C0000000023,main,main,I-OIL,ทรัพย์สินทางเลือก,บริษัทหลักทรัพย์จัดการกองทุน เอ็มเอฟซี จำกัด (มหาชน),MFC ASSET MANAGEMENT PUBLIC COMPANY LIMITED ,ทรัพย์สินทางเลือก,2015-01-05,2026-07-30,135.0,139.0,0.9712230215827338,1.0,2024-07,2024-10
M0393_2564,C0000000021,K-ALLRD-UI-A(A),K-ALLRD-UI-A(A),K-ALLRD-UI,ผสม,บริษัทหลักทรัพย์จัดการกองทุน กสิกรไทย จำกัด,KASIKORN ASSET MANAGEMENT COMPANY LIMITED,ผสม,2021-10-28,2026-07-27,54.0,58.0,0.9310344827586207,1.0,2024-07,2024-10
M0557_2552,C0000000460,KT-FINANCE-A,KT-FINANCE-A,KT-FINANCE,ตราสารทุน,บริษัทหลักทรัพย์จัดการกองทุน กรุงไทย จำกัด (มหาชน),KRUNG THAI ASSET MANAGEMENT PUBLIC COMPANY LIMITED ,ตราสารทุน,2015-01-06,2026-07-30,135.0,139.0,0.9712230215827338,1.0,2024-07,2024-10
M0688_2568,C0000000021,main,main,K-GDBONDUH,ตราสารหนี้,บริษัทหลักทรัพย์จัดการกองทุน กสิกรไทย จำกัด,KASIKORN ASSET MANAGEMENT COMPANY LIMITED,ตราสารหนี้,2025-08-14,2026-07-27,12.0,12.0,1.0,0.0,,
M0503_2562,C0000000324,main,main,TGREIT,ทรัพย์สินทางเลือก,บริษัทหลักทรัพย์จัดการกองทุน ทิสโก้,TISCO ASSET MANAGEMENT COMPANY LIMITED,ทรัพย์สินทางเลือก,2019-09-11,2026-07-27,79.0,83.0,0.9518072289156626,1.0,2024-07,2024-10
M0177_2550,C0000000709,KF-DB70-D,KF-DB70-D,KF-DB70,ผสม,บริษัทหลักทรัพย์จัดการกองทุน กรุงศรี จำกัด,KRUNGSRI ASSET MANAGEMENT COMPANY LIMITED,ผสม,2025-12-29,2026-07-31,8.0,8.0,1.0,0.0,,
M0642_2558,C0000000460,KT-INDIA-A,KT-INDIA-A,KT-INDIA,ตราสารทุน,บริษัทหลักทรัพย์จัดการกองทุน กรุงไทย จำกัด (มหาชน),KRUNG THAI ASSET MANAGEMENT PUBLIC COMPANY LIMITED ,ตราสารทุน,2016-02-10,2026-07-30,122.0,126.0,0.9682539682539683,1.0,2024-07,2024-10
M0539_2569,C0000000460,main,main,KTGOV3M62,ตราสารหนี้,บริษัทหลักทรัพย์จัดการกองทุน กรุงไทย จำกัด (มหาชน),KRUNG THAI ASSET MANAGEMENT PUBLIC COMPANY LIMITED ,ตราสารหนี้,2026-05-25,2026-07-31,3.0,3.0,1.0,0.0,,
M0568_2554,C0000000569,main,main,ONEPROP-SG,ทรัพย์สินทางเลือก,บริษัทหลักทรัพย์จัดการกองทุน วรรณ จำกัด,ONE ASSET MANAGEMENT LIMITED,ทรัพย์สินทางเลือก,2015-01-05,2026-07-27,135.0,139.0,0.9712230215827338,1.0,2024-07,2024-10
M0466_2569,C0000000329,main,main,B-WEALTHG,ผสม,บริษัทหลักทรัพย์จัดการกองทุนรวม  บัวหลวง จำกัด,BBL ASSET MANAGEMENT COMPANY LIMITED,ผสม,2026-07-14,2026-07-27,1.0,1.0,1.0,0.0,,
M0850_2566,C0000000239,SCBTP(A),SCBTP(A),SCBTP,ตราสารทุน,บริษัทหลักทรัพย์จัดการกองทุน ไทยพาณิชย์ จำกัด,SCB ASSET MANAGEMENT COMPANY LIMITED,ตราสารทุน,,,,,,,,
M0547_2569,C0000000329,main,main,B9/26,ตราสารหนี้,บริษัทหลักทรัพย์จัดการกองทุนรวม  บัวหลวง จำกัด,BBL ASSET MANAGEMENT COMPANY LIMITED,ตราสารหนี้,2026-05-25,2026-07-31,3.0,3.0,1.0,0.0,,
M0274_2567,C0000006646,LHGPAFUI-A,LHGPAFUI-A,LHGPAFUI,ทรัพย์สินทางเลือก,บริษัทหลักทรัพย์จัดการกองทุน แลนด์ แอนด์ เฮ้าส์ จำกัด,LAND AND HOUSES FUND MANAGEMENT COMPANY LIMITED,ทรัพย์สินทางเลือก,2024-11-14,2026-07-30,21.0,21.0,1.0,0.0,,
M0162_2569,C0000000239,main,main,SCBCR1YAK,ผสม,บริษัทหลักทรัพย์จัดการกองทุน ไทยพาณิชย์ จำกัด,SCB ASSET MANAGEMENT COMPANY LIMITED,ผสม,2026-02-25,2026-07-31,6.0,6.0,1.0,0.0,,
M0651_2560,C0000000329,main,main,B-CHINE-EQ,ตราสารทุน,บริษัทหลักทรัพย์จัดการกองทุนรวม  บัวหลวง จำกัด,BBL ASSET MANAGEMENT COMPANY LIMITED,ตราสารทุน,2018-03-09,2026-07-30,97.0,101.0,0.9603960396039604,1.0,2024-07,2024-10
M0401_2569,C0000000329,main,main,B6/26,ตราสารหนี้,บริษัทหลักทรัพย์จัดการกองทุนรวม  บัวหลวง จำกัด,BBL ASSET MANAGEMENT COMPANY LIMITED,ตราสารหนี้,2026-04-21,2026-07-31,4.0,4.0,1.0,0.0,,
M1149_2568,C0000000324,main,main,TGOLD-UH,ทรัพย์สินทางเลือก,บริษัทหลักทรัพย์จัดการกองทุน ทิสโก้,TISCO ASSET MANAGEMENT COMPANY LIMITED,ทรัพย์สินทางเลือก,2026-02-11,2026-07-30,6.0,6.0,1.0,0.0,,
M0526_2564,C0000031161,main,main,AIA-TAA,ผสม,บริษัทหลักทรัพย์จัดการกองทุน เอไอเอ (ประเทศไทย) จำกัด,AIA INVESTMENT MANAGEMENT (THAILAND) LIMITED,ผสม,2022-04-04,2026-07-31,48.0,52.0,0.9230769230769231,1.0,2024-07,2024-10
M0066_2560,C0000000021,main,main,K-SEMQ,ตราสารทุน,บริษัทหลักทรัพย์จัดการกองทุน กสิกรไทย จำกัด,KASIKORN ASSET MANAGEMENT COMPANY LIMITED,ตราสารทุน,2017-03-22,2026-07-30,109.0,113.0,0.9646017699115044,1.0,2024-07,2024-10
M0052_2569,C0000000329,main,main,BP2/26 (AI),ตราสารหนี้,บริษัทหลักทรัพย์จัดการกองทุนรวม  บัวหลวง จำกัด,BBL ASSET MANAGEMENT COMPANY LIMITED,ตราสารหนี้,2026-02-03,2026-07-31,6.0,6.0,1.0,0.0,,
M0641_2562,C0000028866,main,main,DAOL-USREIT,ทรัพย์สินทางเลือก,บริษัทหลักทรัพย์จัดการกองทุน ดาโอ จำกัด,DAOL INVESTMENT MANAGEMENT COMPANY LIMITED,ทรัพย์สินทางเลือก,2019-11-26,2026-07-30,77.0,81.0,0.9506172839506173,1.0,2024-07,2024-10
M0094_2561,C0000000239,SCBOPPA,SCBOPPA,SCBOPP,ผสม,บริษัทหลักทรัพย์จัดการกองทุน ไทยพาณิชย์ จำกัด,SCB ASSET MANAGEMENT COMPANY LIMITED,ผสม,2018-03-27,2026-07-27,97.0,101.0,0.9603960396039604,1.0,2024-07,2024-10
M0815_2566,C0000033452,ES-SETESG-A,ES-SETESG-A,ES-SETESG,ตราสารทุน,บริษัทหลักทรัพย์จัดการกองทุน อีสท์สปริง (ประเทศไทย) จำกัด,EASTSPRING ASSET MANAGEMENT (THAILAND) COMPANY LIMITED,ตราสารทุน,,,,,,,,
M0501_2567,C0000005025,KKP CASH,KKP CASH,KKP CASH FUND,ตราสารหนี้,บริษัทหลักทรัพย์จัดการกองทุน เกียรตินาคินภัทร จำกัด,KIATNAKIN PHATRA ASSET MANAGEMENT COMPANY LIMITED,ตราสารหนี้,2024-11-21,2026-07-30,21.0,21.0,1.0,0.0,,
M0650_2560,C0000033452,main,main,ES-GPROPRMF,ทรัพย์สินทางเลือก,บริษัทหลักทรัพย์จัดการกองทุน อีสท์สปริง (ประเทศไทย) จำกัด,EASTSPRING ASSET MANAGEMENT (THAILAND) COMPANY LIMITED,ทรัพย์สินทางเลือก,2018-02-05,2026-07-30,98.0,102.0,0.9607843137254902,1.0,2024-07,2024-10
M0461_2568,C0000000623,UMIX-TESGX-D,UMIX-TESGX-D,UMIX-TESGX,ผสม,บริษัทหลักทรัพย์จัดการกองทุน ยูโอบี (ประเทศไทย) จำกัด,UOB ASSET MANAGEMENT (THAILAND) COMPANY LIMITED,ผสม,2026-07-23,2026-07-30,1.0,1.0,1.0,0.0,,
M0015_2537,C0000000329,main,main,BTP,ตราสารทุน,บริษัทหลักทรัพย์จัดการกองทุนรวม  บัวหลวง จำกัด,BBL ASSET MANAGEMENT COMPANY LIMITED,ตราสารทุน,2015-01-05,2026-07-31,129.0,139.0,0.9280575539568345,2.0,2017-03,2017-08
M0494_2569,C0000000460,main,main,KTGOV6M33,ตราสารหนี้,บริษัทหลักทรัพย์จัดการกองทุน กรุงไทย จำกัด (มหาชน),KRUNG THAI ASSET MANAGEMENT PUBLIC COMPANY LIMITED ,ตราสารหนี้,2026-05-15,2026-07-31,3.0,3.0,1.0,0.0,,
M1183_2557,C0000000324,main,main,TJREIT,ทรัพย์สินทางเลือก,บริษัทหลักทรัพย์จัดการกองทุน ทิสโก้,TISCO ASSET MANAGEMENT COMPANY LIMITED,ทรัพย์สินทางเลือก,2015-02-03,2026-07-30,134.0,138.0,0.9710144927536232,1.0,2024-07,2024-10
M0512_2561,C0000005025,KKP CorePath Light,KKP CorePath Light,KKP CorePath Light FUND,ผสม,บริษัทหลักทรัพย์จัดการกองทุน เกียรตินาคินภัทร จำกัด,KIATNAKIN PHATRA ASSET MANAGEMENT COMPANY LIMITED,ผสม,2025-09-10,2026-07-27,11.0,11.0,1.0,0.0,,
M0055_2568,C0000024008,TLUSNDQ-UH-A,TLUSNDQ-UH-A,TLUSNDQ-UH,ตราสารทุน,บริษัทหลักทรัพย์จัดการกองทุน ทาลิส จำกัด,TALIS ASSET MANAGEMENT COMPANY LIMITED,ตราสารทุน,2025-12-29,2026-07-30,8.0,8.0,1.0,0.0,,
M0742_2569,C0000000021,main,main,K-GB3MP,ตราสารหนี้,บริษัทหลักทรัพย์จัดการกองทุน กสิกรไทย จำกัด,KASIKORN ASSET MANAGEMENT COMPANY LIMITED,ตราสารหนี้,2026-07-10,2026-07-31,1.0,1.0,1.0,0.0,,
M0280_2560,C0000000569,ONE-APACPROP-IA,ONE-APACPROP-IA,ONE-APACPROP,ทรัพย์สินทางเลือก,บริษัทหลักทรัพย์จัดการกองทุน วรรณ จำกัด,ONE ASSET MANAGEMENT LIMITED,ทรัพย์สินทางเลือก,,,,,,,,
M0311_2555,C0000000239,SCBSMART2,SCBSMART2,SCBSMART2FUND,ผสม,บริษัทหลักทรัพย์จัดการกองทุน ไทยพาณิชย์ จำกัด,SCB ASSET MANAGEMENT COMPANY LIMITED,ผสม,2015-01-05,2026-07-31,135.0,139.0,0.9712230215827338,1.0,2024-07,2024-10
M0288_2569,C0000033452,main,main,ES-GRID,ตราสารทุน,บริษัทหลักทรัพย์จัดการกองทุน อีสท์สปริง (ประเทศไทย) จำกัด,EASTSPRING ASSET MANAGEMENT (THAILAND) COMPANY LIMITED,ตราสารทุน,2026-04-02,2026-07-30,4.0,4.0,1.0,0.0,,
M0145_2569,C0000000709,main,main,KFSGB6M28,ตราสารหนี้,บริษัทหลักทรัพย์จัดการกองทุน กรุงศรี จำกัด,KRUNGSRI ASSET MANAGEMENT COMPANY LIMITED,ตราสารหนี้,2026-02-19,2026-07-31,6.0,6.0,1.0,0.0,,
M0043_2552,C0000000324,main,main,TISCOOIL,ทรัพย์สินทางเลือก,บริษัทหลักทรัพย์จัดการกองทุน ทิสโก้,TISCO ASSET MANAGEMENT COMPANY LIMITED,ทรัพย์สินทางเลือก,2015-01-05,2026-07-30,135.0,139.0,0.9712230215827338,1.0,2024-07,2024-10
M0110_2545,C0000000460,main,main,RMF1,ผสม,บริษัทหลักทรัพย์จัดการกองทุน กรุงไทย จำกัด (มหาชน),KRUNG THAI ASSET MANAGEMENT PUBLIC COMPANY LIMITED ,ผสม,2015-01-05,2026-07-31,135.0,139.0,0.9712230215827338,1.0,2024-07,2024-10
M0242_2568,C0000024008,main,main,TLTECH-UH,ตราสารทุน,บริษัทหลักทรัพย์จัดการกองทุน ทาลิส จำกัด,TALIS ASSET MANAGEMENT COMPANY LIMITED,ตราสารทุน,2025-04-24,2026-07-30,16.0,16.0,1.0,0.0,,
M0283_2569,C0000000021,main,main,K-GB6MCZ,ตราสารหนี้,บริษัทหลักทรัพย์จัดการกองทุน กสิกรไทย จำกัด,KASIKORN ASSET MANAGEMENT COMPANY LIMITED,ตราสารหนี้,2026-03-12,2026-07-31,5.0,5.0,1.0,0.0,,
M0247_2562,C0000000324,main,main,TAREIT,ทรัพย์สินทางเลือก,บริษัทหลักทรัพย์จัดการกองทุน ทิสโก้,TISCO ASSET MANAGEMENT COMPANY LIMITED,ทรัพย์สินทางเลือก,2019-06-18,2026-07-27,82.0,86.0,0.9534883720930233,1.0,2024-07,2024-10
M0025_2561,C0000000324,TGINC-A,TGINC-A,TGINC,ผสม,บริษัทหลักทรัพย์จัดการกองทุน ทิสโก้,TISCO ASSET MANAGEMENT COMPANY LIMITED,ผสม,2018-06-15,2026-07-27,94.0,98.0,0.9591836734693877,1.0,2024-07,2024-10
M0403_2569,C0000005025,KKP WIN-UH,KKP WIN-UH,KKP WIN-UH FUND,ตราสารทุน,บริษัทหลักทรัพย์จัดการกองทุน เกียรตินาคินภัทร จำกัด,KIATNAKIN PHATRA ASSET MANAGEMENT COMPANY LIMITED,ตราสารทุน,2026-07-06,2026-07-30,1.0,1.0,1.0,0.0,,
M0928_2556,C0000000460,main,main,KTFIX-1Y3Y,ตราสารหนี้,บริษัทหลักทรัพย์จัดการกองทุน กรุงไทย จำกัด (มหาชน),KRUNG THAI ASSET MANAGEMENT PUBLIC COMPANY LIMITED ,ตราสารหนี้,2015-01-05,2026-07-31,135.0,139.0,0.9712230215827338,1.0,2024-07,2024-10
M0235_2565,C0000005022,ASP-PRE-UI-A,ASP-PRE-UI-A,ASP-PRE-UI,ทรัพย์สินทางเลือก,บริษัทหลักทรัพย์จัดการกองทุน แอสเซท พลัส จำกัด,ASSET PLUS FUND MANAGEMENT COMPANY LIMITED,ทรัพย์สินทางเลือก,2022-07-26,2026-07-17,45.0,49.0,0.9183673469387755,1.0,2024-07,2024-10
M0141_2555,C0000033452,ES-AALF-A,ES-AALF-A,ES-AALF,ผสม,บริษัทหลักทรัพย์จัดการกองทุน อีสท์สปริง (ประเทศไทย) จำกัด,EASTSPRING ASSET MANAGEMENT (THAILAND) COMPANY LIMITED,ผสม,2025-06-05,2026-07-30,14.0,14.0,1.0,0.0,,
M0120_2564,C0000000239,SCBCTECH(IN),SCBCTECH(IN),SCBCTECH,ตราสารทุน,บริษัทหลักทรัพย์จัดการกองทุน ไทยพาณิชย์ จำกัด,SCB ASSET MANAGEMENT COMPANY LIMITED,ตราสารทุน,,,,,,,,
M0106_2569,C0000000460,main,main,KTGOV6M1S,ตราสารหนี้,บริษัทหลักทรัพย์จัดการกองทุน กรุงไทย จำกัด (มหาชน),KRUNG THAI ASSET MANAGEMENT PUBLIC COMPANY LIMITED ,ตราสารหนี้,2026-03-06,2026-07-31,5.0,5.0,1.0,0.0,,
M0187_2552,C0000005022,main,main,ASP-OIL,ทรัพย์สินทางเลือก,บริษัทหลักทรัพย์จัดการกองทุน แอสเซท พลัส จำกัด,ASSET PLUS FUND MANAGEMENT COMPANY LIMITED,ทรัพย์สินทางเลือก,2015-01-05,2026-07-30,135.0,139.0,0.9712230215827338,1.0,2024-07,2024-10
M0047_2569,C0000000239,main,main,SCBCR1YAG,ผสม,บริษัทหลักทรัพย์จัดการกองทุน ไทยพาณิชย์ จำกัด,SCB ASSET MANAGEMENT COMPANY LIMITED,ผสม,2026-02-03,2026-07-31,6.0,6.0,1.0,0.0,,
M0762_2565,C0000000709,KF-WORLD-INDX-A,KF-WORLD-INDX-A,KF-WORLD-INDX,ตราสารทุน,บริษัทหลักทรัพย์จัดการกองทุน กรุงศรี จำกัด,KRUNGSRI ASSET MANAGEMENT COMPANY LIMITED,ตราสารทุน,2025-02-28,2026-07-30,18.0,18.0,1.0,0.0,,
M0643_2562,C0000000709,main,main,KFENFIX,ตราสารหนี้,บริษัทหลักทรัพย์จัดการกองทุน กรุงศรี จำกัด,KRUNGSRI ASSET MANAGEMENT COMPANY LIMITED,ตราสารหนี้,2019-11-19,2026-07-31,77.0,81.0,0.9506172839506173,1.0,2024-07,2024-10
M0536_2552,C0000006122,main,main,PGOLD,ทรัพย์สินทางเลือก,บริษัทหลักทรัพย์จัดการกองทุนรวม  ฟิลลิป จำกัด,PHILLIP ASSET MANAGEMENT COMPANY LIMITED,ทรัพย์สินทางเลือก,2015-01-05,2026-07-31,135.0,139.0,0.9712230215827338,1.0,2024-07,2024-10
M0136_2545,C0000000709,main,main,KFTSRMF,ผสม,บริษัทหลักทรัพย์จัดการกองทุน กรุงศรี จำกัด,KRUNGSRI ASSET MANAGEMENT COMPANY LIMITED,ผสม,2015-01-05,2026-07-31,135.0,139.0,0.9712230215827338,1.0,2024-07,2024-10
M0110_2563,C0000000329,main,main,B-CHINAARMF,ตราสารทุน,บริษัทหลักทรัพย์จัดการกองทุนรวม  บัวหลวง จำกัด,BBL ASSET MANAGEMENT COMPANY LIMITED,ตราสารทุน,2020-11-05,2026-07-30,65.0,69.0,0.9420289855072463,1.0,2024-07,2024-10
M0277_2569,C0000000329,main,main,B4/26,ตราสารหนี้,บริษัทหลักทรัพย์จัดการกองทุนรวม  บัวหลวง จำกัด,BBL ASSET MANAGEMENT COMPANY LIMITED,ตราสารหนี้,2026-03-16,2026-07-31,5.0,5.0,1.0,0.0,,
M1084_2568,C0000000239,main,main,SCBUSDGOLD,ทรัพย์สินทางเลือก,บริษัทหลักทรัพย์จัดการกองทุน ไทยพาณิชย์ จำกัด,SCB ASSET MANAGEMENT COMPANY LIMITED,ทรัพย์สินทางเลือก,2026-02-20,2026-07-31,6.0,6.0,1.0,0.0,,
M0074_2545,C0000000324,TFPRMF-A,TFPRMF-A,TFPRMF,ผสม,บริษัทหลักทรัพย์จัดการกองทุน ทิสโก้,TISCO ASSET MANAGEMENT COMPANY LIMITED,ผสม,2015-01-05,2026-07-31,135.0,139.0,0.9712230215827338,1.0,2024-07,2024-10
M0512_2563,C0000000021,main,main,K-CHINARMF,ตราสารทุน,บริษัทหลักทรัพย์จัดการกองทุน กสิกรไทย จำกัด,KASIKORN ASSET MANAGEMENT COMPANY LIMITED,ตราสารทุน,2020-11-20,2026-07-30,61.0,69.0,0.8840579710144928,1.0,2024-07,2025-02
M0452_2569,C0000000329,main,main,B7/26,ตราสารหนี้,บริษัทหลักทรัพย์จัดการกองทุนรวม  บัวหลวง จำกัด,BBL ASSET MANAGEMENT COMPANY LIMITED,ตราสารหนี้,2026-05-06,2026-07-31,3.0,3.0,1.0,0.0,,
M0214_2567,C0000000021,main,main,K-GPEQ-UI,ทรัพย์สินทางเลือก,บริษัทหลักทรัพย์จัดการกองทุน กสิกรไทย จำกัด,KASIKORN ASSET MANAGEMENT COMPANY LIMITED,ทรัพย์สินทางเลือก,2024-05-14,2026-06-02,21.0,26.0,0.8076923076923077,1.0,2024-06,2024-10
M0575_2552,C0000000021,main,main,K-PLAN3,ผสม,บริษัทหลักทรัพย์จัดการกองทุน กสิกรไทย จำกัด,KASIKORN ASSET MANAGEMENT COMPANY LIMITED,ผสม,2015-01-05,2026-07-31,135.0,139.0,0.9712230215827338,1.0,2024-07,2024-10
M0501_2566,C0000005025,KKP PGE-UH,KKP PGE-UH,KKP PGE-UH FUND,ตราสารทุน,บริษัทหลักทรัพย์จัดการกองทุน เกียรตินาคินภัทร จำกัด,KIATNAKIN PHATRA ASSET MANAGEMENT COMPANY LIMITED,ตราสารทุน,2023-09-13,2026-07-30,31.0,35.0,0.8857142857142857,1.0,2024-07,2024-10
M0722_2566,C0000005531,PRINCIPAL GCREDIT-A,PRINCIPAL GCREDIT-A,PRINCIPAL GCREDIT,ตราสารหนี้,บริษัทหลักทรัพย์จัดการกองทุน พรินซิเพิล จำกัด,PRINCIPAL ASSET MANAGEMENT COMPANY LIMITED,ตราสารหนี้,2023-11-27,2026-07-24,29.0,33.0,0.8787878787878788,1.0,2024-07,2024-10
M0538_2568,C0000000023,MPEQS-UI-G,MPEQS-UI-G,MPEQS-UI,ทรัพย์สินทางเลือก,บริษัทหลักทรัพย์จัดการกองทุน เอ็มเอฟซี จำกัด (มหาชน),MFC ASSET MANAGEMENT PUBLIC COMPANY LIMITED ,ทรัพย์สินทางเลือก,2025-07-23,2026-05-29,7.0,11.0,0.6363636363636364,2.0,2025-09,2025-10
M0962_2568,C0000000239,SCBGMLITE(A),SCBGMLITE(A),SCBGMLITE,ผสม,บริษัทหลักทรัพย์จัดการกองทุน ไทยพาณิชย์ จำกัด,SCB ASSET MANAGEMENT COMPANY LIMITED,ผสม,2025-11-26,2026-07-27,9.0,9.0,1.0,0.0,,
M0787_2554,C0000000239,main,main,SCBRMS50,ตราสารทุน,บริษัทหลักทรัพย์จัดการกองทุน ไทยพาณิชย์ จำกัด,SCB ASSET MANAGEMENT COMPANY LIMITED,ตราสารทุน,2015-01-07,2026-07-27,135.0,139.0,0.9712230215827338,1.0,2024-07,2024-10
M0077_2561,C0000000709,main,main,KFAFIXRMF,ตราสารหนี้,บริษัทหลักทรัพย์จัดการกองทุน กรุงศรี จำกัด,KRUNGSRI ASSET MANAGEMENT COMPANY LIMITED,ตราสารหนี้,2018-11-12,2026-07-31,89.0,93.0,0.956989247311828,1.0,2024-07,2024-10
M0576_2566,C0000000329,main,main,BCAP-GPE23A UI,ทรัพย์สินทางเลือก,บริษัทหลักทรัพย์จัดการกองทุนรวม  บัวหลวง จำกัด,BBL ASSET MANAGEMENT COMPANY LIMITED,ทรัพย์สินทางเลือก,2024-04-22,2026-04-30,20.0,25.0,0.8,3.0,2024-07,2024-09
M0280_2569,C0000000329,main,main,B-WEALTHD,ผสม,บริษัทหลักทรัพย์จัดการกองทุนรวม  บัวหลวง จำกัด,BBL ASSET MANAGEMENT COMPANY LIMITED,ผสม,2026-07-10,2026-07-27,1.0,1.0,1.0,0.0,,
M0429_2568,C0000000021,K-HDThaiESGX-68,K-HDThaiESGX-68,K-HDThaiESGX,ตราสารทุน,บริษัทหลักทรัพย์จัดการกองทุน กสิกรไทย จำกัด,KASIKORN ASSET MANAGEMENT COMPANY LIMITED,ตราสารทุน,2025-05-09,2026-07-31,15.0,15.0,1.0,0.0,,
M0186_2548,C0000000460,main,main,RMF3,ตราสารหนี้,บริษัทหลักทรัพย์จัดการกองทุน กรุงไทย จำกัด (มหาชน),KRUNG THAI ASSET MANAGEMENT PUBLIC COMPANY LIMITED ,ตราสารหนี้,2015-01-05,2026-07-31,135.0,139.0,0.9712230215827338,1.0,2024-07,2024-10
M0182_2566,C0000000623,main,main,UPREQ1-UI,ทรัพย์สินทางเลือก,บริษัทหลักทรัพย์จัดการกองทุน ยูโอบี (ประเทศไทย) จำกัด,UOB ASSET MANAGEMENT (THAILAND) COMPANY LIMITED,ทรัพย์สินทางเลือก,2023-06-21,2026-03-31,11.0,34.0,0.3235294117647059,9.0,2024-01,2024-08
M0013_2536,C0000033452,main,main,ES-CSD,ผสม,บริษัทหลักทรัพย์จัดการกองทุน อีสท์สปริง (ประเทศไทย) จำกัด,EASTSPRING ASSET MANAGEMENT (THAILAND) COMPANY LIMITED,ผสม,2015-01-05,2026-07-31,135.0,139.0,0.9712230215827338,1.0,2024-07,2024-10
M0429_2556,C0000000239,SCBNK225,SCBNK225,SCBNKY225,ตราสารทุน,บริษัทหลักทรัพย์จัดการกองทุน ไทยพาณิชย์ จำกัด,SCB ASSET MANAGEMENT COMPANY LIMITED,ตราสารทุน,2015-01-05,2026-07-31,135.0,139.0,0.9712230215827338,1.0,2024-07,2024-10
M0633_2551,C0000000023,MMGOVMF,MMGOVMF,MM-GOV,ตราสารหนี้,บริษัทหลักทรัพย์จัดการกองทุน เอ็มเอฟซี จำกัด (มหาชน),MFC ASSET MANAGEMENT PUBLIC COMPANY LIMITED ,ตราสารหนี้,2015-01-05,2026-07-31,135.0,139.0,0.9712230215827338,1.0,2024-07,2024-10
M0184_2565,C0000000709,main,main,KFLTPC-UI,ทรัพย์สินทางเลือก,บริษัทหลักทรัพย์จัดการกองทุน กรุงศรี จำกัด,KRUNGSRI ASSET MANAGEMENT COMPANY LIMITED,ทรัพย์สินทางเลือก,2022-07-25,2026-06-15,18.0,48.0,0.375,14.0,2024-04,2024-08
M0520_2557,C0000000460,KT-IGF-A,KT-IGF-A,KT-IGF,ผสม,บริษัทหลักทรัพย์จัดการกองทุน กรุงไทย จำกัด (มหาชน),KRUNG THAI ASSET MANAGEMENT PUBLIC COMPANY LIMITED ,ผสม,2015-12-01,2026-07-30,124.0,128.0,0.96875,1.0,2024-07,2024-10
M0854_2566,C0000000460,KTESG50-A,KTESG50-A,KTESG50,ตราสารทุน,บริษัทหลักทรัพย์จัดการกองทุน กรุงไทย จำกัด (มหาชน),KRUNG THAI ASSET MANAGEMENT PUBLIC COMPANY LIMITED ,ตราสารทุน,,,,,,,,
M0065_2562,C0000005022,ASP-DGOV-I,ASP-DGOV-I,ASP-DGOV,ตราสารหนี้,บริษัทหลักทรัพย์จัดการกองทุน แอสเซท พลัส จำกัด,ASSET PLUS FUND MANAGEMENT COMPANY LIMITED,ตราสารหนี้,2020-11-05,2026-07-31,65.0,69.0,0.9420289855072463,1.0,2024-07,2024-10
M0558_2564,C0000000709,main,main,KFGPE-UI,ทรัพย์สินทางเลือก,บริษัทหลักทรัพย์จัดการกองทุน กรุงศรี จำกัด,KRUNGSRI ASSET MANAGEMENT COMPANY LIMITED,ทรัพย์สินทางเลือก,2022-03-01,2026-05-29,40.0,51.0,0.7843137254901961,7.0,2024-05,2024-08
M0139_2555,C0000033452,ES-AASF-A,ES-AASF-A,ES-AASF,ผสม,บริษัทหลักทรัพย์จัดการกองทุน อีสท์สปริง (ประเทศไทย) จำกัด,EASTSPRING ASSET MANAGEMENT (THAILAND) COMPANY LIMITED,ผสม,2025-06-05,2026-07-30,14.0,14.0,1.0,0.0,,
M0324_2550,C0000000329,main,main,BCARE,ตราสารทุน,บริษัทหลักทรัพย์จัดการกองทุนรวม  บัวหลวง จำกัด,BBL ASSET MANAGEMENT COMPANY LIMITED,ตราสารทุน,2015-01-05,2026-07-27,129.0,139.0,0.9280575539568345,2.0,2017-02,2017-07
M0061_2561,C0000000239,SCBFINA,SCBFINA,SCBFIN,ตราสารหนี้,บริษัทหลักทรัพย์จัดการกองทุน ไทยพาณิชย์ จำกัด,SCB ASSET MANAGEMENT COMPANY LIMITED,ตราสารหนี้,2018-03-06,2026-07-30,97.0,101.0,0.9603960396039604,1.0,2024-07,2024-10
M0481_2565,C0000005022,main,main,ASP-APR-UI,ทรัพย์สินทางเลือก,บริษัทหลักทรัพย์จัดการกองทุน แอสเซท พลัส จำกัด,ASSET PLUS FUND MANAGEMENT COMPANY LIMITED,ทรัพย์สินทางเลือก,2022-11-21,2026-06-09,8.0,44.0,0.18181818181818182,7.0,2023-02,2023-12
M0413_2568,C0000033452,ES-DIV70THAIESGX-68A,ES-DIV70THAIESGX-68A,ES-DIV70THAIESGX,ผสม,บริษัทหลักทรัพย์จัดการกองทุน อีสท์สปริง (ประเทศไทย) จำกัด,EASTSPRING ASSET MANAGEMENT (THAILAND) COMPANY LIMITED,ผสม,2025-05-09,2026-07-31,15.0,15.0,1.0,0.0,,
M0419_2548,C0000000709,main,main,KFS100RMF,ตราสารทุน,บริษัทหลักทรัพย์จัดการกองทุน กรุงศรี จำกัด,KRUNGSRI ASSET MANAGEMENT COMPANY LIMITED,ตราสารทุน,2015-01-05,2026-07-31,135.0,139.0,0.9712230215827338,1.0,2024-07,2024-10
M0104_2569,C0000000460,main,main,KTGOV6M30,ตราสารหนี้,บริษัทหลักทรัพย์จัดการกองทุน กรุงไทย จำกัด (มหาชน),KRUNG THAI ASSET MANAGEMENT PUBLIC COMPANY LIMITED ,ตราสารหนี้,2026-02-20,2026-07-31,6.0,6.0,1.0,0.0,,
M0096_2563,C0000000021,main,main,K-GTPE20A-UI,ผสม,บริษัทหลักทรัพย์จัดการกองทุน กสิกรไทย จำกัด,KASIKORN ASSET MANAGEMENT COMPANY LIMITED,ผสม,2020-07-24,2026-06-30,24.0,72.0,0.3333333333333333,21.0,2023-07,2023-11
M1041_2567,C0000000460,KT-NASDAQ-A,KT-NASDAQ-A,KT-NASDAQ,ตราสารทุน,บริษัทหลักทรัพย์จัดการกองทุน กรุงไทย จำกัด (มหาชน),KRUNG THAI ASSET MANAGEMENT PUBLIC COMPANY LIMITED ,ตราสารทุน,2025-04-10,2026-07-24,16.0,16.0,1.0,0.0,,
M0718_2551,C0000000460,main,main,RMF4,ตราสารหนี้,บริษัทหลักทรัพย์จัดการกองทุน กรุงไทย จำกัด (มหาชน),KRUNG THAI ASSET MANAGEMENT PUBLIC COMPANY LIMITED ,ตราสารหนี้,2015-01-05,2026-07-31,135.0,139.0,0.9712230215827338,1.0,2024-07,2024-10
M0556_2552,C0000000023,main,main,M-PROPERTY,ผสม,บริษัทหลักทรัพย์จัดการกองทุน เอ็มเอฟซี จำกัด (มหาชน),MFC ASSET MANAGEMENT PUBLIC COMPANY LIMITED ,ผสม,2015-01-05,2026-07-31,135.0,139.0,0.9712230215827338,1.0,2024-07,2024-10
M0488_2560,C0000000709,main,main,KFGTECHRMF,ตราสารทุน,บริษัทหลักทรัพย์จัดการกองทุน กรุงศรี จำกัด,KRUNGSRI ASSET MANAGEMENT COMPANY LIMITED,ตราสารทุน,2017-10-03,2026-07-30,102.0,106.0,0.9622641509433962,1.0,2024-07,2024-10
M0588_2560,C0000000021,K-APB-A(A),K-APB-A(A),K-APB,ตราสารหนี้,บริษัทหลักทรัพย์จัดการกองทุน กสิกรไทย จำกัด,KASIKORN ASSET MANAGEMENT COMPANY LIMITED,ตราสารหนี้,2017-12-13,2026-07-24,100.0,104.0,0.9615384615384616,1.0,2024-07,2024-10
M0560_2554,C0000000709,main,main,KFMXPLS2TM,ผสม,บริษัทหลักทรัพย์จัดการกองทุน กรุงศรี จำกัด,KRUNGSRI ASSET MANAGEMENT COMPANY LIMITED,ผสม,2015-01-05,2026-07-31,133.0,139.0,0.9568345323741008,2.0,2024-07,2024-10
M0848_2566,C0000000239,SCBTA(A),SCBTA(A),SCBTA,ตราสารทุน,บริษัทหลักทรัพย์จัดการกองทุน ไทยพาณิชย์ จำกัด,SCB ASSET MANAGEMENT COMPANY LIMITED,ตราสารทุน,,,,,,,,
M0715_2555,C0000005531,PRINCIPAL iFIXED-A,PRINCIPAL iFIXED-A,PRINCIPAL iFIXED,ตราสารหนี้,บริษัทหลักทรัพย์จัดการกองทุน พรินซิเพิล จำกัด,PRINCIPAL ASSET MANAGEMENT COMPANY LIMITED,ตราสารหนี้,2015-01-05,2026-07-31,135.0,139.0,0.9712230215827338,1.0,2024-07,2024-10
M0467_2568,C0000000460,KTEQ70PLUSX-D,KTEQ70PLUSX-D,KTEQ70PLUSX,ผสม,บริษัทหลักทรัพย์จัดการกองทุน กรุงไทย จำกัด (มหาชน),KRUNG THAI ASSET MANAGEMENT PUBLIC COMPANY LIMITED ,ผสม,2025-05-08,2026-07-31,15.0,15.0,1.0,0.0,,
M0449_2558,C0000000239,SCBGHC,SCBGHC,SCBGHCFUND,ตราสารทุน,บริษัทหลักทรัพย์จัดการกองทุน ไทยพาณิชย์ จำกัด,SCB ASSET MANAGEMENT COMPANY LIMITED,ตราสารทุน,2015-09-02,2026-07-27,127.0,131.0,0.9694656488549618,1.0,2024-07,2024-10
M1048_2567,C0000005022,main,main,ASP-SDAILY,ตราสารหนี้,บริษัทหลักทรัพย์จัดการกองทุน แอสเซท พลัส จำกัด,ASSET PLUS FUND MANAGEMENT COMPANY LIMITED,ตราสารหนี้,2025-02-25,2026-07-31,18.0,18.0,1.0,0.0,,
M0462_2568,C0000000290,ABALL-TESGX1,ABALL-TESGX1,ABALL-TESGX-M,ผสม,บริษัทหลักทรัพย์จัดการกองทุน อเบอร์ดีน (ประเทศไทย) จำกัด,ABERDEEN ASSET MANAGEMENT (THAILAND) LIMITED,ผสม,2025-05-06,2026-07-31,15.0,15.0,1.0,0.0,,
M0547_2562,C0000028866,main,main,DAOL-GOLD,ตราสารทุน,บริษัทหลักทรัพย์จัดการกองทุน ดาโอ จำกัด,DAOL INVESTMENT MANAGEMENT COMPANY LIMITED,ตราสารทุน,2019-10-10,2026-07-27,78.0,82.0,0.9512195121951219,1.0,2024-07,2024-10
M0290_2569,C0000000329,main,main,B5/26,ตราสารหนี้,บริษัทหลักทรัพย์จัดการกองทุนรวม  บัวหลวง จำกัด,BBL ASSET MANAGEMENT COMPANY LIMITED,ตราสารหนี้,2026-03-24,2026-07-31,5.0,5.0,1.0,0.0,,
M0529_2563,C0000000021,main,main,K-2035RMF,ผสม,บริษัทหลักทรัพย์จัดการกองทุน กสิกรไทย จำกัด,KASIKORN ASSET MANAGEMENT COMPANY LIMITED,ผสม,2021-02-19,2026-07-30,58.0,66.0,0.8787878787878788,1.0,2024-07,2025-02
M0259_2550,C0000000569,main,main,TDEX,ตราสารทุน,บริษัทหลักทรัพย์จัดการกองทุน วรรณ จำกัด,ONE ASSET MANAGEMENT LIMITED,ตราสารทุน,2020-09-10,2026-07-31,67.0,71.0,0.9436619718309859,1.0,2024-07,2024-10
M0701_2569,C0000000709,main,main,KFTGB6M66,ตราสารหนี้,บริษัทหลักทรัพย์จัดการกองทุน กรุงศรี จำกัด,KRUNGSRI ASSET MANAGEMENT COMPANY LIMITED,ตราสารหนี้,2026-07-14,2026-07-31,1.0,1.0,1.0,0.0,,
M0912_2568,C0000033452,ES-GAINCOME-UH-A,ES-GAINCOME-UH-A,ES-GAINCOME-UH,ผสม,บริษัทหลักทรัพย์จัดการกองทุน อีสท์สปริง (ประเทศไทย) จำกัด,EASTSPRING ASSET MANAGEMENT (THAILAND) COMPANY LIMITED,ผสม,2025-11-05,2026-07-27,9.0,9.0,1.0,0.0,,
M0004_2559,C0000033452,ES-JPNAE-A,ES-JPNAE-A,ES-JPNAE,ตราสารทุน,บริษัทหลักทรัพย์จัดการกองทุน อีสท์สปริง (ประเทศไทย) จำกัด,EASTSPRING ASSET MANAGEMENT (THAILAND) COMPANY LIMITED,ตราสารทุน,2025-06-04,2026-07-30,14.0,14.0,1.0,0.0,,
M0677_2569,C0000000460,main,main,KTGOV3M5S,ตราสารหนี้,บริษัทหลักทรัพย์จัดการกองทุน กรุงไทย จำกัด (มหาชน),KRUNG THAI ASSET MANAGEMENT PUBLIC COMPANY LIMITED ,ตราสารหนี้,2026-07-06,2026-07-27,1.0,1.0,1.0,0.0,,
M1150_2557,C0000000460,main,main,KT25/75RMF,ผสม,บริษัทหลักทรัพย์จัดการกองทุน กรุงไทย จำกัด (มหาชน),KRUNG THAI ASSET MANAGEMENT PUBLIC COMPANY LIMITED ,ผสม,2015-01-05,2026-07-31,135.0,139.0,0.9712230215827338,1.0,2024-07,2024-10
M0594_2563,C0000005531,PRINCIPAL GHEALTH-A,PRINCIPAL GHEALTH-A,PRINCIPAL GHEALTH,ตราสารทุน,บริษัทหลักทรัพย์จัดการกองทุน พรินซิเพิล จำกัด,PRINCIPAL ASSET MANAGEMENT COMPANY LIMITED,ตราสารทุน,2021-01-27,2026-07-27,63.0,67.0,0.9402985074626866,1.0,2024-07,2024-10
M0439_2562,C0000000329,main,main,BCAP-MFIX,ตราสารหนี้,บริษัทหลักทรัพย์จัดการกองทุนรวม  บัวหลวง จำกัด,BBL ASSET MANAGEMENT COMPANY LIMITED,ตราสารหนี้,2019-11-19,2026-07-31,77.0,81.0,0.9506172839506173,1.0,2024-07,2024-10
M0072_2569,C0000000239,main,main,SCBCR1YAI,ผสม,บริษัทหลักทรัพย์จัดการกองทุน ไทยพาณิชย์ จำกัด,SCB ASSET MANAGEMENT COMPANY LIMITED,ผสม,2026-02-11,2026-07-31,6.0,6.0,1.0,0.0,,
M0081_2555,C0000000324,TISCOHD-A,TISCOHD-A,TISCOHD,ตราสารทุน,บริษัทหลักทรัพย์จัดการกองทุน ทิสโก้,TISCO ASSET MANAGEMENT COMPANY LIMITED,ตราสารทุน,2015-01-05,2026-07-31,135.0,139.0,0.9712230215827338,1.0,2024-07,2024-10
M0401_2550,C0000000709,main,main,KFCASHPLUS,ตราสารหนี้,บริษัทหลักทรัพย์จัดการกองทุน กรุงศรี จำกัด,KRUNGSRI ASSET MANAGEMENT COMPANY LIMITED,ตราสารหนี้,2015-01-05,2026-07-31,135.0,139.0,0.9712230215827338,1.0,2024-07,2024-10
M0638_2547,C0000033452,main,main,ES-JBPDIV,ผสม,บริษัทหลักทรัพย์จัดการกองทุน อีสท์สปริง (ประเทศไทย) จำกัด,EASTSPRING ASSET MANAGEMENT (THAILAND) COMPANY LIMITED,ผสม,2015-01-05,2026-07-31,122.0,139.0,0.8776978417266187,1.0,2024-07,2025-11
M0749_2558,C0000000239,SCBLEQ,SCBLEQ,SCBLEQFUND,ตราสารทุน,บริษัทหลักทรัพย์จัดการกองทุน ไทยพาณิชย์ จำกัด,SCB ASSET MANAGEMENT COMPANY LIMITED,ตราสารทุน,2016-04-28,2026-07-30,120.0,124.0,0.967741935483871,1.0,2024-07,2024-10
M0140_2557,C0000000023,main,main,MMM-PLUS,ตราสารหนี้,บริษัทหลักทรัพย์จัดการกองทุน เอ็มเอฟซี จำกัด (มหาชน),MFC ASSET MANAGEMENT PUBLIC COMPANY LIMITED ,ตราสารหนี้,2016-02-25,2026-07-31,114.0,126.0,0.9047619047619048,2.0,2017-03,2017-10
M1257_2557,C0000000709,main,main,KF-HJAPAND,ผสม,บริษัทหลักทรัพย์จัดการกองทุน กรุงศรี จำกัด,KRUNGSRI ASSET MANAGEMENT COMPANY LIMITED,ผสม,2015-02-04,2026-07-30,134.0,138.0,0.9710144927536232,1.0,2024-07,2024-10
M0410_2559,C0000000239,SCBTEQ,SCBTEQ,SCBTEQFUND,ตราสารทุน,บริษัทหลักทรัพย์จัดการกองทุน ไทยพาณิชย์ จำกัด,SCB ASSET MANAGEMENT COMPANY LIMITED,ตราสารทุน,2016-09-23,2026-07-31,115.0,119.0,0.9663865546218487,1.0,2024-07,2024-10
M0447_2547,C0000000324,main,main,TISCOSTF,ตราสารหนี้,บริษัทหลักทรัพย์จัดการกองทุน ทิสโก้,TISCO ASSET MANAGEMENT COMPANY LIMITED,ตราสารหนี้,2015-01-05,2026-07-31,135.0,139.0,0.9712230215827338,1.0,2024-07,2024-10
M0466_2568,C0000005025,KKP BL THAI ESGX,KKP BL THAI ESGX,KKP BL THAI ESGX FUND,ผสม,บริษัทหลักทรัพย์จัดการกองทุน เกียรตินาคินภัทร จำกัด,KIATNAKIN PHATRA ASSET MANAGEMENT COMPANY LIMITED,ผสม,2026-01-05,2026-07-31,7.0,7.0,1.0,0.0,,
M0262_2550,C0000000021,K-20SELECT-A(D),K-20SELECT-A(D),K-20SELECT,ตราสารทุน,บริษัทหลักทรัพย์จัดการกองทุน กสิกรไทย จำกัด,KASIKORN ASSET MANAGEMENT COMPANY LIMITED,ตราสารทุน,2025-12-24,2026-07-31,8.0,8.0,1.0,0.0,,
M0563_2569,C0000000021,main,main,K-GB6MDE,ตราสารหนี้,บริษัทหลักทรัพย์จัดการกองทุน กสิกรไทย จำกัด,KASIKORN ASSET MANAGEMENT COMPANY LIMITED,ตราสารหนี้,2026-05-22,2026-07-31,3.0,3.0,1.0,0.0,,
M0556_2560,C0000000329,main,main,B-SENIOR-X,ผสม,บริษัทหลักทรัพย์จัดการกองทุนรวม  บัวหลวง จำกัด,BBL ASSET MANAGEMENT COMPANY LIMITED,ผสม,2018-02-02,2026-07-27,98.0,102.0,0.9607843137254902,1.0,2024-07,2024-10
M0456_2568,C0000000709,KFAEQ-THAIESGX-68,KFAEQ-THAIESGX-68,KFAEQ-THAIESGX,ตราสารทุน,บริษัทหลักทรัพย์จัดการกองทุน กรุงศรี จำกัด,KRUNGSRI ASSET MANAGEMENT COMPANY LIMITED,ตราสารทุน,2025-05-02,2026-07-31,15.0,15.0,1.0,0.0,,
M0576_2553,C0000033452,main,main,ES-BRMF,ตราสารหนี้,บริษัทหลักทรัพย์จัดการกองทุน อีสท์สปริง (ประเทศไทย) จำกัด,EASTSPRING ASSET MANAGEMENT (THAILAND) COMPANY LIMITED,ตราสารหนี้,2015-01-05,2026-07-31,135.0,139.0,0.9712230215827338,1.0,2024-07,2024-10
M0002_2563,C0000000239,SCBDPLUSA,SCBDPLUSA,SCBDPLUS,ผสม,บริษัทหลักทรัพย์จัดการกองทุน ไทยพาณิชย์ จำกัด,SCB ASSET MANAGEMENT COMPANY LIMITED,ผสม,2020-02-04,2026-07-30,74.0,78.0,0.9487179487179487,1.0,2024-07,2024-10
M1168_2557,C0000000021,K-JP-A(D),K-JP-A(D),K-JP,ตราสารทุน,บริษัทหลักทรัพย์จัดการกองทุน กสิกรไทย จำกัด,KASIKORN ASSET MANAGEMENT COMPANY LIMITED,ตราสารทุน,2015-01-05,2026-07-30,135.0,139.0,0.9712230215827338,1.0,2024-07,2024-10
M0399_2569,C0000000021,main,main,K-GB6MDA,ตราสารหนี้,บริษัทหลักทรัพย์จัดการกองทุน กสิกรไทย จำกัด,KASIKORN ASSET MANAGEMENT COMPANY LIMITED,ตราสารหนี้,2026-03-26,2026-07-31,5.0,5.0,1.0,0.0,,
M0741_2558,C0000000623,UGBF-A,UGBF-A,UGBF,ผสม,บริษัทหลักทรัพย์จัดการกองทุน ยูโอบี (ประเทศไทย) จำกัด,UOB ASSET MANAGEMENT (THAILAND) COMPANY LIMITED,ผสม,2016-01-25,2026-07-30,123.0,127.0,0.968503937007874,1.0,2024-07,2024-10
M0124_2563,C0000000329,main,main,BEQSSF,ตราสารทุน,บริษัทหลักทรัพย์จัดการกองทุนรวม  บัวหลวง จำกัด,BBL ASSET MANAGEMENT COMPANY LIMITED,ตราสารทุน,2020-04-10,2026-07-31,72.0,76.0,0.9473684210526315,1.0,2024-07,2024-10
M0329_2569,C0000000460,main,main,KTGOV6M32,ตราสารหนี้,บริษัทหลักทรัพย์จัดการกองทุน กรุงไทย จำกัด (มหาชน),KRUNG THAI ASSET MANAGEMENT PUBLIC COMPANY LIMITED ,ตราสารหนี้,2026-04-17,2026-07-31,4.0,4.0,1.0,0.0,,
M0574_2552,C0000000021,main,main,K-PLAN2,ผสม,บริษัทหลักทรัพย์จัดการกองทุน กสิกรไทย จำกัด,KASIKORN ASSET MANAGEMENT COMPANY LIMITED,ผสม,2015-01-05,2026-07-31,135.0,139.0,0.9712230215827338,1.0,2024-07,2024-10
M0055_2565,C0000000460,KT-BLOCKCHAIN-A,KT-BLOCKCHAIN-A,KT-BLOCKCHAIN,ตราสารทุน,บริษัทหลักทรัพย์จัดการกองทุน กรุงไทย จำกัด (มหาชน),KRUNG THAI ASSET MANAGEMENT PUBLIC COMPANY LIMITED ,ตราสารทุน,2022-04-08,2026-07-30,48.0,52.0,0.9230769230769231,1.0,2024-07,2024-10
M0518_2569,C0000000021,main,main,K-GB6MDD,ตราสารหนี้,บริษัทหลักทรัพย์จัดการกองทุน กสิกรไทย จำกัด,KASIKORN ASSET MANAGEMENT COMPANY LIMITED,ตราสารหนี้,2026-05-07,2026-07-31,3.0,3.0,1.0,0.0,,
M0200_2564,C0000033452,main,main,tsp3-balancer,ผสม,บริษัทหลักทรัพย์จัดการกองทุน อีสท์สปริง (ประเทศไทย) จำกัด,EASTSPRING ASSET MANAGEMENT (THAILAND) COMPANY LIMITED,ผสม,2021-06-15,2026-07-30,58.0,62.0,0.9354838709677419,1.0,2024-07,2024-10
M0738_2556,C0000000021,main,main,K-S50RMF,ตราสารทุน,บริษัทหลักทรัพย์จัดการกองทุน กสิกรไทย จำกัด,KASIKORN ASSET MANAGEMENT COMPANY LIMITED,ตราสารทุน,2015-01-05,2026-07-31,131.0,139.0,0.9424460431654677,1.0,2024-07,2025-02
M0218_2569,C0000000021,main,main,K-GB6MCY,ตราสารหนี้,บริษัทหลักทรัพย์จัดการกองทุน กสิกรไทย จำกัด,KASIKORN ASSET MANAGEMENT COMPANY LIMITED,ตราสารหนี้,2026-02-26,2026-07-31,6.0,6.0,1.0,0.0,,
M0423_2549,C0000000460,KT70/30-A,KT70/30-A,KT70/30,ผสม,บริษัทหลักทรัพย์จัดการกองทุน กรุงไทย จำกัด (มหาชน),KRUNG THAI ASSET MANAGEMENT PUBLIC COMPANY LIMITED ,ผสม,2025-12-26,2026-07-31,8.0,8.0,1.0,0.0,,
M0495_2558,C0000000329,main,main,B-GLOBALRMF,ตราสารทุน,บริษัทหลักทรัพย์จัดการกองทุนรวม  บัวหลวง จำกัด,BBL ASSET MANAGEMENT COMPANY LIMITED,ตราสารทุน,2015-11-12,2026-07-27,118.0,129.0,0.9147286821705426,2.0,2017-02,2017-08
M0668_2551,C0000005531,main,main,PRINCIPAL FI,ตราสารหนี้,บริษัทหลักทรัพย์จัดการกองทุน พรินซิเพิล จำกัด,PRINCIPAL ASSET MANAGEMENT COMPANY LIMITED,ตราสารหนี้,2015-01-06,2026-07-31,135.0,139.0,0.9712230215827338,1.0,2024-07,2024-10
M0489_2560,C0000000709,main,main,KFHAPPYRMF,ผสม,บริษัทหลักทรัพย์จัดการกองทุน กรุงศรี จำกัด,KRUNGSRI ASSET MANAGEMENT COMPANY LIMITED,ผสม,2017-10-03,2026-07-31,102.0,106.0,0.9622641509433962,1.0,2024-07,2024-10
M0015_2564,C0000000239,SCBAOA,SCBAOA,SCBAO,ตราสารทุน,บริษัทหลักทรัพย์จัดการกองทุน ไทยพาณิชย์ จำกัด,SCB ASSET MANAGEMENT COMPANY LIMITED,ตราสารทุน,2021-02-17,2026-07-30,62.0,66.0,0.9393939393939394,1.0,2024-07,2024-10
M0499_2569,C0000000239,main,main,SCBSB3M96,ตราสารหนี้,บริษัทหลักทรัพย์จัดการกองทุน ไทยพาณิชย์ จำกัด,SCB ASSET MANAGEMENT COMPANY LIMITED,ตราสารหนี้,2026-05-12,2026-07-30,3.0,3.0,1.0,0.0,,
M0874_2554,C0000000239,SCBGSIF,SCBGSIF,SCBGSIFUND,ผสม,บริษัทหลักทรัพย์จัดการกองทุน ไทยพาณิชย์ จำกัด,SCB ASSET MANAGEMENT COMPANY LIMITED,ผสม,2015-01-05,2026-07-27,135.0,139.0,0.9712230215827338,1.0,2024-07,2024-10
M0470_2547,C0000033452,main,main,ES-JB25,ตราสารทุน,บริษัทหลักทรัพย์จัดการกองทุน อีสท์สปริง (ประเทศไทย) จำกัด,EASTSPRING ASSET MANAGEMENT (THAILAND) COMPANY LIMITED,ตราสารทุน,2015-01-05,2026-07-31,135.0,139.0,0.9712230215827338,1.0,2024-07,2024-10
M0663_2569,C0000000460,main,main,KTGOV3M4S,ตราสารหนี้,บริษัทหลักทรัพย์จัดการกองทุน กรุงไทย จำกัด (มหาชน),KRUNG THAI ASSET MANAGEMENT PUBLIC COMPANY LIMITED ,ตราสารหนี้,2026-06-29,2026-07-30,2.0,2.0,1.0,0.0,,
M0076_2541,C0000000709,main,main,KFSMUL,ผสม,บริษัทหลักทรัพย์จัดการกองทุน กรุงศรี จำกัด,KRUNGSRI ASSET MANAGEMENT COMPANY LIMITED,ผสม,2015-01-05,2026-07-31,135.0,139.0,0.9712230215827338,1.0,2024-07,2024-10
M0124_2561,C0000000239,SCBCHEQA,SCBCHEQA,SCBCHEQ,ตราสารทุน,บริษัทหลักทรัพย์จัดการกองทุน ไทยพาณิชย์ จำกัด,SCB ASSET MANAGEMENT COMPANY LIMITED,ตราสารทุน,2018-05-30,2026-07-30,95.0,99.0,0.9595959595959596,1.0,2024-07,2024-10
M0694_2569,C0000000460,main,main,KTGOV6M36,ตราสารหนี้,บริษัทหลักทรัพย์จัดการกองทุน กรุงไทย จำกัด (มหาชน),KRUNG THAI ASSET MANAGEMENT PUBLIC COMPANY LIMITED ,ตราสารหนี้,2026-07-10,2026-07-31,1.0,1.0,1.0,0.0,,
M0659_2547,C0000033452,main,main,ES-MIXEDRMF,ผสม,บริษัทหลักทรัพย์จัดการกองทุน อีสท์สปริง (ประเทศไทย) จำกัด,EASTSPRING ASSET MANAGEMENT (THAILAND) COMPANY LIMITED,ผสม,2015-01-05,2026-07-31,135.0,139.0,0.9712230215827338,1.0,2024-07,2024-10
M0614_2547,C0000000623,UTACTIVE-D,UTACTIVE-D,UTACTIVE-M,ตราสารทุน,บริษัทหลักทรัพย์จัดการกองทุน ยูโอบี (ประเทศไทย) จำกัด,UOB ASSET MANAGEMENT (THAILAND) COMPANY LIMITED,ตราสารทุน,2025-12-25,2026-07-30,8.0,8.0,1.0,0.0,,
M0177_2569,C0000000709,main,main,KFTGB6M58,ตราสารหนี้,บริษัทหลักทรัพย์จัดการกองทุน กรุงศรี จำกัด,KRUNGSRI ASSET MANAGEMENT COMPANY LIMITED,ตราสารหนี้,2026-02-26,2026-07-31,6.0,6.0,1.0,0.0,,
M0659_2553,C0000000021,main,main,K-GEMO,ผสม,บริษัทหลักทรัพย์จัดการกองทุน กสิกรไทย จำกัด,KASIKORN ASSET MANAGEMENT COMPANY LIMITED,ผสม,2015-01-05,2026-07-30,135.0,139.0,0.9712230215827338,1.0,2024-07,2024-10
M0485_2566,C0000031161,main,main,AIA-SEL,ตราสารทุน,บริษัทหลักทรัพย์จัดการกองทุน เอไอเอ (ประเทศไทย) จำกัด,AIA INVESTMENT MANAGEMENT (THAILAND) LIMITED,ตราสารทุน,2023-12-06,2026-07-30,28.0,32.0,0.875,1.0,2024-07,2024-10
M0342_2563,C0000031161,main,main,AIA-ST,ตราสารหนี้,บริษัทหลักทรัพย์จัดการกองทุน เอไอเอ (ประเทศไทย) จำกัด,AIA INVESTMENT MANAGEMENT (THAILAND) LIMITED,ตราสารหนี้,2020-09-08,2026-07-31,67.0,71.0,0.9436619718309859,1.0,2024-07,2024-10
M0730_2567,C0000033452,ES-ESG3070-A,ES-ESG3070-A,ES-ESG3070,ผสม,บริษัทหลักทรัพย์จัดการกองทุน อีสท์สปริง (ประเทศไทย) จำกัด,EASTSPRING ASSET MANAGEMENT (THAILAND) COMPANY LIMITED,ผสม,,,,,,,,
M0159_2549,C0000000021,K-STAR-A(A),K-STAR-A(A),K-STAR,ตราสารทุน,บริษัทหลักทรัพย์จัดการกองทุน กสิกรไทย จำกัด,KASIKORN ASSET MANAGEMENT COMPANY LIMITED,ตราสารทุน,2017-10-02,2026-07-31,102.0,106.0,0.9622641509433962,1.0,2024-07,2024-10
M0255_2569,C0000000239,main,main,SCBSB6M77,ตราสารหนี้,บริษัทหลักทรัพย์จัดการกองทุน ไทยพาณิชย์ จำกัด,SCB ASSET MANAGEMENT COMPANY LIMITED,ตราสารหนี้,2026-03-23,2026-07-31,5.0,5.0,1.0,0.0,,
M0525_2564,C0000031161,main,main,AIA-TMA,ผสม,บริษัทหลักทรัพย์จัดการกองทุน เอไอเอ (ประเทศไทย) จำกัด,AIA INVESTMENT MANAGEMENT (THAILAND) LIMITED,ผสม,2022-04-04,2026-07-31,48.0,52.0,0.9230769230769231,1.0,2024-07,2024-10
M0327_2556,C0000000021,K-EUROPE-A(A),K-EUROPE-A(A),K-EUROPE,ตราสารทุน,บริษัทหลักทรัพย์จัดการกองทุน กสิกรไทย จำกัด,KASIKORN ASSET MANAGEMENT COMPANY LIMITED,ตราสารทุน,,,,,,,,
M0148_2569,C0000000329,main,main,B2/26,ตราสารหนี้,บริษัทหลักทรัพย์จัดการกองทุนรวม  บัวหลวง จำกัด,BBL ASSET MANAGEMENT COMPANY LIMITED,ตราสารหนี้,2026-02-18,2026-07-31,6.0,6.0,1.0,0.0,,
M0093_2545,C0000000023,main,main,M-VALUE,ผสม,บริษัทหลักทรัพย์จัดการกองทุน เอ็มเอฟซี จำกัด (มหาชน),MFC ASSET MANAGEMENT PUBLIC COMPANY LIMITED ,ผสม,2015-01-05,2026-07-31,135.0,139.0,0.9712230215827338,1.0,2024-07,2024-10
M0439_2564,C0000000329,main,main,B-VIETNAMRMF,ตราสารทุน,บริษัทหลักทรัพย์จัดการกองทุนรวม  บัวหลวง จำกัด,BBL ASSET MANAGEMENT COMPANY LIMITED,ตราสารทุน,2021-12-02,2026-07-31,52.0,56.0,0.9285714285714286,1.0,2024-07,2024-10
M0490_2569,C0000000239,main,main,SCBSB6M84,ตราสารหนี้,บริษัทหลักทรัพย์จัดการกองทุน ไทยพาณิชย์ จำกัด,SCB ASSET MANAGEMENT COMPANY LIMITED,ตราสารหนี้,2026-05-18,2026-07-31,3.0,3.0,1.0,0.0,,
M0009_2543,C0000000021,main,main,K-FEQ,ผสม,บริษัทหลักทรัพย์จัดการกองทุน กสิกรไทย จำกัด,KASIKORN ASSET MANAGEMENT COMPANY LIMITED,ผสม,2015-01-05,2026-07-31,135.0,139.0,0.9712230215827338,1.0,2024-07,2024-10
M0265_2547,C0000000021,K-EQ-A(A),K-EQ-A(A),K-EQ,ตราสารทุน,บริษัทหลักทรัพย์จัดการกองทุน กสิกรไทย จำกัด,KASIKORN ASSET MANAGEMENT COMPANY LIMITED,ตราสารทุน,2025-12-24,2026-07-31,8.0,8.0,1.0,0.0,,
M0676_2558,C0000000239,SCBFST,SCBFST,SCBFSTFUND,ตราสารหนี้,บริษัทหลักทรัพย์จัดการกองทุน ไทยพาณิชย์ จำกัด,SCB ASSET MANAGEMENT COMPANY LIMITED,ตราสารหนี้,2015-11-24,2026-07-31,125.0,129.0,0.9689922480620154,1.0,2024-07,2024-10
M0431_2560,C0000000021,main,main,K-ALLBASIC,ผสม,บริษัทหลักทรัพย์จัดการกองทุน กสิกรไทย จำกัด,KASIKORN ASSET MANAGEMENT COMPANY LIMITED,ผสม,2017-09-06,2026-07-27,103.0,107.0,0.9626168224299065,1.0,2024-07,2024-10
M0317_2559,C0000000709,KFGBRAND-A,KFGBRAND-A,KFGBRAND,ตราสารทุน,บริษัทหลักทรัพย์จัดการกองทุน กรุงศรี จำกัด,KRUNGSRI ASSET MANAGEMENT COMPANY LIMITED,ตราสารทุน,2019-10-01,2026-07-30,78.0,82.0,0.9512195121951219,1.0,2024-07,2024-10
M0362_2569,C0000000709,main,main,KFTGB6M60,ตราสารหนี้,บริษัทหลักทรัพย์จัดการกองทุน กรุงศรี จำกัด,KRUNGSRI ASSET MANAGEMENT COMPANY LIMITED,ตราสารหนี้,2026-03-25,2026-07-31,5.0,5.0,1.0,0.0,,
M0405_2564,C0000000021,main,main,K-GPA22A-UI,ผสม,บริษัทหลักทรัพย์จัดการกองทุน กสิกรไทย จำกัด,KASIKORN ASSET MANAGEMENT COMPANY LIMITED,ผสม,2022-11-21,2026-07-20,18.0,45.0,0.4,12.0,2023-07,2023-11
M0009_2561,C0000005025,KKP GNP-H,KKP GNP-H,KKP GNP-H FUND,ตราสารทุน,บริษัทหลักทรัพย์จัดการกองทุน เกียรตินาคินภัทร จำกัด,KIATNAKIN PHATRA ASSET MANAGEMENT COMPANY LIMITED,ตราสารทุน,2018-05-22,2026-07-30,95.0,99.0,0.9595959595959596,1.0,2024-07,2024-10
M0548_2569,C0000000239,main,main,SCBSB3M98,ตราสารหนี้,บริษัทหลักทรัพย์จัดการกองทุน ไทยพาณิชย์ จำกัด,SCB ASSET MANAGEMENT COMPANY LIMITED,ตราสารหนี้,2026-05-27,2026-07-31,3.0,3.0,1.0,0.0,,
M0545_2563,C0000000021,main,main,K-2040RMF,ผสม,บริษัทหลักทรัพย์จัดการกองทุน กสิกรไทย จำกัด,KASIKORN ASSET MANAGEMENT COMPANY LIMITED,ผสม,2021-02-23,2026-07-30,58.0,66.0,0.8787878787878788,1.0,2024-07,2025-02
M0533_2561,C0000000623,UCHINA,UCHINA,UCHINA-M,ตราสารทุน,บริษัทหลักทรัพย์จัดการกองทุน ยูโอบี (ประเทศไทย) จำกัด,UOB ASSET MANAGEMENT (THAILAND) COMPANY LIMITED,ตราสารทุน,2019-02-21,2026-07-30,86.0,90.0,0.9555555555555556,1.0,2024-07,2024-10
M0730_2569,C0000000239,main,main,SCBSB6M93,ตราสารหนี้,บริษัทหลักทรัพย์จัดการกองทุน ไทยพาณิชย์ จำกัด,SCB ASSET MANAGEMENT COMPANY LIMITED,ตราสารหนี้,2026-07-24,2026-07-31,1.0,1.0,1.0,0.0,,
M0004_2564,C0000000239,SCBAAA,SCBAAA,SCBAA,ผสม,บริษัทหลักทรัพย์จัดการกองทุน ไทยพาณิชย์ จำกัด,SCB ASSET MANAGEMENT COMPANY LIMITED,ผสม,2021-01-26,2026-07-30,63.0,67.0,0.9402985074626866,1.0,2024-07,2024-10
M0243_2552,C0000000460,KT-ENERGY-A,KT-ENERGY-A,KT-ENERGY,ตราสารทุน,บริษัทหลักทรัพย์จัดการกองทุน กรุงไทย จำกัด (มหาชน),KRUNG THAI ASSET MANAGEMENT PUBLIC COMPANY LIMITED ,ตราสารทุน,2026-07-24,2026-07-30,1.0,1.0,1.0,0.0,,
M0142_2569,C0000000021,main,main,K-GB6MCW,ตราสารหนี้,บริษัทหลักทรัพย์จัดการกองทุน กสิกรไทย จำกัด,KASIKORN ASSET MANAGEMENT COMPANY LIMITED,ตราสารหนี้,2026-02-12,2026-07-31,6.0,6.0,1.0,0.0,,
M0075_2562,C0000033452,main,main,ES-MULTIINCOME,ผสม,บริษัทหลักทรัพย์จัดการกองทุน อีสท์สปริง (ประเทศไทย) จำกัด,EASTSPRING ASSET MANAGEMENT (THAILAND) COMPANY LIMITED,ผสม,2019-03-12,2026-07-31,85.0,89.0,0.9550561797752809,1.0,2024-07,2024-10
M0316_2557,C0000000709,KFHEALTH-A,KFHEALTH-A,KFHEALTH,ตราสารทุน,บริษัทหลักทรัพย์จัดการกองทุน กรุงศรี จำกัด,KRUNGSRI ASSET MANAGEMENT COMPANY LIMITED,ตราสารทุน,2018-02-01,2026-07-30,98.0,102.0,0.9607843137254902,1.0,2024-07,2024-10
M0642_2569,C0000000460,main,main,KTGOV3M3S,ตราสารหนี้,บริษัทหลักทรัพย์จัดการกองทุน กรุงไทย จำกัด (มหาชน),KRUNG THAI ASSET MANAGEMENT PUBLIC COMPANY LIMITED ,ตราสารหนี้,2026-06-22,2026-07-31,2.0,2.0,1.0,0.0,,
M1199_2557,C0000000623,UOBSGA,UOBSGA,UOBSGA-M,ผสม,บริษัทหลักทรัพย์จัดการกองทุน ยูโอบี (ประเทศไทย) จำกัด,UOB ASSET MANAGEMENT (THAILAND) COMPANY LIMITED,ผสม,2015-02-03,2026-07-30,134.0,138.0,0.9710144927536232,1.0,2024-07,2024-10
M0202_2556,C0000000329,main,main,BSIRIRMF,ตราสารทุน,บริษัทหลักทรัพย์จัดการกองทุนรวม  บัวหลวง จำกัด,BBL ASSET MANAGEMENT COMPANY LIMITED,ตราสารทุน,2015-01-05,2026-07-31,129.0,139.0,0.9280575539568345,2.0,2017-03,2017-08
M0425_2569,C0000000239,main,main,SCBSB6M81,ตราสารหนี้,บริษัทหลักทรัพย์จัดการกองทุน ไทยพาณิชย์ จำกัด,SCB ASSET MANAGEMENT COMPANY LIMITED,ตราสารหนี้,2026-04-20,2026-07-31,4.0,4.0,1.0,0.0,,
M0970_2568,C0000000023,M-AUTOCALL-H-AC,M-AUTOCALL-H-AC,MAUTOCALL-H,ผสม,บริษัทหลักทรัพย์จัดการกองทุน เอ็มเอฟซี จำกัด (มหาชน),MFC ASSET MANAGEMENT PUBLIC COMPANY LIMITED ,ผสม,,,,,,,,
M0307_2559,C0000033452,ES-GINFRA-A,ES-GINFRA-A,ES-GINFRA,ตราสารทุน,บริษัทหลักทรัพย์จัดการกองทุน อีสท์สปริง (ประเทศไทย) จำกัด,EASTSPRING ASSET MANAGEMENT (THAILAND) COMPANY LIMITED,ตราสารทุน,2016-08-23,2026-07-30,116.0,120.0,0.9666666666666667,1.0,2024-07,2024-10
M0337_2567,C0000000623,UGISFX-A,UGISFX-A,UGISFX,ตราสารหนี้,บริษัทหลักทรัพย์จัดการกองทุน ยูโอบี (ประเทศไทย) จำกัด,UOB ASSET MANAGEMENT (THAILAND) COMPANY LIMITED,ตราสารหนี้,,,,,,,,
M0451_2568,C0000000709,KF70-THAIESGX-68,KF70-THAIESGX-68,KF70-THAIESGX,ผสม,บริษัทหลักทรัพย์จัดการกองทุน กรุงศรี จำกัด,KRUNGSRI ASSET MANAGEMENT COMPANY LIMITED,ผสม,2025-05-02,2026-07-31,15.0,15.0,1.0,0.0,,
M0059_2554,C0000000021,K-INDIA-A(A),K-INDIA-A(A),K-INDIA,ตราสารทุน,บริษัทหลักทรัพย์จัดการกองทุน กสิกรไทย จำกัด,KASIKORN ASSET MANAGEMENT COMPANY LIMITED,ตราสารทุน,2024-01-18,2026-07-30,27.0,31.0,0.8709677419354839,1.0,2024-07,2024-10
M0475_2569,C0000000021,main,main,K-GB6MDC,ตราสารหนี้,บริษัทหลักทรัพย์จัดการกองทุน กสิกรไทย จำกัด,KASIKORN ASSET MANAGEMENT COMPANY LIMITED,ตราสารหนี้,2026-04-23,2026-07-31,3.0,4.0,0.75,1.0,2026-05,2026-05
M0588_2558,C0000000709,KF-CINCOME-A,KF-CINCOME-A,KF-CINCOME,ผสม,บริษัทหลักทรัพย์จัดการกองทุน กรุงศรี จำกัด,KRUNGSRI ASSET MANAGEMENT COMPANY LIMITED,ผสม,2025-02-28,2026-07-30,18.0,18.0,1.0,0.0,,
M0274_2564,C0000000239,SCBEUROPE(A),SCBEUROPE(A),SCBEUROPE,ตราสารทุน,บริษัทหลักทรัพย์จัดการกองทุน ไทยพาณิชย์ จำกัด,SCB ASSET MANAGEMENT COMPANY LIMITED,ตราสารทุน,2021-07-13,2026-07-30,57.0,61.0,0.9344262295081968,1.0,2024-07,2024-10
M0595_2569,C0000000239,main,main,SCBSB3M100,ตราสารหนี้,บริษัทหลักทรัพย์จัดการกองทุน ไทยพาณิชย์ จำกัด,SCB ASSET MANAGEMENT COMPANY LIMITED,ตราสารหนี้,2026-06-09,2026-07-30,2.0,2.0,1.0,0.0,,
M1078_2557,C0000000709,main,main,KF-INCOME,ผสม,บริษัทหลักทรัพย์จัดการกองทุน กรุงศรี จำกัด,KRUNGSRI ASSET MANAGEMENT COMPANY LIMITED,ผสม,2015-01-05,2026-07-30,135.0,139.0,0.9712230215827338,1.0,2024-07,2024-10
M0602_2546,C0000033452,main,main,ES-SET50RMF,ตราสารทุน,บริษัทหลักทรัพย์จัดการกองทุน อีสท์สปริง (ประเทศไทย) จำกัด,EASTSPRING ASSET MANAGEMENT (THAILAND) COMPANY LIMITED,ตราสารทุน,2015-01-06,2026-07-31,135.0,139.0,0.9712230215827338,1.0,2024-07,2024-10
M0181_2569,C0000000239,main,main,SCBSB6M75,ตราสารหนี้,บริษัทหลักทรัพย์จัดการกองทุน ไทยพาณิชย์ จำกัด,SCB ASSET MANAGEMENT COMPANY LIMITED,ตราสารหนี้,2026-03-09,2026-07-31,5.0,5.0,1.0,0.0,,
M0525_2562,C0000000623,UROCK,UROCK,UROCK-M,ผสม,บริษัทหลักทรัพย์จัดการกองทุน ยูโอบี (ประเทศไทย) จำกัด,UOB ASSET MANAGEMENT (THAILAND) COMPANY LIMITED,ผสม,2019-09-20,2026-07-27,79.0,83.0,0.9518072289156626,1.0,2024-07,2024-10
M0784_2555,C0000033452,main,main,ES-US500,ตราสารทุน,บริษัทหลักทรัพย์จัดการกองทุน อีสท์สปริง (ประเทศไทย) จำกัด,EASTSPRING ASSET MANAGEMENT (THAILAND) COMPANY LIMITED,ตราสารทุน,2015-01-05,2026-07-27,135.0,139.0,0.9712230215827338,1.0,2024-07,2024-10
M0083_2569,C0000000239,main,main,SCBSB6M72,ตราสารหนี้,บริษัทหลักทรัพย์จัดการกองทุน ไทยพาณิชย์ จำกัด,SCB ASSET MANAGEMENT COMPANY LIMITED,ตราสารหนี้,2026-02-17,2026-07-31,6.0,6.0,1.0,0.0,,
M0146_2562,C0000000329,main,main,BCAP-GW10,ผสม,บริษัทหลักทรัพย์จัดการกองทุนรวม  บัวหลวง จำกัด,BBL ASSET MANAGEMENT COMPANY LIMITED,ผสม,2019-05-28,2026-07-27,83.0,87.0,0.9540229885057471,1.0,2024-07,2024-10
M0011_2547,C0000000324,TSF-A,TSF-A,TSF,ตราสารทุน,บริษัทหลักทรัพย์จัดการกองทุน ทิสโก้,TISCO ASSET MANAGEMENT COMPANY LIMITED,ตราสารทุน,2015-01-05,2026-07-31,135.0,139.0,0.9712230215827338,1.0,2024-07,2024-10
M0688_2569,C0000000239,main,main,SCBSB5M1,ตราสารหนี้,บริษัทหลักทรัพย์จัดการกองทุน ไทยพาณิชย์ จำกัด,SCB ASSET MANAGEMENT COMPANY LIMITED,ตราสารหนี้,2026-07-07,2026-07-31,1.0,1.0,1.0,0.0,,
M0684_2559,C0000000239,SCBGINA,SCBGINA,SCBGIN,ผสม,บริษัทหลักทรัพย์จัดการกองทุน ไทยพาณิชย์ จำกัด,SCB ASSET MANAGEMENT COMPANY LIMITED,ผสม,2017-12-19,2026-07-27,100.0,104.0,0.9615384615384616,1.0,2024-07,2024-10
M0392_2558,C0000000460,KT-AASIA-A,KT-AASIA-A,KT-AASIA,ตราสารทุน,บริษัทหลักทรัพย์จัดการกองทุน กรุงไทย จำกัด (มหาชน),KRUNG THAI ASSET MANAGEMENT PUBLIC COMPANY LIMITED ,ตราสารทุน,2015-07-24,2026-07-30,129.0,133.0,0.9699248120300752,1.0,2024-07,2024-10
M0112_2545,C0000000460,main,main,RMF2,ตราสารหนี้,บริษัทหลักทรัพย์จัดการกองทุน กรุงไทย จำกัด (มหาชน),KRUNG THAI ASSET MANAGEMENT PUBLIC COMPANY LIMITED ,ตราสารหนี้,2015-01-05,2026-07-31,135.0,139.0,0.9712230215827338,1.0,2024-07,2024-10
M0570_2560,C0000000239,main,main,SCBRMPOP,ผสม,บริษัทหลักทรัพย์จัดการกองทุน ไทยพาณิชย์ จำกัด,SCB ASSET MANAGEMENT COMPANY LIMITED,ผสม,2017-11-07,2026-07-30,101.0,105.0,0.9619047619047619,1.0,2024-07,2024-10
M0468_2563,C0000000021,main,main,K-CHANGERMF,ตราสารทุน,บริษัทหลักทรัพย์จัดการกองทุน กสิกรไทย จำกัด,KASIKORN ASSET MANAGEMENT COMPANY LIMITED,ตราสารทุน,2020-11-02,2026-07-30,61.0,69.0,0.8840579710144928,1.0,2024-07,2025-02
M0016_2565,C0000006646,LHTREASURY-A,LHTREASURY-A,LHTREASURY,ตราสารหนี้,บริษัทหลักทรัพย์จัดการกองทุน แลนด์ แอนด์ เฮ้าส์ จำกัด,LAND AND HOUSES FUND MANAGEMENT COMPANY LIMITED,ตราสารหนี้,2022-03-14,2026-07-31,49.0,53.0,0.9245283018867925,1.0,2024-07,2024-10
M0564_2568,C0000006646,LHALFA1-UI-D,LHALFA1-UI-D,LHALFA1-UI,ผสม,บริษัทหลักทรัพย์จัดการกองทุน แลนด์ แอนด์ เฮ้าส์ จำกัด,LAND AND HOUSES FUND MANAGEMENT COMPANY LIMITED,ผสม,,,,,,,,
M0288_2554,C0000000460,main,main,KTEF,ตราสารทุน,บริษัทหลักทรัพย์จัดการกองทุน กรุงไทย จำกัด (มหาชน),KRUNG THAI ASSET MANAGEMENT PUBLIC COMPANY LIMITED ,ตราสารทุน,2015-01-05,2026-07-31,135.0,139.0,0.9712230215827338,1.0,2024-07,2024-10
M0071_2544,C0000033452,main,main,ES-GOVRMF,ตราสารหนี้,บริษัทหลักทรัพย์จัดการกองทุน อีสท์สปริง (ประเทศไทย) จำกัด,EASTSPRING ASSET MANAGEMENT (THAILAND) COMPANY LIMITED,ตราสารหนี้,2015-01-05,2026-07-31,135.0,139.0,0.9712230215827338,1.0,2024-07,2024-10
M0373_2563,C0000000709,main,main,KFCORE,ผสม,บริษัทหลักทรัพย์จัดการกองทุน กรุงศรี จำกัด,KRUNGSRI ASSET MANAGEMENT COMPANY LIMITED,ผสม,2020-10-15,2026-07-30,66.0,70.0,0.9428571428571428,1.0,2024-07,2024-10
M0245_2550,C0000000623,UVALUE-DIV-D,UVALUE-DIV-D,UVALUE-DIV-M,ตราสารทุน,บริษัทหลักทรัพย์จัดการกองทุน ยูโอบี (ประเทศไทย) จำกัด,UOB ASSET MANAGEMENT (THAILAND) COMPANY LIMITED,ตราสารทุน,,,,,,,,
M0542_2569,C0000000239,main,main,SCBSB6M86,ตราสารหนี้,บริษัทหลักทรัพย์จัดการกองทุน ไทยพาณิชย์ จำกัด,SCB ASSET MANAGEMENT COMPANY LIMITED,ตราสารหนี้,2026-05-29,2026-07-31,3.0,3.0,1.0,0.0,,
M0315_2559,C0000000460,KTWP-A,KTWP-A,KTWP,ผสม,บริษัทหลักทรัพย์จัดการกองทุน กรุงไทย จำกัด (มหาชน),KRUNG THAI ASSET MANAGEMENT PUBLIC COMPANY LIMITED ,ผสม,2017-01-19,2026-07-31,103.0,115.0,0.8956521739130435,2.0,2017-03,2017-10
M0231_2568,C0000000239,SCBABSAP(A),SCBABSAP(A),SCBABSAP,ตราสารทุน,บริษัทหลักทรัพย์จัดการกองทุน ไทยพาณิชย์ จำกัด,SCB ASSET MANAGEMENT COMPANY LIMITED,ตราสารทุน,2025-07-01,2026-07-27,13.0,13.0,1.0,0.0,,
M0384_2569,C0000000709,main,main,KFTGB5M2,ตราสารหนี้,บริษัทหลักทรัพย์จัดการกองทุน กรุงศรี จำกัด,KRUNGSRI ASSET MANAGEMENT COMPANY LIMITED,ตราสารหนี้,2026-04-20,2026-07-31,4.0,4.0,1.0,0.0,,
M0298_2560,C0000000239,SCBWINA,SCBWINA,SCBWIN,ผสม,บริษัทหลักทรัพย์จัดการกองทุน ไทยพาณิชย์ จำกัด,SCB ASSET MANAGEMENT COMPANY LIMITED,ผสม,2017-12-19,2026-07-30,100.0,104.0,0.9615384615384616,1.0,2024-07,2024-10
M0433_2569,C0000000709,main,main,KF-ATECH,ตราสารทุน,บริษัทหลักทรัพย์จัดการกองทุน กรุงศรี จำกัด,KRUNGSRI ASSET MANAGEMENT COMPANY LIMITED,ตราสารทุน,2026-05-12,2026-07-30,3.0,3.0,1.0,0.0,,
M0467_2569,C0000000239,main,main,SCBSB6M83,ตราสารหนี้,บริษัทหลักทรัพย์จัดการกองทุน ไทยพาณิชย์ จำกัด,SCB ASSET MANAGEMENT COMPANY LIMITED,ตราสารหนี้,2026-04-30,2026-07-30,4.0,4.0,1.0,0.0,,
M0195_2559,C0000006646,LHIP-A,LHIP-A,LHIP,ผสม,บริษัทหลักทรัพย์จัดการกองทุน แลนด์ แอนด์ เฮ้าส์ จำกัด,LAND AND HOUSES FUND MANAGEMENT COMPANY LIMITED,ผสม,,,,,,,,
M0074_2563,C0000000709,KFGDIV-A,KFGDIV-A,KFGDIV,ตราสารทุน,บริษัทหลักทรัพย์จัดการกองทุน กรุงศรี จำกัด,KRUNGSRI ASSET MANAGEMENT COMPANY LIMITED,ตราสารทุน,2020-06-15,2026-07-30,70.0,74.0,0.9459459459459459,1.0,2024-07,2024-10
M0521_2569,C0000000239,main,main,SCBSB15M1,ตราสารหนี้,บริษัทหลักทรัพย์จัดการกองทุน ไทยพาณิชย์ จำกัด,SCB ASSET MANAGEMENT COMPANY LIMITED,ตราสารหนี้,2026-05-19,2026-07-31,3.0,3.0,1.0,0.0,,
M0368_2559,C0000000623,UFIN-A,UFIN-A,UFIN,ผสม,บริษัทหลักทรัพย์จัดการกองทุน ยูโอบี (ประเทศไทย) จำกัด,UOB ASSET MANAGEMENT (THAILAND) COMPANY LIMITED,ผสม,2016-08-22,2026-07-27,116.0,120.0,0.9666666666666667,1.0,2024-07,2024-10
M0277_2562,C0000033452,main,main,ES-GCORE,ตราสารทุน,บริษัทหลักทรัพย์จัดการกองทุน อีสท์สปริง (ประเทศไทย) จำกัด,EASTSPRING ASSET MANAGEMENT (THAILAND) COMPANY LIMITED,ตราสารทุน,2019-07-19,2026-07-30,81.0,85.0,0.9529411764705882,1.0,2024-07,2024-10
M0612_2569,C0000000239,main,main,SCBSB3M101,ตราสารหนี้,บริษัทหลักทรัพย์จัดการกองทุน ไทยพาณิชย์ จำกัด,SCB ASSET MANAGEMENT COMPANY LIMITED,ตราสารหนี้,2026-06-17,2026-07-31,2.0,2.0,1.0,0.0,,
M1128_2568,C0000000460,KT-GWA-A,KT-GWA-A,KT-GWA,ผสม,บริษัทหลักทรัพย์จัดการกองทุน กรุงไทย จำกัด (มหาชน),KRUNG THAI ASSET MANAGEMENT PUBLIC COMPANY LIMITED ,ผสม,2026-02-27,2026-07-27,6.0,6.0,1.0,0.0,,
M0547_2564,C0000000239,SCBRMNDQ(A),SCBRMNDQ(A),SCBRMNDQ,ตราสารทุน,บริษัทหลักทรัพย์จัดการกองทุน ไทยพาณิชย์ จำกัด,SCB ASSET MANAGEMENT COMPANY LIMITED,ตราสารทุน,2022-02-01,2026-07-30,50.0,54.0,0.9259259259259259,1.0,2024-07,2024-10
M0469_2569,C0000000709,main,main,KFTGB5M3,ตราสารหนี้,บริษัทหลักทรัพย์จัดการกองทุน กรุงศรี จำกัด,KRUNGSRI ASSET MANAGEMENT COMPANY LIMITED,ตราสารหนี้,2026-06-16,2026-07-31,2.0,2.0,1.0,0.0,,
M0240_2558,C0000000709,KF-AINCOME-A,KF-AINCOME-A,KF-AINCOME,ผสม,บริษัทหลักทรัพย์จัดการกองทุน กรุงศรี จำกัด,KRUNGSRI ASSET MANAGEMENT COMPANY LIMITED,ผสม,2025-02-28,2026-07-30,18.0,18.0,1.0,0.0,,
M0318_2550,C0000033452,main,main,ES-WDEQ,ตราสารทุน,บริษัทหลักทรัพย์จัดการกองทุน อีสท์สปริง (ประเทศไทย) จำกัด,EASTSPRING ASSET MANAGEMENT (THAILAND) COMPANY LIMITED,ตราสารทุน,2015-01-05,2026-07-30,135.0,139.0,0.9712230215827338,1.0,2024-07,2024-10
M0565_2569,C0000000460,main,main,KTGOV6M34,ตราสารหนี้,บริษัทหลักทรัพย์จัดการกองทุน กรุงไทย จำกัด (มหาชน),KRUNG THAI ASSET MANAGEMENT PUBLIC COMPANY LIMITED ,ตราสารหนี้,2026-05-28,2026-07-31,3.0,3.0,1.0,0.0,,
M0199_2564,C0000033452,main,main,tsp2-nurturer,ผสม,บริษัทหลักทรัพย์จัดการกองทุน อีสท์สปริง (ประเทศไทย) จำกัด,EASTSPRING ASSET MANAGEMENT (THAILAND) COMPANY LIMITED,ผสม,2021-06-15,2026-07-30,58.0,62.0,0.9354838709677419,1.0,2024-07,2024-10
M0591_2552,C0000000239,SCBBANKING,SCBBANKING,SCBBANKINGFUND,ตราสารทุน,บริษัทหลักทรัพย์จัดการกองทุน ไทยพาณิชย์ จำกัด,SCB ASSET MANAGEMENT COMPANY LIMITED,ตราสารทุน,2015-01-05,2026-07-31,135.0,139.0,0.9712230215827338,1.0,2024-07,2024-10
M0738_2569,C0000000021,main,main,K-GB6MDI,ตราสารหนี้,บริษัทหลักทรัพย์จัดการกองทุน กสิกรไทย จำกัด,KASIKORN ASSET MANAGEMENT COMPANY LIMITED,ตราสารหนี้,2026-07-16,2026-07-31,1.0,1.0,1.0,0.0,,
M0158_2563,C0000000460,KT70/30S-SSF,KT70/30S-SSF,KT70/30S,ผสม,บริษัทหลักทรัพย์จัดการกองทุน กรุงไทย จำกัด (มหาชน),KRUNG THAI ASSET MANAGEMENT PUBLIC COMPANY LIMITED ,ผสม,2020-06-29,2026-07-31,70.0,74.0,0.9459459459459459,1.0,2024-07,2024-10
M0532_2550,C0000000709,KFENS50-A,KFENS50-A,KFENSET50,ตราสารทุน,บริษัทหลักทรัพย์จัดการกองทุน กรุงศรี จำกัด,KRUNGSRI ASSET MANAGEMENT COMPANY LIMITED,ตราสารทุน,2015-01-05,2026-07-31,135.0,139.0,0.9712230215827338,1.0,2024-07,2024-10
M0594_2569,C0000000709,main,main,KFTGB6M65,ตราสารหนี้,บริษัทหลักทรัพย์จัดการกองทุน กรุงศรี จำกัด,KRUNGSRI ASSET MANAGEMENT COMPANY LIMITED,ตราสารหนี้,2026-07-06,2026-07-31,1.0,1.0,1.0,0.0,,
M0253_2561,C0000033452,main,main,ES-APPF,ผสม,บริษัทหลักทรัพย์จัดการกองทุน อีสท์สปริง (ประเทศไทย) จำกัด,EASTSPRING ASSET MANAGEMENT (THAILAND) COMPANY LIMITED,ผสม,2019-01-30,2026-07-27,87.0,91.0,0.9560439560439561,1.0,2024-07,2024-10
M0799_2557,C0000033452,main,main,ES-COF,ตราสารทุน,บริษัทหลักทรัพย์จัดการกองทุน อีสท์สปริง (ประเทศไทย) จำกัด,EASTSPRING ASSET MANAGEMENT (THAILAND) COMPANY LIMITED,ตราสารทุน,2015-01-05,2026-07-30,135.0,139.0,0.9712230215827338,1.0,2024-07,2024-10
M0438_2569,C0000000021,main,main,K-GB6MDB,ตราสารหนี้,บริษัทหลักทรัพย์จัดการกองทุน กสิกรไทย จำกัด,KASIKORN ASSET MANAGEMENT COMPANY LIMITED,ตราสารหนี้,2026-04-07,2026-07-31,3.0,4.0,0.75,1.0,2026-06,2026-06
M0264_2562,C0000000023,MPII-A,MPII-A,MPII,ผสม,บริษัทหลักทรัพย์จัดการกองทุน เอ็มเอฟซี จำกัด (มหาชน),MFC ASSET MANAGEMENT PUBLIC COMPANY LIMITED ,ผสม,2019-06-26,2026-07-30,80.0,86.0,0.9302325581395349,2.0,2024-07,2024-10
M0566_2559,C0000000709,main,main,KFGBRANRMF,ตราสารทุน,บริษัทหลักทรัพย์จัดการกองทุน กรุงศรี จำกัด,KRUNGSRI ASSET MANAGEMENT COMPANY LIMITED,ตราสารทุน,2016-11-14,2026-07-30,113.0,117.0,0.9658119658119658,1.0,2024-07,2024-10
M0648_2569,C0000000021,main,main,K-GB6MDG,ตราสารหนี้,บริษัทหลักทรัพย์จัดการกองทุน กสิกรไทย จำกัด,KASIKORN ASSET MANAGEMENT COMPANY LIMITED,ตราสารหนี้,2026-06-18,2026-07-31,2.0,2.0,1.0,0.0,,
M0081_2559,C0000033452,main,main,ES-PROPINFRAFLEX,ผสม,บริษัทหลักทรัพย์จัดการกองทุน อีสท์สปริง (ประเทศไทย) จำกัด,EASTSPRING ASSET MANAGEMENT (THAILAND) COMPANY LIMITED,ผสม,2016-03-01,2026-07-31,121.0,125.0,0.968,1.0,2024-07,2024-10
M0096_2567,C0000024008,main,main,TLFVMR-ASIAX,ตราสารทุน,บริษัทหลักทรัพย์จัดการกองทุน ทาลิส จำกัด,TALIS ASSET MANAGEMENT COMPANY LIMITED,ตราสารทุน,2024-04-02,2026-07-30,24.0,28.0,0.8571428571428571,1.0,2024-07,2024-10
M0491_2566,C0000000329,main,main,BCAP-USL,ตราสารหนี้,บริษัทหลักทรัพย์จัดการกองทุนรวม  บัวหลวง จำกัด,BBL ASSET MANAGEMENT COMPANY LIMITED,ตราสารหนี้,2023-12-15,2026-07-30,28.0,32.0,0.875,1.0,2024-07,2024-10
M0096_2562,C0000000329,main,main,BCAP-GW25,ผสม,บริษัทหลักทรัพย์จัดการกองทุนรวม  บัวหลวง จำกัด,BBL ASSET MANAGEMENT COMPANY LIMITED,ผสม,2019-05-28,2026-07-27,83.0,87.0,0.9540229885057471,1.0,2024-07,2024-10
M0770_2566,C0000000329,main,main,B-TOP-THAIESG,ตราสารทุน,บริษัทหลักทรัพย์จัดการกองทุนรวม  บัวหลวง จำกัด,BBL ASSET MANAGEMENT COMPANY LIMITED,ตราสารทุน,2023-12-19,2026-07-30,28.0,32.0,0.875,1.0,2024-07,2024-10
M0515_2569,C0000000239,main,main,SCBSB3M97,ตราสารหนี้,บริษัทหลักทรัพย์จัดการกองทุน ไทยพาณิชย์ จำกัด,SCB ASSET MANAGEMENT COMPANY LIMITED,ตราสารหนี้,2026-05-20,2026-07-30,3.0,3.0,1.0,0.0,,
M1127_2568,C0000000460,KT-GWB-A,KT-GWB-A,KT-GWB,ผสม,บริษัทหลักทรัพย์จัดการกองทุน กรุงไทย จำกัด (มหาชน),KRUNG THAI ASSET MANAGEMENT PUBLIC COMPANY LIMITED ,ผสม,2026-02-27,2026-07-27,6.0,6.0,1.0,0.0,,
M0798_2557,C0000000021,main,main,K-GHEALTH,ตราสารทุน,บริษัทหลักทรัพย์จัดการกองทุน กสิกรไทย จำกัด,KASIKORN ASSET MANAGEMENT COMPANY LIMITED,ตราสารทุน,2015-01-06,2026-07-30,135.0,139.0,0.9712230215827338,1.0,2024-07,2024-10
M0057_2545,C0000000023,main,main,M-FIX,ตราสารหนี้,บริษัทหลักทรัพย์จัดการกองทุน เอ็มเอฟซี จำกัด (มหาชน),MFC ASSET MANAGEMENT PUBLIC COMPANY LIMITED ,ตราสารหนี้,2015-01-05,2026-07-31,135.0,139.0,0.9712230215827338,1.0,2024-07,2024-10
M0035_2564,C0000000569,main,main,ONE-GLOBALTOP8M11,ผสม,บริษัทหลักทรัพย์จัดการกองทุน วรรณ จำกัด,ONE ASSET MANAGEMENT LIMITED,ผสม,2021-02-17,2026-07-27,62.0,66.0,0.9393939393939394,1.0,2024-07,2024-10
M0316_2562,C0000005025,KKP PGE-H,KKP PGE-H,KKP PGE-H FUND,ตราสารทุน,บริษัทหลักทรัพย์จัดการกองทุน เกียรตินาคินภัทร จำกัด,KIATNAKIN PHATRA ASSET MANAGEMENT COMPANY LIMITED,ตราสารทุน,2019-06-26,2026-07-30,82.0,86.0,0.9534883720930233,1.0,2024-07,2024-10
M0266_2564,C0000033452,main,main,ES-SPlus,ตราสารหนี้,บริษัทหลักทรัพย์จัดการกองทุน อีสท์สปริง (ประเทศไทย) จำกัด,EASTSPRING ASSET MANAGEMENT (THAILAND) COMPANY LIMITED,ตราสารหนี้,2021-09-13,2026-07-31,55.0,59.0,0.9322033898305084,1.0,2024-07,2024-10
M0694_2567,C0000000329,main,main,B-MIXED-THAIESG,ผสม,บริษัทหลักทรัพย์จัดการกองทุนรวม  บัวหลวง จำกัด,BBL ASSET MANAGEMENT COMPANY LIMITED,ผสม,2024-11-15,2026-07-31,21.0,21.0,1.0,0.0,,
M0089_2561,C0000000329,main,main,B-TOPTENRMF,ตราสารทุน,บริษัทหลักทรัพย์จัดการกองทุนรวม  บัวหลวง จำกัด,BBL ASSET MANAGEMENT COMPANY LIMITED,ตราสารทุน,2018-05-18,2026-07-31,95.0,99.0,0.9595959595959596,1.0,2024-07,2024-10
M0535_2569,C0000000709,main,main,KFTGB6M63,ตราสารหนี้,บริษัทหลักทรัพย์จัดการกองทุน กรุงศรี จำกัด,KRUNGSRI ASSET MANAGEMENT COMPANY LIMITED,ตราสารหนี้,2026-05-18,2026-07-24,3.0,3.0,1.0,0.0,,
M0471_2561,C0000005025,KKP CorePath Extra,KKP CorePath Extra,KKP CorePath Extra FUND,ผสม,บริษัทหลักทรัพย์จัดการกองทุน เกียรตินาคินภัทร จำกัด,KIATNAKIN PHATRA ASSET MANAGEMENT COMPANY LIMITED,ผสม,2025-09-10,2026-07-27,11.0,11.0,1.0,0.0,,
M0748_2569,C0000005025,main,main,KKP CNGROWTH-UH,ตราสารทุน,บริษัทหลักทรัพย์จัดการกองทุน เกียรตินาคินภัทร จำกัด,KIATNAKIN PHATRA ASSET MANAGEMENT COMPANY LIMITED,ตราสารทุน,2026-07-21,2026-07-27,1.0,1.0,1.0,0.0,,
M0427_2569,C0000000709,main,main,KFTGB6M62,ตราสารหนี้,บริษัทหลักทรัพย์จัดการกองทุน กรุงศรี จำกัด,KRUNGSRI ASSET MANAGEMENT COMPANY LIMITED,ตราสารหนี้,2026-05-07,2026-07-31,3.0,3.0,1.0,0.0,,
M0972_2568,C0000000023,M-AUTOCALL-UH-AC,M-AUTOCALL-UH-AC,MAUTOCALL-UH,ผสม,บริษัทหลักทรัพย์จัดการกองทุน เอ็มเอฟซี จำกัด (มหาชน),MFC ASSET MANAGEMENT PUBLIC COMPANY LIMITED ,ผสม,,,,,,,,
M0853_2566,C0000000623,UTSEQ-D,UTSEQ-D,UTSEQ,ตราสารทุน,บริษัทหลักทรัพย์จัดการกองทุน ยูโอบี (ประเทศไทย) จำกัด,UOB ASSET MANAGEMENT (THAILAND) COMPANY LIMITED,ตราสารทุน,,,,,,,,
M0285_2564,C0000000239,SCBABOND(A),SCBABOND(A),SCBABOND,ตราสารหนี้,บริษัทหลักทรัพย์จัดการกองทุน ไทยพาณิชย์ จำกัด,SCB ASSET MANAGEMENT COMPANY LIMITED,ตราสารหนี้,2021-07-22,2026-07-30,57.0,61.0,0.9344262295081968,1.0,2024-07,2024-10
M0036_2561,C0000000460,KTMUNG-A,KTMUNG-A,KTMUNG,ผสม,บริษัทหลักทรัพย์จัดการกองทุน กรุงไทย จำกัด (มหาชน),KRUNG THAI ASSET MANAGEMENT PUBLIC COMPANY LIMITED ,ผสม,2018-03-28,2026-07-30,97.0,101.0,0.9603960396039604,1.0,2024-07,2024-10
M0503_2568,C0000000709,KFCHINA-T10PLUS-A,KFCHINA-T10PLUS-A,KFCHINA-T10PLUS,ตราสารทุน,บริษัทหลักทรัพย์จัดการกองทุน กรุงศรี จำกัด,KRUNGSRI ASSET MANAGEMENT COMPANY LIMITED,ตราสารทุน,2025-07-14,2026-07-31,13.0,13.0,1.0,0.0,,
M0001_2569,C0000000709,main,main,KFTGB6M56,ตราสารหนี้,บริษัทหลักทรัพย์จัดการกองทุน กรุงศรี จำกัด,KRUNGSRI ASSET MANAGEMENT COMPANY LIMITED,ตราสารหนี้,2026-02-02,2026-07-31,6.0,6.0,1.0,0.0,,
M0075_2559,C0000000709,KFGPROP-A,KFGPROP-A,KFGPROP,ผสม,บริษัทหลักทรัพย์จัดการกองทุน กรุงศรี จำกัด,KRUNGSRI ASSET MANAGEMENT COMPANY LIMITED,ผสม,2019-10-01,2026-07-30,78.0,82.0,0.9512195121951219,1.0,2024-07,2024-10
M0240_2561,C0000000569,ONE-ALLCHINA-ASSF,ONE-ALLCHINA-ASSF,ONE-ALLCHINA,ตราสารทุน,บริษัทหลักทรัพย์จัดการกองทุน วรรณ จำกัด,ONE ASSET MANAGEMENT LIMITED,ตราสารทุน,2020-05-11,2026-07-30,71.0,75.0,0.9466666666666667,1.0,2024-07,2024-10
M0586_2569,C0000000023,main,main,MKAI9S4,ตราสารหนี้,บริษัทหลักทรัพย์จัดการกองทุน เอ็มเอฟซี จำกัด (มหาชน),MFC ASSET MANAGEMENT PUBLIC COMPANY LIMITED ,ตราสารหนี้,2026-06-10,2026-07-31,2.0,2.0,1.0,0.0,,
M0552_2565,C0000000021,main,main,K-GINCOMERMF,ผสม,บริษัทหลักทรัพย์จัดการกองทุน กสิกรไทย จำกัด,KASIKORN ASSET MANAGEMENT COMPANY LIMITED,ผสม,2022-11-23,2026-07-30,37.0,45.0,0.8222222222222222,1.0,2024-07,2025-02
M0504_2563,C0000000329,main,main,BCAP-CTECH,ตราสารทุน,บริษัทหลักทรัพย์จัดการกองทุนรวม  บัวหลวง จำกัด,BBL ASSET MANAGEMENT COMPANY LIMITED,ตราสารทุน,2020-12-03,2026-07-27,64.0,68.0,0.9411764705882353,1.0,2024-07,2024-10
M0611_2569,C0000000021,main,main,K-GB6MDF,ตราสารหนี้,บริษัทหลักทรัพย์จัดการกองทุน กสิกรไทย จำกัด,KASIKORN ASSET MANAGEMENT COMPANY LIMITED,ตราสารหนี้,2026-06-05,2026-07-31,2.0,2.0,1.0,0.0,,
M0067_2544,C0000000709,main,main,KFFLEX-D,ผสม,บริษัทหลักทรัพย์จัดการกองทุน กรุงศรี จำกัด,KRUNGSRI ASSET MANAGEMENT COMPANY LIMITED,ผสม,2015-01-05,2026-07-31,135.0,139.0,0.9712230215827338,1.0,2024-07,2024-10
M0410_2558,C0000000021,main,main,K-GHRMF,ตราสารทุน,บริษัทหลักทรัพย์จัดการกองทุน กสิกรไทย จำกัด,KASIKORN ASSET MANAGEMENT COMPANY LIMITED,ตราสารทุน,2015-08-14,2026-07-30,124.0,132.0,0.9393939393939394,1.0,2024-07,2025-02
M0613_2569,C0000000239,main,main,SCBSB6M89,ตราสารหนี้,บริษัทหลักทรัพย์จัดการกองทุน ไทยพาณิชย์ จำกัด,SCB ASSET MANAGEMENT COMPANY LIMITED,ตราสารหนี้,2026-06-15,2026-07-31,2.0,2.0,1.0,0.0,,
M0682_2565,C0000000709,KF1MILD-A,KF1MILD-A,KF1MILD,ผสม,บริษัทหลักทรัพย์จัดการกองทุน กรุงศรี จำกัด,KRUNGSRI ASSET MANAGEMENT COMPANY LIMITED,ผสม,2023-02-23,2026-07-24,38.0,42.0,0.9047619047619048,1.0,2024-07,2024-10
M0140_2545,C0000000290,main,main,ABSC-RMF,ตราสารทุน,บริษัทหลักทรัพย์จัดการกองทุน อเบอร์ดีน (ประเทศไทย) จำกัด,ABERDEEN ASSET MANAGEMENT (THAILAND) LIMITED,ตราสารทุน,2015-01-05,2026-07-31,135.0,139.0,0.9712230215827338,1.0,2024-07,2024-10
M0710_2569,C0000000239,main,main,SCBSB3M105,ตราสารหนี้,บริษัทหลักทรัพย์จัดการกองทุน ไทยพาณิชย์ จำกัด,SCB ASSET MANAGEMENT COMPANY LIMITED,ตราสารหนี้,2026-07-14,2026-07-31,1.0,1.0,1.0,0.0,,
M0488_2564,C0000005025,KKP INCOME-H,KKP INCOME-H,KKP INCOME-H FUND,ผสม,บริษัทหลักทรัพย์จัดการกองทุน เกียรตินาคินภัทร จำกัด,KIATNAKIN PHATRA ASSET MANAGEMENT COMPANY LIMITED,ผสม,2022-01-17,2026-07-30,51.0,55.0,0.9272727272727272,1.0,2024-07,2024-10
M0301_2567,C0000005025,KKP US500-UH,KKP US500-UH,KKP US500-UH FUND,ตราสารทุน,บริษัทหลักทรัพย์จัดการกองทุน เกียรตินาคินภัทร จำกัด,KIATNAKIN PHATRA ASSET MANAGEMENT COMPANY LIMITED,ตราสารทุน,2024-04-29,2026-07-30,24.0,28.0,0.8571428571428571,1.0,2024-07,2024-10
M0543_2569,C0000000023,main,main,MKAI9S3,ตราสารหนี้,บริษัทหลักทรัพย์จัดการกองทุน เอ็มเอฟซี จำกัด (มหาชน),MFC ASSET MANAGEMENT PUBLIC COMPANY LIMITED ,ตราสารหนี้,2026-05-20,2026-07-31,2.0,3.0,0.6666666666666666,1.0,2026-06,2026-06
M0140_2555,C0000033452,ES-AAMF-A,ES-AAMF-A,ES-AAMF,ผสม,บริษัทหลักทรัพย์จัดการกองทุน อีสท์สปริง (ประเทศไทย) จำกัด,EASTSPRING ASSET MANAGEMENT (THAILAND) COMPANY LIMITED,ผสม,2025-06-05,2026-07-30,14.0,14.0,1.0,0.0,,
M0109_2551,C0000005025,KKP GHC-A,KKP GHC-A,KKP GHC FUND,ตราสารทุน,บริษัทหลักทรัพย์จัดการกองทุน เกียรตินาคินภัทร จำกัด,KIATNAKIN PHATRA ASSET MANAGEMENT COMPANY LIMITED,ตราสารทุน,2025-06-24,2026-07-30,14.0,14.0,1.0,0.0,,
M0743_2569,C0000000239,main,main,SCBSB3M106,ตราสารหนี้,บริษัทหลักทรัพย์จัดการกองทุน ไทยพาณิชย์ จำกัด,SCB ASSET MANAGEMENT COMPANY LIMITED,ตราสารหนี้,2026-07-21,2026-07-31,1.0,1.0,1.0,0.0,,
M0108_2545,C0000000709,main,main,KFFLEX2RMF,ผสม,บริษัทหลักทรัพย์จัดการกองทุน กรุงศรี จำกัด,KRUNGSRI ASSET MANAGEMENT COMPANY LIMITED,ผสม,2015-01-05,2026-07-31,135.0,139.0,0.9712230215827338,1.0,2024-07,2024-10
M0457_2563,C0000000623,UCI,UCI,UCI-M,ตราสารทุน,บริษัทหลักทรัพย์จัดการกองทุน ยูโอบี (ประเทศไทย) จำกัด,UOB ASSET MANAGEMENT (THAILAND) COMPANY LIMITED,ตราสารทุน,2020-11-13,2026-07-30,65.0,69.0,0.9420289855072463,1.0,2024-07,2024-10
M0044_2569,C0000000709,main,main,KFSGB6M27,ตราสารหนี้,บริษัทหลักทรัพย์จัดการกองทุน กรุงศรี จำกัด,KRUNGSRI ASSET MANAGEMENT COMPANY LIMITED,ตราสารหนี้,2026-02-06,2026-07-31,6.0,6.0,1.0,0.0,,
M0033_2561,C0000000460,KTSRI-A,KTSRI-A,KTSRI,ผสม,บริษัทหลักทรัพย์จัดการกองทุน กรุงไทย จำกัด (มหาชน),KRUNG THAI ASSET MANAGEMENT PUBLIC COMPANY LIMITED ,ผสม,2018-03-28,2026-07-30,97.0,101.0,0.9603960396039604,1.0,2024-07,2024-10
M0000_2552,C0000000023,HIDIV-AR,HIDIV-AR,HI-DIV,ตราสารทุน,บริษัทหลักทรัพย์จัดการกองทุน เอ็มเอฟซี จำกัด (มหาชน),MFC ASSET MANAGEMENT PUBLIC COMPANY LIMITED ,ตราสารทุน,2023-07-20,2026-07-31,33.0,37.0,0.8918918918918919,1.0,2024-07,2024-10
M0387_2569,C0000000709,main,main,KFTGB6M61,ตราสารหนี้,บริษัทหลักทรัพย์จัดการกองทุน กรุงศรี จำกัด,KRUNGSRI ASSET MANAGEMENT COMPANY LIMITED,ตราสารหนี้,2026-04-07,2026-07-31,4.0,4.0,1.0,0.0,,
M0610_2568,C0000000023,main,main,MGALL-H,ผสม,บริษัทหลักทรัพย์จัดการกองทุน เอ็มเอฟซี จำกัด (มหาชน),MFC ASSET MANAGEMENT PUBLIC COMPANY LIMITED ,ผสม,2025-08-18,2026-07-30,12.0,12.0,1.0,0.0,,
M0539_2564,C0000000239,SCBVIET(A),SCBVIET(A),SCBVIET,ตราสารทุน,บริษัทหลักทรัพย์จัดการกองทุน ไทยพาณิชย์ จำกัด,SCB ASSET MANAGEMENT COMPANY LIMITED,ตราสารทุน,2022-03-08,2026-07-31,49.0,53.0,0.9245283018867925,1.0,2024-07,2024-10
M0368_2568,C0000000239,SCBDLITE(A),SCBDLITE(A),SCBDLITE,ตราสารหนี้,บริษัทหลักทรัพย์จัดการกองทุน ไทยพาณิชย์ จำกัด,SCB ASSET MANAGEMENT COMPANY LIMITED,ตราสารหนี้,2025-06-24,2026-07-31,14.0,14.0,1.0,0.0,,
M0659_2567,C0000000460,main,main,KTWC-MODERATE RMF,ผสม,บริษัทหลักทรัพย์จัดการกองทุน กรุงไทย จำกัด (มหาชน),KRUNG THAI ASSET MANAGEMENT PUBLIC COMPANY LIMITED ,ผสม,2024-11-13,2026-07-27,21.0,21.0,1.0,0.0,,
M0626_2547,C0000000239,SCBLT2,SCBLT2,SCBLT2FUND,ตราสารทุน,บริษัทหลักทรัพย์จัดการกองทุน ไทยพาณิชย์ จำกัด,SCB ASSET MANAGEMENT COMPANY LIMITED,ตราสารทุน,2015-01-05,2026-07-31,135.0,139.0,0.9712230215827338,1.0,2024-07,2024-10
M0190_2569,C0000000709,main,main,KFSGB6M29,ตราสารหนี้,บริษัทหลักทรัพย์จัดการกองทุน กรุงศรี จำกัด,KRUNGSRI ASSET MANAGEMENT COMPANY LIMITED,ตราสารหนี้,2026-03-05,2026-07-31,5.0,5.0,1.0,0.0,,
M0004_2545,C0000000460,main,main,TOF,ผสม,บริษัทหลักทรัพย์จัดการกองทุน กรุงไทย จำกัด (มหาชน),KRUNG THAI ASSET MANAGEMENT PUBLIC COMPANY LIMITED ,ผสม,2015-01-05,2026-07-31,127.0,139.0,0.9136690647482014,2.0,2017-03,2017-10
M0386_2558,C0000000239,SCBBLN,SCBBLN,SCBBLNFUND,ตราสารทุน,บริษัทหลักทรัพย์จัดการกองทุน ไทยพาณิชย์ จำกัด,SCB ASSET MANAGEMENT COMPANY LIMITED,ตราสารทุน,2015-07-24,2026-07-30,129.0,133.0,0.9699248120300752,1.0,2024-07,2024-10
M0234_2569,C0000000709,main,main,KFTGB6M59,ตราสารหนี้,บริษัทหลักทรัพย์จัดการกองทุน กรุงศรี จำกัด,KRUNGSRI ASSET MANAGEMENT COMPANY LIMITED,ตราสารหนี้,2026-03-12,2026-07-31,5.0,5.0,1.0,0.0,,
M0204_2559,C0000006646,LHPROPIA-A,LHPROPIA-A,LHPROPIA,ผสม,บริษัทหลักทรัพย์จัดการกองทุน แลนด์ แอนด์ เฮ้าส์ จำกัด,LAND AND HOUSES FUND MANAGEMENT COMPANY LIMITED,ผสม,2021-04-01,2026-07-31,60.0,64.0,0.9375,1.0,2024-07,2024-10
M0045_2568,C0000000460,KT-GFO-A,KT-GFO-A,KT-GFO,ตราสารทุน,บริษัทหลักทรัพย์จัดการกองทุน กรุงไทย จำกัด (มหาชน),KRUNG THAI ASSET MANAGEMENT PUBLIC COMPANY LIMITED ,ตราสารทุน,2025-03-07,2026-07-30,17.0,17.0,1.0,0.0,,
M0272_2569,C0000000239,main,main,SCBSB6M78,ตราสารหนี้,บริษัทหลักทรัพย์จัดการกองทุน ไทยพาณิชย์ จำกัด,SCB ASSET MANAGEMENT COMPANY LIMITED,ตราสารหนี้,2026-03-31,2026-07-31,5.0,5.0,1.0,0.0,,
M0372_2560,C0000000709,KFHAPPY-A,KFHAPPY-A,KFHAPPY,ผสม,บริษัทหลักทรัพย์จัดการกองทุน กรุงศรี จำกัด,KRUNGSRI ASSET MANAGEMENT COMPANY LIMITED,ผสม,2017-07-18,2026-07-31,105.0,109.0,0.963302752293578,1.0,2024-07,2024-10
M0872_2547,C0000033452,main,main,ES-JB25RMF,ตราสารทุน,บริษัทหลักทรัพย์จัดการกองทุน อีสท์สปริง (ประเทศไทย) จำกัด,EASTSPRING ASSET MANAGEMENT (THAILAND) COMPANY LIMITED,ตราสารทุน,2015-01-05,2026-07-31,135.0,139.0,0.9712230215827338,1.0,2024-07,2024-10
M0495_2569,C0000000460,main,main,KTGOV3M61,ตราสารหนี้,บริษัทหลักทรัพย์จัดการกองทุน กรุงไทย จำกัด (มหาชน),KRUNG THAI ASSET MANAGEMENT PUBLIC COMPANY LIMITED ,ตราสารหนี้,2026-05-11,2026-07-31,3.0,3.0,1.0,0.0,,
M0364_2548,C0000000569,ONE-SG-NT,ONE-SG-NT,ONE-SG,ผสม,บริษัทหลักทรัพย์จัดการกองทุน วรรณ จำกัด,ONE ASSET MANAGEMENT LIMITED,ผสม,2025-12-24,2025-12-24,1.0,1.0,1.0,0.0,,
M0876_2566,C0000000329,main,main,B-ASIATECH,ตราสารทุน,บริษัทหลักทรัพย์จัดการกองทุนรวม  บัวหลวง จำกัด,BBL ASSET MANAGEMENT COMPANY LIMITED,ตราสารทุน,2024-03-27,2026-07-27,25.0,29.0,0.8620689655172413,1.0,2024-07,2024-10
M0820_2553,C0000005531,main,main,PRINCIPAL MMRMF,ตราสารหนี้,บริษัทหลักทรัพย์จัดการกองทุน พรินซิเพิล จำกัด,PRINCIPAL ASSET MANAGEMENT COMPANY LIMITED,ตราสารหนี้,2015-01-05,2026-07-31,135.0,139.0,0.9712230215827338,1.0,2024-07,2024-10
M0596_2566,C0000000021,main,main,K-WPULTIRMF,ผสม,บริษัทหลักทรัพย์จัดการกองทุน กสิกรไทย จำกัด,KASIKORN ASSET MANAGEMENT COMPANY LIMITED,ผสม,2023-11-13,2026-07-30,25.0,33.0,0.7575757575757576,1.0,2024-07,2025-02
M0404_2560,C0000000329,main,main,B-BHARATA,ตราสารทุน,บริษัทหลักทรัพย์จัดการกองทุนรวม  บัวหลวง จำกัด,BBL ASSET MANAGEMENT COMPANY LIMITED,ตราสารทุน,2017-09-14,2026-07-30,103.0,107.0,0.9626168224299065,1.0,2024-07,2024-10
M0881_2554,C0000006646,LHMM-A,LHMM-A,LHMM,ตราสารหนี้,บริษัทหลักทรัพย์จัดการกองทุน แลนด์ แอนด์ เฮ้าส์ จำกัด,LAND AND HOUSES FUND MANAGEMENT COMPANY LIMITED,ตราสารหนี้,2015-01-05,2026-07-31,121.0,139.0,0.8705035971223022,2.0,2017-03,2018-04
M0509_2560,C0000000460,KT25/75-A,KT25/75-A,KT25/75,ผสม,บริษัทหลักทรัพย์จัดการกองทุน กรุงไทย จำกัด (มหาชน),KRUNG THAI ASSET MANAGEMENT PUBLIC COMPANY LIMITED ,ผสม,2017-12-08,2026-07-31,100.0,104.0,0.9615384615384616,1.0,2024-07,2024-10
M0090_2559,C0000033452,main,main,ES-USBLUECHIP,ตราสารทุน,บริษัทหลักทรัพย์จัดการกองทุน อีสท์สปริง (ประเทศไทย) จำกัด,EASTSPRING ASSET MANAGEMENT (THAILAND) COMPANY LIMITED,ตราสารทุน,2016-03-22,2026-07-30,121.0,125.0,0.968,1.0,2024-07,2024-10
M0664_2569,C0000000239,main,main,SCBSB3M103,ตราสารหนี้,บริษัทหลักทรัพย์จัดการกองทุน ไทยพาณิชย์ จำกัด,SCB ASSET MANAGEMENT COMPANY LIMITED,ตราสารหนี้,2026-06-30,2026-07-31,2.0,2.0,1.0,0.0,,
M0669_2568,C0000031161,main,main,AIA-GMSH,ผสม,บริษัทหลักทรัพย์จัดการกองทุน เอไอเอ (ประเทศไทย) จำกัด,AIA INVESTMENT MANAGEMENT (THAILAND) LIMITED,ผสม,2025-12-09,2026-07-30,8.0,8.0,1.0,0.0,,
M0452_2560,C0000000329,main,main,B-INDIAMRMF,ตราสารทุน,บริษัทหลักทรัพย์จัดการกองทุนรวม  บัวหลวง จำกัด,BBL ASSET MANAGEMENT COMPANY LIMITED,ตราสารทุน,2017-11-23,2026-07-30,101.0,105.0,0.9619047619047619,1.0,2024-07,2024-10
M0903_2568,C0000000709,main,main,KFSGB6M26,ตราสารหนี้,บริษัทหลักทรัพย์จัดการกองทุน กรุงศรี จำกัด,KRUNGSRI ASSET MANAGEMENT COMPANY LIMITED,ตราสารหนี้,2026-01-22,2026-07-31,7.0,7.0,1.0,0.0,,
M0673_2568,C0000028866,DAOL-ISTREAM-A,DAOL-ISTREAM-A,DAOL-ISTREAM,ผสม,บริษัทหลักทรัพย์จัดการกองทุน ดาโอ จำกัด,DAOL INVESTMENT MANAGEMENT COMPANY LIMITED,ผสม,2025-11-19,2026-07-30,9.0,9.0,1.0,0.0,,
M0989_2555,C0000033452,main,main,ES-US500RMF,ตราสารทุน,บริษัทหลักทรัพย์จัดการกองทุน อีสท์สปริง (ประเทศไทย) จำกัด,EASTSPRING ASSET MANAGEMENT (THAILAND) COMPANY LIMITED,ตราสารทุน,2015-01-05,2026-07-27,135.0,139.0,0.9712230215827338,1.0,2024-07,2024-10
M0578_2569,C0000000239,main,main,SCBSB15M4,ตราสารหนี้,บริษัทหลักทรัพย์จัดการกองทุน ไทยพาณิชย์ จำกัด,SCB ASSET MANAGEMENT COMPANY LIMITED,ตราสารหนี้,2026-06-04,2026-07-31,2.0,2.0,1.0,0.0,,
M0683_2565,C0000000709,KF1MEAN-A,KF1MEAN-A,KF1MEAN,ผสม,บริษัทหลักทรัพย์จัดการกองทุน กรุงศรี จำกัด,KRUNGSRI ASSET MANAGEMENT COMPANY LIMITED,ผสม,2023-02-24,2026-07-27,38.0,42.0,0.9047619047619048,1.0,2024-07,2024-10
M0563_2568,C0000024008,main,main,TLA-GEQ,ตราสารทุน,บริษัทหลักทรัพย์จัดการกองทุน ทาลิส จำกัด,TALIS ASSET MANAGEMENT COMPANY LIMITED,ตราสารทุน,2025-11-25,2026-07-30,9.0,9.0,1.0,0.0,,
M0634_2569,C0000000239,main,main,SCBSB6M90,ตราสารหนี้,บริษัทหลักทรัพย์จัดการกองทุน ไทยพาณิชย์ จำกัด,SCB ASSET MANAGEMENT COMPANY LIMITED,ตราสารหนี้,2026-06-22,2026-07-30,2.0,2.0,1.0,0.0,,
M0490_2567,C0000033452,main,main,ES-LINK2Y4MA,ผสม,บริษัทหลักทรัพย์จัดการกองทุน อีสท์สปริง (ประเทศไทย) จำกัด,EASTSPRING ASSET MANAGEMENT (THAILAND) COMPANY LIMITED,ผสม,2024-11-19,2026-07-30,21.0,21.0,1.0,0.0,,
M0536_2563,C0000000239,SCBUSA(E),SCBUSA(E),SCBUSA,ตราสารทุน,บริษัทหลักทรัพย์จัดการกองทุน ไทยพาณิชย์ จำกัด,SCB ASSET MANAGEMENT COMPANY LIMITED,ตราสารทุน,2021-09-14,2026-07-30,55.0,59.0,0.9322033898305084,1.0,2024-07,2024-10
M0107_2545,C0000000709,main,main,KFLTGOVRMF,ตราสารหนี้,บริษัทหลักทรัพย์จัดการกองทุน กรุงศรี จำกัด,KRUNGSRI ASSET MANAGEMENT COMPANY LIMITED,ตราสารหนี้,2015-01-05,2026-07-31,135.0,139.0,0.9712230215827338,1.0,2024-07,2024-10
M0596_2562,C0000000021,main,main,K-PROPIRMF,ผสม,บริษัทหลักทรัพย์จัดการกองทุน กสิกรไทย จำกัด,KASIKORN ASSET MANAGEMENT COMPANY LIMITED,ผสม,2019-11-11,2026-07-31,73.0,81.0,0.9012345679012346,1.0,2024-07,2025-02
M0700_2565,C0000000460,KT-TECHNOLOGY-A,KT-TECHNOLOGY-A,KT-TECHNOLOGY,ตราสารทุน,บริษัทหลักทรัพย์จัดการกองทุน กรุงไทย จำกัด (มหาชน),KRUNG THAI ASSET MANAGEMENT PUBLIC COMPANY LIMITED ,ตราสารทุน,2024-02-27,2026-07-27,26.0,30.0,0.8666666666666667,1.0,2024-07,2024-10
M0639_2569,C0000000239,main,main,SCBSB3M102,ตราสารหนี้,บริษัทหลักทรัพย์จัดการกองทุน ไทยพาณิชย์ จำกัด,SCB ASSET MANAGEMENT COMPANY LIMITED,ตราสารหนี้,2026-06-23,2026-07-31,2.0,2.0,1.0,0.0,,
M0684_2565,C0000000709,KF1MAX-A,KF1MAX-A,KF1MAX,ผสม,บริษัทหลักทรัพย์จัดการกองทุน กรุงศรี จำกัด,KRUNGSRI ASSET MANAGEMENT COMPANY LIMITED,ผสม,2023-02-23,2026-07-27,38.0,42.0,0.9047619047619048,1.0,2024-07,2024-10
M0065_2560,C0000033452,main,main,ES-DIV,ตราสารทุน,บริษัทหลักทรัพย์จัดการกองทุน อีสท์สปริง (ประเทศไทย) จำกัด,EASTSPRING ASSET MANAGEMENT (THAILAND) COMPANY LIMITED,ตราสารทุน,2017-03-15,2026-07-31,109.0,113.0,0.9646017699115044,1.0,2024-07,2024-10
M0587_2569,C0000000239,main,main,SCBSB6M88,ตราสารหนี้,บริษัทหลักทรัพย์จัดการกองทุน ไทยพาณิชย์ จำกัด,SCB ASSET MANAGEMENT COMPANY LIMITED,ตราสารหนี้,2026-06-09,2026-07-31,2.0,2.0,1.0,0.0,,
M0035_2561,C0000000460,KTMEE-A,KTMEE-A,KTMEE,ผสม,บริษัทหลักทรัพย์จัดการกองทุน กรุงไทย จำกัด (มหาชน),KRUNG THAI ASSET MANAGEMENT PUBLIC COMPANY LIMITED ,ผสม,2018-03-28,2026-07-30,97.0,101.0,0.9603960396039604,1.0,2024-07,2024-10
M0821_2566,C0000000460,KTAG-A,KTAG-A,KTAG,ตราสารทุน,บริษัทหลักทรัพย์จัดการกองทุน กรุงไทย จำกัด (มหาชน),KRUNG THAI ASSET MANAGEMENT PUBLIC COMPANY LIMITED ,ตราสารทุน,,,,,,,,
M0130_2545,C0000000021,main,main,KACB,ตราสารหนี้,บริษัทหลักทรัพย์จัดการกองทุน กสิกรไทย จำกัด,KASIKORN ASSET MANAGEMENT COMPANY LIMITED,ตราสารหนี้,2015-01-05,2026-07-31,132.0,139.0,0.9496402877697842,2.0,2024-07,2024-10
M0184_2561,C0000005025,main,main,KKP CorePath Balanced RMF,ผสม,บริษัทหลักทรัพย์จัดการกองทุน เกียรตินาคินภัทร จำกัด,KIATNAKIN PHATRA ASSET MANAGEMENT COMPANY LIMITED,ผสม,2018-12-07,2026-07-27,78.0,92.0,0.8478260869565217,1.0,2024-07,2025-08
M0715_2547,C0000033452,main,main,ES-JB25DIV,ตราสารทุน,บริษัทหลักทรัพย์จัดการกองทุน อีสท์สปริง (ประเทศไทย) จำกัด,EASTSPRING ASSET MANAGEMENT (THAILAND) COMPANY LIMITED,ตราสารทุน,2015-01-05,2026-07-31,122.0,139.0,0.8776978417266187,1.0,2024-07,2025-11
M0503_2569,C0000000709,main,main,KFSGB6M31,ตราสารหนี้,บริษัทหลักทรัพย์จัดการกองทุน กรุงศรี จำกัด,KRUNGSRI ASSET MANAGEMENT COMPANY LIMITED,ตราสารหนี้,2026-06-23,2026-07-31,2.0,2.0,1.0,0.0,,
M0455_2567,C0000000021,main,main,K-WPSPEEDRMF,ผสม,บริษัทหลักทรัพย์จัดการกองทุน กสิกรไทย จำกัด,KASIKORN ASSET MANAGEMENT COMPANY LIMITED,ผสม,2025-03-11,2026-07-30,17.0,17.0,1.0,0.0,,
M0033_2563,C0000000324,TCHTECH-A,TCHTECH-A,TCHTECH,ตราสารทุน,บริษัทหลักทรัพย์จัดการกองทุน ทิสโก้,TISCO ASSET MANAGEMENT COMPANY LIMITED,ตราสารทุน,2020-02-19,2026-07-30,74.0,78.0,0.9487179487179487,1.0,2024-07,2024-10
M0621_2553,C0000033452,ES-GF-A,ES-GF-A,ES-GF,ตราสารหนี้,บริษัทหลักทรัพย์จัดการกองทุน อีสท์สปริง (ประเทศไทย) จำกัด,EASTSPRING ASSET MANAGEMENT (THAILAND) COMPANY LIMITED,ตราสารหนี้,2015-01-05,2026-07-30,135.0,139.0,0.9712230215827338,1.0,2024-07,2024-10
M0046_2565,C0000005531,PRINCIPAL MAGLOBAL-A,PRINCIPAL MAGLOBAL-A,PRINCIPAL MAGLOBAL,ผสม,บริษัทหลักทรัพย์จัดการกองทุน พรินซิเพิล จำกัด,PRINCIPAL ASSET MANAGEMENT COMPANY LIMITED,ผสม,2025-02-05,2026-07-30,18.0,18.0,1.0,0.0,,
M0107_2561,C0000000709,KFVIET-A,KFVIET-A,KFVIET,ตราสารทุน,บริษัทหลักทรัพย์จัดการกองทุน กรุงศรี จำกัด,KRUNGSRI ASSET MANAGEMENT COMPANY LIMITED,ตราสารทุน,2018-04-27,2026-07-30,96.0,100.0,0.96,1.0,2024-07,2024-10
M0078_2545,C0000033452,main,main,ES-MMRMF,ตราสารหนี้,บริษัทหลักทรัพย์จัดการกองทุน อีสท์สปริง (ประเทศไทย) จำกัด,EASTSPRING ASSET MANAGEMENT (THAILAND) COMPANY LIMITED,ตราสารหนี้,2015-01-05,2026-07-31,135.0,139.0,0.9712230215827338,1.0,2024-07,2024-10
M0001_2564,C0000000569,main,main,ONE-GLOBALTOP8M10,ผสม,บริษัทหลักทรัพย์จัดการกองทุน วรรณ จำกัด,ONE ASSET MANAGEMENT LIMITED,ผสม,2021-02-03,2026-07-27,62.0,66.0,0.9393939393939394,1.0,2024-07,2024-10
M0126_2563,C0000000709,KFS100-A,KFS100-A,KFS100,ตราสารทุน,บริษัทหลักทรัพย์จัดการกองทุน กรุงศรี จำกัด,KRUNGSRI ASSET MANAGEMENT COMPANY LIMITED,ตราสารทุน,2020-09-01,2026-07-31,67.0,71.0,0.9436619718309859,1.0,2024-07,2024-10
M0746_2550,C0000000569,1AM-DAILY-RA,1AM-DAILY-RA,1AM-DAILY,ตราสารหนี้,บริษัทหลักทรัพย์จัดการกองทุน วรรณ จำกัด,ONE ASSET MANAGEMENT LIMITED,ตราสารหนี้,2015-01-05,2026-07-31,135.0,139.0,0.9712230215827338,1.0,2024-07,2024-10
M0095_2559,C0000000324,TINC-A,TINC-A,TINC,ผสม,บริษัทหลักทรัพย์จัดการกองทุน ทิสโก้,TISCO ASSET MANAGEMENT COMPANY LIMITED,ผสม,2018-09-03,2026-07-31,91.0,95.0,0.9578947368421052,1.0,2024-07,2024-10
M0045_2565,C0000000021,main,main,K-VIETNAMRMF,ตราสารทุน,บริษัทหลักทรัพย์จัดการกองทุน กสิกรไทย จำกัด,KASIKORN ASSET MANAGEMENT COMPANY LIMITED,ตราสารทุน,2022-05-20,2026-07-31,43.0,51.0,0.8431372549019608,1.0,2024-07,2025-02
M0665_2546,C0000000709,main,main,KFMTFI,ตราสารหนี้,บริษัทหลักทรัพย์จัดการกองทุน กรุงศรี จำกัด,KRUNGSRI ASSET MANAGEMENT COMPANY LIMITED,ตราสารหนี้,2015-01-05,2026-07-31,135.0,139.0,0.9712230215827338,1.0,2024-07,2024-10
M0512_2564,C0000031161,main,main,AIA-ICA,ผสม,บริษัทหลักทรัพย์จัดการกองทุน เอไอเอ (ประเทศไทย) จำกัด,AIA INVESTMENT MANAGEMENT (THAILAND) LIMITED,ผสม,2022-04-08,2026-07-30,48.0,52.0,0.9230769230769231,1.0,2024-07,2024-10
M0155_2556,C0000000239,SCBCEH,SCBCEH,SCBCEHFUND,ตราสารทุน,บริษัทหลักทรัพย์จัดการกองทุน ไทยพาณิชย์ จำกัด,SCB ASSET MANAGEMENT COMPANY LIMITED,ตราสารทุน,2015-01-05,2026-07-31,135.0,139.0,0.9712230215827338,1.0,2024-07,2024-10
M0269_2569,C0000000709,main,main,KFSGB6M30,ตราสารหนี้,บริษัทหลักทรัพย์จัดการกองทุน กรุงศรี จำกัด,KRUNGSRI ASSET MANAGEMENT COMPANY LIMITED,ตราสารหนี้,2026-04-28,2026-07-31,4.0,4.0,1.0,0.0,,
M0325_2562,C0000000239,SCBCLASSI(SSFE),SCBCLASSI(SSFE),SCBCLASSIC,ผสม,บริษัทหลักทรัพย์จัดการกองทุน ไทยพาณิชย์ จำกัด,SCB ASSET MANAGEMENT COMPANY LIMITED,ผสม,,,,,,,,
M0317_2565,C0000000239,SCBRMWORLD(A),SCBRMWORLD(A),SCBRMWORLD,ตราสารทุน,บริษัทหลักทรัพย์จัดการกองทุน ไทยพาณิชย์ จำกัด,SCB ASSET MANAGEMENT COMPANY LIMITED,ตราสารทุน,2022-07-19,2026-07-30,45.0,49.0,0.9183673469387755,1.0,2024-07,2024-10
M0568_2569,C0000000239,main,main,SCBSB3M99,ตราสารหนี้,บริษัทหลักทรัพย์จัดการกองทุน ไทยพาณิชย์ จำกัด,SCB ASSET MANAGEMENT COMPANY LIMITED,ตราสารหนี้,2026-06-04,2026-07-31,2.0,2.0,1.0,0.0,,
M0526_2560,C0000000239,SCBPOPA,SCBPOPA,SCBPOP,ผสม,บริษัทหลักทรัพย์จัดการกองทุน ไทยพาณิชย์ จำกัด,SCB ASSET MANAGEMENT COMPANY LIMITED,ผสม,2017-11-07,2026-07-27,101.0,105.0,0.9619047619047619,1.0,2024-07,2024-10
M0406_2564,C0000005531,PRINCIPAL VTOPP-A,PRINCIPAL VTOPP-A,PRINCIPAL VTOPP,ตราสารทุน,บริษัทหลักทรัพย์จัดการกองทุน พรินซิเพิล จำกัด,PRINCIPAL ASSET MANAGEMENT COMPANY LIMITED,ตราสารทุน,2021-11-10,2026-07-31,53.0,57.0,0.9298245614035088,1.0,2024-07,2024-10
M0728_2568,C0000000623,main,main,UFGOV1Y2,ตราสารหนี้,บริษัทหลักทรัพย์จัดการกองทุน ยูโอบี (ประเทศไทย) จำกัด,UOB ASSET MANAGEMENT (THAILAND) COMPANY LIMITED,ตราสารหนี้,2026-01-19,2026-07-31,7.0,7.0,1.0,0.0,,
M0201_2564,C0000033452,main,main,tsp4-explorer,ผสม,บริษัทหลักทรัพย์จัดการกองทุน อีสท์สปริง (ประเทศไทย) จำกัด,EASTSPRING ASSET MANAGEMENT (THAILAND) COMPANY LIMITED,ผสม,2021-06-15,2026-07-30,58.0,62.0,0.9354838709677419,1.0,2024-07,2024-10
M0747_2554,C0000000329,main,main,BSIRICG,ตราสารทุน,บริษัทหลักทรัพย์จัดการกองทุนรวม  บัวหลวง จำกัด,BBL ASSET MANAGEMENT COMPANY LIMITED,ตราสารทุน,2015-01-05,2026-07-30,129.0,139.0,0.9280575539568345,2.0,2017-03,2017-08
M0168_2561,C0000000460,KT-CSBOND-A,KT-CSBOND-A,KT-CSBOND,ตราสารหนี้,บริษัทหลักทรัพย์จัดการกองทุน กรุงไทย จำกัด (มหาชน),KRUNG THAI ASSET MANAGEMENT PUBLIC COMPANY LIMITED ,ตราสารหนี้,2018-06-12,2026-07-30,94.0,98.0,0.9591836734693877,1.0,2024-07,2024-10
M0688_2566,C0000028866,DCAF-I,DCAF-I,DCAF,ผสม,บริษัทหลักทรัพย์จัดการกองทุน ดาโอ จำกัด,DAOL INVESTMENT MANAGEMENT COMPANY LIMITED,ผสม,2023-12-27,2026-07-30,28.0,32.0,0.875,1.0,2024-07,2024-10
M0347_2564,C0000000329,main,main,B-VIETNAM,ตราสารทุน,บริษัทหลักทรัพย์จัดการกองทุนรวม  บัวหลวง จำกัด,BBL ASSET MANAGEMENT COMPANY LIMITED,ตราสารทุน,2021-10-26,2026-07-31,54.0,58.0,0.9310344827586207,1.0,2024-07,2024-10
M0083_2545,C0000000623,main,main,UOBGBRMF,ตราสารหนี้,บริษัทหลักทรัพย์จัดการกองทุน ยูโอบี (ประเทศไทย) จำกัด,UOB ASSET MANAGEMENT (THAILAND) COMPANY LIMITED,ตราสารหนี้,2015-01-05,2026-07-31,135.0,139.0,0.9712230215827338,1.0,2024-07,2024-10
M0044_2563,C0000000329,main,main,B-INCOMESSF,ผสม,บริษัทหลักทรัพย์จัดการกองทุนรวม  บัวหลวง จำกัด,BBL ASSET MANAGEMENT COMPANY LIMITED,ผสม,2020-07-23,2026-07-27,69.0,73.0,0.9452054794520548,1.0,2024-07,2024-10
M0408_2567,C0000000021,main,main,K-US500XRMF,ตราสารทุน,บริษัทหลักทรัพย์จัดการกองทุน กสิกรไทย จำกัด,KASIKORN ASSET MANAGEMENT COMPANY LIMITED,ตราสารทุน,2025-03-10,2026-07-30,17.0,17.0,1.0,0.0,,
M0555_2569,C0000000239,main,main,SCBSB15M3,ตราสารหนี้,บริษัทหลักทรัพย์จัดการกองทุน ไทยพาณิชย์ จำกัด,SCB ASSET MANAGEMENT COMPANY LIMITED,ตราสารหนี้,2026-05-26,2026-07-31,3.0,3.0,1.0,0.0,,
M0291_2549,C0000000709,main,main,KF-ORTFLEX,ผสม,บริษัทหลักทรัพย์จัดการกองทุน กรุงศรี จำกัด,KRUNGSRI ASSET MANAGEMENT COMPANY LIMITED,ผสม,2015-01-05,2026-07-30,135.0,139.0,0.9712230215827338,1.0,2024-07,2024-10
M0259_2562,C0000000460,KT-EMEQ-A,KT-EMEQ-A,KT-EMEQ,ตราสารทุน,บริษัทหลักทรัพย์จัดการกองทุน กรุงไทย จำกัด (มหาชน),KRUNG THAI ASSET MANAGEMENT PUBLIC COMPANY LIMITED ,ตราสารทุน,2019-06-25,2026-07-24,82.0,86.0,0.9534883720930233,1.0,2024-07,2024-10
M0370_2569,C0000000239,main,main,SCBSB6M79,ตราสารหนี้,บริษัทหลักทรัพย์จัดการกองทุน ไทยพาณิชย์ จำกัด,SCB ASSET MANAGEMENT COMPANY LIMITED,ตราสารหนี้,2026-04-03,2026-07-31,4.0,4.0,1.0,0.0,,
M0481_2559,C0000000239,SCBAPLUS,SCBAPLUS,SCBAPLUSFUND,ผสม,บริษัทหลักทรัพย์จัดการกองทุน ไทยพาณิชย์ จำกัด,SCB ASSET MANAGEMENT COMPANY LIMITED,ผสม,2016-10-26,2026-07-27,114.0,118.0,0.9661016949152542,1.0,2024-07,2024-10
M0433_2558,C0000000021,main,main,K-MSRMF,ตราสารทุน,บริษัทหลักทรัพย์จัดการกองทุน กสิกรไทย จำกัด,KASIKORN ASSET MANAGEMENT COMPANY LIMITED,ตราสารทุน,2015-10-02,2026-07-31,122.0,130.0,0.9384615384615385,1.0,2024-07,2025-02
M0165_2569,C0000000460,main,main,KTGOV3M2S,ตราสารหนี้,บริษัทหลักทรัพย์จัดการกองทุน กรุงไทย จำกัด (มหาชน),KRUNG THAI ASSET MANAGEMENT PUBLIC COMPANY LIMITED ,ตราสารหนี้,2026-06-15,2026-07-31,2.0,2.0,1.0,0.0,,
M0611_2568,C0000000023,main,main,MGALL-UH,ผสม,บริษัทหลักทรัพย์จัดการกองทุน เอ็มเอฟซี จำกัด (มหาชน),MFC ASSET MANAGEMENT PUBLIC COMPANY LIMITED ,ผสม,2025-08-15,2026-07-30,12.0,12.0,1.0,0.0,,
M0619_2562,C0000000329,main,main,BCAP-GE,ตราสารทุน,บริษัทหลักทรัพย์จัดการกองทุนรวม  บัวหลวง จำกัด,BBL ASSET MANAGEMENT COMPANY LIMITED,ตราสารทุน,2020-01-14,2026-07-27,75.0,79.0,0.9493670886075949,1.0,2024-07,2024-10
M0695_2569,C0000000023,main,main,MKAI6S46,ตราสารหนี้,บริษัทหลักทรัพย์จัดการกองทุน เอ็มเอฟซี จำกัด (มหาชน),MFC ASSET MANAGEMENT PUBLIC COMPANY LIMITED ,ตราสารหนี้,2026-07-07,2026-07-07,1.0,1.0,1.0,0.0,,
M0242_2550,C0000000623,UMIX-DIV-D,UMIX-DIV-D,UMIX-DIV-M,ผสม,บริษัทหลักทรัพย์จัดการกองทุน ยูโอบี (ประเทศไทย) จำกัด,UOB ASSET MANAGEMENT (THAILAND) COMPANY LIMITED,ผสม,,,,,,,,
M0822_2567,C0000000239,SCBTD(A),SCBTD(A),SCBTD,ตราสารทุน,บริษัทหลักทรัพย์จัดการกองทุน ไทยพาณิชย์ จำกัด,SCB ASSET MANAGEMENT COMPANY LIMITED,ตราสารทุน,,,,,,,,
M0454_2569,C0000000023,main,main,MKAI9S2,ตราสารหนี้,บริษัทหลักทรัพย์จัดการกองทุน เอ็มเอฟซี จำกัด (มหาชน),MFC ASSET MANAGEMENT PUBLIC COMPANY LIMITED ,ตราสารหนี้,2026-04-30,2026-07-31,4.0,4.0,1.0,0.0,,
M0580_2562,C0000000709,KFPREFER-A,KFPREFER-A,KFPREFER,ผสม,บริษัทหลักทรัพย์จัดการกองทุน กรุงศรี จำกัด,KRUNGSRI ASSET MANAGEMENT COMPANY LIMITED,ผสม,2019-10-21,2026-07-30,78.0,82.0,0.9512195121951219,1.0,2024-07,2024-10
M0879_2568,C0000028866,main,main,DAOL-SILVER,ตราสารทุน,บริษัทหลักทรัพย์จัดการกองทุน ดาโอ จำกัด,DAOL INVESTMENT MANAGEMENT COMPANY LIMITED,ตราสารทุน,2025-10-24,2026-07-27,10.0,10.0,1.0,0.0,,
M0421_2569,C0000000023,main,main,MKAI6S45,ตราสารหนี้,บริษัทหลักทรัพย์จัดการกองทุน เอ็มเอฟซี จำกัด (มหาชน),MFC ASSET MANAGEMENT PUBLIC COMPANY LIMITED ,ตราสารหนี้,2026-04-09,2026-07-31,4.0,4.0,1.0,0.0,,
M0147_2562,C0000000329,main,main,BCAP-GW50,ผสม,บริษัทหลักทรัพย์จัดการกองทุนรวม  บัวหลวง จำกัด,BBL ASSET MANAGEMENT COMPANY LIMITED,ผสม,2019-05-28,2026-07-27,83.0,87.0,0.9540229885057471,1.0,2024-07,2024-10
M0071_2560,C0000000709,KFUSINDX-A,KFUSINDX-A,KFUSINDX,ตราสารทุน,บริษัทหลักทรัพย์จัดการกองทุน กรุงศรี จำกัด,KRUNGSRI ASSET MANAGEMENT COMPANY LIMITED,ตราสารทุน,2017-03-22,2026-07-30,109.0,113.0,0.9646017699115044,1.0,2024-07,2024-10
M0485_2569,C0000000239,main,main,SCBSB16M1,ตราสารหนี้,บริษัทหลักทรัพย์จัดการกองทุน ไทยพาณิชย์ จำกัด,SCB ASSET MANAGEMENT COMPANY LIMITED,ตราสารหนี้,2026-05-08,2026-07-31,3.0,3.0,1.0,0.0,,
M0669_2567,C0000033452,main,main,ES-GAINCOMERMF,ผสม,บริษัทหลักทรัพย์จัดการกองทุน อีสท์สปริง (ประเทศไทย) จำกัด,EASTSPRING ASSET MANAGEMENT (THAILAND) COMPANY LIMITED,ผสม,2024-11-14,2026-07-30,21.0,21.0,1.0,0.0,,
M0016_2563,C0000000329,main,main,BCAP-USND100,ตราสารทุน,บริษัทหลักทรัพย์จัดการกองทุนรวม  บัวหลวง จำกัด,BBL ASSET MANAGEMENT COMPANY LIMITED,ตราสารทุน,2020-04-08,2026-07-30,72.0,76.0,0.9473684210526315,1.0,2024-07,2024-10
M0451_2569,C0000000239,main,main,SCBSB6M82,ตราสารหนี้,บริษัทหลักทรัพย์จัดการกองทุน ไทยพาณิชย์ จำกัด,SCB ASSET MANAGEMENT COMPANY LIMITED,ตราสารหนี้,2026-04-23,2026-07-31,4.0,4.0,1.0,0.0,,
M0220_2559,C0000006646,LHSMART-A,LHSMART-A,LHSMART,ผสม,บริษัทหลักทรัพย์จัดการกองทุน แลนด์ แอนด์ เฮ้าส์ จำกัด,LAND AND HOUSES FUND MANAGEMENT COMPANY LIMITED,ผสม,,,,,,,,
M0135_2545,C0000000021,main,main,KAEQ,ตราสารทุน,บริษัทหลักทรัพย์จัดการกองทุน กสิกรไทย จำกัด,KASIKORN ASSET MANAGEMENT COMPANY LIMITED,ตราสารทุน,2015-01-05,2026-07-31,132.0,139.0,0.9496402877697842,2.0,2024-07,2024-10
M0683_2569,C0000000239,main,main,SCBSB3M104,ตราสารหนี้,บริษัทหลักทรัพย์จัดการกองทุน ไทยพาณิชย์ จำกัด,SCB ASSET MANAGEMENT COMPANY LIMITED,ตราสารหนี้,2026-07-08,2026-07-27,1.0,1.0,1.0,0.0,,
M0446_2568,C0000000324,TThai70ESGX-A,TThai70ESGX-A,TThai70ESGX,ผสม,บริษัทหลักทรัพย์จัดการกองทุน ทิสโก้,TISCO ASSET MANAGEMENT COMPANY LIMITED,ผสม,2026-01-07,2026-07-31,7.0,7.0,1.0,0.0,,
M0743_2562,C0000005025,KKP GINFRAEQ-H,KKP GINFRAEQ-H,KKP GINFRAEQ-H FUND,ตราสารทุน,บริษัทหลักทรัพย์จัดการกองทุน เกียรตินาคินภัทร จำกัด,KIATNAKIN PHATRA ASSET MANAGEMENT COMPANY LIMITED,ตราสารทุน,2020-03-12,2026-07-27,73.0,77.0,0.948051948051948,1.0,2024-07,2024-10
M0384_2565,C0000000329,main,main,BCAP-MONEY,ตราสารหนี้,บริษัทหลักทรัพย์จัดการกองทุนรวม  บัวหลวง จำกัด,BBL ASSET MANAGEMENT COMPANY LIMITED,ตราสารหนี้,2022-10-11,2026-07-31,42.0,46.0,0.9130434782608695,1.0,2024-07,2024-10
M0634_2556,C0000000460,main,main,KT-FLEX,ผสม,บริษัทหลักทรัพย์จัดการกองทุน กรุงไทย จำกัด (มหาชน),KRUNG THAI ASSET MANAGEMENT PUBLIC COMPANY LIMITED ,ผสม,2015-01-05,2026-07-31,135.0,139.0,0.9712230215827338,1.0,2024-07,2024-10
M0087_2561,C0000000329,main,main,B-FUTURE,ตราสารทุน,บริษัทหลักทรัพย์จัดการกองทุนรวม  บัวหลวง จำกัด,BBL ASSET MANAGEMENT COMPANY LIMITED,ตราสารทุน,2018-07-26,2026-07-27,93.0,97.0,0.9587628865979382,1.0,2024-07,2024-10
M0669_2552,C0000005025,KKP MMRMF,KKP MMRMF,KKP MMRMF FUND,ตราสารหนี้,บริษัทหลักทรัพย์จัดการกองทุน เกียรตินาคินภัทร จำกัด,KIATNAKIN PHATRA ASSET MANAGEMENT COMPANY LIMITED,ตราสารหนี้,2015-01-05,2026-07-31,135.0,139.0,0.9712230215827338,1.0,2024-07,2024-10
M0497_2546,C0000000023,MBT-G,MBT-G,M-BT,ผสม,บริษัทหลักทรัพย์จัดการกองทุน เอ็มเอฟซี จำกัด (มหาชน),MFC ASSET MANAGEMENT PUBLIC COMPANY LIMITED ,ผสม,2015-01-05,2026-07-31,135.0,139.0,0.9712230215827338,1.0,2024-07,2024-10
M0328_2558,C0000033452,main,main,ES-CORMF,ตราสารทุน,บริษัทหลักทรัพย์จัดการกองทุน อีสท์สปริง (ประเทศไทย) จำกัด,EASTSPRING ASSET MANAGEMENT (THAILAND) COMPANY LIMITED,ตราสารทุน,2015-08-11,2026-07-30,128.0,132.0,0.9696969696969697,1.0,2024-07,2024-10
M0933_2547,C0000000023,MMM-MF,MMM-MF,MMM,ตราสารหนี้,บริษัทหลักทรัพย์จัดการกองทุน เอ็มเอฟซี จำกัด (มหาชน),MFC ASSET MANAGEMENT PUBLIC COMPANY LIMITED ,ตราสารหนี้,2015-01-05,2026-07-31,135.0,139.0,0.9712230215827338,1.0,2024-07,2024-10
M0622_2563,C0000000569,main,main,ONE-GLOBALTOP8M9,ผสม,บริษัทหลักทรัพย์จัดการกองทุน วรรณ จำกัด,ONE ASSET MANAGEMENT LIMITED,ผสม,2021-01-25,2026-07-27,63.0,67.0,0.9402985074626866,1.0,2024-07,2024-10
M0593_2558,C0000000239,main,main,SCBRMGHC,ตราสารทุน,บริษัทหลักทรัพย์จัดการกองทุน ไทยพาณิชย์ จำกัด,SCB ASSET MANAGEMENT COMPANY LIMITED,ตราสารทุน,2015-11-09,2026-07-24,125.0,129.0,0.9689922480620154,1.0,2024-07,2024-10
M0550_2559,C0000000709,main,main,KF-SINCOMERMF,ตราสารหนี้,บริษัทหลักทรัพย์จัดการกองทุน กรุงศรี จำกัด,KRUNGSRI ASSET MANAGEMENT COMPANY LIMITED,ตราสารหนี้,2016-11-14,2026-07-30,109.0,117.0,0.9316239316239316,1.0,2024-07,2025-02
M0220_2542,C0000000623,main,main,UOBSMG,ผสม,บริษัทหลักทรัพย์จัดการกองทุน ยูโอบี (ประเทศไทย) จำกัด,UOB ASSET MANAGEMENT (THAILAND) COMPANY LIMITED,ผสม,2015-01-05,2026-07-31,135.0,139.0,0.9712230215827338,1.0,2024-07,2024-10
M0013_2537,C0000000329,main,main,BKD,ตราสารทุน,บริษัทหลักทรัพย์จัดการกองทุนรวม  บัวหลวง จำกัด,BBL ASSET MANAGEMENT COMPANY LIMITED,ตราสารทุน,2015-01-05,2026-07-31,129.0,139.0,0.9280575539568345,2.0,2017-03,2017-08
M0732_2569,C0000000460,main,main,KTGOV3M6S,ตราสารหนี้,บริษัทหลักทรัพย์จัดการกองทุน กรุงไทย จำกัด (มหาชน),KRUNG THAI ASSET MANAGEMENT PUBLIC COMPANY LIMITED ,ตราสารหนี้,2026-07-20,2026-07-31,1.0,1.0,1.0,0.0,,
M0116_2564,C0000000239,main,main,SCBCHTG2,ผสม,บริษัทหลักทรัพย์จัดการกองทุน ไทยพาณิชย์ จำกัด,SCB ASSET MANAGEMENT COMPANY LIMITED,ผสม,2021-06-10,2026-07-31,58.0,62.0,0.9354838709677419,1.0,2024-07,2024-10
M0820_2566,C0000000709,KFTHAIESGA,KFTHAIESGA,KFTHAIESG,ตราสารทุน,บริษัทหลักทรัพย์จัดการกองทุน กรุงศรี จำกัด,KRUNGSRI ASSET MANAGEMENT COMPANY LIMITED,ตราสารทุน,2023-12-12,2026-07-31,28.0,32.0,0.875,1.0,2024-07,2024-10
M0557_2569,C0000000709,main,main,KFTGB6M64,ตราสารหนี้,บริษัทหลักทรัพย์จัดการกองทุน กรุงศรี จำกัด,KRUNGSRI ASSET MANAGEMENT COMPANY LIMITED,ตราสารหนี้,2026-06-04,2026-07-31,2.0,2.0,1.0,0.0,,
M0348_2563,C0000031161,main,main,AIA-GCA,ผสม,บริษัทหลักทรัพย์จัดการกองทุน เอไอเอ (ประเทศไทย) จำกัด,AIA INVESTMENT MANAGEMENT (THAILAND) LIMITED,ผสม,2020-12-01,2026-07-30,64.0,68.0,0.9411764705882353,1.0,2024-07,2024-10
M1094_2557,C0000000709,main,main,KFHCARERMF,ตราสารทุน,บริษัทหลักทรัพย์จัดการกองทุน กรุงศรี จำกัด,KRUNGSRI ASSET MANAGEMENT COMPANY LIMITED,ตราสารทุน,2015-01-05,2026-07-30,135.0,139.0,0.9712230215827338,1.0,2024-07,2024-10
M0510_2560,C0000000623,main,main,UGISRMF,ตราสารหนี้,บริษัทหลักทรัพย์จัดการกองทุน ยูโอบี (ประเทศไทย) จำกัด,UOB ASSET MANAGEMENT (THAILAND) COMPANY LIMITED,ตราสารหนี้,2017-11-15,2026-07-27,101.0,105.0,0.9619047619047619,1.0,2024-07,2024-10
M0560_2556,C0000005531,PRINCIPAL MABALANCED-A,PRINCIPAL MABALANCED-A,PRINCIPAL MABALANCED,ผสม,บริษัทหลักทรัพย์จัดการกองทุน พรินซิเพิล จำกัด,PRINCIPAL ASSET MANAGEMENT COMPANY LIMITED,ผสม,,,,,,,,
M0086_2562,C0000000460,KT-JPFUND-A,KT-JPFUND-A,KT-JPFUND,ตราสารทุน,บริษัทหลักทรัพย์จัดการกองทุน กรุงไทย จำกัด (มหาชน),KRUNG THAI ASSET MANAGEMENT PUBLIC COMPANY LIMITED ,ตราสารทุน,2019-03-08,2026-07-31,85.0,89.0,0.9550561797752809,1.0,2024-07,2024-10
M0479_2569,C0000000239,main,main,SCBSB3M95,ตราสารหนี้,บริษัทหลักทรัพย์จัดการกองทุน ไทยพาณิชย์ จำกัด,SCB ASSET MANAGEMENT COMPANY LIMITED,ตราสารหนี้,2026-05-05,2026-07-31,3.0,3.0,1.0,0.0,,
M0620_2558,C0000000709,main,main,KFJAPANRMF,ผสม,บริษัทหลักทรัพย์จัดการกองทุน กรุงศรี จำกัด,KRUNGSRI ASSET MANAGEMENT COMPANY LIMITED,ผสม,2015-11-16,2026-07-30,125.0,129.0,0.9689922480620154,1.0,2024-07,2024-10
M0331_2563,C0000031161,main,main,AIA-THDIS,ตราสารทุน,บริษัทหลักทรัพย์จัดการกองทุน เอไอเอ (ประเทศไทย) จำกัด,AIA INVESTMENT MANAGEMENT (THAILAND) LIMITED,ตราสารทุน,2020-09-08,2026-07-31,67.0,71.0,0.9436619718309859,1.0,2024-07,2024-10
M0021_2554,C0000000623,main,main,UOBID,ตราสารหนี้,บริษัทหลักทรัพย์จัดการกองทุน ยูโอบี (ประเทศไทย) จำกัด,UOB ASSET MANAGEMENT (THAILAND) COMPANY LIMITED,ตราสารหนี้,2015-01-05,2026-07-31,135.0,139.0,0.9712230215827338,1.0,2024-07,2024-10
M0597_2547,C0000000569,ONE-S-NT,ONE-S-NT,ONE-S,ผสม,บริษัทหลักทรัพย์จัดการกองทุน วรรณ จำกัด,ONE ASSET MANAGEMENT LIMITED,ผสม,2025-12-24,2025-12-24,1.0,1.0,1.0,0.0,,
M0599_2566,C0000000021,main,main,K-GTECHRMF,ตราสารทุน,บริษัทหลักทรัพย์จัดการกองทุน กสิกรไทย จำกัด,KASIKORN ASSET MANAGEMENT COMPANY LIMITED,ตราสารทุน,2023-11-27,2026-07-24,25.0,33.0,0.7575757575757576,1.0,2024-07,2025-02
M0625_2560,C0000000460,KT-GCINCOME-A,KT-GCINCOME-A,KT-GCINCOME,ตราสารหนี้,บริษัทหลักทรัพย์จัดการกองทุน กรุงไทย จำกัด (มหาชน),KRUNG THAI ASSET MANAGEMENT PUBLIC COMPANY LIMITED ,ตราสารหนี้,2018-05-02,2026-07-30,95.0,99.0,0.9595959595959596,1.0,2024-07,2024-10
M0036_2564,C0000000569,main,main,ONE-GLOBALTOP8M12,ผสม,บริษัทหลักทรัพย์จัดการกองทุน วรรณ จำกัด,ONE ASSET MANAGEMENT LIMITED,ผสม,2021-02-23,2026-07-27,62.0,66.0,0.9393939393939394,1.0,2024-07,2024-10
M0305_2563,C0000033452,main,main,ES-GGREEN,ตราสารทุน,บริษัทหลักทรัพย์จัดการกองทุน อีสท์สปริง (ประเทศไทย) จำกัด,EASTSPRING ASSET MANAGEMENT (THAILAND) COMPANY LIMITED,ตราสารทุน,2020-12-01,2026-07-27,64.0,68.0,0.9411764705882353,1.0,2024-07,2024-10
M0037_2567,C0000000023,main,main,MFAI-Roll6M2,ตราสารหนี้,บริษัทหลักทรัพย์จัดการกองทุน เอ็มเอฟซี จำกัด (มหาชน),MFC ASSET MANAGEMENT PUBLIC COMPANY LIMITED ,ตราสารหนี้,2024-01-23,2026-07-31,27.0,31.0,0.8709677419354839,1.0,2024-06,2024-09
M0549_2563,C0000000569,main,main,ONE-GLOBALTOP8M8,ผสม,บริษัทหลักทรัพย์จัดการกองทุน วรรณ จำกัด,ONE ASSET MANAGEMENT LIMITED,ผสม,2021-01-18,2026-07-27,63.0,67.0,0.9402985074626866,1.0,2024-07,2024-10
M0149_2568,C0000033452,ES-NDQPIN-UH-A,ES-NDQPIN-UH-A,ES-NDQPIN-UH,ตราสารทุน,บริษัทหลักทรัพย์จัดการกองทุน อีสท์สปริง (ประเทศไทย) จำกัด,EASTSPRING ASSET MANAGEMENT (THAILAND) COMPANY LIMITED,ตราสารทุน,2025-05-14,2026-07-30,15.0,15.0,1.0,0.0,,
M0615_2569,C0000000460,main,main,KTGOV6M35,ตราสารหนี้,บริษัทหลักทรัพย์จัดการกองทุน กรุงไทย จำกัด (มหาชน),KRUNG THAI ASSET MANAGEMENT PUBLIC COMPANY LIMITED ,ตราสารหนี้,2026-06-12,2026-07-31,2.0,2.0,1.0,0.0,,
M0768_2558,C0000000239,main,main,SCBGPLUS,ผสม,บริษัทหลักทรัพย์จัดการกองทุน ไทยพาณิชย์ จำกัด,SCB ASSET MANAGEMENT COMPANY LIMITED,ผสม,2016-02-02,2026-07-30,122.0,126.0,0.9682539682539683,1.0,2024-07,2024-10
M0029_2564,C0000000329,main,main,B-SIP,ตราสารทุน,บริษัทหลักทรัพย์จัดการกองทุนรวม  บัวหลวง จำกัด,BBL ASSET MANAGEMENT COMPANY LIMITED,ตราสารทุน,2021-03-10,2026-07-27,61.0,65.0,0.9384615384615385,1.0,2024-07,2024-10
M0258_2559,C0000033452,main,main,ES-GINCOMERMF,ตราสารหนี้,บริษัทหลักทรัพย์จัดการกองทุน อีสท์สปริง (ประเทศไทย) จำกัด,EASTSPRING ASSET MANAGEMENT (THAILAND) COMPANY LIMITED,ตราสารหนี้,2016-08-09,2026-07-30,116.0,120.0,0.9666666666666667,1.0,2024-07,2024-10
M0227_2560,C0000000623,UEMIF-A,UEMIF-A,UEMIF,ผสม,บริษัทหลักทรัพย์จัดการกองทุน ยูโอบี (ประเทศไทย) จำกัด,UOB ASSET MANAGEMENT (THAILAND) COMPANY LIMITED,ผสม,2017-10-05,2026-07-30,102.0,106.0,0.9622641509433962,1.0,2024-07,2024-10
M0422_2565,C0000033452,main,main,ES-USTECH,ตราสารทุน,บริษัทหลักทรัพย์จัดการกองทุน อีสท์สปริง (ประเทศไทย) จำกัด,EASTSPRING ASSET MANAGEMENT (THAILAND) COMPANY LIMITED,ตราสารทุน,2022-09-09,2026-07-30,43.0,47.0,0.9148936170212766,1.0,2024-07,2024-10
M0787_2547,C0000005022,main,main,ASP-FRF,ตราสารหนี้,บริษัทหลักทรัพย์จัดการกองทุน แอสเซท พลัส จำกัด,ASSET PLUS FUND MANAGEMENT COMPANY LIMITED,ตราสารหนี้,2015-01-05,2026-07-31,135.0,139.0,0.9712230215827338,1.0,2024-07,2024-10
M0032_2561,C0000000460,KTSUK-A,KTSUK-A,KTSUK,ผสม,บริษัทหลักทรัพย์จัดการกองทุน กรุงไทย จำกัด (มหาชน),KRUNG THAI ASSET MANAGEMENT PUBLIC COMPANY LIMITED ,ผสม,2018-03-28,2026-07-30,97.0,101.0,0.9603960396039604,1.0,2024-07,2024-10
M0027_2535,C0000000021,main,main,K-EQUITY,ตราสารทุน,บริษัทหลักทรัพย์จัดการกองทุน กสิกรไทย จำกัด,KASIKORN ASSET MANAGEMENT COMPANY LIMITED,ตราสารทุน,2015-01-05,2026-07-31,135.0,139.0,0.9712230215827338,1.0,2024-07,2024-10
M0070_2569,C0000024008,main,main,TLA-GFIX,ตราสารหนี้,บริษัทหลักทรัพย์จัดการกองทุน ทาลิส จำกัด,TALIS ASSET MANAGEMENT COMPANY LIMITED,ตราสารหนี้,2026-05-26,2026-07-30,3.0,3.0,1.0,0.0,,
M0429_2559,C0000000239,main,main,SCBFLX,ผสม,บริษัทหลักทรัพย์จัดการกองทุน ไทยพาณิชย์ จำกัด,SCB ASSET MANAGEMENT COMPANY LIMITED,ผสม,2016-09-23,2026-07-31,115.0,119.0,0.9663865546218487,1.0,2024-07,2024-10
M0090_2546,C0000000709,main,main,KFFIN-D,ตราสารทุน,บริษัทหลักทรัพย์จัดการกองทุน กรุงศรี จำกัด,KRUNGSRI ASSET MANAGEMENT COMPANY LIMITED,ตราสารทุน,2015-01-05,2026-07-31,135.0,139.0,0.9712230215827338,1.0,2024-07,2024-10
M0390_2559,C0000000324,TISCOFIX-A,TISCOFIX-A,TISCOFIX,ตราสารหนี้,บริษัทหลักทรัพย์จัดการกองทุน ทิสโก้,TISCO ASSET MANAGEMENT COMPANY LIMITED,ตราสารหนี้,2016-08-31,2026-07-31,116.0,120.0,0.9666666666666667,1.0,2024-07,2024-10
M0331_2561,C0000000709,main,main,KFGOODRMF,ผสม,บริษัทหลักทรัพย์จัดการกองทุน กรุงศรี จำกัด,KRUNGSRI ASSET MANAGEMENT COMPANY LIMITED,ผสม,2018-11-12,2026-07-31,89.0,93.0,0.956989247311828,1.0,2024-07,2024-10
M0101_2561,C0000000460,KT-MFE-A,KT-MFE-A,KT-MFE,ตราสารทุน,บริษัทหลักทรัพย์จัดการกองทุน กรุงไทย จำกัด (มหาชน),KRUNG THAI ASSET MANAGEMENT PUBLIC COMPANY LIMITED ,ตราสารทุน,2018-05-11,2026-07-24,95.0,99.0,0.9595959595959596,1.0,2024-07,2024-10
M0759_2569,C0000000460,main,main,KTGOV6M2S,ตราสารหนี้,บริษัทหลักทรัพย์จัดการกองทุน กรุงไทย จำกัด (มหาชน),KRUNG THAI ASSET MANAGEMENT PUBLIC COMPANY LIMITED ,ตราสารหนี้,2026-07-23,2026-07-31,1.0,1.0,1.0,0.0,,
M0012_2563,C0000000324,main,main,TTHREIT,ผสม,บริษัทหลักทรัพย์จัดการกองทุน ทิสโก้,TISCO ASSET MANAGEMENT COMPANY LIMITED,ผสม,2020-02-27,2026-07-31,74.0,78.0,0.9487179487179487,1.0,2024-07,2024-10
M0625_2567,C0000000239,SCBWEQ(A),SCBWEQ(A),SCBWEQ,ตราสารทุน,บริษัทหลักทรัพย์จัดการกองทุน ไทยพาณิชย์ จำกัด,SCB ASSET MANAGEMENT COMPANY LIMITED,ตราสารทุน,2024-11-14,2026-07-30,21.0,21.0,1.0,0.0,,
M0284_2555,C0000000239,SCBEMBOND,SCBEMBOND,SCBEMBONDFUND,ตราสารหนี้,บริษัทหลักทรัพย์จัดการกองทุน ไทยพาณิชย์ จำกัด,SCB ASSET MANAGEMENT COMPANY LIMITED,ตราสารหนี้,2015-01-05,2026-07-30,135.0,139.0,0.9712230215827338,1.0,2024-07,2024-10
M0211_2550,C0000000021,main,main,K-2530,ผสม,บริษัทหลักทรัพย์จัดการกองทุน กสิกรไทย จำกัด,KASIKORN ASSET MANAGEMENT COMPANY LIMITED,ผสม,2015-01-05,2026-07-31,135.0,139.0,0.9712230215827338,1.0,2024-07,2024-10
M0466_2564,C0000000239,SCBMEGA(A),SCBMEGA(A),SCBMEGA,ตราสารทุน,บริษัทหลักทรัพย์จัดการกองทุน ไทยพาณิชย์ จำกัด,SCB ASSET MANAGEMENT COMPANY LIMITED,ตราสารทุน,2022-01-19,2026-07-27,51.0,55.0,0.9272727272727272,1.0,2024-07,2024-10
M0191_2556,C0000000460,main,main,KTILF,ตราสารหนี้,บริษัทหลักทรัพย์จัดการกองทุน กรุงไทย จำกัด (มหาชน),KRUNG THAI ASSET MANAGEMENT PUBLIC COMPANY LIMITED ,ตราสารหนี้,2015-01-05,2026-07-31,135.0,139.0,0.9712230215827338,1.0,2024-07,2024-10
M0102_2559,C0000000460,KT-GMO-A,KT-GMO-A,KT-GMO,ผสม,บริษัทหลักทรัพย์จัดการกองทุน กรุงไทย จำกัด (มหาชน),KRUNG THAI ASSET MANAGEMENT PUBLIC COMPANY LIMITED ,ผสม,2016-04-05,2026-07-30,120.0,124.0,0.967741935483871,1.0,2024-07,2024-10
M0201_2563,C0000033452,ES-GCG-A,ES-GCG-A,ES-GCG,ตราสารทุน,บริษัทหลักทรัพย์จัดการกองทุน อีสท์สปริง (ประเทศไทย) จำกัด,EASTSPRING ASSET MANAGEMENT (THAILAND) COMPANY LIMITED,ตราสารทุน,2020-07-17,2026-07-30,69.0,73.0,0.9452054794520548,1.0,2024-07,2024-10
M0114_2569,C0000000239,main,main,SCBSB6M73,ตราสารหนี้,บริษัทหลักทรัพย์จัดการกองทุน ไทยพาณิชย์ จำกัด,SCB ASSET MANAGEMENT COMPANY LIMITED,ตราสารหนี้,2026-02-23,2026-07-31,6.0,6.0,1.0,0.0,,
M0033_2544,C0000000329,main,main,B-FLEX,ผสม,บริษัทหลักทรัพย์จัดการกองทุนรวม  บัวหลวง จำกัด,BBL ASSET MANAGEMENT COMPANY LIMITED,ผสม,2015-01-05,2026-07-31,129.0,139.0,0.9280575539568345,2.0,2017-03,2017-08
M0552_2567,C0000000329,main,main,B-USPASSIVE,ตราสารทุน,บริษัทหลักทรัพย์จัดการกองทุนรวม  บัวหลวง จำกัด,BBL ASSET MANAGEMENT COMPANY LIMITED,ตราสารทุน,2024-11-14,2026-07-30,21.0,21.0,1.0,0.0,,
M0440_2559,C0000000709,main,main,KF-SINCOME,ตราสารหนี้,บริษัทหลักทรัพย์จัดการกองทุน กรุงศรี จำกัด,KRUNGSRI ASSET MANAGEMENT COMPANY LIMITED,ตราสารหนี้,2016-09-21,2026-07-30,115.0,119.0,0.9663865546218487,1.0,2024-07,2024-10
M0032_2540,C0000000623,main,main,TBF,ผสม,บริษัทหลักทรัพย์จัดการกองทุน ยูโอบี (ประเทศไทย) จำกัด,UOB ASSET MANAGEMENT (THAILAND) COMPANY LIMITED,ผสม,2015-01-05,2026-07-31,135.0,139.0,0.9712230215827338,1.0,2024-07,2024-10
M0682_2566,C0000024008,MEGA10CHINA-A,MEGA10CHINA-A,MEGA10CHINA,ตราสารทุน,บริษัทหลักทรัพย์จัดการกองทุน ทาลิส จำกัด,TALIS ASSET MANAGEMENT COMPANY LIMITED,ตราสารทุน,2023-12-27,2026-07-31,28.0,32.0,0.875,1.0,2024-07,2024-10
M0042_2569,C0000000023,main,main,MKAI6S40,ตราสารหนี้,บริษัทหลักทรัพย์จัดการกองทุน เอ็มเอฟซี จำกัด (มหาชน),MFC ASSET MANAGEMENT PUBLIC COMPANY LIMITED ,ตราสารหนี้,2026-01-28,2026-07-31,7.0,7.0,1.0,0.0,,
M0721_2567,C0000033452,main,main,ES-LINK2Y3MB,ผสม,บริษัทหลักทรัพย์จัดการกองทุน อีสท์สปริง (ประเทศไทย) จำกัด,EASTSPRING ASSET MANAGEMENT (THAILAND) COMPANY LIMITED,ผสม,2024-11-15,2026-07-31,21.0,21.0,1.0,0.0,,
M0078_2565,C0000000329,main,main,B-INNOTECHSSF,ตราสารทุน,บริษัทหลักทรัพย์จัดการกองทุนรวม  บัวหลวง จำกัด,BBL ASSET MANAGEMENT COMPANY LIMITED,ตราสารทุน,2022-04-29,2026-07-27,48.0,52.0,0.9230769230769231,1.0,2024-07,2024-10
M0669_2559,C0000024008,TLMMF-A,TLMMF-A,TLMMF,ตราสารหนี้,บริษัทหลักทรัพย์จัดการกองทุน ทาลิส จำกัด,TALIS ASSET MANAGEMENT COMPANY LIMITED,ตราสารหนี้,2016-12-13,2026-07-27,112.0,116.0,0.9655172413793104,1.0,2024-07,2024-10
M0113_2561,C0000000023,main,main,M-TWSUK RMF,ผสม,บริษัทหลักทรัพย์จัดการกองทุน เอ็มเอฟซี จำกัด (มหาชน),MFC ASSET MANAGEMENT PUBLIC COMPANY LIMITED ,ผสม,2018-06-15,2026-07-31,94.0,98.0,0.9591836734693877,1.0,2024-07,2024-10
M0680_2557,C0000000460,KT-WEQ-A,KT-WEQ-A,KT-WEQ,ตราสารทุน,บริษัทหลักทรัพย์จัดการกองทุน กรุงไทย จำกัด (มหาชน),KRUNG THAI ASSET MANAGEMENT PUBLIC COMPANY LIMITED ,ตราสารทุน,2015-01-05,2026-07-27,135.0,139.0,0.9712230215827338,1.0,2024-07,2024-10
M0223_2569,C0000000239,main,main,SCBSB6M76,ตราสารหนี้,บริษัทหลักทรัพย์จัดการกองทุน ไทยพาณิชย์ จำกัด,SCB ASSET MANAGEMENT COMPANY LIMITED,ตราสารหนี้,2026-03-12,2026-07-31,5.0,5.0,1.0,0.0,,
M0180_2562,C0000000460,KT-CARE-A,KT-CARE-A,KT-CARE,ผสม,บริษัทหลักทรัพย์จัดการกองทุน กรุงไทย จำกัด (มหาชน),KRUNG THAI ASSET MANAGEMENT PUBLIC COMPANY LIMITED ,ผสม,2019-07-30,2026-07-31,81.0,85.0,0.9529411764705882,1.0,2024-07,2024-10
M0601_2547,C0000005025,KKP SELECT-A,KKP SELECT-A,KKP SELECT FUND,ตราสารทุน,บริษัทหลักทรัพย์จัดการกองทุน เกียรตินาคินภัทร จำกัด,KIATNAKIN PHATRA ASSET MANAGEMENT COMPANY LIMITED,ตราสารทุน,2025-12-26,2026-07-31,8.0,8.0,1.0,0.0,,
M0590_2562,C0000000329,main,main,BCAP-GFIA,ตราสารหนี้,บริษัทหลักทรัพย์จัดการกองทุนรวม  บัวหลวง จำกัด,BBL ASSET MANAGEMENT COMPANY LIMITED,ตราสารหนี้,2020-02-04,2026-07-27,74.0,78.0,0.9487179487179487,1.0,2024-07,2024-10
M0835_2567,C0000005531,main,main,PRINCIPAL GSTEP,ผสม,บริษัทหลักทรัพย์จัดการกองทุน พรินซิเพิล จำกัด,PRINCIPAL ASSET MANAGEMENT COMPANY LIMITED,ผสม,2024-11-18,2026-07-27,21.0,21.0,1.0,0.0,,
M0267_2550,C0000033452,main,main,ES-CHEQ,ตราสารทุน,บริษัทหลักทรัพย์จัดการกองทุน อีสท์สปริง (ประเทศไทย) จำกัด,EASTSPRING ASSET MANAGEMENT (THAILAND) COMPANY LIMITED,ตราสารทุน,2015-01-05,2026-07-31,135.0,139.0,0.9712230215827338,1.0,2024-07,2024-10
M0081_2569,C0000033452,main,main,ES-GOVCP6M52,ตราสารหนี้,บริษัทหลักทรัพย์จัดการกองทุน อีสท์สปริง (ประเทศไทย) จำกัด,EASTSPRING ASSET MANAGEMENT (THAILAND) COMPANY LIMITED,ตราสารหนี้,2026-02-23,2026-07-31,6.0,6.0,1.0,0.0,,
M0107_2563,C0000000329,main,main,BMAPS55,ผสม,บริษัทหลักทรัพย์จัดการกองทุนรวม  บัวหลวง จำกัด,BBL ASSET MANAGEMENT COMPANY LIMITED,ผสม,2020-10-16,2026-07-27,66.0,70.0,0.9428571428571428,1.0,2024-07,2024-10
M0155_2569,C0000000023,main,main,M-MEM,ตราสารทุน,บริษัทหลักทรัพย์จัดการกองทุน เอ็มเอฟซี จำกัด (มหาชน),MFC ASSET MANAGEMENT PUBLIC COMPANY LIMITED ,ตราสารทุน,2026-04-09,2026-07-30,4.0,4.0,1.0,0.0,,
M0739_2568,C0000000709,main,main,KFSGB9M5,ตราสารหนี้,บริษัทหลักทรัพย์จัดการกองทุน กรุงศรี จำกัด,KRUNGSRI ASSET MANAGEMENT COMPANY LIMITED,ตราสารหนี้,2025-11-18,2026-07-31,9.0,9.0,1.0,0.0,,
M0285_2546,C0000000290,ABV,ABV,ABV-M,ผสม,บริษัทหลักทรัพย์จัดการกองทุน อเบอร์ดีน (ประเทศไทย) จำกัด,ABERDEEN ASSET MANAGEMENT (THAILAND) LIMITED,ผสม,2024-11-15,2026-07-31,21.0,21.0,1.0,0.0,,
M0770_2568,C0000028866,main,main,DAOL-RARE,ตราสารทุน,บริษัทหลักทรัพย์จัดการกองทุน ดาโอ จำกัด,DAOL INVESTMENT MANAGEMENT COMPANY LIMITED,ตราสารทุน,2025-08-29,2026-07-30,12.0,12.0,1.0,0.0,,
M0661_2569,C0000000239,main,main,SCBSB6M91,ตราสารหนี้,บริษัทหลักทรัพย์จัดการกองทุน ไทยพาณิชย์ จำกัด,SCB ASSET MANAGEMENT COMPANY LIMITED,ตราสารหนี้,2026-06-29,2026-07-31,2.0,2.0,1.0,0.0,,
M0515_2554,C0000000709,main,main,KFMX2TM,ผสม,บริษัทหลักทรัพย์จัดการกองทุน กรุงศรี จำกัด,KRUNGSRI ASSET MANAGEMENT COMPANY LIMITED,ผสม,2015-01-05,2026-07-31,133.0,139.0,0.9568345323741008,2.0,2024-07,2024-10
M0319_2564,C0000000460,KT-EUROTECH-A,KT-EUROTECH-A,KT-EUROTECH,ตราสารทุน,บริษัทหลักทรัพย์จัดการกองทุน กรุงไทย จำกัด (มหาชน),KRUNG THAI ASSET MANAGEMENT PUBLIC COMPANY LIMITED ,ตราสารทุน,2021-09-10,2026-07-30,55.0,59.0,0.9322033898305084,1.0,2024-07,2024-10
M0278_2562,C0000000021,main,main,K-AHY,ตราสารหนี้,บริษัทหลักทรัพย์จัดการกองทุน กสิกรไทย จำกัด,KASIKORN ASSET MANAGEMENT COMPANY LIMITED,ตราสารหนี้,2019-06-24,2026-07-27,82.0,86.0,0.9534883720930233,1.0,2024-07,2024-10
M0705_2559,C0000000460,KT-GOI-A,KT-GOI-A,KT-GOI,ผสม,บริษัทหลักทรัพย์จัดการกองทุน กรุงไทย จำกัด (มหาชน),KRUNG THAI ASSET MANAGEMENT PUBLIC COMPANY LIMITED ,ผสม,2017-10-04,2026-07-27,102.0,106.0,0.9622641509433962,1.0,2024-07,2024-10
M0471_2563,C0000005025,KKP TECH-H,KKP TECH-H,KKP TECH-H FUND,ตราสารทุน,บริษัทหลักทรัพย์จัดการกองทุน เกียรตินาคินภัทร จำกัด,KIATNAKIN PHATRA ASSET MANAGEMENT COMPANY LIMITED,ตราสารทุน,2020-10-20,2026-07-30,66.0,70.0,0.9428571428571428,1.0,2024-07,2024-10
M0090_2569,C0000000709,main,main,KFTGB6M57,ตราสารหนี้,บริษัทหลักทรัพย์จัดการกองทุน กรุงศรี จำกัด,KRUNGSRI ASSET MANAGEMENT COMPANY LIMITED,ตราสารหนี้,2026-02-12,2026-07-31,6.0,6.0,1.0,0.0,,
M0191_2550,C0000000239,main,main,SCBLTS,ผสม,บริษัทหลักทรัพย์จัดการกองทุน ไทยพาณิชย์ จำกัด,SCB ASSET MANAGEMENT COMPANY LIMITED,ผสม,2015-01-05,2026-07-31,135.0,139.0,0.9712230215827338,1.0,2024-07,2024-10
M0439_2559,C0000000329,main,main,B-BASICPLUS,ตราสารทุน,บริษัทหลักทรัพย์จัดการกองทุนรวม  บัวหลวง จำกัด,BBL ASSET MANAGEMENT COMPANY LIMITED,ตราสารทุน,2016-10-28,2026-07-31,95.0,118.0,0.8050847457627118,2.0,2024-07,2025-11
M0126_2568,C0000006646,LHGIGO-A,LHGIGO-A,LHGIGO,ตราสารหนี้,บริษัทหลักทรัพย์จัดการกองทุน แลนด์ แอนด์ เฮ้าส์ จำกัด,LAND AND HOUSES FUND MANAGEMENT COMPANY LIMITED,ตราสารหนี้,2025-04-29,2026-07-27,16.0,16.0,1.0,0.0,,
M0322_2560,C0000006646,LHSELECT-A,LHSELECT-A,LHSELECT,ผสม,บริษัทหลักทรัพย์จัดการกองทุน แลนด์ แอนด์ เฮ้าส์ จำกัด,LAND AND HOUSES FUND MANAGEMENT COMPANY LIMITED,ผสม,,,,,,,,
M0344_2564,C0000024008,TLUSNDQ-H-A,TLUSNDQ-H-A,TLUSNDQ-H,ตราสารทุน,บริษัทหลักทรัพย์จัดการกองทุน ทาลิส จำกัด,TALIS ASSET MANAGEMENT COMPANY LIMITED,ตราสารทุน,2021-11-18,2026-07-30,53.0,57.0,0.9298245614035088,1.0,2024-07,2024-10
M0173_2552,C0000000239,SCBAUD,SCBAUD,SCBAUDFUND,ตราสารหนี้,บริษัทหลักทรัพย์จัดการกองทุน ไทยพาณิชย์ จำกัด,SCB ASSET MANAGEMENT COMPANY LIMITED,ตราสารหนี้,2015-01-05,2026-07-31,135.0,139.0,0.9712230215827338,1.0,2024-07,2024-10
M0448_2555,C0000000239,SCBSMART3,SCBSMART3,SCBSMART3FUND,ผสม,บริษัทหลักทรัพย์จัดการกองทุน ไทยพาณิชย์ จำกัด,SCB ASSET MANAGEMENT COMPANY LIMITED,ผสม,2015-01-05,2026-07-27,135.0,139.0,0.9712230215827338,1.0,2024-07,2024-10
M0344_2566,C0000005531,PRINCIPAL GQE-A,PRINCIPAL GQE-A,PRINCIPAL GQE,ตราสารทุน,บริษัทหลักทรัพย์จัดการกองทุน พรินซิเพิล จำกัด,PRINCIPAL ASSET MANAGEMENT COMPANY LIMITED,ตราสารทุน,2023-07-12,2026-07-30,33.0,37.0,0.8918918918918919,1.0,2024-07,2024-10
M0591_2569,C0000000460,main,main,KTGOV3M63,ตราสารหนี้,บริษัทหลักทรัพย์จัดการกองทุน กรุงไทย จำกัด (มหาชน),KRUNG THAI ASSET MANAGEMENT PUBLIC COMPANY LIMITED ,ตราสารหนี้,2026-06-09,2026-07-24,2.0,2.0,1.0,0.0,,
M0948_2568,C0000024008,main,main,TLAWSRMF,ผสม,บริษัทหลักทรัพย์จัดการกองทุน ทาลิส จำกัด,TALIS ASSET MANAGEMENT COMPANY LIMITED,ผสม,2025-12-17,2026-07-30,8.0,8.0,1.0,0.0,,
M0745_2555,C0000000324,main,main,TSTARP,ตราสารทุน,บริษัทหลักทรัพย์จัดการกองทุน ทิสโก้,TISCO ASSET MANAGEMENT COMPANY LIMITED,ตราสารทุน,2015-01-06,2026-07-27,135.0,139.0,0.9712230215827338,1.0,2024-07,2024-10
M0631_2562,C0000000021,main,main,K-AHYA-UI,ตราสารหนี้,บริษัทหลักทรัพย์จัดการกองทุน กสิกรไทย จำกัด,KASIKORN ASSET MANAGEMENT COMPANY LIMITED,ตราสารหนี้,2019-11-19,2026-07-23,72.0,81.0,0.8888888888888888,4.0,2024-07,2024-10
M0364_2564,C0000033452,main,main,ES-CONBOND,ผสม,บริษัทหลักทรัพย์จัดการกองทุน อีสท์สปริง (ประเทศไทย) จำกัด,EASTSPRING ASSET MANAGEMENT (THAILAND) COMPANY LIMITED,ผสม,2021-10-28,2026-07-27,54.0,58.0,0.9310344827586207,1.0,2024-07,2024-10
M0020_2543,C0000000460,main,main,KTSF,ตราสารทุน,บริษัทหลักทรัพย์จัดการกองทุน กรุงไทย จำกัด (มหาชน),KRUNG THAI ASSET MANAGEMENT PUBLIC COMPANY LIMITED ,ตราสารทุน,2015-01-05,2026-07-31,135.0,139.0,0.9712230215827338,1.0,2024-07,2024-10
M0597_2569,C0000000239,main,main,SCBSB15M5,ตราสารหนี้,บริษัทหลักทรัพย์จัดการกองทุน ไทยพาณิชย์ จำกัด,SCB ASSET MANAGEMENT COMPANY LIMITED,ตราสารหนี้,2026-06-11,2026-07-30,2.0,2.0,1.0,0.0,,
M0163_2559,C0000006646,LHPROPINFRA-D,LHPROPINFRA-D,LHPROPINFRA,ผสม,บริษัทหลักทรัพย์จัดการกองทุน แลนด์ แอนด์ เฮ้าส์ จำกัด,LAND AND HOUSES FUND MANAGEMENT COMPANY LIMITED,ผสม,2016-10-27,2026-07-31,100.0,118.0,0.847457627118644,2.0,2017-03,2018-04
M0079_2564,C0000000239,SCBCHINA,SCBCHINA,SCBCHIN,ตราสารทุน,บริษัทหลักทรัพย์จัดการกองทุน ไทยพาณิชย์ จำกัด,SCB ASSET MANAGEMENT COMPANY LIMITED,ตราสารทุน,2021-03-23,2026-07-30,61.0,65.0,0.9384615384615385,1.0,2024-07,2024-10
M0493_2563,C0000033452,main,main,ES-APLUS,ตราสารหนี้,บริษัทหลักทรัพย์จัดการกองทุน อีสท์สปริง (ประเทศไทย) จำกัด,EASTSPRING ASSET MANAGEMENT (THAILAND) COMPANY LIMITED,ตราสารหนี้,2020-11-25,2026-07-30,65.0,69.0,0.9420289855072463,1.0,2024-07,2024-10
M0033_2560,C0000000239,SCBGMTA,SCBGMTA,SCBGMT,ผสม,บริษัทหลักทรัพย์จัดการกองทุน ไทยพาณิชย์ จำกัด,SCB ASSET MANAGEMENT COMPANY LIMITED,ผสม,2017-02-21,2026-07-27,110.0,114.0,0.9649122807017544,1.0,2024-07,2024-10
M0140_2568,C0000024008,TLUS500-UH-A,TLUS500-UH-A,TLUS500-UH,ตราสารทุน,บริษัทหลักทรัพย์จัดการกองทุน ทาลิส จำกัด,TALIS ASSET MANAGEMENT COMPANY LIMITED,ตราสารทุน,2025-12-29,2026-07-30,8.0,8.0,1.0,0.0,,
M1089_2568,C0000000623,main,main,UGOV6M43,ตราสารหนี้,บริษัทหลักทรัพย์จัดการกองทุน ยูโอบี (ประเทศไทย) จำกัด,UOB ASSET MANAGEMENT (THAILAND) COMPANY LIMITED,ตราสารหนี้,2026-03-16,2026-07-31,5.0,5.0,1.0,0.0,,
M0134_2546,C0000000569,main,main,FLEXAR,ผสม,บริษัทหลักทรัพย์จัดการกองทุน วรรณ จำกัด,ONE ASSET MANAGEMENT LIMITED,ผสม,2015-01-05,2026-07-31,135.0,139.0,0.9712230215827338,1.0,2024-07,2024-10
M0134_2564,C0000000239,SCBDJI(A),SCBDJI(A),SCBDJI,ตราสารทุน,บริษัทหลักทรัพย์จัดการกองทุน ไทยพาณิชย์ จำกัด,SCB ASSET MANAGEMENT COMPANY LIMITED,ตราสารทุน,2021-04-08,2026-07-30,60.0,64.0,0.9375,1.0,2024-07,2024-10
M0034_2543,C0000000623,main,main,TFIF,ตราสารหนี้,บริษัทหลักทรัพย์จัดการกองทุน ยูโอบี (ประเทศไทย) จำกัด,UOB ASSET MANAGEMENT (THAILAND) COMPANY LIMITED,ตราสารหนี้,2015-01-05,2026-07-31,135.0,139.0,0.9712230215827338,1.0,2024-07,2024-10
M0149_2562,C0000000329,main,main,BCAP-GW90,ผสม,บริษัทหลักทรัพย์จัดการกองทุนรวม  บัวหลวง จำกัด,BBL ASSET MANAGEMENT COMPANY LIMITED,ผสม,2019-05-28,2026-07-27,83.0,87.0,0.9540229885057471,1.0,2024-07,2024-10
M0884_2568,C0000006646,LHAI-A,LHAI-A,LHAI,ตราสารทุน,บริษัทหลักทรัพย์จัดการกองทุน แลนด์ แอนด์ เฮ้าส์ จำกัด,LAND AND HOUSES FUND MANAGEMENT COMPANY LIMITED,ตราสารทุน,2026-01-28,2026-07-30,7.0,7.0,1.0,0.0,,
M0262_2569,C0000000023,main,main,MKAI6S44,ตราสารหนี้,บริษัทหลักทรัพย์จัดการกองทุน เอ็มเอฟซี จำกัด (มหาชน),MFC ASSET MANAGEMENT PUBLIC COMPANY LIMITED ,ตราสารหนี้,2026-03-18,2026-07-31,5.0,5.0,1.0,0.0,,
M0399_2559,C0000000023,main,main,M-INCOMEAI,ผสม,บริษัทหลักทรัพย์จัดการกองทุน เอ็มเอฟซี จำกัด (มหาชน),MFC ASSET MANAGEMENT PUBLIC COMPANY LIMITED ,ผสม,2017-05-16,2026-07-27,107.0,111.0,0.963963963963964,1.0,2024-07,2024-10
M0237_2557,C0000000329,main,main,BBASICRMF,ตราสารทุน,บริษัทหลักทรัพย์จัดการกองทุนรวม  บัวหลวง จำกัด,BBL ASSET MANAGEMENT COMPANY LIMITED,ตราสารทุน,2015-01-05,2026-07-31,129.0,139.0,0.9280575539568345,2.0,2017-03,2017-08
M0103_2561,C0000000460,KT-MFB-A,KT-MFB-A,KT-MFB,ตราสารหนี้,บริษัทหลักทรัพย์จัดการกองทุน กรุงไทย จำกัด (มหาชน),KRUNG THAI ASSET MANAGEMENT PUBLIC COMPANY LIMITED ,ตราสารหนี้,2018-05-11,2026-07-24,95.0,99.0,0.9595959595959596,1.0,2024-07,2024-10
M0007_2564,C0000005022,main,main,ASP-TRIGGER 6M3,ผสม,บริษัทหลักทรัพย์จัดการกองทุน แอสเซท พลัส จำกัด,ASSET PLUS FUND MANAGEMENT COMPANY LIMITED,ผสม,2021-02-16,2026-07-30,62.0,66.0,0.9393939393939394,1.0,2024-07,2024-10
M0035_2542,C0000000623,main,main,TEF,ตราสารทุน,บริษัทหลักทรัพย์จัดการกองทุน ยูโอบี (ประเทศไทย) จำกัด,UOB ASSET MANAGEMENT (THAILAND) COMPANY LIMITED,ตราสารทุน,2015-01-05,2026-07-31,135.0,139.0,0.9712230215827338,1.0,2024-07,2024-10
M0135_2568,C0000000021,main,main,K-GDBONDRMF,ตราสารหนี้,บริษัทหลักทรัพย์จัดการกองทุน กสิกรไทย จำกัด,KASIKORN ASSET MANAGEMENT COMPANY LIMITED,ตราสารหนี้,2025-05-15,2026-07-30,15.0,15.0,1.0,0.0,,
M0423_2547,C0000005025,main,main,KKP BLRMF,ผสม,บริษัทหลักทรัพย์จัดการกองทุน เกียรตินาคินภัทร จำกัด,KIATNAKIN PHATRA ASSET MANAGEMENT COMPANY LIMITED,ผสม,2015-01-05,2026-07-31,135.0,139.0,0.9712230215827338,1.0,2024-07,2024-10
M0388_2564,C0000000329,main,main,B-SIPRMF,ตราสารทุน,บริษัทหลักทรัพย์จัดการกองทุนรวม  บัวหลวง จำกัด,BBL ASSET MANAGEMENT COMPANY LIMITED,ตราสารทุน,2021-11-04,2026-07-27,53.0,57.0,0.9298245614035088,1.0,2024-07,2024-10
M0581_2566,C0000000290,ABGFIX-A,ABGFIX-A,ABGFIX-M,ตราสารหนี้,บริษัทหลักทรัพย์จัดการกองทุน อเบอร์ดีน (ประเทศไทย) จำกัด,ABERDEEN ASSET MANAGEMENT (THAILAND) LIMITED,ตราสารหนี้,2023-11-21,2026-07-30,29.0,33.0,0.8787878787878788,1.0,2024-07,2024-10
M0885_2555,C0000006646,main,main,LHFLRMF,ผสม,บริษัทหลักทรัพย์จัดการกองทุน แลนด์ แอนด์ เฮ้าส์ จำกัด,LAND AND HOUSES FUND MANAGEMENT COMPANY LIMITED,ผสม,2015-01-06,2026-07-31,121.0,139.0,0.8705035971223022,2.0,2017-03,2018-04
M0254_2550,C0000000021,K-GROWTH-A(D),K-GROWTH-A(D),K-GROWTH,ตราสารทุน,บริษัทหลักทรัพย์จัดการกองทุน กสิกรไทย จำกัด,KASIKORN ASSET MANAGEMENT COMPANY LIMITED,ตราสารทุน,2025-12-24,2026-07-31,8.0,8.0,1.0,0.0,,
M0541_2559,C0000033452,main,main,ES-ABRMF,ตราสารหนี้,บริษัทหลักทรัพย์จัดการกองทุน อีสท์สปริง (ประเทศไทย) จำกัด,EASTSPRING ASSET MANAGEMENT (THAILAND) COMPANY LIMITED,ตราสารหนี้,2016-11-21,2026-07-31,113.0,117.0,0.9658119658119658,1.0,2024-07,2024-10
M0524_2562,C0000000623,UPOP,UPOP,UPOP-M,ผสม,บริษัทหลักทรัพย์จัดการกองทุน ยูโอบี (ประเทศไทย) จำกัด,UOB ASSET MANAGEMENT (THAILAND) COMPANY LIMITED,ผสม,2019-09-20,2026-07-27,79.0,83.0,0.9518072289156626,1.0,2024-07,2024-10
M0670_2567,C0000000623,UUSA,UUSA,UUSA-M,ตราสารทุน,บริษัทหลักทรัพย์จัดการกองทุน ยูโอบี (ประเทศไทย) จำกัด,UOB ASSET MANAGEMENT (THAILAND) COMPANY LIMITED,ตราสารทุน,2024-11-14,2026-07-27,21.0,21.0,1.0,0.0,,
M0144_2564,C0000000021,main,main,K-AHYC-UI,ตราสารหนี้,บริษัทหลักทรัพย์จัดการกองทุน กสิกรไทย จำกัด,KASIKORN ASSET MANAGEMENT COMPANY LIMITED,ตราสารหนี้,2021-04-26,2026-07-27,60.0,64.0,0.9375,1.0,2024-07,2024-10
M0063_2565,C0000005531,main,main,PRINCIPAL VNTG7M1,ผสม,บริษัทหลักทรัพย์จัดการกองทุน พรินซิเพิล จำกัด,PRINCIPAL ASSET MANAGEMENT COMPANY LIMITED,ผสม,2022-03-28,2026-07-31,49.0,53.0,0.9245283018867925,1.0,2024-07,2024-10
M0577_2568,C0000000329,main,main,B-CNNEXT,ตราสารทุน,บริษัทหลักทรัพย์จัดการกองทุนรวม  บัวหลวง จำกัด,BBL ASSET MANAGEMENT COMPANY LIMITED,ตราสารทุน,2025-09-04,2026-07-30,11.0,11.0,1.0,0.0,,
M0861_2566,C0000000023,main,main,MFAI-Roll6M,ตราสารหนี้,บริษัทหลักทรัพย์จัดการกองทุน เอ็มเอฟซี จำกัด (มหาชน),MFC ASSET MANAGEMENT PUBLIC COMPANY LIMITED ,ตราสารหนี้,2023-12-19,2026-06-30,24.0,31.0,0.7741935483870968,3.0,2024-07,2024-11
M0523_2562,C0000000623,UJAZZ,UJAZZ,UJAZZ-M,ผสม,บริษัทหลักทรัพย์จัดการกองทุน ยูโอบี (ประเทศไทย) จำกัด,UOB ASSET MANAGEMENT (THAILAND) COMPANY LIMITED,ผสม,2019-09-20,2026-07-27,79.0,83.0,0.9518072289156626,1.0,2024-07,2024-10
M0220_2564,C0000028866,main,main,DAOL-EVOSEMI,ตราสารทุน,บริษัทหลักทรัพย์จัดการกองทุน ดาโอ จำกัด,DAOL INVESTMENT MANAGEMENT COMPANY LIMITED,ตราสารทุน,2021-06-24,2026-07-30,58.0,62.0,0.9354838709677419,1.0,2024-07,2024-10
M0554_2567,C0000005531,SIGNATURE GINCOME-A,SIGNATURE GINCOME-A,SIGNATURE GINCOME,ตราสารหนี้,บริษัทหลักทรัพย์จัดการกองทุน พรินซิเพิล จำกัด,PRINCIPAL ASSET MANAGEMENT COMPANY LIMITED,ตราสารหนี้,,,,,,,,
M0363_2558,C0000000569,main,main,ONE-ULTRA,ผสม,บริษัทหลักทรัพย์จัดการกองทุน วรรณ จำกัด,ONE ASSET MANAGEMENT LIMITED,ผสม,2015-08-31,2026-07-30,128.0,132.0,0.9696969696969697,1.0,2024-07,2024-10
M0221_2567,C0000005025,KKP GVALUE-UH,KKP GVALUE-UH,KKP GVALUE-UH FUND,ตราสารทุน,บริษัทหลักทรัพย์จัดการกองทุน เกียรตินาคินภัทร จำกัด,KIATNAKIN PHATRA ASSET MANAGEMENT COMPANY LIMITED,ตราสารทุน,2024-03-27,2026-07-30,25.0,29.0,0.8620689655172413,1.0,2024-07,2024-10
M0415_2562,C0000000021,main,main,K-FIXEDPRO,ตราสารหนี้,บริษัทหลักทรัพย์จัดการกองทุน กสิกรไทย จำกัด,KASIKORN ASSET MANAGEMENT COMPANY LIMITED,ตราสารหนี้,2019-08-23,2026-07-30,80.0,84.0,0.9523809523809523,1.0,2024-07,2024-10
M0292_2569,C0000024008,TLQUANT-GROW-A,TLQUANT-GROW-A,TLQUANT-GROW,ผสม,บริษัทหลักทรัพย์จัดการกองทุน ทาลิส จำกัด,TALIS ASSET MANAGEMENT COMPANY LIMITED,ผสม,2026-06-30,2026-07-30,2.0,2.0,1.0,0.0,,
M0995_2567,C0000005531,PRINCIPAL GLEADER-A,PRINCIPAL GLEADER-A,PRINCIPAL GLEADER,ตราสารทุน,บริษัทหลักทรัพย์จัดการกองทุน พรินซิเพิล จำกัด,PRINCIPAL ASSET MANAGEMENT COMPANY LIMITED,ตราสารทุน,2025-02-05,2026-07-24,18.0,18.0,1.0,0.0,,
M0320_2566,C0000000329,main,main,B-DYNAMICRMF,ตราสารหนี้,บริษัทหลักทรัพย์จัดการกองทุนรวม  บัวหลวง จำกัด,BBL ASSET MANAGEMENT COMPANY LIMITED,ตราสารหนี้,2023-07-14,2026-07-27,33.0,37.0,0.8918918918918919,1.0,2024-07,2024-10
M0665_2568,C0000031161,main,main,AIA-GMA-UH,ผสม,บริษัทหลักทรัพย์จัดการกองทุน เอไอเอ (ประเทศไทย) จำกัด,AIA INVESTMENT MANAGEMENT (THAILAND) LIMITED,ผสม,2025-12-11,2026-07-30,8.0,8.0,1.0,0.0,,
M0009_2553,C0000000709,main,main,KF-HSHARE-INDX,ตราสารทุน,บริษัทหลักทรัพย์จัดการกองทุน กรุงศรี จำกัด,KRUNGSRI ASSET MANAGEMENT COMPANY LIMITED,ตราสารทุน,2015-01-05,2026-07-31,130.0,139.0,0.935251798561151,1.0,2024-07,2025-03
M0166_2567,C0000000023,main,main,MFAI-Roll6M3,ตราสารหนี้,บริษัทหลักทรัพย์จัดการกองทุน เอ็มเอฟซี จำกัด (มหาชน),MFC ASSET MANAGEMENT PUBLIC COMPANY LIMITED ,ตราสารหนี้,2024-03-07,2026-07-31,25.0,29.0,0.8620689655172413,1.0,2024-06,2024-09
M0125_2561,C0000000709,main,main,KFGOOD,ผสม,บริษัทหลักทรัพย์จัดการกองทุน กรุงศรี จำกัด,KRUNGSRI ASSET MANAGEMENT COMPANY LIMITED,ผสม,2018-06-08,2026-07-31,94.0,98.0,0.9591836734693877,1.0,2024-07,2024-10
M0264_2564,C0000000709,KFGG-A,KFGG-A,KFGG,ตราสารทุน,บริษัทหลักทรัพย์จัดการกองทุน กรุงศรี จำกัด,KRUNGSRI ASSET MANAGEMENT COMPANY LIMITED,ตราสารทุน,2021-08-24,2026-07-30,56.0,60.0,0.9333333333333333,1.0,2024-07,2024-10
M0053_2569,C0000000239,main,main,SCBSB6M71,ตราสารหนี้,บริษัทหลักทรัพย์จัดการกองทุน ไทยพาณิชย์ จำกัด,SCB ASSET MANAGEMENT COMPANY LIMITED,ตราสารหนี้,2026-02-09,2026-07-31,6.0,6.0,1.0,0.0,,
M0144_2559,C0000000023,main,main,M-PROP RMF,ผสม,บริษัทหลักทรัพย์จัดการกองทุน เอ็มเอฟซี จำกัด (มหาชน),MFC ASSET MANAGEMENT PUBLIC COMPANY LIMITED ,ผสม,2016-08-26,2026-07-31,116.0,120.0,0.9666666666666667,1.0,2024-07,2024-10
M0526_2546,C0000000460,main,main,KTSE,ตราสารทุน,บริษัทหลักทรัพย์จัดการกองทุน กรุงไทย จำกัด (มหาชน),KRUNG THAI ASSET MANAGEMENT PUBLIC COMPANY LIMITED ,ตราสารทุน,2015-01-05,2026-07-31,135.0,139.0,0.9712230215827338,1.0,2024-07,2024-10
M0073_2541,C0000000709,main,main,KFMTFI-D,ตราสารหนี้,บริษัทหลักทรัพย์จัดการกองทุน กรุงศรี จำกัด,KRUNGSRI ASSET MANAGEMENT COMPANY LIMITED,ตราสารหนี้,2015-01-05,2026-07-31,135.0,139.0,0.9712230215827338,1.0,2024-07,2024-10
M0108_2563,C0000000329,main,main,BMAPS100,ผสม,บริษัทหลักทรัพย์จัดการกองทุนรวม  บัวหลวง จำกัด,BBL ASSET MANAGEMENT COMPANY LIMITED,ผสม,2020-10-16,2026-07-27,66.0,70.0,0.9428571428571428,1.0,2024-07,2024-10
M0259_2560,C0000000329,main,main,BSET100,ตราสารทุน,บริษัทหลักทรัพย์จัดการกองทุนรวม  บัวหลวง จำกัด,BBL ASSET MANAGEMENT COMPANY LIMITED,ตราสารทุน,2020-09-08,2026-07-31,67.0,71.0,0.9436619718309859,1.0,2024-07,2024-10
M0626_2551,C0000000569,main,main,1AM-TG,ตราสารหนี้,บริษัทหลักทรัพย์จัดการกองทุน วรรณ จำกัด,ONE ASSET MANAGEMENT LIMITED,ตราสารหนี้,2015-01-05,2026-07-31,135.0,139.0,0.9712230215827338,1.0,2024-07,2024-10
M0494_2559,C0000000460,main,main,KT-PIF RMF,ผสม,บริษัทหลักทรัพย์จัดการกองทุน กรุงไทย จำกัด (มหาชน),KRUNG THAI ASSET MANAGEMENT PUBLIC COMPANY LIMITED ,ผสม,2016-11-25,2026-07-31,113.0,117.0,0.9658119658119658,1.0,2024-07,2024-10
M0502_2564,C0000000623,UINFRA-A,UINFRA-A,UINFRA,ตราสารทุน,บริษัทหลักทรัพย์จัดการกองทุน ยูโอบี (ประเทศไทย) จำกัด,UOB ASSET MANAGEMENT (THAILAND) COMPANY LIMITED,ตราสารทุน,,,,,,,,
M0178_2545,C0000000623,main,main,GBRMF,ตราสารหนี้,บริษัทหลักทรัพย์จัดการกองทุน ยูโอบี (ประเทศไทย) จำกัด,UOB ASSET MANAGEMENT (THAILAND) COMPANY LIMITED,ตราสารหนี้,2015-01-05,2026-07-31,135.0,139.0,0.9712230215827338,1.0,2024-07,2024-10
M0976_2567,C0000024008,main,main,TLGSELECT,ผสม,บริษัทหลักทรัพย์จัดการกองทุน ทาลิส จำกัด,TALIS ASSET MANAGEMENT COMPANY LIMITED,ผสม,2025-05-20,2026-07-30,15.0,15.0,1.0,0.0,,
M0035_2536,C0000000329,main,main,BKA,ตราสารทุน,บริษัทหลักทรัพย์จัดการกองทุนรวม  บัวหลวง จำกัด,BBL ASSET MANAGEMENT COMPANY LIMITED,ตราสารทุน,2015-01-05,2026-07-31,129.0,139.0,0.9280575539568345,2.0,2017-03,2017-08
M0416_2569,C0000000239,main,main,SCBSB6M80,ตราสารหนี้,บริษัทหลักทรัพย์จัดการกองทุน ไทยพาณิชย์ จำกัด,SCB ASSET MANAGEMENT COMPANY LIMITED,ตราสารหนี้,2026-05-07,2026-07-31,3.0,3.0,1.0,0.0,,
M0935_2554,C0000000239,main,main,SCBRMGWP,ผสม,บริษัทหลักทรัพย์จัดการกองทุน ไทยพาณิชย์ จำกัด,SCB ASSET MANAGEMENT COMPANY LIMITED,ผสม,2015-01-05,2026-07-27,135.0,139.0,0.9712230215827338,1.0,2024-07,2024-10
M0232_2563,C0000000623,UGSTAR,UGSTAR,UGSTAR-M,ตราสารทุน,บริษัทหลักทรัพย์จัดการกองทุน ยูโอบี (ประเทศไทย) จำกัด,UOB ASSET MANAGEMENT (THAILAND) COMPANY LIMITED,ตราสารทุน,2025-06-20,2026-07-30,14.0,14.0,1.0,0.0,,
M0259_2569,C0000000023,main,main,MKAI6S43,ตราสารหนี้,บริษัทหลักทรัพย์จัดการกองทุน เอ็มเอฟซี จำกัด (มหาชน),MFC ASSET MANAGEMENT PUBLIC COMPANY LIMITED ,ตราสารหนี้,2026-03-18,2026-07-31,5.0,5.0,1.0,0.0,,
M0529_2556,C0000005025,KKP PROP-D,KKP PROP-D,KKP PROP-D FUND,ผสม,บริษัทหลักทรัพย์จัดการกองทุน เกียรตินาคินภัทร จำกัด,KIATNAKIN PHATRA ASSET MANAGEMENT COMPANY LIMITED,ผสม,2015-01-05,2026-07-30,135.0,139.0,0.9712230215827338,1.0,2024-07,2024-10
M0637_2559,C0000000569,ONE-UGERMF-A,ONE-UGERMF-A,ONE-UGERMF,ตราสารทุน,บริษัทหลักทรัพย์จัดการกองทุน วรรณ จำกัด,ONE ASSET MANAGEMENT LIMITED,ตราสารทุน,2016-12-21,2026-07-27,112.0,116.0,0.9655172413793104,1.0,2024-07,2024-10
M0161_2564,C0000000709,KFAHYBON-A,KFAHYBON-A,KFAHYBON,ตราสารหนี้,บริษัทหลักทรัพย์จัดการกองทุน กรุงศรี จำกัด,KRUNGSRI ASSET MANAGEMENT COMPANY LIMITED,ตราสารหนี้,2021-05-18,2026-07-30,59.0,63.0,0.9365079365079365,1.0,2024-07,2024-10
M0282_2560,C0000000021,main,main,K-FITXL,ผสม,บริษัทหลักทรัพย์จัดการกองทุน กสิกรไทย จำกัด,KASIKORN ASSET MANAGEMENT COMPANY LIMITED,ผสม,2017-10-05,2026-07-30,102.0,106.0,0.9622641509433962,1.0,2024-07,2024-10
M0814_2557,C0000000709,KF-HEUROPE-A,KF-HEUROPE-A,KF-HEUROPE,ตราสารทุน,บริษัทหลักทรัพย์จัดการกองทุน กรุงศรี จำกัด,KRUNGSRI ASSET MANAGEMENT COMPANY LIMITED,ตราสารทุน,2025-09-24,2026-07-30,11.0,11.0,1.0,0.0,,
M0204_2542,C0000000023,SMARTA,SMARTA,SMART,ตราสารหนี้,บริษัทหลักทรัพย์จัดการกองทุน เอ็มเอฟซี จำกัด (มหาชน),MFC ASSET MANAGEMENT PUBLIC COMPANY LIMITED ,ตราสารหนี้,2025-09-24,2026-07-31,11.0,11.0,1.0,0.0,,
M0666_2562,C0000000623,BPLUS,BPLUS,BPLUS-M,ผสม,บริษัทหลักทรัพย์จัดการกองทุน ยูโอบี (ประเทศไทย) จำกัด,UOB ASSET MANAGEMENT (THAILAND) COMPANY LIMITED,ผสม,2019-11-22,2026-07-30,77.0,81.0,0.9506172839506173,1.0,2024-07,2024-10
M0100_2563,C0000000709,main,main,KFGBRANSSF,ตราสารทุน,บริษัทหลักทรัพย์จัดการกองทุน กรุงศรี จำกัด,KRUNGSRI ASSET MANAGEMENT COMPANY LIMITED,ตราสารทุน,2020-04-21,2026-07-30,72.0,76.0,0.9473684210526315,1.0,2024-07,2024-10
M0768_2565,C0000000023,MUBOND-A,MUBOND-A,MUBOND,ตราสารหนี้,บริษัทหลักทรัพย์จัดการกองทุน เอ็มเอฟซี จำกัด (มหาชน),MFC ASSET MANAGEMENT PUBLIC COMPANY LIMITED ,ตราสารหนี้,2023-02-15,2026-07-30,38.0,42.0,0.9047619047619048,1.0,2024-07,2024-10
M0449_2555,C0000000239,SCBSMART4,SCBSMART4,SCBSMART4FUND,ผสม,บริษัทหลักทรัพย์จัดการกองทุน ไทยพาณิชย์ จำกัด,SCB ASSET MANAGEMENT COMPANY LIMITED,ผสม,2015-01-05,2026-07-27,135.0,139.0,0.9712230215827338,1.0,2024-07,2024-10
M0181_2563,C0000000239,SCBEQ-SSF,SCBEQ-SSF,SCBEQSSF,ตราสารทุน,บริษัทหลักทรัพย์จัดการกองทุน ไทยพาณิชย์ จำกัด,SCB ASSET MANAGEMENT COMPANY LIMITED,ตราสารทุน,2020-11-05,2020-12-30,2.0,2.0,1.0,0.0,,
M0021_2541,C0000033452,main,main,ES-TSB,ตราสารหนี้,บริษัทหลักทรัพย์จัดการกองทุน อีสท์สปริง (ประเทศไทย) จำกัด,EASTSPRING ASSET MANAGEMENT (THAILAND) COMPANY LIMITED,ตราสารหนี้,2015-01-05,2026-07-31,135.0,139.0,0.9712230215827338,1.0,2024-07,2024-10
M0341_2562,C0000000239,SCBRAAA,SCBRAAA,SCBRAA,ผสม,บริษัทหลักทรัพย์จัดการกองทุน ไทยพาณิชย์ จำกัด,SCB ASSET MANAGEMENT COMPANY LIMITED,ผสม,2019-08-27,2026-07-31,80.0,84.0,0.9523809523809523,1.0,2024-07,2024-10
M0573_2569,C0000028866,main,main,DAOL-SUPERAI,ตราสารทุน,บริษัทหลักทรัพย์จัดการกองทุน ดาโอ จำกัด,DAOL INVESTMENT MANAGEMENT COMPANY LIMITED,ตราสารทุน,2026-06-10,2026-07-30,2.0,2.0,1.0,0.0,,
M0406_2565,C0000000324,main,main,TUSTREASURY,ตราสารหนี้,บริษัทหลักทรัพย์จัดการกองทุน ทิสโก้,TISCO ASSET MANAGEMENT COMPANY LIMITED,ตราสารหนี้,2022-11-22,2026-07-30,41.0,45.0,0.9111111111111111,1.0,2024-07,2024-10
M0728_2569,C0000024008,main,main,TLCOREWEALTH-UH-X,ผสม,บริษัทหลักทรัพย์จัดการกองทุน ทาลิส จำกัด,TALIS ASSET MANAGEMENT COMPANY LIMITED,ผสม,2026-07-22,2026-07-30,1.0,1.0,1.0,0.0,,
M0057_2561,C0000000709,KFHASIA-A,KFHASIA-A,KFHASIA,ตราสารทุน,บริษัทหลักทรัพย์จัดการกองทุน กรุงศรี จำกัด,KRUNGSRI ASSET MANAGEMENT COMPANY LIMITED,ตราสารทุน,2018-03-29,2026-07-30,97.0,101.0,0.9603960396039604,1.0,2024-07,2024-10
M0676_2569,C0000000239,main,main,SCBSB6M92,ตราสารหนี้,บริษัทหลักทรัพย์จัดการกองทุน ไทยพาณิชย์ จำกัด,SCB ASSET MANAGEMENT COMPANY LIMITED,ตราสารหนี้,2026-07-13,2026-07-31,1.0,1.0,1.0,0.0,,
M0319_2568,C0000000023,main,main,MSF-UI,ผสม,บริษัทหลักทรัพย์จัดการกองทุน เอ็มเอฟซี จำกัด (มหาชน),MFC ASSET MANAGEMENT PUBLIC COMPANY LIMITED ,ผสม,2025-06-20,2026-07-30,14.0,14.0,1.0,0.0,,
M0144_2563,C0000000239,SCBSET-SSF,SCBSET-SSF,SCBSETSSF,ตราสารทุน,บริษัทหลักทรัพย์จัดการกองทุน ไทยพาณิชย์ จำกัด,SCB ASSET MANAGEMENT COMPANY LIMITED,ตราสารทุน,,,,,,,,
M1090_2568,C0000000623,main,main,UGOV6M44,ตราสารหนี้,บริษัทหลักทรัพย์จัดการกองทุน ยูโอบี (ประเทศไทย) จำกัด,UOB ASSET MANAGEMENT (THAILAND) COMPANY LIMITED,ตราสารหนี้,2026-03-26,2026-07-31,5.0,5.0,1.0,0.0,,
M0148_2562,C0000000329,main,main,BCAP-GW75,ผสม,บริษัทหลักทรัพย์จัดการกองทุนรวม  บัวหลวง จำกัด,BBL ASSET MANAGEMENT COMPANY LIMITED,ผสม,2019-05-28,2026-07-27,83.0,87.0,0.9540229885057471,1.0,2024-07,2024-10
M0245_2559,C0000000239,SCBDIGI,SCBDIGI,SCBDIGIFUND,ตราสารทุน,บริษัทหลักทรัพย์จัดการกองทุน ไทยพาณิชย์ จำกัด,SCB ASSET MANAGEMENT COMPANY LIMITED,ตราสารทุน,2016-06-28,2026-07-27,118.0,122.0,0.9672131147540983,1.0,2024-07,2024-10
M0890_2555,C0000006646,main,main,LHGOVRMF,ตราสารหนี้,บริษัทหลักทรัพย์จัดการกองทุน แลนด์ แอนด์ เฮ้าส์ จำกัด,LAND AND HOUSES FUND MANAGEMENT COMPANY LIMITED,ตราสารหนี้,2015-01-05,2026-07-31,121.0,139.0,0.8705035971223022,2.0,2017-03,2018-04
M0873_2568,C0000033452,main,main,ES-ULTIMATE GA2RMF,ผสม,บริษัทหลักทรัพย์จัดการกองทุน อีสท์สปริง (ประเทศไทย) จำกัด,EASTSPRING ASSET MANAGEMENT (THAILAND) COMPANY LIMITED,ผสม,2025-10-15,2026-07-30,10.0,10.0,1.0,0.0,,
M0084_2563,C0000000023,MRENEW-A,MRENEW-A,MRENEW,ตราสารทุน,บริษัทหลักทรัพย์จัดการกองทุน เอ็มเอฟซี จำกัด (มหาชน),MFC ASSET MANAGEMENT PUBLIC COMPANY LIMITED ,ตราสารทุน,2021-01-15,2026-07-30,63.0,67.0,0.9402985074626866,1.0,2024-07,2024-10
M0032_2543,C0000033452,main,main,ES-TSARN,ตราสารหนี้,บริษัทหลักทรัพย์จัดการกองทุน อีสท์สปริง (ประเทศไทย) จำกัด,EASTSPRING ASSET MANAGEMENT (THAILAND) COMPANY LIMITED,ตราสารหนี้,2015-01-05,2026-07-31,135.0,139.0,0.9712230215827338,1.0,2024-07,2024-10
M0828_2554,C0000000239,SCBGLOW,SCBGLOW,SCBGLOWFUND,ผสม,บริษัทหลักทรัพย์จัดการกองทุน ไทยพาณิชย์ จำกัด,SCB ASSET MANAGEMENT COMPANY LIMITED,ผสม,2015-01-05,2026-07-24,135.0,139.0,0.9712230215827338,1.0,2024-07,2024-10
M0065_2558,C0000000239,SCBINDIA,SCBINDIA,SCBINDIAFUND,ตราสารทุน,บริษัทหลักทรัพย์จัดการกองทุน ไทยพาณิชย์ จำกัด,SCB ASSET MANAGEMENT COMPANY LIMITED,ตราสารทุน,2015-03-24,2026-07-30,133.0,137.0,0.9708029197080292,1.0,2024-07,2024-10
M0111_2561,C0000000023,main,main,M-SUKUK,ตราสารหนี้,บริษัทหลักทรัพย์จัดการกองทุน เอ็มเอฟซี จำกัด (มหาชน),MFC ASSET MANAGEMENT PUBLIC COMPANY LIMITED ,ตราสารหนี้,2018-07-31,2026-07-27,93.0,97.0,0.9587628865979382,1.0,2024-07,2024-10
M0132_2545,C0000000569,main,main,FCF,ผสม,บริษัทหลักทรัพย์จัดการกองทุน วรรณ จำกัด,ONE ASSET MANAGEMENT LIMITED,ผสม,2015-01-05,2026-07-31,130.0,139.0,0.935251798561151,4.0,2024-07,2024-10
M0581_2569,C0000000709,main,main,KF-SP500M,ตราสารทุน,บริษัทหลักทรัพย์จัดการกองทุน กรุงศรี จำกัด,KRUNGSRI ASSET MANAGEMENT COMPANY LIMITED,ตราสารทุน,2026-06-18,2026-07-30,2.0,2.0,1.0,0.0,,
M0064_2563,C0000000329,main,main,B-ENHANCED,ตราสารหนี้,บริษัทหลักทรัพย์จัดการกองทุนรวม  บัวหลวง จำกัด,BBL ASSET MANAGEMENT COMPANY LIMITED,ตราสารหนี้,2020-04-01,2026-07-30,72.0,76.0,0.9473684210526315,1.0,2024-07,2024-10
M0714_2568,C0000000324,TGSMARTRMF-A,TGSMARTRMF-A,TGSMARTRMF,ผสม,บริษัทหลักทรัพย์จัดการกองทุน ทิสโก้,TISCO ASSET MANAGEMENT COMPANY LIMITED,ผสม,2025-09-26,2026-07-30,11.0,11.0,1.0,0.0,,
M0434_2568,C0000000329,main,main,BEQD-TESGX,ตราสารทุน,บริษัทหลักทรัพย์จัดการกองทุนรวม  บัวหลวง จำกัด,BBL ASSET MANAGEMENT COMPANY LIMITED,ตราสารทุน,2025-05-09,2026-07-31,15.0,15.0,1.0,0.0,,
M0068_2544,C0000000569,M-RMF-A,M-RMF-A,M-RMF,ตราสารหนี้,บริษัทหลักทรัพย์จัดการกองทุน วรรณ จำกัด,ONE ASSET MANAGEMENT LIMITED,ตราสารหนี้,2015-01-05,2026-07-31,135.0,139.0,0.9712230215827338,1.0,2024-07,2024-10
M0406_2560,C0000000709,KF-MINCOME-A,KF-MINCOME-A,KF-MINCOME,ผสม,บริษัทหลักทรัพย์จัดการกองทุน กรุงศรี จำกัด,KRUNGSRI ASSET MANAGEMENT COMPANY LIMITED,ผสม,2025-02-28,2026-07-30,18.0,18.0,1.0,0.0,,
M0712_2547,C0000000709,KF-SET50-A,KF-SET50-A,KF-SET50,ตราสารทุน,บริษัทหลักทรัพย์จัดการกองทุน กรุงศรี จำกัด,KRUNGSRI ASSET MANAGEMENT COMPANY LIMITED,ตราสารทุน,2025-12-29,2026-07-31,8.0,8.0,1.0,0.0,,
M0141_2545,C0000000290,main,main,ABSI-RMF,ตราสารหนี้,บริษัทหลักทรัพย์จัดการกองทุน อเบอร์ดีน (ประเทศไทย) จำกัด,ABERDEEN ASSET MANAGEMENT (THAILAND) LIMITED,ตราสารหนี้,2015-01-05,2026-07-31,135.0,139.0,0.9712230215827338,1.0,2024-07,2024-10
M0086_2563,C0000000329,main,main,BMAPS25,ผสม,บริษัทหลักทรัพย์จัดการกองทุนรวม  บัวหลวง จำกัด,BBL ASSET MANAGEMENT COMPANY LIMITED,ผสม,2020-10-16,2026-07-27,66.0,70.0,0.9428571428571428,1.0,2024-07,2024-10
M0195_2561,C0000006646,LHGEQ-A,LHGEQ-A,LHGEQ,ตราสารทุน,บริษัทหลักทรัพย์จัดการกองทุน แลนด์ แอนด์ เฮ้าส์ จำกัด,LAND AND HOUSES FUND MANAGEMENT COMPANY LIMITED,ตราสารทุน,2018-07-26,2026-07-30,93.0,97.0,0.9587628865979382,1.0,2024-07,2024-10
M0767_2569,C0000000239,main,main,SCBSB3M107,ตราสารหนี้,บริษัทหลักทรัพย์จัดการกองทุน ไทยพาณิชย์ จำกัด,SCB ASSET MANAGEMENT COMPANY LIMITED,ตราสารหนี้,2026-07-24,2026-07-30,1.0,1.0,1.0,0.0,,
M0633_2546,C0000000569,main,main,FLEX-RMF,ผสม,บริษัทหลักทรัพย์จัดการกองทุน วรรณ จำกัด,ONE ASSET MANAGEMENT LIMITED,ผสม,2015-01-05,2026-07-31,135.0,139.0,0.9712230215827338,1.0,2024-07,2024-10
M0583_2567,C0000000021,K-GSELECTU-A(A),K-GSELECTU-A(A),K-GSELECTU,ตราสารทุน,บริษัทหลักทรัพย์จัดการกองทุน กสิกรไทย จำกัด,KASIKORN ASSET MANAGEMENT COMPANY LIMITED,ตราสารทุน,2024-11-14,2026-07-30,21.0,21.0,1.0,0.0,,
M0386_2568,C0000000023,main,main,MSI47AI,ตราสารหนี้,บริษัทหลักทรัพย์จัดการกองทุน เอ็มเอฟซี จำกัด (มหาชน),MFC ASSET MANAGEMENT PUBLIC COMPANY LIMITED ,ตราสารหนี้,2026-02-19,2026-07-31,6.0,6.0,1.0,0.0,,
M0414_2548,C0000005531,PRINCIPAL TEQAF70-D,PRINCIPAL TEQAF70-D,PRINCIPAL TEQAF70,ผสม,บริษัทหลักทรัพย์จัดการกองทุน พรินซิเพิล จำกัด,PRINCIPAL ASSET MANAGEMENT COMPANY LIMITED,ผสม,,,,,,,,
M0059_2564,C0000000239,SCBCLEAN(E),SCBCLEAN(E),SCBCLEAN,ตราสารทุน,บริษัทหลักทรัพย์จัดการกองทุน ไทยพาณิชย์ จำกัด,SCB ASSET MANAGEMENT COMPANY LIMITED,ตราสารทุน,2022-07-08,2026-07-27,45.0,49.0,0.9183673469387755,1.0,2024-07,2024-10
M0579_2568,C0000000021,main,main,K-GSF(UH),ตราสารหนี้,บริษัทหลักทรัพย์จัดการกองทุน กสิกรไทย จำกัด,KASIKORN ASSET MANAGEMENT COMPANY LIMITED,ตราสารหนี้,2025-07-11,2026-07-30,13.0,13.0,1.0,0.0,,
M0357_2549,C0000000709,KF-GB70-D,KF-GB70-D,KF-GB70,ผสม,บริษัทหลักทรัพย์จัดการกองทุน กรุงศรี จำกัด,KRUNGSRI ASSET MANAGEMENT COMPANY LIMITED,ผสม,2026-01-05,2026-07-31,7.0,7.0,1.0,0.0,,
M0175_2569,C0000000460,main,main,KT-ARE,ตราสารทุน,บริษัทหลักทรัพย์จัดการกองทุน กรุงไทย จำกัด (มหาชน),KRUNG THAI ASSET MANAGEMENT PUBLIC COMPANY LIMITED ,ตราสารทุน,2026-04-29,2026-07-30,4.0,4.0,1.0,0.0,,
M0146_2555,C0000005531,PRINCIPAL iDAILY-A,PRINCIPAL iDAILY-A,PRINCIPAL iDAILY,ตราสารหนี้,บริษัทหลักทรัพย์จัดการกองทุน พรินซิเพิล จำกัด,PRINCIPAL ASSET MANAGEMENT COMPANY LIMITED,ตราสารหนี้,2015-01-05,2026-07-31,135.0,139.0,0.9712230215827338,1.0,2024-07,2024-10
M0148_2559,C0000000569,ONE-ACT-IA,ONE-ACT-IA,ONE-ACT,ผสม,บริษัทหลักทรัพย์จัดการกองทุน วรรณ จำกัด,ONE ASSET MANAGEMENT LIMITED,ผสม,,,,,,,,
M0654_2557,C0000000623,UOBSHC,UOBSHC,UOBSHC-M,ตราสารทุน,บริษัทหลักทรัพย์จัดการกองทุน ยูโอบี (ประเทศไทย) จำกัด,UOB ASSET MANAGEMENT (THAILAND) COMPANY LIMITED,ตราสารทุน,2015-01-05,2026-07-30,135.0,139.0,0.9712230215827338,1.0,2024-07,2024-10
M0252_2569,C0000033452,main,main,ES-GOVCP6M54,ตราสารหนี้,บริษัทหลักทรัพย์จัดการกองทุน อีสท์สปริง (ประเทศไทย) จำกัด,EASTSPRING ASSET MANAGEMENT (THAILAND) COMPANY LIMITED,ตราสารหนี้,2026-03-23,2026-07-31,5.0,5.0,1.0,0.0,,
M0005_2539,C0000000324,main,main,TISCOFLEXP,ผสม,บริษัทหลักทรัพย์จัดการกองทุน ทิสโก้,TISCO ASSET MANAGEMENT COMPANY LIMITED,ผสม,2015-01-05,2026-07-31,135.0,139.0,0.9712230215827338,1.0,2024-07,2024-10
M0241_2564,C0000005025,KKP SEMICON-H,KKP SEMICON-H,KKP SEMICON-H FUND,ตราสารทุน,บริษัทหลักทรัพย์จัดการกองทุน เกียรตินาคินภัทร จำกัด,KIATNAKIN PHATRA ASSET MANAGEMENT COMPANY LIMITED,ตราสารทุน,2021-07-06,2026-07-30,57.0,61.0,0.9344262295081968,1.0,2024-07,2024-10
M0758_2554,C0000000460,main,main,KT-BOND,ตราสารหนี้,บริษัทหลักทรัพย์จัดการกองทุน กรุงไทย จำกัด (มหาชน),KRUNG THAI ASSET MANAGEMENT PUBLIC COMPANY LIMITED ,ตราสารหนี้,2015-01-05,2026-07-30,135.0,139.0,0.9712230215827338,1.0,2024-07,2024-10
M0281_2560,C0000000021,main,main,K-FITL,ผสม,บริษัทหลักทรัพย์จัดการกองทุน กสิกรไทย จำกัด,KASIKORN ASSET MANAGEMENT COMPANY LIMITED,ผสม,2017-10-05,2026-07-30,102.0,106.0,0.9622641509433962,1.0,2024-07,2024-10
M0426_2547,C0000005025,main,main,KKP EQRMF,ตราสารทุน,บริษัทหลักทรัพย์จัดการกองทุน เกียรตินาคินภัทร จำกัด,KIATNAKIN PHATRA ASSET MANAGEMENT COMPANY LIMITED,ตราสารทุน,2015-01-05,2026-07-31,135.0,139.0,0.9712230215827338,1.0,2024-07,2024-10
M0176_2569,C0000000021,main,main,K-GB6MCX,ตราสารหนี้,บริษัทหลักทรัพย์จัดการกองทุน กสิกรไทย จำกัด,KASIKORN ASSET MANAGEMENT COMPANY LIMITED,ตราสารหนี้,2026-02-17,2026-07-31,6.0,6.0,1.0,0.0,,
M0522_2564,C0000031161,main,main,AIA-TCA,ผสม,บริษัทหลักทรัพย์จัดการกองทุน เอไอเอ (ประเทศไทย) จำกัด,AIA INVESTMENT MANAGEMENT (THAILAND) LIMITED,ผสม,2022-04-04,2026-07-31,48.0,52.0,0.9230769230769231,1.0,2024-07,2024-10
M0386_2564,C0000000239,SCBJAPAN(A),SCBJAPAN(A),SCBJAPAN,ตราสารทุน,บริษัทหลักทรัพย์จัดการกองทุน ไทยพาณิชย์ จำกัด,SCB ASSET MANAGEMENT COMPANY LIMITED,ตราสารทุน,2021-10-12,2026-07-30,54.0,58.0,0.9310344827586207,1.0,2024-07,2024-10
M0214_2542,C0000000569,main,main,ONE-DI,ตราสารหนี้,บริษัทหลักทรัพย์จัดการกองทุน วรรณ จำกัด,ONE ASSET MANAGEMENT LIMITED,ตราสารหนี้,2015-06-25,2026-07-31,130.0,134.0,0.9701492537313433,1.0,2024-07,2024-10
M0327_2562,C0000000239,SCBSPICY(E),SCBSPICY(E),SCBSPICY,ผสม,บริษัทหลักทรัพย์จัดการกองทุน ไทยพาณิชย์ จำกัด,SCB ASSET MANAGEMENT COMPANY LIMITED,ผสม,,,,,,,,
M0403_2563,C0000000324,TNEXTGEN-A,TNEXTGEN-A,TNEXTGEN,ตราสารทุน,บริษัทหลักทรัพย์จัดการกองทุน ทิสโก้,TISCO ASSET MANAGEMENT COMPANY LIMITED,ตราสารทุน,2020-11-12,2026-07-30,65.0,69.0,0.9420289855072463,1.0,2024-07,2024-10
M0073_2567,C0000006099,main,main,X-Plus,ตราสารหนี้,บริษัทหลักทรัพย์จัดการกองทุน เอ็กซ์สปริง จำกัด,XSPRING ASSET MANAGEMENT COMPANY LIMITED,ตราสารหนี้,2024-05-02,2026-07-31,23.0,27.0,0.8518518518518519,1.0,2024-07,2024-10
M0037_2563,C0000000329,main,main,BCAP-2030 RMF,ผสม,บริษัทหลักทรัพย์จัดการกองทุนรวม  บัวหลวง จำกัด,BBL ASSET MANAGEMENT COMPANY LIMITED,ผสม,2020-10-09,2026-07-27,66.0,70.0,0.9428571428571428,1.0,2024-07,2024-10
M0512_2567,C0000000021,K-GPINUH-A(A),K-GPINUH-A(A),K-GPINUH,ตราสารทุน,บริษัทหลักทรัพย์จัดการกองทุน กสิกรไทย จำกัด,KASIKORN ASSET MANAGEMENT COMPANY LIMITED,ตราสารทุน,2024-11-14,2026-07-30,21.0,21.0,1.0,0.0,,
M0063_2569,C0000000023,main,main,MKAI6S41,ตราสารหนี้,บริษัทหลักทรัพย์จัดการกองทุน เอ็มเอฟซี จำกัด (มหาชน),MFC ASSET MANAGEMENT PUBLIC COMPANY LIMITED ,ตราสารหนี้,2026-01-28,2026-07-31,7.0,7.0,1.0,0.0,,
M1129_2568,C0000000460,KT-GWG-A,KT-GWG-A,KT-GWG,ผสม,บริษัทหลักทรัพย์จัดการกองทุน กรุงไทย จำกัด (มหาชน),KRUNG THAI ASSET MANAGEMENT PUBLIC COMPANY LIMITED ,ผสม,2026-03-05,2026-07-27,5.0,5.0,1.0,0.0,,
M0117_2561,C0000033452,main,main,ES-INDAE,ตราสารทุน,บริษัทหลักทรัพย์จัดการกองทุน อีสท์สปริง (ประเทศไทย) จำกัด,EASTSPRING ASSET MANAGEMENT (THAILAND) COMPANY LIMITED,ตราสารทุน,2018-06-11,2026-07-30,94.0,98.0,0.9591836734693877,1.0,2024-07,2024-10
M0115_2569,C0000006099,main,main,X-DAILY,ตราสารหนี้,บริษัทหลักทรัพย์จัดการกองทุน เอ็กซ์สปริง จำกัด,XSPRING ASSET MANAGEMENT COMPANY LIMITED,ตราสารหนี้,2026-07-24,2026-07-31,1.0,1.0,1.0,0.0,,
M0932_2554,C0000000239,main,main,SCBGLOWP,ผสม,บริษัทหลักทรัพย์จัดการกองทุน ไทยพาณิชย์ จำกัด,SCB ASSET MANAGEMENT COMPANY LIMITED,ผสม,2015-01-05,2026-07-24,135.0,139.0,0.9712230215827338,1.0,2024-07,2024-10
M0263_2550,C0000000239,SCBLTT,SCBLTT,SCBLTTFUND,ตราสารทุน,บริษัทหลักทรัพย์จัดการกองทุน ไทยพาณิชย์ จำกัด,SCB ASSET MANAGEMENT COMPANY LIMITED,ตราสารทุน,2015-01-05,2026-07-31,135.0,139.0,0.9712230215827338,1.0,2024-07,2024-10
M0086_2569,C0000033452,main,main,ES-GOVCP6M53,ตราสารหนี้,บริษัทหลักทรัพย์จัดการกองทุน อีสท์สปริง (ประเทศไทย) จำกัด,EASTSPRING ASSET MANAGEMENT (THAILAND) COMPANY LIMITED,ตราสารหนี้,2026-03-09,2026-07-31,5.0,5.0,1.0,0.0,,
M0726_2569,C0000024008,main,main,TLCOREWEALTH-H-X,ผสม,บริษัทหลักทรัพย์จัดการกองทุน ทาลิส จำกัด,TALIS ASSET MANAGEMENT COMPANY LIMITED,ผสม,2026-07-23,2026-07-30,1.0,1.0,1.0,0.0,,
M0513_2564,C0000000239,SCBAXJ(A),SCBAXJ(A),SCBAXJ,ตราสารทุน,บริษัทหลักทรัพย์จัดการกองทุน ไทยพาณิชย์ จำกัด,SCB ASSET MANAGEMENT COMPANY LIMITED,ตราสารทุน,2022-05-18,2026-07-31,47.0,51.0,0.9215686274509803,1.0,2024-07,2024-10
M0069_2544,C0000000569,main,main,F-RMF,ตราสารหนี้,บริษัทหลักทรัพย์จัดการกองทุน วรรณ จำกัด,ONE ASSET MANAGEMENT LIMITED,ตราสารหนี้,2015-01-05,2026-07-31,135.0,139.0,0.9712230215827338,1.0,2024-07,2024-10
M0021_2558,C0000000623,main,main,UOBGARMF,ผสม,บริษัทหลักทรัพย์จัดการกองทุน ยูโอบี (ประเทศไทย) จำกัด,UOB ASSET MANAGEMENT (THAILAND) COMPANY LIMITED,ผสม,2015-02-03,2026-07-30,134.0,138.0,0.9710144927536232,1.0,2024-07,2024-10
M0196_2564,C0000000239,SCBTRAVEL(A),SCBTRAVEL(A),SCBTRAVEL,ตราสารทุน,บริษัทหลักทรัพย์จัดการกองทุน ไทยพาณิชย์ จำกัด,SCB ASSET MANAGEMENT COMPANY LIMITED,ตราสารทุน,2021-06-04,2026-07-27,58.0,62.0,0.9354838709677419,1.0,2024-07,2024-10
M0309_2568,C0000006099,main,main,X-FIXED6M2R,ตราสารหนี้,บริษัทหลักทรัพย์จัดการกองทุน เอ็กซ์สปริง จำกัด,XSPRING ASSET MANAGEMENT COMPANY LIMITED,ตราสารหนี้,2025-12-22,2026-07-31,8.0,8.0,1.0,0.0,,
M0383_2566,C0000000021,main,main,K-TFT6,ผสม,บริษัทหลักทรัพย์จัดการกองทุน กสิกรไทย จำกัด,KASIKORN ASSET MANAGEMENT COMPANY LIMITED,ผสม,2023-08-18,2026-07-31,28.0,36.0,0.7777777777777778,1.0,2024-07,2025-02
M0100_2560,C0000033452,main,main,ES-EAE,ตราสารทุน,บริษัทหลักทรัพย์จัดการกองทุน อีสท์สปริง (ประเทศไทย) จำกัด,EASTSPRING ASSET MANAGEMENT (THAILAND) COMPANY LIMITED,ตราสารทุน,2017-03-31,2026-07-30,109.0,113.0,0.9646017699115044,1.0,2024-07,2024-10
M0089_2564,C0000005025,KKP G-HYB-H-UI,KKP G-HYB-H-UI,KKP G-HYB-H-UI FUND,ตราสารหนี้,บริษัทหลักทรัพย์จัดการกองทุน เกียรตินาคินภัทร จำกัด,KIATNAKIN PHATRA ASSET MANAGEMENT COMPANY LIMITED,ตราสารหนี้,2021-05-12,2026-07-30,59.0,63.0,0.9365079365079365,1.0,2024-07,2024-10
M0167_2565,C0000000329,main,main,BMAPS55RMF,ผสม,บริษัทหลักทรัพย์จัดการกองทุนรวม  บัวหลวง จำกัด,BBL ASSET MANAGEMENT COMPANY LIMITED,ผสม,2022-06-30,2026-07-27,46.0,50.0,0.92,1.0,2024-07,2024-10
M1261_2557,C0000000021,main,main,K-CHX,ตราสารทุน,บริษัทหลักทรัพย์จัดการกองทุน กสิกรไทย จำกัด,KASIKORN ASSET MANAGEMENT COMPANY LIMITED,ตราสารทุน,2015-09-21,2026-07-31,127.0,131.0,0.9694656488549618,1.0,2024-07,2024-10
M0766_2547,C0000000623,main,main,SVRMF,ตราสารหนี้,บริษัทหลักทรัพย์จัดการกองทุน ยูโอบี (ประเทศไทย) จำกัด,UOB ASSET MANAGEMENT (THAILAND) COMPANY LIMITED,ตราสารหนี้,2015-01-05,2026-07-31,135.0,139.0,0.9712230215827338,1.0,2024-07,2024-10
M0428_2558,C0000033452,main,main,ES-INCOMEAI,ผสม,บริษัทหลักทรัพย์จัดการกองทุน อีสท์สปริง (ประเทศไทย) จำกัด,EASTSPRING ASSET MANAGEMENT (THAILAND) COMPANY LIMITED,ผสม,2015-12-01,2026-07-30,124.0,128.0,0.96875,1.0,2024-07,2024-10
M0931_2567,C0000028866,main,main,DAOL-DEFENSE,ตราสารทุน,บริษัทหลักทรัพย์จัดการกองทุน ดาโอ จำกัด,DAOL INVESTMENT MANAGEMENT COMPANY LIMITED,ตราสารทุน,2024-12-20,2026-07-30,20.0,20.0,1.0,0.0,,
M0530_2551,C0000005531,main,main,PRINCIPAL TREASURY,ตราสารหนี้,บริษัทหลักทรัพย์จัดการกองทุน พรินซิเพิล จำกัด,PRINCIPAL ASSET MANAGEMENT COMPANY LIMITED,ตราสารหนี้,2015-01-05,2026-07-31,135.0,139.0,0.9712230215827338,1.0,2024-07,2024-10
M0014_2535,C0000033452,main,main,ES-STSD,ผสม,บริษัทหลักทรัพย์จัดการกองทุน อีสท์สปริง (ประเทศไทย) จำกัด,EASTSPRING ASSET MANAGEMENT (THAILAND) COMPANY LIMITED,ผสม,2015-01-05,2026-07-31,135.0,139.0,0.9712230215827338,1.0,2024-07,2024-10
M0445_2568,C0000000239,SCBTAPX(25A),SCBTAPX(25A),SCBTAPX,ตราสารทุน,บริษัทหลักทรัพย์จัดการกองทุน ไทยพาณิชย์ จำกัด,SCB ASSET MANAGEMENT COMPANY LIMITED,ตราสารทุน,2025-05-13,2026-07-31,15.0,15.0,1.0,0.0,,
M0059_2544,C0000000324,main,main,TSFIRMF,ตราสารหนี้,บริษัทหลักทรัพย์จัดการกองทุน ทิสโก้,TISCO ASSET MANAGEMENT COMPANY LIMITED,ตราสารหนี้,2015-01-05,2026-07-31,135.0,139.0,0.9712230215827338,1.0,2024-07,2024-10
M0428_2561,C0000000460,main,main,KTMUNG-RMF,ผสม,บริษัทหลักทรัพย์จัดการกองทุน กรุงไทย จำกัด (มหาชน),KRUNG THAI ASSET MANAGEMENT PUBLIC COMPANY LIMITED ,ผสม,2020-10-27,2026-07-30,66.0,70.0,0.9428571428571428,1.0,2024-07,2024-10
M0819_2555,C0000033452,main,main,ES-LOWBETARMF,ตราสารทุน,บริษัทหลักทรัพย์จัดการกองทุน อีสท์สปริง (ประเทศไทย) จำกัด,EASTSPRING ASSET MANAGEMENT (THAILAND) COMPANY LIMITED,ตราสารทุน,2015-01-05,2026-07-31,135.0,139.0,0.9712230215827338,1.0,2024-07,2024-10
M0095_2545,C0000000324,TFIRMF-A,TFIRMF-A,TFIRMF,ตราสารหนี้,บริษัทหลักทรัพย์จัดการกองทุน ทิสโก้,TISCO ASSET MANAGEMENT COMPANY LIMITED,ตราสารหนี้,2015-01-05,2026-07-31,135.0,139.0,0.9712230215827338,1.0,2024-07,2024-10
M0021_2538,C0000000021,main,main,RKBC,ผสม,บริษัทหลักทรัพย์จัดการกองทุน กสิกรไทย จำกัด,KASIKORN ASSET MANAGEMENT COMPANY LIMITED,ผสม,2015-01-05,2026-07-31,135.0,139.0,0.9712230215827338,1.0,2024-07,2024-10
M0693_2559,C0000000709,KFGTECH-A,KFGTECH-A,KFGTECH,ตราสารทุน,บริษัทหลักทรัพย์จัดการกองทุน กรุงศรี จำกัด,KRUNGSRI ASSET MANAGEMENT COMPANY LIMITED,ตราสารทุน,2017-02-06,2026-07-30,110.0,114.0,0.9649122807017544,1.0,2024-07,2024-10
M0747_2553,C0000000709,KFTRB-A,KFTRB-A,KFTRB,ตราสารหนี้,บริษัทหลักทรัพย์จัดการกองทุน กรุงศรี จำกัด,KRUNGSRI ASSET MANAGEMENT COMPANY LIMITED,ตราสารหนี้,2015-01-05,2026-07-30,135.0,139.0,0.9712230215827338,1.0,2024-07,2024-10
M0488_2561,C0000005022,ASP-AAA-A,ASP-AAA-A,ASP-AAA,ผสม,บริษัทหลักทรัพย์จัดการกองทุน แอสเซท พลัส จำกัด,ASSET PLUS FUND MANAGEMENT COMPANY LIMITED,ผสม,2019-02-04,2026-07-30,86.0,90.0,0.9555555555555556,1.0,2024-07,2024-10
M0548_2564,C0000000239,SCBRMVIET(A),SCBRMVIET(A),SCBRMVIET,ตราสารทุน,บริษัทหลักทรัพย์จัดการกองทุน ไทยพาณิชย์ จำกัด,SCB ASSET MANAGEMENT COMPANY LIMITED,ตราสารทุน,2022-03-09,2026-07-31,49.0,53.0,0.9245283018867925,1.0,2024-07,2024-10
M0416_2567,C0000033452,ES-GINCOME-UH-A,ES-GINCOME-UH-A,ES-GINCOME-UH,ตราสารหนี้,บริษัทหลักทรัพย์จัดการกองทุน อีสท์สปริง (ประเทศไทย) จำกัด,EASTSPRING ASSET MANAGEMENT (THAILAND) COMPANY LIMITED,ตราสารหนี้,,,,,,,,
M0210_2550,C0000000021,main,main,K-2520,ผสม,บริษัทหลักทรัพย์จัดการกองทุน กสิกรไทย จำกัด,KASIKORN ASSET MANAGEMENT COMPANY LIMITED,ผสม,2015-01-05,2026-07-31,135.0,139.0,0.9712230215827338,1.0,2024-07,2024-10
M0607_2559,C0000000623,main,main,CG-RMF,ตราสารทุน,บริษัทหลักทรัพย์จัดการกองทุน ยูโอบี (ประเทศไทย) จำกัด,UOB ASSET MANAGEMENT (THAILAND) COMPANY LIMITED,ตราสารทุน,2016-12-01,2026-07-30,112.0,116.0,0.9655172413793104,1.0,2024-07,2024-10
M0205_2564,C0000028866,main,main,DAOL-BOND6M2,ตราสารหนี้,บริษัทหลักทรัพย์จัดการกองทุน ดาโอ จำกัด,DAOL INVESTMENT MANAGEMENT COMPANY LIMITED,ตราสารหนี้,2021-05-27,2026-07-31,59.0,63.0,0.9365079365079365,1.0,2024-06,2024-09
M0135_2563,C0000006646,LHSMARTDSSF-SSF,LHSMARTDSSF-SSF,LHSMARTDSSF,ผสม,บริษัทหลักทรัพย์จัดการกองทุน แลนด์ แอนด์ เฮ้าส์ จำกัด,LAND AND HOUSES FUND MANAGEMENT COMPANY LIMITED,ผสม,2020-04-15,2026-07-31,72.0,76.0,0.9473684210526315,1.0,2024-07,2024-10
M0104_2568,C0000028866,main,main,DAOL-DAPP,ตราสารทุน,บริษัทหลักทรัพย์จัดการกองทุน ดาโอ จำกัด,DAOL INVESTMENT MANAGEMENT COMPANY LIMITED,ตราสารทุน,2025-02-27,2026-07-30,18.0,18.0,1.0,0.0,,
M0132_2569,C0000000023,main,main,MKAI6S42,ตราสารหนี้,บริษัทหลักทรัพย์จัดการกองทุน เอ็มเอฟซี จำกัด (มหาชน),MFC ASSET MANAGEMENT PUBLIC COMPANY LIMITED ,ตราสารหนี้,2026-02-19,2026-07-31,6.0,6.0,1.0,0.0,,
M0279_2560,C0000000021,main,main,K-FITM,ผสม,บริษัทหลักทรัพย์จัดการกองทุน กสิกรไทย จำกัด,KASIKORN ASSET MANAGEMENT COMPANY LIMITED,ผสม,2017-10-05,2026-07-30,102.0,106.0,0.9622641509433962,1.0,2024-07,2024-10
M0416_2560,C0000000239,SCBAEMHA,SCBAEMHA,SCBAEMH,ตราสารทุน,บริษัทหลักทรัพย์จัดการกองทุน ไทยพาณิชย์ จำกัด,SCB ASSET MANAGEMENT COMPANY LIMITED,ตราสารทุน,2017-08-29,2026-07-30,104.0,108.0,0.9629629629629629,1.0,2024-07,2024-10
M0557_2564,C0000000460,KT-ASIANBOND-A,KT-ASIANBOND-A,KT-ASIANBOND,ตราสารหนี้,บริษัทหลักทรัพย์จัดการกองทุน กรุงไทย จำกัด (มหาชน),KRUNG THAI ASSET MANAGEMENT PUBLIC COMPANY LIMITED ,ตราสารหนี้,2022-10-07,2026-07-30,42.0,46.0,0.9130434782608695,1.0,2024-07,2024-10
M0785_2547,C0000005022,main,main,ASP-MRF,ผสม,บริษัทหลักทรัพย์จัดการกองทุน แอสเซท พลัส จำกัด,ASSET PLUS FUND MANAGEMENT COMPANY LIMITED,ผสม,2015-01-05,2026-07-31,135.0,139.0,0.9712230215827338,1.0,2024-07,2024-10
M0276_2561,C0000000623,UGQG,UGQG,UGQG-M,ตราสารทุน,บริษัทหลักทรัพย์จัดการกองทุน ยูโอบี (ประเทศไทย) จำกัด,UOB ASSET MANAGEMENT (THAILAND) COMPANY LIMITED,ตราสารทุน,2018-11-23,2026-07-30,89.0,93.0,0.956989247311828,1.0,2024-07,2024-10
M0001_2540,C0000000569,main,main,ONE-FAR,ตราสารหนี้,บริษัทหลักทรัพย์จัดการกองทุน วรรณ จำกัด,ONE ASSET MANAGEMENT LIMITED,ตราสารหนี้,2015-01-05,2026-07-31,135.0,139.0,0.9712230215827338,1.0,2024-07,2024-10
M0144_2556,C0000006646,main,main,LHFL,ผสม,บริษัทหลักทรัพย์จัดการกองทุน แลนด์ แอนด์ เฮ้าส์ จำกัด,LAND AND HOUSES FUND MANAGEMENT COMPANY LIMITED,ผสม,2015-01-05,2026-07-31,121.0,139.0,0.8705035971223022,2.0,2017-03,2018-04
M0377_2560,C0000000324,TISTECH-A,TISTECH-A,TISTECH,ตราสารทุน,บริษัทหลักทรัพย์จัดการกองทุน ทิสโก้,TISCO ASSET MANAGEMENT COMPANY LIMITED,ตราสารทุน,2017-09-27,2026-07-27,103.0,107.0,0.9626168224299065,1.0,2024-07,2024-10
M0565_2566,C0000000569,main,main,ONE-FFI,ตราสารหนี้,บริษัทหลักทรัพย์จัดการกองทุน วรรณ จำกัด,ONE ASSET MANAGEMENT LIMITED,ตราสารหนี้,2024-11-14,2026-07-30,21.0,21.0,1.0,0.0,,
M0517_2561,C0000000709,main,main,KFSUPERRMF,ผสม,บริษัทหลักทรัพย์จัดการกองทุน กรุงศรี จำกัด,KRUNGSRI ASSET MANAGEMENT COMPANY LIMITED,ผสม,2019-03-11,2026-07-31,85.0,89.0,0.9550561797752809,1.0,2024-07,2024-10
M0304_2561,C0000005531,PRINCIPAL CHEQ-A,PRINCIPAL CHEQ-A,PRINCIPAL CHEQ,ตราสารทุน,บริษัทหลักทรัพย์จัดการกองทุน พรินซิเพิล จำกัด,PRINCIPAL ASSET MANAGEMENT COMPANY LIMITED,ตราสารทุน,2018-09-03,2026-07-30,91.0,95.0,0.9578947368421052,1.0,2024-07,2024-10
M0706_2568,C0000000239,main,main,SCBRMMONEY,ตราสารหนี้,บริษัทหลักทรัพย์จัดการกองทุน ไทยพาณิชย์ จำกัด,SCB ASSET MANAGEMENT COMPANY LIMITED,ตราสารหนี้,2025-09-30,2026-07-31,11.0,11.0,1.0,0.0,,
M0176_2563,C0000000023,MTF-SSF,MTF-SSF,MTFS,ผสม,บริษัทหลักทรัพย์จัดการกองทุน เอ็มเอฟซี จำกัด (มหาชน),MFC ASSET MANAGEMENT PUBLIC COMPANY LIMITED ,ผสม,2020-04-15,2026-07-31,72.0,76.0,0.9473684210526315,1.0,2024-07,2024-10
M0061_2564,C0000000460,KT-CLIMATE-A,KT-CLIMATE-A,KT-CLIMATE,ตราสารทุน,บริษัทหลักทรัพย์จัดการกองทุน กรุงไทย จำกัด (มหาชน),KRUNG THAI ASSET MANAGEMENT PUBLIC COMPANY LIMITED ,ตราสารทุน,2021-03-23,2026-07-30,61.0,65.0,0.9384615384615385,1.0,2024-07,2024-10
M0070_2557,C0000000021,K-GB-A(D),K-GB-A(D),K-GB,ตราสารหนี้,บริษัทหลักทรัพย์จัดการกองทุน กสิกรไทย จำกัด,KASIKORN ASSET MANAGEMENT COMPANY LIMITED,ตราสารหนี้,2015-01-05,2026-07-30,135.0,139.0,0.9712230215827338,1.0,2024-07,2024-10
M0447_2568,C0000000023,MIX-ESGX,MIX-ESGX,MIX-Thai ESGX,ผสม,บริษัทหลักทรัพย์จัดการกองทุน เอ็มเอฟซี จำกัด (มหาชน),MFC ASSET MANAGEMENT PUBLIC COMPANY LIMITED ,ผสม,2025-05-08,2026-07-31,8.0,15.0,0.5333333333333333,1.0,2025-06,2025-12
M0272_2564,C0000000709,KFESG-A,KFESG-A,KFESG,ตราสารทุน,บริษัทหลักทรัพย์จัดการกองทุน กรุงศรี จำกัด,KRUNGSRI ASSET MANAGEMENT COMPANY LIMITED,ตราสารทุน,2021-08-16,2026-07-30,56.0,60.0,0.9333333333333333,1.0,2024-07,2024-10
M0105_2568,C0000006099,main,main,X-FIXED6M1R,ตราสารหนี้,บริษัทหลักทรัพย์จัดการกองทุน เอ็กซ์สปริง จำกัด,XSPRING ASSET MANAGEMENT COMPANY LIMITED,ตราสารหนี้,2025-03-18,2026-07-31,17.0,17.0,1.0,0.0,,
M0088_2564,C0000000569,main,main,ONE-GLOBALTOP8M12A,ผสม,บริษัทหลักทรัพย์จัดการกองทุน วรรณ จำกัด,ONE ASSET MANAGEMENT LIMITED,ผสม,2021-03-10,2026-07-27,61.0,65.0,0.9384615384615385,1.0,2024-07,2024-10
M0197_2561,C0000000329,main,main,B-ASIARMF,ตราสารทุน,บริษัทหลักทรัพย์จัดการกองทุนรวม  บัวหลวง จำกัด,BBL ASSET MANAGEMENT COMPANY LIMITED,ตราสารทุน,2018-10-11,2026-07-30,90.0,94.0,0.9574468085106383,1.0,2024-07,2024-10
M0134_2545,C0000000021,main,main,KASF,ตราสารหนี้,บริษัทหลักทรัพย์จัดการกองทุน กสิกรไทย จำกัด,KASIKORN ASSET MANAGEMENT COMPANY LIMITED,ตราสารหนี้,2015-01-05,2026-07-31,132.0,139.0,0.9496402877697842,2.0,2024-07,2024-10
M0460_2559,C0000000623,main,main,UGBFRMF,ผสม,บริษัทหลักทรัพย์จัดการกองทุน ยูโอบี (ประเทศไทย) จำกัด,UOB ASSET MANAGEMENT (THAILAND) COMPANY LIMITED,ผสม,2016-09-27,2026-07-30,115.0,119.0,0.9663865546218487,1.0,2024-07,2024-10
M0012_2537,C0000000329,main,main,B-INFRA,ตราสารทุน,บริษัทหลักทรัพย์จัดการกองทุนรวม  บัวหลวง จำกัด,BBL ASSET MANAGEMENT COMPANY LIMITED,ตราสารทุน,2015-01-05,2026-07-31,129.0,139.0,0.9280575539568345,2.0,2017-03,2017-08
M0168_2568,C0000005531,main,main,PRINCIPAL FI23M1AI,ตราสารหนี้,บริษัทหลักทรัพย์จัดการกองทุน พรินซิเพิล จำกัด,PRINCIPAL ASSET MANAGEMENT COMPANY LIMITED,ตราสารหนี้,2025-02-26,2026-07-31,18.0,18.0,1.0,0.0,,
M0090_2564,C0000000569,main,main,ONE-GLOBALTOP8M14,ผสม,บริษัทหลักทรัพย์จัดการกองทุน วรรณ จำกัด,ONE ASSET MANAGEMENT LIMITED,ผสม,2021-03-29,2026-07-27,61.0,65.0,0.9384615384615385,1.0,2024-07,2024-10
M0248_2567,C0000000324,main,main,TEMxCH,ตราสารทุน,บริษัทหลักทรัพย์จัดการกองทุน ทิสโก้,TISCO ASSET MANAGEMENT COMPANY LIMITED,ตราสารทุน,2024-06-06,2026-07-30,22.0,26.0,0.8461538461538461,1.0,2024-07,2024-10
M0222_2555,C0000000623,main,main,TCMFENJOY,ตราสารหนี้,บริษัทหลักทรัพย์จัดการกองทุน ยูโอบี (ประเทศไทย) จำกัด,UOB ASSET MANAGEMENT (THAILAND) COMPANY LIMITED,ตราสารหนี้,2015-01-05,2026-07-31,135.0,139.0,0.9712230215827338,1.0,2024-07,2024-10
M0442_2568,C0000005022,ASP-MIX ThaiESGX-LTF,ASP-MIX ThaiESGX-LTF,ASP-MIX ThaiESGX,ผสม,บริษัทหลักทรัพย์จัดการกองทุน แอสเซท พลัส จำกัด,ASSET PLUS FUND MANAGEMENT COMPANY LIMITED,ผสม,2025-05-13,2026-07-30,15.0,15.0,1.0,0.0,,
M0450_2565,C0000000239,SCBINDO(A),SCBINDO(A),SCBINDO,ตราสารทุน,บริษัทหลักทรัพย์จัดการกองทุน ไทยพาณิชย์ จำกัด,SCB ASSET MANAGEMENT COMPANY LIMITED,ตราสารทุน,2022-09-27,2026-07-30,43.0,47.0,0.9148936170212766,1.0,2024-07,2024-10
M0804_2567,C0000000023,main,main,MSI42AI,ตราสารหนี้,บริษัทหลักทรัพย์จัดการกองทุน เอ็มเอฟซี จำกัด (มหาชน),MFC ASSET MANAGEMENT PUBLIC COMPANY LIMITED ,ตราสารหนี้,2024-10-31,2026-07-30,20.0,22.0,0.9090909090909091,2.0,2025-05,2025-05
M0023_2547,C0000000329,main,main,B-ACTIVE,ผสม,บริษัทหลักทรัพย์จัดการกองทุนรวม  บัวหลวง จำกัด,BBL ASSET MANAGEMENT COMPANY LIMITED,ผสม,2015-01-05,2026-07-31,129.0,139.0,0.9280575539568345,2.0,2017-03,2017-08
M0130_2567,C0000024008,MEGA10AI-A,MEGA10AI-A,MEGA10AI,ตราสารทุน,บริษัทหลักทรัพย์จัดการกองทุน ทาลิส จำกัด,TALIS ASSET MANAGEMENT COMPANY LIMITED,ตราสารทุน,2024-05-15,2026-07-30,23.0,27.0,0.8518518518518519,1.0,2024-07,2024-10
M0647_2567,C0000000023,main,main,MSI40AI,ตราสารหนี้,บริษัทหลักทรัพย์จัดการกองทุน เอ็มเอฟซี จำกัด (มหาชน),MFC ASSET MANAGEMENT PUBLIC COMPANY LIMITED ,ตราสารหนี้,2024-10-31,2026-07-31,19.0,22.0,0.8636363636363636,3.0,2024-12,2024-12
M0304_2558,C0000000021,main,main,K-SGM,ผสม,บริษัทหลักทรัพย์จัดการกองทุน กสิกรไทย จำกัด,KASIKORN ASSET MANAGEMENT COMPANY LIMITED,ผสม,2015-11-25,2026-07-27,125.0,129.0,0.9689922480620154,1.0,2024-07,2024-10
M0514_2564,C0000033452,main,main,ES-VIETNAM,ตราสารทุน,บริษัทหลักทรัพย์จัดการกองทุน อีสท์สปริง (ประเทศไทย) จำกัด,EASTSPRING ASSET MANAGEMENT (THAILAND) COMPANY LIMITED,ตราสารทุน,2022-01-21,2026-07-30,51.0,55.0,0.9272727272727272,1.0,2024-07,2024-10
M0142_2542,C0000005022,main,main,ASP,ตราสารหนี้,บริษัทหลักทรัพย์จัดการกองทุน แอสเซท พลัส จำกัด,ASSET PLUS FUND MANAGEMENT COMPANY LIMITED,ตราสารหนี้,2015-01-05,2026-07-31,135.0,139.0,0.9712230215827338,1.0,2024-07,2024-10
M0849_2566,C0000000023,main,main,MFLEX-ThaiESG,ผสม,บริษัทหลักทรัพย์จัดการกองทุน เอ็มเอฟซี จำกัด (มหาชน),MFC ASSET MANAGEMENT PUBLIC COMPANY LIMITED ,ผสม,2023-12-22,2026-07-31,28.0,32.0,0.875,1.0,2024-07,2024-10
M0822_2556,C0000000460,main,main,KT-HiDiv RMF,ตราสารทุน,บริษัทหลักทรัพย์จัดการกองทุน กรุงไทย จำกัด (มหาชน),KRUNG THAI ASSET MANAGEMENT PUBLIC COMPANY LIMITED ,ตราสารทุน,2015-01-05,2026-07-31,135.0,139.0,0.9712230215827338,1.0,2024-07,2024-10
M0433_2555,C0000006646,LHDEBT-A,LHDEBT-A,LHDEBT,ตราสารหนี้,บริษัทหลักทรัพย์จัดการกองทุน แลนด์ แอนด์ เฮ้าส์ จำกัด,LAND AND HOUSES FUND MANAGEMENT COMPANY LIMITED,ตราสารหนี้,2015-01-06,2026-07-31,121.0,139.0,0.8705035971223022,2.0,2017-03,2018-04
M0529_2559,C0000000290,main,main,ABMIX70,ผสม,บริษัทหลักทรัพย์จัดการกองทุน อเบอร์ดีน (ประเทศไทย) จำกัด,ABERDEEN ASSET MANAGEMENT (THAILAND) LIMITED,ผสม,2016-11-24,2026-07-31,100.0,117.0,0.8547008547008547,1.0,2024-07,2025-11
M0583_2547,C0000000460,KT-THEQ-D,KT-THEQ-D,KT-THEQ,ตราสารทุน,บริษัทหลักทรัพย์จัดการกองทุน กรุงไทย จำกัด (มหาชน),KRUNG THAI ASSET MANAGEMENT PUBLIC COMPANY LIMITED ,ตราสารทุน,2025-12-26,2026-07-31,8.0,8.0,1.0,0.0,,
M0218_2568,C0000000023,main,main,MSI45AI,ตราสารหนี้,บริษัทหลักทรัพย์จัดการกองทุน เอ็มเอฟซี จำกัด (มหาชน),MFC ASSET MANAGEMENT PUBLIC COMPANY LIMITED ,ตราสารหนี้,2025-03-17,2026-07-31,17.0,17.0,1.0,0.0,,
M0149_2565,C0000000329,main,main,BMAPS100RMF,ผสม,บริษัทหลักทรัพย์จัดการกองทุนรวม  บัวหลวง จำกัด,BBL ASSET MANAGEMENT COMPANY LIMITED,ผสม,2022-06-30,2026-07-27,46.0,50.0,0.92,1.0,2024-07,2024-10
M0056_2545,C0000033452,main,main,ES-EQRMF,ตราสารทุน,บริษัทหลักทรัพย์จัดการกองทุน อีสท์สปริง (ประเทศไทย) จำกัด,EASTSPRING ASSET MANAGEMENT (THAILAND) COMPANY LIMITED,ตราสารทุน,2015-01-05,2026-07-31,135.0,139.0,0.9712230215827338,1.0,2024-07,2024-10
M0088_2545,C0000000623,main,main,UOBSVRMF,ตราสารหนี้,บริษัทหลักทรัพย์จัดการกองทุน ยูโอบี (ประเทศไทย) จำกัด,UOB ASSET MANAGEMENT (THAILAND) COMPANY LIMITED,ตราสารหนี้,2015-01-05,2026-07-31,135.0,139.0,0.9712230215827338,1.0,2024-07,2024-10
M0212_2550,C0000000021,main,main,K-SD,ผสม,บริษัทหลักทรัพย์จัดการกองทุน กสิกรไทย จำกัด,KASIKORN ASSET MANAGEMENT COMPANY LIMITED,ผสม,2015-01-05,2026-07-31,122.0,139.0,0.8776978417266187,1.0,2024-07,2025-11
M0415_2548,C0000005531,main,main,PRINCIPAL EQRMF,ตราสารทุน,บริษัทหลักทรัพย์จัดการกองทุน พรินซิเพิล จำกัด,PRINCIPAL ASSET MANAGEMENT COMPANY LIMITED,ตราสารทุน,2015-01-05,2026-07-31,135.0,139.0,0.9712230215827338,1.0,2024-07,2024-10
M0142_2566,C0000000623,UQI-A,UQI-A,UQI,ตราสารหนี้,บริษัทหลักทรัพย์จัดการกองทุน ยูโอบี (ประเทศไทย) จำกัด,UOB ASSET MANAGEMENT (THAILAND) COMPANY LIMITED,ตราสารหนี้,,,,,,,,
M0874_2568,C0000033452,main,main,ES-ULTIMATE GA3RMF,ผสม,บริษัทหลักทรัพย์จัดการกองทุน อีสท์สปริง (ประเทศไทย) จำกัด,EASTSPRING ASSET MANAGEMENT (THAILAND) COMPANY LIMITED,ผสม,2025-10-15,2026-07-24,10.0,10.0,1.0,0.0,,
M1021_2568,C0000000569,main,main,ONE-RAREEARTH,ตราสารทุน,บริษัทหลักทรัพย์จัดการกองทุน วรรณ จำกัด,ONE ASSET MANAGEMENT LIMITED,ตราสารทุน,2025-11-27,2026-07-30,9.0,9.0,1.0,0.0,,
M0238_2557,C0000000623,UOBSHY,UOBSHY,UOBSHY-M,ตราสารหนี้,บริษัทหลักทรัพย์จัดการกองทุน ยูโอบี (ประเทศไทย) จำกัด,UOB ASSET MANAGEMENT (THAILAND) COMPANY LIMITED,ตราสารหนี้,2015-01-05,2026-07-30,135.0,139.0,0.9712230215827338,1.0,2024-07,2024-10
M0237_2561,C0000000324,TINRMF-A,TINRMF-A,TINRMF,ผสม,บริษัทหลักทรัพย์จัดการกองทุน ทิสโก้,TISCO ASSET MANAGEMENT COMPANY LIMITED,ผสม,2018-09-05,2026-07-31,91.0,95.0,0.9578947368421052,1.0,2024-07,2024-10
M0020_2539,C0000000290,main,main,ABG,ตราสารทุน,บริษัทหลักทรัพย์จัดการกองทุน อเบอร์ดีน (ประเทศไทย) จำกัด,ABERDEEN ASSET MANAGEMENT (THAILAND) LIMITED,ตราสารทุน,2015-01-05,2026-08-03,136.0,140.0,0.9714285714285714,1.0,2024-07,2024-10
M0197_2564,C0000033452,main,main,tsp1-preserver,ตราสารหนี้,บริษัทหลักทรัพย์จัดการกองทุน อีสท์สปริง (ประเทศไทย) จำกัด,EASTSPRING ASSET MANAGEMENT (THAILAND) COMPANY LIMITED,ตราสารหนี้,2021-06-15,2026-07-31,58.0,62.0,0.9354838709677419,1.0,2024-07,2024-10
M0365_2568,C0000000623,main,main,UIFTRMF,ผสม,บริษัทหลักทรัพย์จัดการกองทุน ยูโอบี (ประเทศไทย) จำกัด,UOB ASSET MANAGEMENT (THAILAND) COMPANY LIMITED,ผสม,2025-08-13,2026-07-31,12.0,12.0,1.0,0.0,,
M1141_2568,C0000000709,KF-GEI-A,KF-GEI-A,KF-GEI,ตราสารทุน,บริษัทหลักทรัพย์จัดการกองทุน กรุงศรี จำกัด,KRUNGSRI ASSET MANAGEMENT COMPANY LIMITED,ตราสารทุน,2026-02-04,2026-07-31,6.0,6.0,1.0,0.0,,
M0770_2550,C0000033452,main,main,ES-GLOBALFI,ตราสารหนี้,บริษัทหลักทรัพย์จัดการกองทุน อีสท์สปริง (ประเทศไทย) จำกัด,EASTSPRING ASSET MANAGEMENT (THAILAND) COMPANY LIMITED,ตราสารหนี้,2015-01-05,2026-07-30,135.0,139.0,0.9712230215827338,1.0,2024-07,2024-10
M0178_2565,C0000000329,main,main,BMAPS25RMF,ผสม,บริษัทหลักทรัพย์จัดการกองทุนรวม  บัวหลวง จำกัด,BBL ASSET MANAGEMENT COMPANY LIMITED,ผสม,2022-06-30,2026-07-30,46.0,50.0,0.92,1.0,2024-07,2024-10
M0053_2563,C0000000329,main,main,B-FUTURESSF,ตราสารทุน,บริษัทหลักทรัพย์จัดการกองทุนรวม  บัวหลวง จำกัด,BBL ASSET MANAGEMENT COMPANY LIMITED,ตราสารทุน,2020-07-23,2026-07-30,69.0,73.0,0.9452054794520548,1.0,2024-07,2024-10
M0266_2569,C0000006099,main,main,X-FIXED6M2,ตราสารหนี้,บริษัทหลักทรัพย์จัดการกองทุน เอ็กซ์สปริง จำกัด,XSPRING ASSET MANAGEMENT COMPANY LIMITED,ตราสารหนี้,2026-06-11,2026-07-31,2.0,2.0,1.0,0.0,,
M0041_2563,C0000000329,main,main,BCAP-2040 RMF,ผสม,บริษัทหลักทรัพย์จัดการกองทุนรวม  บัวหลวง จำกัด,BBL ASSET MANAGEMENT COMPANY LIMITED,ผสม,2020-10-09,2026-07-27,66.0,70.0,0.9428571428571428,1.0,2024-07,2024-10
M0511_2565,C0000000021,main,main,K-VIETNAM-SSF,ตราสารทุน,บริษัทหลักทรัพย์จัดการกองทุน กสิกรไทย จำกัด,KASIKORN ASSET MANAGEMENT COMPANY LIMITED,ตราสารทุน,2022-10-25,2026-07-31,42.0,46.0,0.9130434782608695,1.0,2024-07,2024-10
M0029_2559,C0000000324,main,main,TUSFIX,ตราสารหนี้,บริษัทหลักทรัพย์จัดการกองทุน ทิสโก้,TISCO ASSET MANAGEMENT COMPANY LIMITED,ตราสารหนี้,2016-07-06,2026-07-30,117.0,121.0,0.9669421487603306,1.0,2024-07,2024-10
M0435_2559,C0000006646,main,main,LHSMARTMIX,ผสม,บริษัทหลักทรัพย์จัดการกองทุน แลนด์ แอนด์ เฮ้าส์ จำกัด,LAND AND HOUSES FUND MANAGEMENT COMPANY LIMITED,ผสม,2025-09-08,2026-07-31,11.0,11.0,1.0,0.0,,
M0074_2558,C0000000021,K-JPX-A(A),K-JPX-A(A),K-JPX,ตราสารทุน,บริษัทหลักทรัพย์จัดการกองทุน กสิกรไทย จำกัด,KASIKORN ASSET MANAGEMENT COMPANY LIMITED,ตราสารทุน,2016-05-09,2026-07-31,119.0,123.0,0.967479674796748,1.0,2024-07,2024-10
M0559_2567,C0000000324,main,main,TSIThaiESG,ตราสารหนี้,บริษัทหลักทรัพย์จัดการกองทุน ทิสโก้,TISCO ASSET MANAGEMENT COMPANY LIMITED,ตราสารหนี้,2024-11-15,2026-07-31,21.0,21.0,1.0,0.0,,
M0235_2551,C0000000569,main,main,1US-OPP,ผสม,บริษัทหลักทรัพย์จัดการกองทุน วรรณ จำกัด,ONE ASSET MANAGEMENT LIMITED,ผสม,2015-01-05,2026-07-30,135.0,139.0,0.9712230215827338,1.0,2024-07,2024-10
M0017_2565,C0000000239,SCBEV(A),SCBEV(A),SCBEV,ตราสารทุน,บริษัทหลักทรัพย์จัดการกองทุน ไทยพาณิชย์ จำกัด,SCB ASSET MANAGEMENT COMPANY LIMITED,ตราสารทุน,2022-02-28,2026-07-30,50.0,54.0,0.9259259259259259,1.0,2024-07,2024-10
M0520_2563,C0000031161,main,main,AIA-DFI,ตราสารหนี้,บริษัทหลักทรัพย์จัดการกองทุน เอไอเอ (ประเทศไทย) จำกัด,AIA INVESTMENT MANAGEMENT (THAILAND) LIMITED,ตราสารหนี้,2021-03-31,2026-07-30,61.0,65.0,0.9384615384615385,1.0,2024-07,2024-10
M0042_2563,C0000000329,main,main,BCAP-2050 RMF,ผสม,บริษัทหลักทรัพย์จัดการกองทุนรวม  บัวหลวง จำกัด,BBL ASSET MANAGEMENT COMPANY LIMITED,ผสม,2020-10-09,2026-07-27,66.0,70.0,0.9428571428571428,1.0,2024-07,2024-10
M0026_2551,C0000000239,SCBAEM,SCBAEM,SCBAEMFUND,ตราสารทุน,บริษัทหลักทรัพย์จัดการกองทุน ไทยพาณิชย์ จำกัด,SCB ASSET MANAGEMENT COMPANY LIMITED,ตราสารทุน,2015-01-05,2026-07-31,135.0,139.0,0.9712230215827338,1.0,2024-07,2024-10
M0630_2566,C0000000023,MUBONDUH-A,MUBONDUH-A,MUBONDUH,ตราสารหนี้,บริษัทหลักทรัพย์จัดการกองทุน เอ็มเอฟซี จำกัด (มหาชน),MFC ASSET MANAGEMENT PUBLIC COMPANY LIMITED ,ตราสารหนี้,2023-10-25,2026-07-31,30.0,34.0,0.8823529411764706,1.0,2024-07,2024-10
M0006_2543,C0000000324,main,main,TISCOAGF,ผสม,บริษัทหลักทรัพย์จัดการกองทุน ทิสโก้,TISCO ASSET MANAGEMENT COMPANY LIMITED,ผสม,2015-01-05,2026-08-03,136.0,140.0,0.9714285714285714,1.0,2024-07,2024-10
M0194_2564,C0000000709,KFCMEGA-A,KFCMEGA-A,KFCMEGA,ตราสารทุน,บริษัทหลักทรัพย์จัดการกองทุน กรุงศรี จำกัด,KRUNGSRI ASSET MANAGEMENT COMPANY LIMITED,ตราสารทุน,2021-06-07,2026-07-31,58.0,62.0,0.9354838709677419,1.0,2024-07,2024-10
M0044_2567,C0000000023,main,main,MGOV-Roll3M,ตราสารหนี้,บริษัทหลักทรัพย์จัดการกองทุน เอ็มเอฟซี จำกัด (มหาชน),MFC ASSET MANAGEMENT PUBLIC COMPANY LIMITED ,ตราสารหนี้,2024-01-30,2026-07-31,27.0,31.0,0.8709677419354839,1.0,2024-06,2024-09
M0259_2563,C0000000239,SCBWIPA,SCBWIPA,SCBWIP,ผสม,บริษัทหลักทรัพย์จัดการกองทุน ไทยพาณิชย์ จำกัด,SCB ASSET MANAGEMENT COMPANY LIMITED,ผสม,2020-08-03,2026-07-30,68.0,72.0,0.9444444444444444,1.0,2024-07,2024-10
M0470_2563,C0000000021,main,main,K-USARMF,ตราสารทุน,บริษัทหลักทรัพย์จัดการกองทุน กสิกรไทย จำกัด,KASIKORN ASSET MANAGEMENT COMPANY LIMITED,ตราสารทุน,2020-11-20,2026-07-31,61.0,69.0,0.8840579710144928,1.0,2024-07,2025-02
M0681_2569,C0000033452,main,main,ES-GOVCP6M58,ตราสารหนี้,บริษัทหลักทรัพย์จัดการกองทุน อีสท์สปริง (ประเทศไทย) จำกัด,EASTSPRING ASSET MANAGEMENT (THAILAND) COMPANY LIMITED,ตราสารหนี้,2026-07-13,2026-08-03,2.0,2.0,1.0,0.0,,
M0791_2568,C0000033452,main,main,ES-ULTIMATE GA1RMF,ผสม,บริษัทหลักทรัพย์จัดการกองทุน อีสท์สปริง (ประเทศไทย) จำกัด,EASTSPRING ASSET MANAGEMENT (THAILAND) COMPANY LIMITED,ผสม,2025-10-15,2026-07-31,10.0,10.0,1.0,0.0,,
M0794_2548,C0000000023,MGAG,MGAG,MGA,ตราสารทุน,บริษัทหลักทรัพย์จัดการกองทุน เอ็มเอฟซี จำกัด (มหาชน),MFC ASSET MANAGEMENT PUBLIC COMPANY LIMITED ,ตราสารทุน,2015-01-05,2026-07-31,135.0,139.0,0.9712230215827338,1.0,2024-07,2024-10
M1088_2568,C0000000623,main,main,UGOV6M42,ตราสารหนี้,บริษัทหลักทรัพย์จัดการกองทุน ยูโอบี (ประเทศไทย) จำกัด,UOB ASSET MANAGEMENT (THAILAND) COMPANY LIMITED,ตราสารหนี้,2026-02-02,2026-08-03,7.0,7.0,1.0,0.0,,
M0357_2568,C0000006646,LHTHAIESGX-LT,LHTHAIESGX-LT,LHTHAIESGX,ผสม,บริษัทหลักทรัพย์จัดการกองทุน แลนด์ แอนด์ เฮ้าส์ จำกัด,LAND AND HOUSES FUND MANAGEMENT COMPANY LIMITED,ผสม,2025-05-08,2026-08-03,16.0,16.0,1.0,0.0,,
M1031_2568,C0000005022,main,main,A-SLVP,ตราสารทุน,บริษัทหลักทรัพย์จัดการกองทุน แอสเซท พลัส จำกัด,ASSET PLUS FUND MANAGEMENT COMPANY LIMITED,ตราสารทุน,2025-11-27,2026-07-31,9.0,9.0,1.0,0.0,,
M0531_2569,C0000033452,main,main,ES-GOVCP6M57,ตราสารหนี้,บริษัทหลักทรัพย์จัดการกองทุน อีสท์สปริง (ประเทศไทย) จำกัด,EASTSPRING ASSET MANAGEMENT (THAILAND) COMPANY LIMITED,ตราสารหนี้,2026-06-02,2026-08-03,3.0,3.0,1.0,0.0,,
M0688_2556,C0000000460,KT-OPP-A,KT-OPP-A,KT-OPP,ผสม,บริษัทหลักทรัพย์จัดการกองทุน กรุงไทย จำกัด (มหาชน),KRUNG THAI ASSET MANAGEMENT PUBLIC COMPANY LIMITED ,ผสม,2015-01-05,2026-07-31,127.0,139.0,0.9136690647482014,2.0,2017-03,2017-10
M0218_2565,C0000000460,KT-VIETNAM-A,KT-VIETNAM-A,KT-VIETNAM,ตราสารทุน,บริษัทหลักทรัพย์จัดการกองทุน กรุงไทย จำกัด (มหาชน),KRUNG THAI ASSET MANAGEMENT PUBLIC COMPANY LIMITED ,ตราสารทุน,2022-07-12,2026-08-03,46.0,50.0,0.92,1.0,2024-07,2024-10
M0573_2563,C0000000460,main,main,KTF16,ตราสารหนี้,บริษัทหลักทรัพย์จัดการกองทุน กรุงไทย จำกัด (มหาชน),KRUNG THAI ASSET MANAGEMENT PUBLIC COMPANY LIMITED ,ตราสารหนี้,2021-02-16,2026-07-31,62.0,66.0,0.9393939393939394,1.0,2024-07,2024-10
M0518_2561,C0000000709,main,main,KFSUPER,ผสม,บริษัทหลักทรัพย์จัดการกองทุน กรุงศรี จำกัด,KRUNGSRI ASSET MANAGEMENT COMPANY LIMITED,ผสม,2019-03-11,2026-08-03,86.0,90.0,0.9555555555555556,1.0,2024-07,2024-10
M0653_2554,C0000005531,PRINCIPAL APDI-A,PRINCIPAL APDI-A,PRINCIPAL APDI,ตราสารทุน,บริษัทหลักทรัพย์จัดการกองทุน พรินซิเพิล จำกัด,PRINCIPAL ASSET MANAGEMENT COMPANY LIMITED,ตราสารทุน,2015-01-05,2026-07-31,135.0,139.0,0.9712230215827338,1.0,2024-07,2024-10
M0716_2565,C0000000324,TUSBOND-A,TUSBOND-A,TUSBOND,ตราสารหนี้,บริษัทหลักทรัพย์จัดการกองทุน ทิสโก้,TISCO ASSET MANAGEMENT COMPANY LIMITED,ตราสารหนี้,2023-02-15,2026-07-31,38.0,42.0,0.9047619047619048,1.0,2024-07,2024-10
M0434_2561,C0000000460,main,main,KTMEE-RMF,ผสม,บริษัทหลักทรัพย์จัดการกองทุน กรุงไทย จำกัด (มหาชน),KRUNG THAI ASSET MANAGEMENT PUBLIC COMPANY LIMITED ,ผสม,2020-10-09,2026-07-31,66.0,70.0,0.9428571428571428,1.0,2024-07,2024-10
M0101_2568,C0000000709,KF-EMXCN-A,KF-EMXCN-A,KF-EMXCN,ตราสารทุน,บริษัทหลักทรัพย์จัดการกองทุน กรุงศรี จำกัด,KRUNGSRI ASSET MANAGEMENT COMPANY LIMITED,ตราสารทุน,2025-04-21,2026-07-30,16.0,16.0,1.0,0.0,,
M0125_2563,C0000000709,KFDIVERS-A,KFDIVERS-A,KFDIVERSE,ตราสารหนี้,บริษัทหลักทรัพย์จัดการกองทุน กรุงศรี จำกัด,KRUNGSRI ASSET MANAGEMENT COMPANY LIMITED,ตราสารหนี้,2020-05-19,2026-07-31,71.0,75.0,0.9466666666666667,1.0,2024-07,2024-10
M0342_2549,C0000000709,main,main,KFFLEX,ผสม,บริษัทหลักทรัพย์จัดการกองทุน กรุงศรี จำกัด,KRUNGSRI ASSET MANAGEMENT COMPANY LIMITED,ผสม,2015-01-05,2026-08-03,136.0,140.0,0.9714285714285714,1.0,2024-07,2024-10
M0320_2550,C0000033452,main,main,ES-EMEQ,ตราสารทุน,บริษัทหลักทรัพย์จัดการกองทุน อีสท์สปริง (ประเทศไทย) จำกัด,EASTSPRING ASSET MANAGEMENT (THAILAND) COMPANY LIMITED,ตราสารทุน,2015-01-05,2026-07-31,135.0,139.0,0.9712230215827338,1.0,2024-07,2024-10
M0108_2564,C0000000623,main,main,USI,ตราสารหนี้,บริษัทหลักทรัพย์จัดการกองทุน ยูโอบี (ประเทศไทย) จำกัด,UOB ASSET MANAGEMENT (THAILAND) COMPANY LIMITED,ตราสารหนี้,2021-04-19,2026-07-31,60.0,64.0,0.9375,1.0,2024-07,2024-10
M0355_2564,C0000000023,main,main,MTOP2,ผสม,บริษัทหลักทรัพย์จัดการกองทุน เอ็มเอฟซี จำกัด (มหาชน),MFC ASSET MANAGEMENT PUBLIC COMPANY LIMITED ,ผสม,2021-12-15,2026-08-03,53.0,57.0,0.9298245614035088,1.0,2024-07,2024-10
M0181_2545,C0000000623,main,main,ERMF,ตราสารทุน,บริษัทหลักทรัพย์จัดการกองทุน ยูโอบี (ประเทศไทย) จำกัด,UOB ASSET MANAGEMENT (THAILAND) COMPANY LIMITED,ตราสารทุน,2015-01-05,2026-08-03,136.0,140.0,0.9714285714285714,1.0,2024-07,2024-10
M0281_2550,C0000006122,main,main,PCASH,ตราสารหนี้,บริษัทหลักทรัพย์จัดการกองทุนรวม  ฟิลลิป จำกัด,PHILLIP ASSET MANAGEMENT COMPANY LIMITED,ตราสารหนี้,2015-01-05,2026-08-03,136.0,140.0,0.9714285714285714,1.0,2024-07,2024-10
M0208_2550,C0000000021,main,main,K-2500,ผสม,บริษัทหลักทรัพย์จัดการกองทุน กสิกรไทย จำกัด,KASIKORN ASSET MANAGEMENT COMPANY LIMITED,ผสม,2015-01-05,2026-08-03,136.0,140.0,0.9714285714285714,1.0,2024-07,2024-10
M0170_2549,C0000000709,main,main,KFEQRMF,ตราสารทุน,บริษัทหลักทรัพย์จัดการกองทุน กรุงศรี จำกัด,KRUNGSRI ASSET MANAGEMENT COMPANY LIMITED,ตราสารทุน,2015-01-05,2026-08-03,136.0,140.0,0.9714285714285714,1.0,2024-07,2024-10
M0405_2569,C0000033452,main,main,ES-GOVCP6M55,ตราสารหนี้,บริษัทหลักทรัพย์จัดการกองทุน อีสท์สปริง (ประเทศไทย) จำกัด,EASTSPRING ASSET MANAGEMENT (THAILAND) COMPANY LIMITED,ตราสารหนี้,2026-04-07,2026-08-03,5.0,5.0,1.0,0.0,,
M0992_2568,C0000000023,main,main,MGALL-RMF,ผสม,บริษัทหลักทรัพย์จัดการกองทุน เอ็มเอฟซี จำกัด (มหาชน),MFC ASSET MANAGEMENT PUBLIC COMPANY LIMITED ,ผสม,2025-12-09,2026-07-31,8.0,8.0,1.0,0.0,,
M0031_2557,C0000000239,SCBEUEQ,SCBEUEQ,SCBEUEQFUND,ตราสารทุน,บริษัทหลักทรัพย์จัดการกองทุน ไทยพาณิชย์ จำกัด,SCB ASSET MANAGEMENT COMPANY LIMITED,ตราสารทุน,2015-01-05,2026-07-31,135.0,139.0,0.9712230215827338,1.0,2024-07,2024-10
M0462_2562,C0000000329,main,main,BCAP-GFIO,ตราสารหนี้,บริษัทหลักทรัพย์จัดการกองทุนรวม  บัวหลวง จำกัด,BBL ASSET MANAGEMENT COMPANY LIMITED,ตราสารหนี้,2020-05-21,2026-07-30,71.0,75.0,0.9466666666666667,1.0,2024-07,2024-10
M0933_2554,C0000000239,main,main,SCBRMGW,ผสม,บริษัทหลักทรัพย์จัดการกองทุน ไทยพาณิชย์ จำกัด,SCB ASSET MANAGEMENT COMPANY LIMITED,ผสม,2015-01-05,2026-07-30,135.0,139.0,0.9712230215827338,1.0,2024-07,2024-10
M0420_2564,C0000000239,SCBASHARE(SSFE),SCBASHARE(SSFE),SCBASHARES,ตราสารทุน,บริษัทหลักทรัพย์จัดการกองทุน ไทยพาณิชย์ จำกัด,SCB ASSET MANAGEMENT COMPANY LIMITED,ตราสารทุน,2022-06-10,2026-07-31,46.0,50.0,0.92,1.0,2024-07,2024-10
M0518_2560,C0000005025,KKP G-UBOND-H,KKP G-UBOND-H,KKP G-UBOND-H FUND,ตราสารหนี้,บริษัทหลักทรัพย์จัดการกองทุน เกียรตินาคินภัทร จำกัด,KIATNAKIN PHATRA ASSET MANAGEMENT COMPANY LIMITED,ตราสารหนี้,2017-11-21,2026-07-31,101.0,105.0,0.9619047619047619,1.0,2024-07,2024-10
M0244_2550,C0000006122,main,main,PMIX,ผสม,บริษัทหลักทรัพย์จัดการกองทุนรวม  ฟิลลิป จำกัด,PHILLIP ASSET MANAGEMENT COMPANY LIMITED,ผสม,2015-01-05,2026-08-03,123.0,140.0,0.8785714285714286,1.0,2024-07,2025-11
M0021_2559,C0000000460,KT-JAPANSM-A,KT-JAPANSM-A,KT-JAPANSM,ตราสารทุน,บริษัทหลักทรัพย์จัดการกองทุน กรุงไทย จำกัด (มหาชน),KRUNG THAI ASSET MANAGEMENT PUBLIC COMPANY LIMITED ,ตราสารทุน,2016-06-01,2026-07-31,118.0,122.0,0.9672131147540983,1.0,2024-07,2024-10
M0445_2569,C0000000623,main,main,UGOV6M47,ตราสารหนี้,บริษัทหลักทรัพย์จัดการกองทุน ยูโอบี (ประเทศไทย) จำกัด,UOB ASSET MANAGEMENT (THAILAND) COMPANY LIMITED,ตราสารหนี้,2026-06-08,2026-08-03,3.0,3.0,1.0,0.0,,
M0377_2565,C0000000709,main,main,KFCORERMF,ผสม,บริษัทหลักทรัพย์จัดการกองทุน กรุงศรี จำกัด,KRUNGSRI ASSET MANAGEMENT COMPANY LIMITED,ผสม,2023-10-02,2026-07-31,30.0,34.0,0.8823529411764706,1.0,2024-07,2024-10
M0592_2567,C0000000021,main,main,K-USXNDQRMF,ตราสารทุน,บริษัทหลักทรัพย์จัดการกองทุน กสิกรไทย จำกัด,KASIKORN ASSET MANAGEMENT COMPANY LIMITED,ตราสารทุน,2025-03-10,2026-07-31,17.0,17.0,1.0,0.0,,
M0062_2566,C0000000460,KT-ARB-A,KT-ARB-A,KT-ARB,ตราสารหนี้,บริษัทหลักทรัพย์จัดการกองทุน กรุงไทย จำกัด (มหาชน),KRUNG THAI ASSET MANAGEMENT PUBLIC COMPANY LIMITED ,ตราสารหนี้,2023-05-12,2026-07-31,35.0,39.0,0.8974358974358975,1.0,2024-07,2024-10
M0554_2562,C0000000324,main,main,TCIEZERO,ผสม,บริษัทหลักทรัพย์จัดการกองทุน ทิสโก้,TISCO ASSET MANAGEMENT COMPANY LIMITED,ผสม,2019-10-09,2026-08-03,79.0,83.0,0.9518072289156626,1.0,2024-07,2024-10
M0597_2560,C0000000324,TUSFIN-A,TUSFIN-A,TUSFIN,ตราสารทุน,บริษัทหลักทรัพย์จัดการกองทุน ทิสโก้,TISCO ASSET MANAGEMENT COMPANY LIMITED,ตราสารทุน,2017-12-08,2026-07-31,100.0,104.0,0.9615384615384616,1.0,2024-07,2024-10
M0473_2562,C0000000623,UFFF,UFFF,UFFF-M,ตราสารหนี้,บริษัทหลักทรัพย์จัดการกองทุน ยูโอบี (ประเทศไทย) จำกัด,UOB ASSET MANAGEMENT (THAILAND) COMPANY LIMITED,ตราสารหนี้,2020-09-22,2026-07-31,67.0,71.0,0.9436619718309859,1.0,2024-07,2024-10
M1029_2568,C0000000460,main,main,KTWC-INCOME RMF,ผสม,บริษัทหลักทรัพย์จัดการกองทุน กรุงไทย จำกัด (มหาชน),KRUNG THAI ASSET MANAGEMENT PUBLIC COMPANY LIMITED ,ผสม,2025-12-17,2026-07-30,8.0,8.0,1.0,0.0,,
M0164_2563,C0000005025,KKP SET50 ESG,KKP SET50 ESG,KKP SET50 ESG FUND,ตราสารทุน,บริษัทหลักทรัพย์จัดการกองทุน เกียรตินาคินภัทร จำกัด,KIATNAKIN PHATRA ASSET MANAGEMENT COMPANY LIMITED,ตราสารทุน,2020-08-13,2026-08-03,69.0,73.0,0.9452054794520548,1.0,2024-07,2024-10
M0970_2553,C0000033452,main,main,ES-GRMF,ตราสารหนี้,บริษัทหลักทรัพย์จัดการกองทุน อีสท์สปริง (ประเทศไทย) จำกัด,EASTSPRING ASSET MANAGEMENT (THAILAND) COMPANY LIMITED,ตราสารหนี้,2015-01-05,2026-07-31,135.0,139.0,0.9712230215827338,1.0,2024-07,2024-10
M0069_2563,C0000000329,main,main,BCAP-GW90 SSF,ผสม,บริษัทหลักทรัพย์จัดการกองทุนรวม  บัวหลวง จำกัด,BBL ASSET MANAGEMENT COMPANY LIMITED,ผสม,2020-08-18,2026-07-30,68.0,72.0,0.9444444444444444,1.0,2024-07,2024-10
M0629_2560,C0000005022,ASP-VIET-A,ASP-VIET-A,ASP-VIET,ตราสารทุน,บริษัทหลักทรัพย์จัดการกองทุน แอสเซท พลัส จำกัด,ASSET PLUS FUND MANAGEMENT COMPANY LIMITED,ตราสารทุน,2018-01-18,2026-08-03,100.0,104.0,0.9615384615384616,1.0,2024-07,2024-10
M0581_2560,C0000005531,main,main,PRINCIPAL GFIXED,ตราสารหนี้,บริษัทหลักทรัพย์จัดการกองทุน พรินซิเพิล จำกัด,PRINCIPAL ASSET MANAGEMENT COMPANY LIMITED,ตราสารหนี้,2017-11-27,2026-07-31,101.0,105.0,0.9619047619047619,1.0,2024-07,2024-10
M0735_2562,C0000005022,ASP-PROPIN-A,ASP-PROPIN-A,ASP-PROPIN,ผสม,บริษัทหลักทรัพย์จัดการกองทุน แอสเซท พลัส จำกัด,ASSET PLUS FUND MANAGEMENT COMPANY LIMITED,ผสม,2020-02-11,2026-07-31,74.0,78.0,0.9487179487179487,1.0,2024-07,2024-10
M0065_2568,C0000000021,main,main,K-WORLDXRMF,ตราสารทุน,บริษัทหลักทรัพย์จัดการกองทุน กสิกรไทย จำกัด,KASIKORN ASSET MANAGEMENT COMPANY LIMITED,ตราสารทุน,2025-03-19,2026-07-31,17.0,17.0,1.0,0.0,,
M0715_2569,C0000033452,main,main,ES-GOVCP6M59,ตราสารหนี้,บริษัทหลักทรัพย์จัดการกองทุน อีสท์สปริง (ประเทศไทย) จำกัด,EASTSPRING ASSET MANAGEMENT (THAILAND) COMPANY LIMITED,ตราสารหนี้,2026-07-24,2026-08-03,2.0,2.0,1.0,0.0,,
M0436_2561,C0000000460,main,main,KTSUK-RMF,ผสม,บริษัทหลักทรัพย์จัดการกองทุน กรุงไทย จำกัด (มหาชน),KRUNG THAI ASSET MANAGEMENT PUBLIC COMPANY LIMITED ,ผสม,2020-10-09,2026-07-31,66.0,70.0,0.9428571428571428,1.0,2024-07,2024-10
M1137_2557,C0000033452,main,main,ES-JE,ตราสารทุน,บริษัทหลักทรัพย์จัดการกองทุน อีสท์สปริง (ประเทศไทย) จำกัด,EASTSPRING ASSET MANAGEMENT (THAILAND) COMPANY LIMITED,ตราสารทุน,2015-02-23,2026-08-03,135.0,139.0,0.9712230215827338,1.0,2024-07,2024-10
M0510_2569,C0000000239,main,main,SCBSB6M85,ตราสารหนี้,บริษัทหลักทรัพย์จัดการกองทุน ไทยพาณิชย์ จำกัด,SCB ASSET MANAGEMENT COMPANY LIMITED,ตราสารหนี้,2026-05-21,2026-08-03,4.0,4.0,1.0,0.0,,
M0125_2556,C0000033452,main,main,ES-DMIXED,ผสม,บริษัทหลักทรัพย์จัดการกองทุน อีสท์สปริง (ประเทศไทย) จำกัด,EASTSPRING ASSET MANAGEMENT (THAILAND) COMPANY LIMITED,ผสม,2015-01-05,2026-08-03,136.0,140.0,0.9714285714285714,1.0,2024-07,2024-10
M0473_2561,C0000000709,KFHHCARE-A,KFHHCARE-A,KFHHCARE,ตราสารทุน,บริษัทหลักทรัพย์จัดการกองทุน กรุงศรี จำกัด,KRUNGSRI ASSET MANAGEMENT COMPANY LIMITED,ตราสารทุน,2019-01-21,2026-07-31,87.0,91.0,0.9560439560439561,1.0,2024-07,2024-10
M0925_2568,C0000005022,main,main,ASP-ACTFIX,ตราสารหนี้,บริษัทหลักทรัพย์จัดการกองทุน แอสเซท พลัส จำกัด,ASSET PLUS FUND MANAGEMENT COMPANY LIMITED,ตราสารหนี้,2026-01-27,2026-08-03,8.0,8.0,1.0,0.0,,
M0245_2560,C0000005022,ASPGIPLUS-A,ASPGIPLUS-A,ASPGIPLUS,ผสม,บริษัทหลักทรัพย์จัดการกองทุน แอสเซท พลัส จำกัด,ASSET PLUS FUND MANAGEMENT COMPANY LIMITED,ผสม,2017-05-29,2026-07-31,107.0,111.0,0.963963963963964,1.0,2024-07,2024-10
M0003_2537,C0000033452,main,main,ES-EQUITY,ตราสารทุน,บริษัทหลักทรัพย์จัดการกองทุน อีสท์สปริง (ประเทศไทย) จำกัด,EASTSPRING ASSET MANAGEMENT (THAILAND) COMPANY LIMITED,ตราสารทุน,2015-01-05,2026-08-03,136.0,140.0,0.9714285714285714,1.0,2024-07,2024-10
M0017_2540,C0000000023,main,main,MFF,ตราสารหนี้,บริษัทหลักทรัพย์จัดการกองทุน เอ็มเอฟซี จำกัด (มหาชน),MFC ASSET MANAGEMENT PUBLIC COMPANY LIMITED ,ตราสารหนี้,2015-01-05,2026-08-03,136.0,140.0,0.9714285714285714,1.0,2024-07,2024-10
M0347_2560,C0000005022,main,main,ASP-FLEXPLUS,ผสม,บริษัทหลักทรัพย์จัดการกองทุน แอสเซท พลัส จำกัด,ASSET PLUS FUND MANAGEMENT COMPANY LIMITED,ผสม,2017-07-17,2026-08-03,106.0,110.0,0.9636363636363636,1.0,2024-07,2024-10
M0463_2563,C0000000324,main,main,TGENOME,ตราสารทุน,บริษัทหลักทรัพย์จัดการกองทุน ทิสโก้,TISCO ASSET MANAGEMENT COMPANY LIMITED,ตราสารทุน,2021-01-13,2026-07-31,63.0,67.0,0.9402985074626866,1.0,2024-07,2024-10
M0017_2564,C0000000460,main,main,KTF20,ตราสารหนี้,บริษัทหลักทรัพย์จัดการกองทุน กรุงไทย จำกัด (มหาชน),KRUNG THAI ASSET MANAGEMENT PUBLIC COMPANY LIMITED ,ตราสารหนี้,2021-04-09,2026-07-31,60.0,64.0,0.9375,1.0,2024-07,2024-10
M0040_2565,C0000000623,UST-A,UST-A,UST,ผสม,บริษัทหลักทรัพย์จัดการกองทุน ยูโอบี (ประเทศไทย) จำกัด,UOB ASSET MANAGEMENT (THAILAND) COMPANY LIMITED,ผสม,,,,,,,,
M0523_2561,C0000005531,PRINCIPAL GINNO-A,PRINCIPAL GINNO-A,PRINCIPAL GINNO,ตราสารทุน,บริษัทหลักทรัพย์จัดการกองทุน พรินซิเพิล จำกัด,PRINCIPAL ASSET MANAGEMENT COMPANY LIMITED,ตราสารทุน,2019-02-11,2026-07-31,86.0,90.0,0.9555555555555556,1.0,2024-07,2024-10
M0906_2554,C0000000324,main,main,TBOND1Y,ตราสารหนี้,บริษัทหลักทรัพย์จัดการกองทุน ทิสโก้,TISCO ASSET MANAGEMENT COMPANY LIMITED,ตราสารหนี้,2015-01-05,2026-08-03,136.0,140.0,0.9714285714285714,1.0,2024-07,2024-10
M0243_2558,C0000000623,main,main,UOBSAI,ผสม,บริษัทหลักทรัพย์จัดการกองทุน ยูโอบี (ประเทศไทย) จำกัด,UOB ASSET MANAGEMENT (THAILAND) COMPANY LIMITED,ผสม,2015-05-18,2026-07-31,131.0,135.0,0.9703703703703703,1.0,2024-07,2024-10
M0146_2568,C0000024008,MEGA10AICHINA-A,MEGA10AICHINA-A,MEGA10AICHINA,ตราสารทุน,บริษัทหลักทรัพย์จัดการกองทุน ทาลิส จำกัด,TALIS ASSET MANAGEMENT COMPANY LIMITED,ตราสารทุน,2025-04-04,2026-08-03,17.0,17.0,1.0,0.0,,
M0313_2566,C0000000329,main,main,B-DYNAMICSSF,ตราสารหนี้,บริษัทหลักทรัพย์จัดการกองทุนรวม  บัวหลวง จำกัด,BBL ASSET MANAGEMENT COMPANY LIMITED,ตราสารหนี้,2023-07-14,2026-07-30,33.0,37.0,0.8918918918918919,1.0,2024-07,2024-10
M0294_2563,C0000000023,MIPLUS-G,MIPLUS-G,MIPLUS,ผสม,บริษัทหลักทรัพย์จัดการกองทุน เอ็มเอฟซี จำกัด (มหาชน),MFC ASSET MANAGEMENT PUBLIC COMPANY LIMITED ,ผสม,2020-08-07,2026-08-03,69.0,73.0,0.9452054794520548,1.0,2024-07,2024-10
M0376_2564,C0000000709,main,main,KFGGRMF,ตราสารทุน,บริษัทหลักทรัพย์จัดการกองทุน กรุงศรี จำกัด,KRUNGSRI ASSET MANAGEMENT COMPANY LIMITED,ตราสารทุน,2021-10-04,2026-07-31,54.0,58.0,0.9310344827586207,1.0,2024-07,2024-10
M0420_2548,C0000005531,main,main,PRINCIPAL FIRMF,ตราสารหนี้,บริษัทหลักทรัพย์จัดการกองทุน พรินซิเพิล จำกัด,PRINCIPAL ASSET MANAGEMENT COMPANY LIMITED,ตราสารหนี้,2015-01-05,2026-08-03,136.0,140.0,0.9714285714285714,1.0,2024-07,2024-10
M0254_2563,C0000000460,main,main,KTHH,ผสม,บริษัทหลักทรัพย์จัดการกองทุน กรุงไทย จำกัด (มหาชน),KRUNG THAI ASSET MANAGEMENT PUBLIC COMPANY LIMITED ,ผสม,2020-07-30,2026-07-31,69.0,73.0,0.9452054794520548,1.0,2024-07,2024-10
M0796_2555,C0000000324,THDRMF-A,THDRMF-A,THDRMF,ตราสารทุน,บริษัทหลักทรัพย์จัดการกองทุน ทิสโก้,TISCO ASSET MANAGEMENT COMPANY LIMITED,ตราสารทุน,2015-01-05,2026-08-03,136.0,140.0,0.9714285714285714,1.0,2024-07,2024-10
M0446_2569,C0000000623,main,main,UGOV6M48,ตราสารหนี้,บริษัทหลักทรัพย์จัดการกองทุน ยูโอบี (ประเทศไทย) จำกัด,UOB ASSET MANAGEMENT (THAILAND) COMPANY LIMITED,ตราสารหนี้,2026-07-06,2026-08-03,2.0,2.0,1.0,0.0,,
M0429_2562,C0000033452,main,main,ES-IALLO,ผสม,บริษัทหลักทรัพย์จัดการกองทุน อีสท์สปริง (ประเทศไทย) จำกัด,EASTSPRING ASSET MANAGEMENT (THAILAND) COMPANY LIMITED,ผสม,2019-09-11,2026-07-31,79.0,83.0,0.9518072289156626,1.0,2024-07,2024-10
M0999_2568,C0000005022,main,main,A-RING,ตราสารทุน,บริษัทหลักทรัพย์จัดการกองทุน แอสเซท พลัส จำกัด,ASSET PLUS FUND MANAGEMENT COMPANY LIMITED,ตราสารทุน,2025-11-27,2026-07-31,9.0,9.0,1.0,0.0,,
M0023_2563,C0000000021,main,main,K-AB22B,ตราสารหนี้,บริษัทหลักทรัพย์จัดการกองทุน กสิกรไทย จำกัด,KASIKORN ASSET MANAGEMENT COMPANY LIMITED,ตราสารหนี้,2020-02-11,2026-08-03,74.0,79.0,0.9367088607594937,2.0,2024-07,2024-10
M0086_2559,C0000000239,main,main,SCBST555B,ผสม,บริษัทหลักทรัพย์จัดการกองทุน ไทยพาณิชย์ จำกัด,SCB ASSET MANAGEMENT COMPANY LIMITED,ผสม,2016-08-26,2026-08-03,117.0,121.0,0.9669421487603306,1.0,2024-07,2024-10
M0559_2559,C0000000460,KT-CLMVT-A,KT-CLMVT-A,KT-CLMVT,ตราสารทุน,บริษัทหลักทรัพย์จัดการกองทุน กรุงไทย จำกัด (มหาชน),KRUNG THAI ASSET MANAGEMENT PUBLIC COMPANY LIMITED ,ตราสารทุน,2017-03-01,2026-08-03,110.0,114.0,0.9649122807017544,1.0,2024-07,2024-10
M0016_2564,C0000000460,main,main,KTF19,ตราสารหนี้,บริษัทหลักทรัพย์จัดการกองทุน กรุงไทย จำกัด (มหาชน),KRUNG THAI ASSET MANAGEMENT PUBLIC COMPANY LIMITED ,ตราสารหนี้,2021-03-29,2026-07-31,61.0,65.0,0.9384615384615385,1.0,2024-07,2024-10
M0672_2566,C0000000569,ONE-ULTRAPLUS-ASSF,ONE-ULTRAPLUS-ASSF,ONE-ULTRAPLUS,ผสม,บริษัทหลักทรัพย์จัดการกองทุน วรรณ จำกัด,ONE ASSET MANAGEMENT LIMITED,ผสม,2023-12-19,2026-07-31,28.0,32.0,0.875,1.0,2024-07,2024-10
M0332_2560,C0000033452,main,main,ES-HEALTHPLUS,ตราสารทุน,บริษัทหลักทรัพย์จัดการกองทุน อีสท์สปริง (ประเทศไทย) จำกัด,EASTSPRING ASSET MANAGEMENT (THAILAND) COMPANY LIMITED,ตราสารทุน,2017-09-27,2026-08-03,104.0,108.0,0.9629629629629629,1.0,2024-07,2024-10
M0565_2563,C0000033452,main,main,ES-FIXEDSSF,ตราสารหนี้,บริษัทหลักทรัพย์จัดการกองทุน อีสท์สปริง (ประเทศไทย) จำกัด,EASTSPRING ASSET MANAGEMENT (THAILAND) COMPANY LIMITED,ตราสารหนี้,2020-12-22,2026-08-03,65.0,69.0,0.9420289855072463,1.0,2024-07,2024-10
M0039_2553,C0000000324,main,main,TW-E20,ผสม,บริษัทหลักทรัพย์จัดการกองทุน ทิสโก้,TISCO ASSET MANAGEMENT COMPANY LIMITED,ผสม,2015-01-05,2026-08-03,136.0,140.0,0.9714285714285714,1.0,2024-07,2024-10
M0653_2559,C0000000460,main,main,KTSET50RMF,ตราสารทุน,บริษัทหลักทรัพย์จัดการกองทุน กรุงไทย จำกัด (มหาชน),KRUNG THAI ASSET MANAGEMENT PUBLIC COMPANY LIMITED ,ตราสารทุน,2016-12-23,2026-08-03,113.0,117.0,0.9658119658119658,1.0,2024-07,2024-10
M0503_2564,C0000000460,main,main,KT-TRIGB1,ตราสารหนี้,บริษัทหลักทรัพย์จัดการกองทุน กรุงไทย จำกัด (มหาชน),KRUNG THAI ASSET MANAGEMENT PUBLIC COMPANY LIMITED ,ตราสารหนี้,2021-12-20,2026-07-31,52.0,56.0,0.9285714285714286,1.0,2024-07,2024-10
M0255_2566,C0000000709,main,main,KF1MILDRMF,ผสม,บริษัทหลักทรัพย์จัดการกองทุน กรุงศรี จำกัด,KRUNGSRI ASSET MANAGEMENT COMPANY LIMITED,ผสม,2023-10-02,2026-07-30,30.0,34.0,0.8823529411764706,1.0,2024-07,2024-10
M0035_2560,C0000000709,KFTSTAR-A,KFTSTAR-A,KFTSTAR,ตราสารทุน,บริษัทหลักทรัพย์จัดการกองทุน กรุงศรี จำกัด,KRUNGSRI ASSET MANAGEMENT COMPANY LIMITED,ตราสารทุน,2017-10-27,2026-08-03,103.0,107.0,0.9626168224299065,1.0,2024-07,2024-10
M0846_2567,C0000000023,main,main,MGOV-Roll6M3,ตราสารหนี้,บริษัทหลักทรัพย์จัดการกองทุน เอ็มเอฟซี จำกัด (มหาชน),MFC ASSET MANAGEMENT PUBLIC COMPANY LIMITED ,ตราสารหนี้,2024-10-31,2026-07-31,22.0,22.0,1.0,0.0,,
M0287_2559,C0000000623,UPINCM,UPINCM,UPINCM-M,ผสม,บริษัทหลักทรัพย์จัดการกองทุน ยูโอบี (ประเทศไทย) จำกัด,UOB ASSET MANAGEMENT (THAILAND) COMPANY LIMITED,ผสม,2016-06-14,2026-07-30,118.0,122.0,0.9672131147540983,1.0,2024-07,2024-10
M0930_2556,C0000000623,main,main,UOBSJSM,ตราสารทุน,บริษัทหลักทรัพย์จัดการกองทุน ยูโอบี (ประเทศไทย) จำกัด,UOB ASSET MANAGEMENT (THAILAND) COMPANY LIMITED,ตราสารทุน,2015-01-05,2026-07-31,135.0,139.0,0.9712230215827338,1.0,2024-07,2024-10
M0571_2563,C0000000460,main,main,KTF14,ตราสารหนี้,บริษัทหลักทรัพย์จัดการกองทุน กรุงไทย จำกัด (มหาชน),KRUNG THAI ASSET MANAGEMENT PUBLIC COMPANY LIMITED ,ตราสารหนี้,2021-01-06,2026-07-31,63.0,67.0,0.9402985074626866,1.0,2024-07,2024-10
M0315_2560,C0000006646,LHGINCOME-A,LHGINCOME-A,LHGINCOME,ผสม,บริษัทหลักทรัพย์จัดการกองทุน แลนด์ แอนด์ เฮ้าส์ จำกัด,LAND AND HOUSES FUND MANAGEMENT COMPANY LIMITED,ผสม,2017-07-25,2026-07-30,105.0,109.0,0.963302752293578,1.0,2024-07,2024-10
M0007_2565,C0000000460,KT-EPIC-A,KT-EPIC-A,KT-EPIC,ตราสารทุน,บริษัทหลักทรัพย์จัดการกองทุน กรุงไทย จำกัด (มหาชน),KRUNG THAI ASSET MANAGEMENT PUBLIC COMPANY LIMITED ,ตราสารทุน,2022-03-10,2026-07-30,49.0,53.0,0.9245283018867925,1.0,2024-07,2024-10
M0659_2569,C0000000239,main,main,SCBSB17M1,ตราสารหนี้,บริษัทหลักทรัพย์จัดการกองทุน ไทยพาณิชย์ จำกัด,SCB ASSET MANAGEMENT COMPANY LIMITED,ตราสารหนี้,2026-06-24,2026-08-03,3.0,3.0,1.0,0.0,,
M0371_2546,C0000033452,main,main,ES-TTW,ผสม,บริษัทหลักทรัพย์จัดการกองทุน อีสท์สปริง (ประเทศไทย) จำกัด,EASTSPRING ASSET MANAGEMENT (THAILAND) COMPANY LIMITED,ผสม,2015-01-05,2026-08-03,136.0,140.0,0.9714285714285714,1.0,2024-07,2024-10
M1039_2568,C0000000023,main,main,MSILVER,ตราสารทุน,บริษัทหลักทรัพย์จัดการกองทุน เอ็มเอฟซี จำกัด (มหาชน),MFC ASSET MANAGEMENT PUBLIC COMPANY LIMITED ,ตราสารทุน,2025-12-02,2026-07-31,8.0,8.0,1.0,0.0,,
M0709_2567,C0000000709,main,main,KF-SINCOME-FXRMF,ตราสารหนี้,บริษัทหลักทรัพย์จัดการกองทุน กรุงศรี จำกัด,KRUNGSRI ASSET MANAGEMENT COMPANY LIMITED,ตราสารหนี้,2025-02-28,2026-07-31,18.0,18.0,1.0,0.0,,
M0437_2561,C0000000460,main,main,KTSRI-RMF,ผสม,บริษัทหลักทรัพย์จัดการกองทุน กรุงไทย จำกัด (มหาชน),KRUNG THAI ASSET MANAGEMENT PUBLIC COMPANY LIMITED ,ผสม,2020-10-09,2026-07-31,66.0,70.0,0.9428571428571428,1.0,2024-07,2024-10
M0369_2561,C0000005025,main,main,KKP GNP RMF-UH,ตราสารทุน,บริษัทหลักทรัพย์จัดการกองทุน เกียรตินาคินภัทร จำกัด,KIATNAKIN PHATRA ASSET MANAGEMENT COMPANY LIMITED,ตราสารทุน,2018-12-07,2026-07-31,88.0,92.0,0.9565217391304348,1.0,2024-07,2024-10
M0382_2560,C0000000023,M-SMART INCOME-AC,M-SMART INCOME-AC,M-SMART INCOME,ตราสารหนี้,บริษัทหลักทรัพย์จัดการกองทุน เอ็มเอฟซี จำกัด (มหาชน),MFC ASSET MANAGEMENT PUBLIC COMPANY LIMITED ,ตราสารหนี้,2017-09-12,2026-07-30,103.0,107.0,0.9626168224299065,1.0,2024-07,2024-10
M0136_2563,C0000000569,ONE-TCMSSF-SSF,ONE-TCMSSF-SSF,ONE-TCMSSF,ผสม,บริษัทหลักทรัพย์จัดการกองทุน วรรณ จำกัด,ONE ASSET MANAGEMENT LIMITED,ผสม,2020-04-22,2026-08-03,73.0,77.0,0.948051948051948,1.0,2024-07,2024-10
M0198_2564,C0000033452,main,main,tsp5-gogetter,ตราสารทุน,บริษัทหลักทรัพย์จัดการกองทุน อีสท์สปริง (ประเทศไทย) จำกัด,EASTSPRING ASSET MANAGEMENT (THAILAND) COMPANY LIMITED,ตราสารทุน,2021-06-15,2026-07-31,58.0,62.0,0.9354838709677419,1.0,2024-07,2024-10
M0356_2567,C0000033452,main,main,ES-ALPHABONDS,ตราสารหนี้,บริษัทหลักทรัพย์จัดการกองทุน อีสท์สปริง (ประเทศไทย) จำกัด,EASTSPRING ASSET MANAGEMENT (THAILAND) COMPANY LIMITED,ตราสารหนี้,2024-11-13,2026-07-30,21.0,21.0,1.0,0.0,,
M0324_2562,C0000000239,SCBMILD(E),SCBMILD(E),SCBMILD,ผสม,บริษัทหลักทรัพย์จัดการกองทุน ไทยพาณิชย์ จำกัด,SCB ASSET MANAGEMENT COMPANY LIMITED,ผสม,,,,,,,,
M0177_2551,C0000005531,main,main,PRINCIPAL EPIF,ตราสารทุน,บริษัทหลักทรัพย์จัดการกองทุน พรินซิเพิล จำกัด,PRINCIPAL ASSET MANAGEMENT COMPANY LIMITED,ตราสารทุน,2015-01-05,2026-08-03,136.0,140.0,0.9714285714285714,1.0,2024-07,2024-10
M0447_2569,C0000000623,main,main,UGOV6M49,ตราสารหนี้,บริษัทหลักทรัพย์จัดการกองทุน ยูโอบี (ประเทศไทย) จำกัด,UOB ASSET MANAGEMENT (THAILAND) COMPANY LIMITED,ตราสารหนี้,2026-07-17,2026-08-03,2.0,2.0,1.0,0.0,,
M0742_2562,C0000005025,KKP CorePath Ultra Light,KKP CorePath Ultra Light,KKP CorePath Ultra Light FUND,ผสม,บริษัทหลักทรัพย์จัดการกองทุน เกียรตินาคินภัทร จำกัด,KIATNAKIN PHATRA ASSET MANAGEMENT COMPANY LIMITED,ผสม,,,,,,,,
M0309_2552,C0000000324,TISCOUS-A,TISCOUS-A,TISCOUS,ตราสารทุน,บริษัทหลักทรัพย์จัดการกองทุน ทิสโก้,TISCO ASSET MANAGEMENT COMPANY LIMITED,ตราสารทุน,2015-01-05,2026-07-31,135.0,139.0,0.9712230215827338,1.0,2024-07,2024-10
M0909_2566,C0000006646,LHBLUESKY-A,LHBLUESKY-A,LHBLUESKY,ตราสารหนี้,บริษัทหลักทรัพย์จัดการกองทุน แลนด์ แอนด์ เฮ้าส์ จำกัด,LAND AND HOUSES FUND MANAGEMENT COMPANY LIMITED,ตราสารหนี้,2024-03-28,2026-07-30,25.0,29.0,0.8620689655172413,1.0,2024-07,2024-10
M0090_2556,C0000000023,main,main,SPOT33S8,ผสม,บริษัทหลักทรัพย์จัดการกองทุน เอ็มเอฟซี จำกัด (มหาชน),MFC ASSET MANAGEMENT PUBLIC COMPANY LIMITED ,ผสม,2015-01-05,2026-08-03,136.0,140.0,0.9714285714285714,1.0,2024-07,2024-10
M0010_2561,C0000000324,TISCOINA-A,TISCOINA-A,TISCOINA,ตราสารทุน,บริษัทหลักทรัพย์จัดการกองทุน ทิสโก้,TISCO ASSET MANAGEMENT COMPANY LIMITED,ตราสารทุน,2018-03-08,2026-07-30,97.0,101.0,0.9603960396039604,1.0,2024-07,2024-10
M0703_2567,C0000000023,main,main,MSOV-ThaiESG,ตราสารหนี้,บริษัทหลักทรัพย์จัดการกองทุน เอ็มเอฟซี จำกัด (มหาชน),MFC ASSET MANAGEMENT PUBLIC COMPANY LIMITED ,ตราสารหนี้,2024-11-15,2026-08-03,22.0,22.0,1.0,0.0,,
M0210_2561,C0000000023,M-MULTI-A,M-MULTI-A,M-MULTI,ผสม,บริษัทหลักทรัพย์จัดการกองทุน เอ็มเอฟซี จำกัด (มหาชน),MFC ASSET MANAGEMENT PUBLIC COMPANY LIMITED ,ผสม,2020-02-26,2026-07-30,74.0,78.0,0.9487179487179487,1.0,2024-07,2024-10
M0487_2560,C0000000709,main,main,KF-GCHINARMF,ตราสารทุน,บริษัทหลักทรัพย์จัดการกองทุน กรุงศรี จำกัด,KRUNGSRI ASSET MANAGEMENT COMPANY LIMITED,ตราสารทุน,2017-10-03,2026-07-31,97.0,106.0,0.9150943396226415,1.0,2024-07,2025-03
M0962_2555,C0000000460,main,main,KT-WCORP,ตราสารหนี้,บริษัทหลักทรัพย์จัดการกองทุน กรุงไทย จำกัด (มหาชน),KRUNG THAI ASSET MANAGEMENT PUBLIC COMPANY LIMITED ,ตราสารหนี้,2015-01-05,2026-07-31,135.0,139.0,0.9712230215827338,1.0,2024-07,2024-10
M0423_2565,C0000000709,main,main,KFCORESSF,ผสม,บริษัทหลักทรัพย์จัดการกองทุน กรุงศรี จำกัด,KRUNGSRI ASSET MANAGEMENT COMPANY LIMITED,ผสม,2023-10-02,2026-07-31,30.0,34.0,0.8823529411764706,1.0,2024-07,2024-10
M0014_2536,C0000000021,K-SELECT-A(A),K-SELECT-A(A),K-SELECT,ตราสารทุน,บริษัทหลักทรัพย์จัดการกองทุน กสิกรไทย จำกัด,KASIKORN ASSET MANAGEMENT COMPANY LIMITED,ตราสารทุน,,,,,,,,
M0572_2563,C0000000460,main,main,KTF15,ตราสารหนี้,บริษัทหลักทรัพย์จัดการกองทุน กรุงไทย จำกัด (มหาชน),KRUNG THAI ASSET MANAGEMENT PUBLIC COMPANY LIMITED ,ตราสารหนี้,2021-02-04,2026-07-31,62.0,66.0,0.9393939393939394,1.0,2024-07,2024-10
M0089_2556,C0000000023,main,main,SPOT33S7,ผสม,บริษัทหลักทรัพย์จัดการกองทุน เอ็มเอฟซี จำกัด (มหาชน),MFC ASSET MANAGEMENT PUBLIC COMPANY LIMITED ,ผสม,2015-01-05,2026-08-03,136.0,140.0,0.9714285714285714,1.0,2024-07,2024-10
M0568_2563,C0000000324,main,main,TCHCON,ตราสารทุน,บริษัทหลักทรัพย์จัดการกองทุน ทิสโก้,TISCO ASSET MANAGEMENT COMPANY LIMITED,ตราสารทุน,2021-02-10,2026-07-31,62.0,66.0,0.9393939393939394,1.0,2024-07,2024-10
M0095_2562,C0000000623,main,main,UDAILY,ตราสารหนี้,บริษัทหลักทรัพย์จัดการกองทุน ยูโอบี (ประเทศไทย) จำกัด,UOB ASSET MANAGEMENT (THAILAND) COMPANY LIMITED,ตราสารหนี้,2019-03-21,2026-08-03,86.0,90.0,0.9555555555555556,1.0,2024-07,2024-10
M0058_2563,C0000006646,LHWPLUS-A,LHWPLUS-A,LHWPLUS,ผสม,บริษัทหลักทรัพย์จัดการกองทุน แลนด์ แอนด์ เฮ้าส์ จำกัด,LAND AND HOUSES FUND MANAGEMENT COMPANY LIMITED,ผสม,2020-03-24,2026-08-03,74.0,78.0,0.9487179487179487,1.0,2024-07,2024-10
M0418_2560,C0000000709,KFINDIA-A,KFINDIA-A,KFINDIA,ตราสารทุน,บริษัทหลักทรัพย์จัดการกองทุน กรุงศรี จำกัด,KRUNGSRI ASSET MANAGEMENT COMPANY LIMITED,ตราสารทุน,2017-09-14,2026-07-31,103.0,107.0,0.9626168224299065,1.0,2024-07,2024-10
M0574_2563,C0000000460,main,main,KTF17,ตราสารหนี้,บริษัทหลักทรัพย์จัดการกองทุน กรุงไทย จำกัด (มหาชน),KRUNG THAI ASSET MANAGEMENT PUBLIC COMPANY LIMITED ,ตราสารหนี้,2021-03-05,2026-07-31,61.0,65.0,0.9384615384615385,1.0,2024-07,2024-10
M0271_2564,C0000028866,main,main,DAOL-EUROPE,ผสม,บริษัทหลักทรัพย์จัดการกองทุน ดาโอ จำกัด,DAOL INVESTMENT MANAGEMENT COMPANY LIMITED,ผสม,2021-08-06,2026-07-31,56.0,60.0,0.9333333333333333,1.0,2024-07,2024-10
M0618_2562,C0000000569,ONE-DISC-ASSF,ONE-DISC-ASSF,ONE-DISC,ตราสารทุน,บริษัทหลักทรัพย์จัดการกองทุน วรรณ จำกัด,ONE ASSET MANAGEMENT LIMITED,ตราสารทุน,2020-12-14,2026-07-31,64.0,68.0,0.9411764705882353,1.0,2024-07,2024-10
M0005_2563,C0000000623,UINC-A,UINC-A,UINC,ตราสารหนี้,บริษัทหลักทรัพย์จัดการกองทุน ยูโอบี (ประเทศไทย) จำกัด,UOB ASSET MANAGEMENT (THAILAND) COMPANY LIMITED,ตราสารหนี้,2020-03-11,2026-07-31,73.0,77.0,0.948051948051948,1.0,2024-07,2024-10
M0443_2565,C0000000569,main,main,ONE-CHINATOP10M2,ผสม,บริษัทหลักทรัพย์จัดการกองทุน วรรณ จำกัด,ONE ASSET MANAGEMENT LIMITED,ผสม,2023-02-03,2026-07-30,38.0,42.0,0.9047619047619048,1.0,2024-07,2024-10
M0280_2548,C0000000569,1VAL-IA,1VAL-IA,1VAL-D,ตราสารทุน,บริษัทหลักทรัพย์จัดการกองทุน วรรณ จำกัด,ONE ASSET MANAGEMENT LIMITED,ตราสารทุน,,,,,,,,
M0575_2563,C0000000460,main,main,KTF18,ตราสารหนี้,บริษัทหลักทรัพย์จัดการกองทุน กรุงไทย จำกัด (มหาชน),KRUNG THAI ASSET MANAGEMENT PUBLIC COMPANY LIMITED ,ตราสารหนี้,2021-03-12,2026-07-31,61.0,65.0,0.9384615384615385,1.0,2024-07,2024-10
M0072_2563,C0000000329,main,main,BCAP-GW75 SSF,ผสม,บริษัทหลักทรัพย์จัดการกองทุนรวม  บัวหลวง จำกัด,BBL ASSET MANAGEMENT COMPANY LIMITED,ผสม,2020-08-18,2026-07-30,68.0,72.0,0.9444444444444444,1.0,2024-07,2024-10
M0015_2569,C0000028866,main,main,DAOL-COPPER,ตราสารทุน,บริษัทหลักทรัพย์จัดการกองทุน ดาโอ จำกัด,DAOL INVESTMENT MANAGEMENT COMPANY LIMITED,ตราสารทุน,2026-02-05,2026-07-31,6.0,6.0,1.0,0.0,,
M0821_2548,C0000005531,main,main,PRINCIPAL PRMF,ตราสารหนี้,บริษัทหลักทรัพย์จัดการกองทุน พรินซิเพิล จำกัด,PRINCIPAL ASSET MANAGEMENT COMPANY LIMITED,ตราสารหนี้,2015-01-05,2026-08-03,136.0,140.0,0.9714285714285714,1.0,2024-07,2024-10
M0260_2566,C0000000709,main,main,KF1MAXRMF,ผสม,บริษัทหลักทรัพย์จัดการกองทุน กรุงศรี จำกัด,KRUNGSRI ASSET MANAGEMENT COMPANY LIMITED,ผสม,2023-10-02,2026-07-30,30.0,34.0,0.8823529411764706,1.0,2024-07,2024-10
M0189_2564,C0000033452,main,main,ES-STARTECH,ตราสารทุน,บริษัทหลักทรัพย์จัดการกองทุน อีสท์สปริง (ประเทศไทย) จำกัด,EASTSPRING ASSET MANAGEMENT (THAILAND) COMPANY LIMITED,ตราสารทุน,2021-06-08,2026-07-31,58.0,62.0,0.9354838709677419,1.0,2024-07,2024-10
M0703_2566,C0000000324,TGBOND-A,TGBOND-A,TGBOND,ตราสารหนี้,บริษัทหลักทรัพย์จัดการกองทุน ทิสโก้,TISCO ASSET MANAGEMENT COMPANY LIMITED,ตราสารหนี้,2024-01-19,2026-07-30,27.0,31.0,0.8709677419354839,1.0,2024-07,2024-10
M0382_2549,C0000000623,main,main,CPRMF5,ผสม,บริษัทหลักทรัพย์จัดการกองทุน ยูโอบี (ประเทศไทย) จำกัด,UOB ASSET MANAGEMENT (THAILAND) COMPANY LIMITED,ผสม,2015-01-05,2026-08-03,136.0,140.0,0.9714285714285714,1.0,2024-07,2024-10
M0611_2547,C0000000709,KF-ASET50-D,KF-ASET50-D,KF-ASET50,ตราสารทุน,บริษัทหลักทรัพย์จัดการกองทุน กรุงศรี จำกัด,KRUNGSRI ASSET MANAGEMENT COMPANY LIMITED,ตราสารทุน,2026-01-05,2026-08-03,8.0,8.0,1.0,0.0,,
M0027_2541,C0000000290,main,main,ABCC,ตราสารหนี้,บริษัทหลักทรัพย์จัดการกองทุน อเบอร์ดีน (ประเทศไทย) จำกัด,ABERDEEN ASSET MANAGEMENT (THAILAND) LIMITED,ตราสารหนี้,2015-01-05,2026-08-03,136.0,140.0,0.9714285714285714,1.0,2024-07,2024-10
M0704_2547,C0000000623,main,main,CPRMF3,ผสม,บริษัทหลักทรัพย์จัดการกองทุน ยูโอบี (ประเทศไทย) จำกัด,UOB ASSET MANAGEMENT (THAILAND) COMPANY LIMITED,ผสม,2015-01-05,2026-08-03,136.0,140.0,0.9714285714285714,1.0,2024-07,2024-10
M0100_2547,C0000033452,main,main,ES-SET50DV,ตราสารทุน,บริษัทหลักทรัพย์จัดการกองทุน อีสท์สปริง (ประเทศไทย) จำกัด,EASTSPRING ASSET MANAGEMENT (THAILAND) COMPANY LIMITED,ตราสารทุน,2015-01-05,2026-08-03,136.0,140.0,0.9714285714285714,1.0,2024-07,2024-10
M0024_2560,C0000000239,SCBUSHYA,SCBUSHYA,SCBUSHY,ตราสารหนี้,บริษัทหลักทรัพย์จัดการกองทุน ไทยพาณิชย์ จำกัด,SCB ASSET MANAGEMENT COMPANY LIMITED,ตราสารหนี้,2017-03-28,2026-07-30,109.0,113.0,0.9646017699115044,1.0,2024-07,2024-10
M0046_2561,C0000000023,main,main,M-VI,ผสม,บริษัทหลักทรัพย์จัดการกองทุน เอ็มเอฟซี จำกัด (มหาชน),MFC ASSET MANAGEMENT PUBLIC COMPANY LIMITED ,ผสม,2018-05-15,2026-07-30,95.0,99.0,0.9595959595959596,1.0,2024-07,2024-10
M0423_2550,C0000000623,main,main,UOBSGC,ตราสารทุน,บริษัทหลักทรัพย์จัดการกองทุน ยูโอบี (ประเทศไทย) จำกัด,UOB ASSET MANAGEMENT (THAILAND) COMPANY LIMITED,ตราสารทุน,2015-01-05,2026-07-31,135.0,139.0,0.9712230215827338,1.0,2024-07,2024-10
M0860_2566,C0000000023,main,main,MGOV-Roll6M,ตราสารหนี้,บริษัทหลักทรัพย์จัดการกองทุน เอ็มเอฟซี จำกัด (มหาชน),MFC ASSET MANAGEMENT PUBLIC COMPANY LIMITED ,ตราสารหนี้,2023-12-13,2026-07-31,29.0,32.0,0.90625,1.0,2024-07,2024-09
M0448_2564,C0000033452,main,main,tsp3-balancer-SSF,ผสม,บริษัทหลักทรัพย์จัดการกองทุน อีสท์สปริง (ประเทศไทย) จำกัด,EASTSPRING ASSET MANAGEMENT (THAILAND) COMPANY LIMITED,ผสม,2021-11-16,2026-07-31,53.0,57.0,0.9298245614035088,1.0,2024-07,2024-10
M0036_2569,C0000005022,main,main,A-GRID,ตราสารทุน,บริษัทหลักทรัพย์จัดการกองทุน แอสเซท พลัส จำกัด,ASSET PLUS FUND MANAGEMENT COMPANY LIMITED,ตราสารทุน,2026-02-12,2026-07-31,6.0,6.0,1.0,0.0,,
M0569_2563,C0000000460,main,main,KTF13,ตราสารหนี้,บริษัทหลักทรัพย์จัดการกองทุน กรุงไทย จำกัด (มหาชน),KRUNG THAI ASSET MANAGEMENT PUBLIC COMPANY LIMITED ,ตราสารหนี้,2020-12-28,2026-07-31,64.0,68.0,0.9411764705882353,1.0,2024-07,2024-10
M0150_2565,C0000000569,main,main,ONE-CHINATOP10M-UH,ผสม,บริษัทหลักทรัพย์จัดการกองทุน วรรณ จำกัด,ONE ASSET MANAGEMENT LIMITED,ผสม,2022-06-22,2026-07-30,46.0,50.0,0.92,1.0,2024-07,2024-10
M0515_2565,C0000000239,SCBRS2000(A),SCBRS2000(A),SCBRS2000,ตราสารทุน,บริษัทหลักทรัพย์จัดการกองทุน ไทยพาณิชย์ จำกัด,SCB ASSET MANAGEMENT COMPANY LIMITED,ตราสารทุน,2022-10-20,2026-07-31,42.0,46.0,0.9130434782608695,1.0,2024-07,2024-10
M0886_2555,C0000000460,main,main,KT-BOND RMF,ตราสารหนี้,บริษัทหลักทรัพย์จัดการกองทุน กรุงไทย จำกัด (มหาชน),KRUNG THAI ASSET MANAGEMENT PUBLIC COMPANY LIMITED ,ตราสารหนี้,2015-01-05,2026-07-31,135.0,139.0,0.9712230215827338,1.0,2024-07,2024-10
M0830_2547,C0000005531,main,main,PRINCIPAL AARMF,ผสม,บริษัทหลักทรัพย์จัดการกองทุน พรินซิเพิล จำกัด,PRINCIPAL ASSET MANAGEMENT COMPANY LIMITED,ผสม,2015-01-05,2026-07-30,135.0,139.0,0.9712230215827338,1.0,2024-07,2024-10
M0627_2558,C0000000460,main,main,KT-HEALTHC RMF,ตราสารทุน,บริษัทหลักทรัพย์จัดการกองทุน กรุงไทย จำกัด (มหาชน),KRUNG THAI ASSET MANAGEMENT PUBLIC COMPANY LIMITED ,ตราสารทุน,2015-11-30,2026-07-31,125.0,129.0,0.9689922480620154,1.0,2024-07,2024-10
M0506_2569,C0000033452,main,main,ES-GOVCP6M56,ตราสารหนี้,บริษัทหลักทรัพย์จัดการกองทุน อีสท์สปริง (ประเทศไทย) จำกัด,EASTSPRING ASSET MANAGEMENT (THAILAND) COMPANY LIMITED,ตราสารหนี้,2026-05-18,2026-08-03,4.0,4.0,1.0,0.0,,
M0532_2559,C0000024008,main,main,TLFLEX,ผสม,บริษัทหลักทรัพย์จัดการกองทุน ทาลิส จำกัด,TALIS ASSET MANAGEMENT COMPANY LIMITED,ผสม,2016-10-13,2026-08-03,115.0,119.0,0.9663865546218487,1.0,2024-07,2024-10
M0620_2552,C0000000239,SCBCE,SCBCE,SCBCEFUND,ตราสารทุน,บริษัทหลักทรัพย์จัดการกองทุน ไทยพาณิชย์ จำกัด,SCB ASSET MANAGEMENT COMPANY LIMITED,ตราสารทุน,2015-01-05,2026-08-03,136.0,140.0,0.9714285714285714,1.0,2024-07,2024-10
M0544_2568,C0000006099,main,main,X-EMBOND,ตราสารหนี้,บริษัทหลักทรัพย์จัดการกองทุน เอ็กซ์สปริง จำกัด,XSPRING ASSET MANAGEMENT COMPANY LIMITED,ตราสารหนี้,2025-08-27,2026-07-30,12.0,12.0,1.0,0.0,,
M0596_2559,C0000024008,main,main,TLFLEXRMF,ผสม,บริษัทหลักทรัพย์จัดการกองทุน ทาลิส จำกัด,TALIS ASSET MANAGEMENT COMPANY LIMITED,ผสม,2016-11-18,2026-08-03,114.0,118.0,0.9661016949152542,1.0,2024-07,2024-10
M0630_2558,C0000000623,main,main,UGD,ตราสารทุน,บริษัทหลักทรัพย์จัดการกองทุน ยูโอบี (ประเทศไทย) จำกัด,UOB ASSET MANAGEMENT (THAILAND) COMPANY LIMITED,ตราสารทุน,2015-11-09,2026-07-31,125.0,129.0,0.9689922480620154,1.0,2024-07,2024-10
M0014_2565,C0000028866,main,main,DAOL-BOND6M3,ตราสารหนี้,บริษัทหลักทรัพย์จัดการกองทุน ดาโอ จำกัด,DAOL INVESTMENT MANAGEMENT COMPANY LIMITED,ตราสารหนี้,2022-01-27,2026-07-31,51.0,55.0,0.9272727272727272,1.0,2024-06,2024-09
M0115_2556,C0000000023,main,main,SPOT33S10,ผสม,บริษัทหลักทรัพย์จัดการกองทุน เอ็มเอฟซี จำกัด (มหาชน),MFC ASSET MANAGEMENT PUBLIC COMPANY LIMITED ,ผสม,2015-01-05,2026-08-03,136.0,140.0,0.9714285714285714,1.0,2024-07,2024-10
M0373_2558,C0000000021,main,main,K-BANKING,ตราสารทุน,บริษัทหลักทรัพย์จัดการกองทุน กสิกรไทย จำกัด,KASIKORN ASSET MANAGEMENT COMPANY LIMITED,ตราสารทุน,2015-09-16,2026-08-03,128.0,132.0,0.9696969696969697,1.0,2024-07,2024-10
M0143_2568,C0000000623,main,main,USDAILY,ตราสารหนี้,บริษัทหลักทรัพย์จัดการกองทุน ยูโอบี (ประเทศไทย) จำกัด,UOB ASSET MANAGEMENT (THAILAND) COMPANY LIMITED,ตราสารหนี้,2025-06-16,2026-07-31,14.0,14.0,1.0,0.0,,
M0611_2556,C0000000239,main,main,SCB2576,ผสม,บริษัทหลักทรัพย์จัดการกองทุน ไทยพาณิชย์ จำกัด,SCB ASSET MANAGEMENT COMPANY LIMITED,ผสม,2015-01-05,2026-07-30,135.0,139.0,0.9712230215827338,1.0,2024-07,2024-10
M0568_2567,C0000000329,main,main,B-ASIATECHRMF,ตราสารทุน,บริษัทหลักทรัพย์จัดการกองทุนรวม  บัวหลวง จำกัด,BBL ASSET MANAGEMENT COMPANY LIMITED,ตราสารทุน,2024-12-13,2026-07-30,20.0,20.0,1.0,0.0,,
M0282_2559,C0000000329,main,main,B-HY (H75) AI,ตราสารหนี้,บริษัทหลักทรัพย์จัดการกองทุนรวม  บัวหลวง จำกัด,BBL ASSET MANAGEMENT COMPANY LIMITED,ตราสารหนี้,2016-08-25,2026-07-30,110.0,120.0,0.9166666666666666,2.0,2017-02,2017-07
M0200_2542,C0000000324,main,main,TISCOFLEX,ผสม,บริษัทหลักทรัพย์จัดการกองทุน ทิสโก้,TISCO ASSET MANAGEMENT COMPANY LIMITED,ผสม,2015-01-05,2026-08-03,136.0,140.0,0.9714285714285714,1.0,2024-07,2024-10
M0096_2560,C0000000709,KFJPINDX-A,KFJPINDX-A,KFJPINDX,ตราสารทุน,บริษัทหลักทรัพย์จัดการกองทุน กรุงศรี จำกัด,KRUNGSRI ASSET MANAGEMENT COMPANY LIMITED,ตราสารทุน,2017-03-22,2026-08-03,110.0,114.0,0.9649122807017544,1.0,2024-07,2024-10
M0197_2563,C0000028866,main,main,DAOL-BOND6M,ตราสารหนี้,บริษัทหลักทรัพย์จัดการกองทุน ดาโอ จำกัด,DAOL INVESTMENT MANAGEMENT COMPANY LIMITED,ตราสารหนี้,2020-04-22,2026-07-31,72.0,76.0,0.9473684210526315,1.0,2024-06,2024-09
M0203_2556,C0000000023,main,main,SPOT33S15,ผสม,บริษัทหลักทรัพย์จัดการกองทุน เอ็มเอฟซี จำกัด (มหาชน),MFC ASSET MANAGEMENT PUBLIC COMPANY LIMITED ,ผสม,2015-01-05,2026-08-03,136.0,140.0,0.9714285714285714,1.0,2024-07,2024-10
M0554_2563,C0000000329,main,main,B-GTO,ตราสารทุน,บริษัทหลักทรัพย์จัดการกองทุนรวม  บัวหลวง จำกัด,BBL ASSET MANAGEMENT COMPANY LIMITED,ตราสารทุน,2021-02-18,2026-07-30,62.0,66.0,0.9393939393939394,1.0,2024-07,2024-10
M1086_2568,C0000000623,main,main,UGOV6M41,ตราสารหนี้,บริษัทหลักทรัพย์จัดการกองทุน ยูโอบี (ประเทศไทย) จำกัด,UOB ASSET MANAGEMENT (THAILAND) COMPANY LIMITED,ตราสารหนี้,2026-01-20,2026-07-30,7.0,7.0,1.0,0.0,,
M0852_2548,C0000000623,main,main,CPRMF4,ผสม,บริษัทหลักทรัพย์จัดการกองทุน ยูโอบี (ประเทศไทย) จำกัด,UOB ASSET MANAGEMENT (THAILAND) COMPANY LIMITED,ผสม,2015-01-05,2026-08-03,136.0,140.0,0.9714285714285714,1.0,2024-07,2024-10
M0165_2563,C0000000623,UOBEQ-SSF,UOBEQ-SSF,UOBEQ-MSSF,ตราสารทุน,บริษัทหลักทรัพย์จัดการกองทุน ยูโอบี (ประเทศไทย) จำกัด,UOB ASSET MANAGEMENT (THAILAND) COMPANY LIMITED,ตราสารทุน,2020-04-01,2026-08-03,73.0,77.0,0.948051948051948,1.0,2024-07,2024-10
M0256_2550,C0000000290,main,main,AEOB,ตราสารหนี้,บริษัทหลักทรัพย์จัดการกองทุน อเบอร์ดีน (ประเทศไทย) จำกัด,ABERDEEN ASSET MANAGEMENT (THAILAND) LIMITED,ตราสารหนี้,2015-01-05,2026-07-31,135.0,139.0,0.9712230215827338,1.0,2024-07,2024-10
M0234_2565,C0000006646,main,main,LHTRIG7M,ผสม,บริษัทหลักทรัพย์จัดการกองทุน แลนด์ แอนด์ เฮ้าส์ จำกัด,LAND AND HOUSES FUND MANAGEMENT COMPANY LIMITED,ผสม,2023-03-23,2026-08-03,38.0,42.0,0.9047619047619048,1.0,2024-07,2024-10
M0327_2558,C0000033452,main,main,ES-ASIARMF,ตราสารทุน,บริษัทหลักทรัพย์จัดการกองทุน อีสท์สปริง (ประเทศไทย) จำกัด,EASTSPRING ASSET MANAGEMENT (THAILAND) COMPANY LIMITED,ตราสารทุน,2015-08-11,2026-07-31,128.0,132.0,0.9696969696969697,1.0,2024-07,2024-10
M0866_2554,C0000000239,SCBGLOB,SCBGLOB,SCBGLOBFUND,ตราสารหนี้,บริษัทหลักทรัพย์จัดการกองทุน ไทยพาณิชย์ จำกัด,SCB ASSET MANAGEMENT COMPANY LIMITED,ตราสารหนี้,2015-01-05,2026-07-31,135.0,139.0,0.9712230215827338,1.0,2024-07,2024-10
M0073_2563,C0000000329,main,main,BCAP-GW50 SSF,ผสม,บริษัทหลักทรัพย์จัดการกองทุนรวม  บัวหลวง จำกัด,BBL ASSET MANAGEMENT COMPANY LIMITED,ผสม,2020-08-18,2026-07-30,68.0,72.0,0.9444444444444444,1.0,2024-07,2024-10
M0542_2564,C0000000460,KT-GESG-A,KT-GESG-A,KT-GESG,ตราสารทุน,บริษัทหลักทรัพย์จัดการกองทุน กรุงไทย จำกัด (มหาชน),KRUNG THAI ASSET MANAGEMENT PUBLIC COMPANY LIMITED ,ตราสารทุน,2022-01-27,2026-07-31,51.0,55.0,0.9272727272727272,1.0,2024-07,2024-10
M0282_2569,C0000000623,main,main,UGUSD3M15,ตราสารหนี้,บริษัทหลักทรัพย์จัดการกองทุน ยูโอบี (ประเทศไทย) จำกัด,UOB ASSET MANAGEMENT (THAILAND) COMPANY LIMITED,ตราสารหนี้,2026-05-15,2026-08-03,4.0,4.0,1.0,0.0,,
M0557_2551,C0000006122,main,main,PMIXRMF,ผสม,บริษัทหลักทรัพย์จัดการกองทุนรวม  ฟิลลิป จำกัด,PHILLIP ASSET MANAGEMENT COMPANY LIMITED,ผสม,2015-01-05,2026-08-03,136.0,140.0,0.9714285714285714,1.0,2024-07,2024-10
M0314_2553,C0000000460,main,main,KT-MINING,ตราสารทุน,บริษัทหลักทรัพย์จัดการกองทุน กรุงไทย จำกัด (มหาชน),KRUNG THAI ASSET MANAGEMENT PUBLIC COMPANY LIMITED ,ตราสารทุน,2015-01-05,2026-07-31,135.0,139.0,0.9712230215827338,1.0,2024-07,2024-10
M0628_2559,C0000024008,main,main,TLMMRMF,ตราสารหนี้,บริษัทหลักทรัพย์จัดการกองทุน ทาลิส จำกัด,TALIS ASSET MANAGEMENT COMPANY LIMITED,ตราสารหนี้,2016-11-18,2026-08-03,114.0,118.0,0.9661016949152542,1.0,2024-07,2024-10
M0078_2546,C0000000623,main,main,CPRMF2,ผสม,บริษัทหลักทรัพย์จัดการกองทุน ยูโอบี (ประเทศไทย) จำกัด,UOB ASSET MANAGEMENT (THAILAND) COMPANY LIMITED,ผสม,2015-01-05,2026-08-03,136.0,140.0,0.9714285714285714,1.0,2024-07,2024-10
M0077_2567,C0000005025,KKP EMXCN-H,KKP EMXCN-H,KKP EMXCN-H FUND,ตราสารทุน,บริษัทหลักทรัพย์จัดการกองทุน เกียรตินาคินภัทร จำกัด,KIATNAKIN PHATRA ASSET MANAGEMENT COMPANY LIMITED,ตราสารทุน,2024-02-08,2026-07-31,26.0,30.0,0.8666666666666667,1.0,2024-07,2024-10
M0611_2560,C0000000623,UDB-A,UDB-A,UDB,ตราสารหนี้,บริษัทหลักทรัพย์จัดการกองทุน ยูโอบี (ประเทศไทย) จำกัด,UOB ASSET MANAGEMENT (THAILAND) COMPANY LIMITED,ตราสารหนี้,2018-02-12,2026-07-31,98.0,102.0,0.9607843137254902,1.0,2024-07,2024-10
M0267_2566,C0000000709,main,main,KF1MEANRMF,ผสม,บริษัทหลักทรัพย์จัดการกองทุน กรุงศรี จำกัด,KRUNGSRI ASSET MANAGEMENT COMPANY LIMITED,ผสม,2023-10-02,2026-07-30,30.0,34.0,0.8823529411764706,1.0,2024-07,2024-10
M0496_2564,C0000005022,main,main,ASP-DIGIBLOC,ตราสารทุน,บริษัทหลักทรัพย์จัดการกองทุน แอสเซท พลัส จำกัด,ASSET PLUS FUND MANAGEMENT COMPANY LIMITED,ตราสารทุน,2022-01-28,2026-07-31,51.0,55.0,0.9272727272727272,1.0,2024-07,2024-10
M0022_2564,C0000000460,main,main,KTF23,ตราสารหนี้,บริษัทหลักทรัพย์จัดการกองทุน กรุงไทย จำกัด (มหาชน),KRUNG THAI ASSET MANAGEMENT PUBLIC COMPANY LIMITED ,ตราสารหนี้,2021-06-15,2026-07-31,58.0,62.0,0.9354838709677419,1.0,2024-07,2024-10
M0132_2556,C0000000023,main,main,I-SMART,ผสม,บริษัทหลักทรัพย์จัดการกองทุน เอ็มเอฟซี จำกัด (มหาชน),MFC ASSET MANAGEMENT PUBLIC COMPANY LIMITED ,ผสม,2015-01-05,2026-07-30,135.0,139.0,0.9712230215827338,1.0,2024-07,2024-10
M0345_2561,C0000000623,UNI,UNI,UNI-M,ตราสารทุน,บริษัทหลักทรัพย์จัดการกองทุน ยูโอบี (ประเทศไทย) จำกัด,UOB ASSET MANAGEMENT (THAILAND) COMPANY LIMITED,ตราสารทุน,2018-10-16,2026-07-31,90.0,94.0,0.9574468085106383,1.0,2024-07,2024-10
M0512_2569,C0000000023,main,main,M-GPLUS1Y1,ตราสารหนี้,บริษัทหลักทรัพย์จัดการกองทุน เอ็มเอฟซี จำกัด (มหาชน),MFC ASSET MANAGEMENT PUBLIC COMPANY LIMITED ,ตราสารหนี้,2026-05-12,2026-07-31,3.0,3.0,1.0,0.0,,
M0066_2546,C0000000290,main,main,ABFC,ผสม,บริษัทหลักทรัพย์จัดการกองทุน อเบอร์ดีน (ประเทศไทย) จำกัด,ABERDEEN ASSET MANAGEMENT (THAILAND) LIMITED,ผสม,2015-01-05,2026-08-03,136.0,140.0,0.9714285714285714,1.0,2024-07,2024-10
M0582_2548,C0000000290,ABAPAC,ABAPAC,ABAPAC-M,ตราสารทุน,บริษัทหลักทรัพย์จัดการกองทุน อเบอร์ดีน (ประเทศไทย) จำกัด,ABERDEEN ASSET MANAGEMENT (THAILAND) LIMITED,ตราสารทุน,2015-01-05,2026-07-31,135.0,139.0,0.9712230215827338,1.0,2024-07,2024-10
M0036_2565,C0000000021,main,main,K-DFIXED,ตราสารหนี้,บริษัทหลักทรัพย์จัดการกองทุน กสิกรไทย จำกัด,KASIKORN ASSET MANAGEMENT COMPANY LIMITED,ตราสารหนี้,2022-03-14,2026-08-03,50.0,54.0,0.9259259259259259,1.0,2024-07,2024-10
M0324_2546,C0000000324,main,main,TW-BAL,ผสม,บริษัทหลักทรัพย์จัดการกองทุน ทิสโก้,TISCO ASSET MANAGEMENT COMPANY LIMITED,ผสม,2015-01-05,2026-08-03,136.0,140.0,0.9714285714285714,1.0,2024-07,2024-10
M0367_2556,C0000000324,main,main,TISCOJP,ตราสารทุน,บริษัทหลักทรัพย์จัดการกองทุน ทิสโก้,TISCO ASSET MANAGEMENT COMPANY LIMITED,ตราสารทุน,2015-01-05,2026-08-03,136.0,140.0,0.9714285714285714,1.0,2024-07,2024-10
M0023_2564,C0000000460,main,main,KTF24,ตราสารหนี้,บริษัทหลักทรัพย์จัดการกองทุน กรุงไทย จำกัด (มหาชน),KRUNG THAI ASSET MANAGEMENT PUBLIC COMPANY LIMITED ,ตราสารหนี้,2021-06-11,2026-07-31,58.0,62.0,0.9354838709677419,1.0,2024-07,2024-10
M0138_2564,C0000000569,main,main,ONE-GLOBALTOP8M16,ผสม,บริษัทหลักทรัพย์จัดการกองทุน วรรณ จำกัด,ONE ASSET MANAGEMENT LIMITED,ผสม,2021-04-27,2026-07-30,60.0,64.0,0.9375,1.0,2024-07,2024-10
M0867_2567,C0000000460,KT-US500-A,KT-US500-A,KT-US500,ตราสารทุน,บริษัทหลักทรัพย์จัดการกองทุน กรุงไทย จำกัด (มหาชน),KRUNG THAI ASSET MANAGEMENT PUBLIC COMPANY LIMITED ,ตราสารทุน,2025-04-09,2026-07-31,16.0,16.0,1.0,0.0,,
M0121_2564,C0000000023,main,main,MCBOND,ตราสารหนี้,บริษัทหลักทรัพย์จัดการกองทุน เอ็มเอฟซี จำกัด (มหาชน),MFC ASSET MANAGEMENT PUBLIC COMPANY LIMITED ,ตราสารหนี้,2021-05-25,2026-07-31,59.0,63.0,0.9365079365079365,1.0,2024-07,2024-10
M0567_2559,C0000006646,LHACTGF-A,LHACTGF-A,LHACTGF,ผสม,บริษัทหลักทรัพย์จัดการกองทุน แลนด์ แอนด์ เฮ้าส์ จำกัด,LAND AND HOUSES FUND MANAGEMENT COMPANY LIMITED,ผสม,2025-09-08,2026-08-03,12.0,12.0,1.0,0.0,,
M0419_2564,C0000000023,main,main,M-EDGE,ตราสารทุน,บริษัทหลักทรัพย์จัดการกองทุน เอ็มเอฟซี จำกัด (มหาชน),MFC ASSET MANAGEMENT PUBLIC COMPANY LIMITED ,ตราสารทุน,2021-11-24,2026-07-31,53.0,57.0,0.9298245614035088,1.0,2024-07,2024-10
M0728_2567,C0000000023,main,main,MGOV-Roll6M2,ตราสารหนี้,บริษัทหลักทรัพย์จัดการกองทุน เอ็มเอฟซี จำกัด (มหาชน),MFC ASSET MANAGEMENT PUBLIC COMPANY LIMITED ,ตราสารหนี้,2024-10-31,2026-07-31,22.0,22.0,1.0,0.0,,
M0444_2564,C0000033452,main,main,tsp4-explorer-SSF,ผสม,บริษัทหลักทรัพย์จัดการกองทุน อีสท์สปริง (ประเทศไทย) จำกัด,EASTSPRING ASSET MANAGEMENT (THAILAND) COMPANY LIMITED,ผสม,2021-11-16,2026-07-31,53.0,57.0,0.9298245614035088,1.0,2024-07,2024-10
M1160_2568,C0000005531,PRINCIPAL INXUS-A,PRINCIPAL INXUS-A,PRINCIPAL INXUS,ตราสารทุน,บริษัทหลักทรัพย์จัดการกองทุน พรินซิเพิล จำกัด,PRINCIPAL ASSET MANAGEMENT COMPANY LIMITED,ตราสารทุน,2026-02-09,2026-07-31,6.0,6.0,1.0,0.0,,
M0311_2559,C0000000329,main,main,B-HY (UH) AI,ตราสารหนี้,บริษัทหลักทรัพย์จัดการกองทุนรวม  บัวหลวง จำกัด,BBL ASSET MANAGEMENT COMPANY LIMITED,ตราสารหนี้,2016-08-25,2026-07-30,110.0,120.0,0.9166666666666666,2.0,2017-02,2017-07
M0486_2561,C0000000569,ONE-DELIGHT-IA,ONE-DELIGHT-IA,ONE-DELIGHT,ผสม,บริษัทหลักทรัพย์จัดการกองทุน วรรณ จำกัด,ONE ASSET MANAGEMENT LIMITED,ผสม,,,,,,,,
M0122_2565,C0000005531,PRINCIPAL GESG-A,PRINCIPAL GESG-A,PRINCIPAL GESG,ตราสารทุน,บริษัทหลักทรัพย์จัดการกองทุน พรินซิเพิล จำกัด,PRINCIPAL ASSET MANAGEMENT COMPANY LIMITED,ตราสารทุน,2022-05-09,2026-07-31,47.0,51.0,0.9215686274509803,1.0,2024-07,2024-10
M0082_2545,C0000000023,main,main,M-BOND,ตราสารหนี้,บริษัทหลักทรัพย์จัดการกองทุน เอ็มเอฟซี จำกัด (มหาชน),MFC ASSET MANAGEMENT PUBLIC COMPANY LIMITED ,ตราสารหนี้,2015-01-05,2026-08-03,136.0,140.0,0.9714285714285714,1.0,2024-07,2024-10
M0198_2556,C0000000023,main,main,SPOT33S14,ผสม,บริษัทหลักทรัพย์จัดการกองทุน เอ็มเอฟซี จำกัด (มหาชน),MFC ASSET MANAGEMENT PUBLIC COMPANY LIMITED ,ผสม,2015-01-05,2026-08-03,136.0,140.0,0.9714285714285714,1.0,2024-07,2024-10
M0457_2568,C0000000709,KFS50-THAIESGX-68,KFS50-THAIESGX-68,KFS50-THAIESGX,ตราสารทุน,บริษัทหลักทรัพย์จัดการกองทุน กรุงศรี จำกัด,KRUNGSRI ASSET MANAGEMENT COMPANY LIMITED,ตราสารทุน,2025-05-02,2026-08-03,16.0,16.0,1.0,0.0,,
M0562_2565,C0000006646,main,main,LHMMRMF,ตราสารหนี้,บริษัทหลักทรัพย์จัดการกองทุน แลนด์ แอนด์ เฮ้าส์ จำกัด,LAND AND HOUSES FUND MANAGEMENT COMPANY LIMITED,ตราสารหนี้,2022-12-20,2026-08-03,41.0,45.0,0.9111111111111111,1.0,2024-07,2024-10
M0180_2545,C0000000623,main,main,CPRMF1,ผสม,บริษัทหลักทรัพย์จัดการกองทุน ยูโอบี (ประเทศไทย) จำกัด,UOB ASSET MANAGEMENT (THAILAND) COMPANY LIMITED,ผสม,2015-01-05,2026-08-03,136.0,140.0,0.9714285714285714,1.0,2024-07,2024-10
M0744_2565,C0000033452,main,main,ES-GDIV,ตราสารทุน,บริษัทหลักทรัพย์จัดการกองทุน อีสท์สปริง (ประเทศไทย) จำกัด,EASTSPRING ASSET MANAGEMENT (THAILAND) COMPANY LIMITED,ตราสารทุน,2023-01-27,2026-07-31,39.0,43.0,0.9069767441860465,1.0,2024-07,2024-10
M0279_2569,C0000000623,main,main,UGUSD3M14,ตราสารหนี้,บริษัทหลักทรัพย์จัดการกองทุน ยูโอบี (ประเทศไทย) จำกัด,UOB ASSET MANAGEMENT (THAILAND) COMPANY LIMITED,ตราสารหนี้,2026-05-06,2026-08-03,4.0,4.0,1.0,0.0,,
M0583_2560,C0000000023,main,main,SMO5A1,ผสม,บริษัทหลักทรัพย์จัดการกองทุน เอ็มเอฟซี จำกัด (มหาชน),MFC ASSET MANAGEMENT PUBLIC COMPANY LIMITED ,ผสม,2017-12-26,2026-08-03,101.0,105.0,0.9619047619047619,1.0,2024-07,2024-10
M0289_2564,C0000000329,main,main,B-USALPHA,ตราสารทุน,บริษัทหลักทรัพย์จัดการกองทุนรวม  บัวหลวง จำกัด,BBL ASSET MANAGEMENT COMPANY LIMITED,ตราสารทุน,2021-08-26,2026-07-30,56.0,60.0,0.9333333333333333,1.0,2024-07,2024-10
M0291_2569,C0000000623,main,main,UGUSD3M16,ตราสารหนี้,บริษัทหลักทรัพย์จัดการกองทุน ยูโอบี (ประเทศไทย) จำกัด,UOB ASSET MANAGEMENT (THAILAND) COMPANY LIMITED,ตราสารหนี้,2026-06-26,2026-08-03,3.0,3.0,1.0,0.0,,
M0118_2556,C0000000023,main,main,SPOT33S11,ผสม,บริษัทหลักทรัพย์จัดการกองทุน เอ็มเอฟซี จำกัด (มหาชน),MFC ASSET MANAGEMENT PUBLIC COMPANY LIMITED ,ผสม,2015-01-05,2026-08-03,136.0,140.0,0.9714285714285714,1.0,2024-07,2024-10
M0737_2553,C0000000324,main,main,TISCOCH,ตราสารทุน,บริษัทหลักทรัพย์จัดการกองทุน ทิสโก้,TISCO ASSET MANAGEMENT COMPANY LIMITED,ตราสารทุน,2015-01-05,2026-08-03,136.0,140.0,0.9714285714285714,1.0,2024-07,2024-10
M0276_2569,C0000000623,main,main,UGOV6M45,ตราสารหนี้,บริษัทหลักทรัพย์จัดการกองทุน ยูโอบี (ประเทศไทย) จำกัด,UOB ASSET MANAGEMENT (THAILAND) COMPANY LIMITED,ตราสารหนี้,2026-04-07,2026-08-03,5.0,5.0,1.0,0.0,,
M0273_2559,C0000000623,main,main,UGMAC,ผสม,บริษัทหลักทรัพย์จัดการกองทุน ยูโอบี (ประเทศไทย) จำกัด,UOB ASSET MANAGEMENT (THAILAND) COMPANY LIMITED,ผสม,2016-06-02,2026-07-31,118.0,122.0,0.9672131147540983,1.0,2024-07,2024-10
M0511_2558,C0000000239,main,main,SCBRMJP,ตราสารทุน,บริษัทหลักทรัพย์จัดการกองทุน ไทยพาณิชย์ จำกัด,SCB ASSET MANAGEMENT COMPANY LIMITED,ตราสารทุน,2015-11-06,2026-08-03,126.0,130.0,0.9692307692307692,1.0,2024-07,2024-10
M0454_2560,C0000000569,ONE-GLOBHY-I,ONE-GLOBHY-I,ONE-GLOBHY,ตราสารหนี้,บริษัทหลักทรัพย์จัดการกองทุน วรรณ จำกัด,ONE ASSET MANAGEMENT LIMITED,ตราสารหนี้,2017-11-15,2026-07-30,101.0,105.0,0.9619047619047619,1.0,2024-07,2024-10
M0137_2564,C0000000569,main,main,ONE-GLOBALTOP8M15,ผสม,บริษัทหลักทรัพย์จัดการกองทุน วรรณ จำกัด,ONE ASSET MANAGEMENT LIMITED,ผสม,2021-04-09,2026-07-30,60.0,64.0,0.9375,1.0,2024-07,2024-10
M0913_2554,C0000033452,main,main,ES-LOWBETA,ตราสารทุน,บริษัทหลักทรัพย์จัดการกองทุน อีสท์สปริง (ประเทศไทย) จำกัด,EASTSPRING ASSET MANAGEMENT (THAILAND) COMPANY LIMITED,ตราสารทุน,2015-01-05,2026-08-03,136.0,140.0,0.9714285714285714,1.0,2024-07,2024-10
M0125_2560,C0000005022,ASP-FFPLUSA,ASP-FFPLUSA,ASP-FFPLUS,ตราสารหนี้,บริษัทหลักทรัพย์จัดการกองทุน แอสเซท พลัส จำกัด,ASSET PLUS FUND MANAGEMENT COMPANY LIMITED,ตราสารหนี้,2017-03-27,2026-07-31,109.0,113.0,0.9646017699115044,1.0,2024-07,2024-10
M0194_2555,C0000000623,main,main,MIX-D1585,ผสม,บริษัทหลักทรัพย์จัดการกองทุน ยูโอบี (ประเทศไทย) จำกัด,UOB ASSET MANAGEMENT (THAILAND) COMPANY LIMITED,ผสม,2015-01-05,2026-08-03,136.0,140.0,0.9714285714285714,1.0,2024-07,2024-10
M0051_2569,C0000024008,main,main,TLWORLD-X,ตราสารทุน,บริษัทหลักทรัพย์จัดการกองทุน ทาลิส จำกัด,TALIS ASSET MANAGEMENT COMPANY LIMITED,ตราสารทุน,2026-02-19,2026-07-31,6.0,6.0,1.0,0.0,,
M0540_2568,C0000000239,main,main,SCBUSDYIELD,ตราสารหนี้,บริษัทหลักทรัพย์จัดการกองทุน ไทยพาณิชย์ จำกัด,SCB ASSET MANAGEMENT COMPANY LIMITED,ตราสารหนี้,2025-08-27,2026-07-31,12.0,12.0,1.0,0.0,,
M0293_2563,C0000000239,main,main,SCBDM,ผสม,บริษัทหลักทรัพย์จัดการกองทุน ไทยพาณิชย์ จำกัด,SCB ASSET MANAGEMENT COMPANY LIMITED,ผสม,2020-07-21,2026-07-30,69.0,73.0,0.9452054794520548,1.0,2024-07,2024-10
M0366_2558,C0000000239,SCBGIF,SCBGIF,SCBGIFUND,ตราสารทุน,บริษัทหลักทรัพย์จัดการกองทุน ไทยพาณิชย์ จำกัด,SCB ASSET MANAGEMENT COMPANY LIMITED,ตราสารทุน,2015-10-06,2026-07-31,126.0,130.0,0.9692307692307692,1.0,2024-07,2024-10
M0239_2557,C0000000623,USHY,USHY,USHY-M,ตราสารหนี้,บริษัทหลักทรัพย์จัดการกองทุน ยูโอบี (ประเทศไทย) จำกัด,UOB ASSET MANAGEMENT (THAILAND) COMPANY LIMITED,ตราสารหนี้,2015-01-05,2026-07-31,135.0,139.0,0.9712230215827338,1.0,2024-07,2024-10
M0721_2551,C0000006185,main,main,FP FLEX RMF,ผสม,บริษัทหลักทรัพย์จัดการกองทุน เฟิร์ส พลัส (ประเทศไทย) จำกัด,FIRST PLUS ASSET MANAGEMENT (THAILAND) COMPANY LIMITED,ผสม,2015-01-05,2026-08-03,111.0,140.0,0.7928571428571428,2.0,2017-02,2018-05
M0557_2567,C0000000329,main,main,B-JPPASSIVE,ตราสารทุน,บริษัทหลักทรัพย์จัดการกองทุนรวม  บัวหลวง จำกัด,BBL ASSET MANAGEMENT COMPANY LIMITED,ตราสารทุน,2024-11-15,2026-08-03,22.0,22.0,1.0,0.0,,
M0622_2562,C0000000023,main,main,SMART-PLUS,ตราสารหนี้,บริษัทหลักทรัพย์จัดการกองทุน เอ็มเอฟซี จำกัด (มหาชน),MFC ASSET MANAGEMENT PUBLIC COMPANY LIMITED ,ตราสารหนี้,2020-01-29,2026-07-31,75.0,79.0,0.9493670886075949,1.0,2024-07,2024-10
M0830_2548,C0000000023,main,main,M-CR,ผสม,บริษัทหลักทรัพย์จัดการกองทุน เอ็มเอฟซี จำกัด (มหาชน),MFC ASSET MANAGEMENT PUBLIC COMPANY LIMITED ,ผสม,2015-01-09,2026-07-31,135.0,139.0,0.9712230215827338,1.0,2024-07,2024-10
M0725_2567,C0000000709,main,main,KF-WORLD-INDXRMF,ตราสารทุน,บริษัทหลักทรัพย์จัดการกองทุน กรุงศรี จำกัด,KRUNGSRI ASSET MANAGEMENT COMPANY LIMITED,ตราสารทุน,2025-02-28,2026-07-31,18.0,18.0,1.0,0.0,,
M0706_2559,C0000000623,USDHY-A,USDHY-A,USDHY,ตราสารหนี้,บริษัทหลักทรัพย์จัดการกองทุน ยูโอบี (ประเทศไทย) จำกัด,UOB ASSET MANAGEMENT (THAILAND) COMPANY LIMITED,ตราสารหนี้,2017-03-13,2026-07-31,109.0,113.0,0.9646017699115044,1.0,2024-07,2024-10
M0343_2563,C0000000239,main,main,SCBDM2,ผสม,บริษัทหลักทรัพย์จัดการกองทุน ไทยพาณิชย์ จำกัด,SCB ASSET MANAGEMENT COMPANY LIMITED,ผสม,2020-08-11,2026-07-30,68.0,72.0,0.9444444444444444,1.0,2024-07,2024-10
M0328_2567,C0000028866,main,main,DAOL-KOREAEQ,ตราสารทุน,บริษัทหลักทรัพย์จัดการกองทุน ดาโอ จำกัด,DAOL INVESTMENT MANAGEMENT COMPANY LIMITED,ตราสารทุน,2024-06-13,2026-07-31,22.0,26.0,0.8461538461538461,1.0,2024-07,2024-10
M0662_2569,C0000000023,main,main,M-GPLUS1Y2,ตราสารหนี้,บริษัทหลักทรัพย์จัดการกองทุน เอ็มเอฟซี จำกัด (มหาชน),MFC ASSET MANAGEMENT PUBLIC COMPANY LIMITED ,ตราสารหนี้,2026-07-09,2026-07-31,1.0,1.0,1.0,0.0,,
M0638_2560,C0000000569,main,main,ONE-TOP5M,ผสม,บริษัทหลักทรัพย์จัดการกองทุน วรรณ จำกัด,ONE ASSET MANAGEMENT LIMITED,ผสม,2017-12-19,2026-08-03,101.0,105.0,0.9619047619047619,1.0,2024-07,2024-10
M0163_2564,C0000000239,SCBNEXT(A),SCBNEXT(A),SCBNEXT,ตราสารทุน,บริษัทหลักทรัพย์จัดการกองทุน ไทยพาณิชย์ จำกัด,SCB ASSET MANAGEMENT COMPANY LIMITED,ตราสารทุน,2021-08-20,2026-07-31,56.0,60.0,0.9333333333333333,1.0,2024-07,2024-10
M0209_2560,C0000033452,main,main,ES-EBF,ตราสารหนี้,บริษัทหลักทรัพย์จัดการกองทุน อีสท์สปริง (ประเทศไทย) จำกัด,EASTSPRING ASSET MANAGEMENT (THAILAND) COMPANY LIMITED,ตราสารหนี้,2017-05-29,2026-07-31,107.0,111.0,0.963963963963964,1.0,2024-07,2024-10
M0041_2536,C0000000569,main,main,ONE-FAS,ผสม,บริษัทหลักทรัพย์จัดการกองทุน วรรณ จำกัด,ONE ASSET MANAGEMENT LIMITED,ผสม,2015-01-05,2026-08-03,136.0,140.0,0.9714285714285714,1.0,2024-07,2024-10
M0422_2563,C0000000023,main,main,M-EM,ตราสารทุน,บริษัทหลักทรัพย์จัดการกองทุน เอ็มเอฟซี จำกัด (มหาชน),MFC ASSET MANAGEMENT PUBLIC COMPANY LIMITED ,ตราสารทุน,2021-01-19,2026-07-31,63.0,67.0,0.9402985074626866,1.0,2024-07,2024-10
M0711_2569,C0000000460,main,main,KTFUSD11M1,ตราสารหนี้,บริษัทหลักทรัพย์จัดการกองทุน กรุงไทย จำกัด (มหาชน),KRUNG THAI ASSET MANAGEMENT PUBLIC COMPANY LIMITED ,ตราสารหนี้,2026-07-02,2026-08-03,2.0,2.0,1.0,0.0,,
M0110_2559,C0000000239,SCBABS,SCBABS,SCBABSFUND,ผสม,บริษัทหลักทรัพย์จัดการกองทุน ไทยพาณิชย์ จำกัด,SCB ASSET MANAGEMENT COMPANY LIMITED,ผสม,2017-05-03,2026-08-03,108.0,112.0,0.9642857142857143,1.0,2024-07,2024-10
M0745_2568,C0000000623,main,main,UUSTECH,ตราสารทุน,บริษัทหลักทรัพย์จัดการกองทุน ยูโอบี (ประเทศไทย) จำกัด,UOB ASSET MANAGEMENT (THAILAND) COMPANY LIMITED,ตราสารทุน,2025-08-27,2026-07-31,12.0,12.0,1.0,0.0,,
M0143_2569,C0000000623,main,main,USDREADY,ตราสารหนี้,บริษัทหลักทรัพย์จัดการกองทุน ยูโอบี (ประเทศไทย) จำกัด,UOB ASSET MANAGEMENT (THAILAND) COMPANY LIMITED,ตราสารหนี้,2026-02-26,2026-07-31,6.0,6.0,1.0,0.0,,
M0394_2561,C0000000569,main,main,ONE-OPPORTUNITY6/2,ผสม,บริษัทหลักทรัพย์จัดการกองทุน วรรณ จำกัด,ONE ASSET MANAGEMENT LIMITED,ผสม,2019-04-09,2026-08-03,85.0,89.0,0.9550561797752809,1.0,2024-07,2024-10
M0628_2563,C0000000623,main,main,UCHI,ตราสารทุน,บริษัทหลักทรัพย์จัดการกองทุน ยูโอบี (ประเทศไทย) จำกัด,UOB ASSET MANAGEMENT (THAILAND) COMPANY LIMITED,ตราสารทุน,2021-02-15,2026-07-31,62.0,66.0,0.9393939393939394,1.0,2024-07,2024-10
M1063_2568,C0000005025,main,main,KKP AAA CLO-USD,ตราสารหนี้,บริษัทหลักทรัพย์จัดการกองทุน เกียรตินาคินภัทร จำกัด,KIATNAKIN PHATRA ASSET MANAGEMENT COMPANY LIMITED,ตราสารหนี้,2025-12-03,2026-07-30,8.0,8.0,1.0,0.0,,
M0114_2542,C0000000569,main,main,ONE-FLEX,ผสม,บริษัทหลักทรัพย์จัดการกองทุน วรรณ จำกัด,ONE ASSET MANAGEMENT LIMITED,ผสม,2015-01-05,2026-08-03,136.0,140.0,0.9714285714285714,1.0,2024-07,2024-10
M0398_2561,C0000000623,main,main,UGQGRMF,ตราสารทุน,บริษัทหลักทรัพย์จัดการกองทุน ยูโอบี (ประเทศไทย) จำกัด,UOB ASSET MANAGEMENT (THAILAND) COMPANY LIMITED,ตราสารทุน,2018-11-23,2026-07-31,89.0,93.0,0.956989247311828,1.0,2024-07,2024-10
M0278_2569,C0000000623,main,main,UGOV6M46,ตราสารหนี้,บริษัทหลักทรัพย์จัดการกองทุน ยูโอบี (ประเทศไทย) จำกัด,UOB ASSET MANAGEMENT (THAILAND) COMPANY LIMITED,ตราสารหนี้,2026-05-11,2026-08-03,4.0,4.0,1.0,0.0,,
M0018_2569,C0000024008,main,main,TLGOLDPLUS,ผสม,บริษัทหลักทรัพย์จัดการกองทุน ทาลิส จำกัด,TALIS ASSET MANAGEMENT COMPANY LIMITED,ผสม,2026-03-23,2026-07-31,5.0,5.0,1.0,0.0,,
M0049_2568,C0000006646,LHQTUM-A,LHQTUM-A,LHQTUM,ตราสารทุน,บริษัทหลักทรัพย์จัดการกองทุน แลนด์ แอนด์ เฮ้าส์ จำกัด,LAND AND HOUSES FUND MANAGEMENT COMPANY LIMITED,ตราสารทุน,2025-07-29,2026-07-31,13.0,13.0,1.0,0.0,,
M0346_2549,C0000005531,main,main,PRINCIPAL DAILY FIX,ตราสารหนี้,บริษัทหลักทรัพย์จัดการกองทุน พรินซิเพิล จำกัด,PRINCIPAL ASSET MANAGEMENT COMPANY LIMITED,ตราสารหนี้,2015-01-05,2026-08-03,136.0,140.0,0.9714285714285714,1.0,2024-07,2024-10
M0001_2524,C0000000023,main,main,SSB,ผสม,บริษัทหลักทรัพย์จัดการกองทุน เอ็มเอฟซี จำกัด (มหาชน),MFC ASSET MANAGEMENT PUBLIC COMPANY LIMITED ,ผสม,2015-01-05,2026-08-03,136.0,140.0,0.9714285714285714,1.0,2024-07,2024-10
M0759_2566,C0000000324,TGQUALITY-A,TGQUALITY-A,TGQUALITY,ตราสารทุน,บริษัทหลักทรัพย์จัดการกองทุน ทิสโก้,TISCO ASSET MANAGEMENT COMPANY LIMITED,ตราสารทุน,2024-02-07,2026-07-31,26.0,30.0,0.8666666666666667,1.0,2024-07,2024-10
M0647_2551,C0000000460,main,main,KTSIV3M1,ตราสารหนี้,บริษัทหลักทรัพย์จัดการกองทุน กรุงไทย จำกัด (มหาชน),KRUNG THAI ASSET MANAGEMENT PUBLIC COMPANY LIMITED ,ตราสารหนี้,2015-01-05,2026-08-03,136.0,140.0,0.9714285714285714,1.0,2024-07,2024-10
M0105_2566,C0000033081,SW-A,SW-A,SW,ผสม,บริษัทหลักทรัพย์จัดการกองทุน ซาวาคามิ (ประเทศไทย) จำกัด,SAWAKAMI ASSET MANAGEMENT (THAILAND) COMPANY LIMITED,ผสม,2023-07-12,2026-08-03,34.0,38.0,0.8947368421052632,1.0,2024-07,2024-10
M0117_2555,C0000005531,main,main,PRINCIPAL DEF,ตราสารทุน,บริษัทหลักทรัพย์จัดการกองทุน พรินซิเพิล จำกัด,PRINCIPAL ASSET MANAGEMENT COMPANY LIMITED,ตราสารทุน,2015-01-05,2026-08-03,136.0,140.0,0.9714285714285714,1.0,2024-07,2024-10
M0801_2567,C0000006646,main,main,LHSITHAIESG,ตราสารหนี้,บริษัทหลักทรัพย์จัดการกองทุน แลนด์ แอนด์ เฮ้าส์ จำกัด,LAND AND HOUSES FUND MANAGEMENT COMPANY LIMITED,ตราสารหนี้,2024-11-29,2026-08-03,22.0,22.0,1.0,0.0,,
M0003_2561,C0000000023,main,main,SI5A4,ผสม,บริษัทหลักทรัพย์จัดการกองทุน เอ็มเอฟซี จำกัด (มหาชน),MFC ASSET MANAGEMENT PUBLIC COMPANY LIMITED ,ผสม,2018-01-29,2026-07-31,99.0,103.0,0.9611650485436893,1.0,2024-07,2024-10
M0639_2558,C0000000021,main,main,K-GHEALTH(UH),ตราสารทุน,บริษัทหลักทรัพย์จัดการกองทุน กสิกรไทย จำกัด,KASIKORN ASSET MANAGEMENT COMPANY LIMITED,ตราสารทุน,2015-12-18,2026-07-31,124.0,128.0,0.96875,1.0,2024-07,2024-10
M0446_2564,C0000033452,main,main,tsp1-preserver-SSF,ตราสารหนี้,บริษัทหลักทรัพย์จัดการกองทุน อีสท์สปริง (ประเทศไทย) จำกัด,EASTSPRING ASSET MANAGEMENT (THAILAND) COMPANY LIMITED,ตราสารหนี้,2021-11-16,2026-07-31,53.0,57.0,0.9298245614035088,1.0,2024-07,2024-10
M0076_2559,C0000000569,main,main,ONE-HOSPITAL,ผสม,บริษัทหลักทรัพย์จัดการกองทุน วรรณ จำกัด,ONE ASSET MANAGEMENT LIMITED,ผสม,2016-03-18,2026-07-31,121.0,125.0,0.968,1.0,2024-07,2024-10
M0544_2567,C0000000021,main,main,K-GSELECT,ตราสารทุน,บริษัทหลักทรัพย์จัดการกองทุน กสิกรไทย จำกัด,KASIKORN ASSET MANAGEMENT COMPANY LIMITED,ตราสารทุน,2024-11-14,2026-07-31,21.0,21.0,1.0,0.0,,
M0551_2569,C0000000623,main,main,UGUSD6M17,ตราสารหนี้,บริษัทหลักทรัพย์จัดการกองทุน ยูโอบี (ประเทศไทย) จำกัด,UOB ASSET MANAGEMENT (THAILAND) COMPANY LIMITED,ตราสารหนี้,2026-06-25,2026-08-03,3.0,3.0,1.0,0.0,,
M0187_2565,C0000005531,main,main,PRINCIPAL THTG6M1,ผสม,บริษัทหลักทรัพย์จัดการกองทุน พรินซิเพิล จำกัด,PRINCIPAL ASSET MANAGEMENT COMPANY LIMITED,ผสม,2022-06-01,2026-08-03,47.0,51.0,0.9215686274509803,1.0,2024-07,2024-10
M0608_2557,C0000000021,main,main,K-JPRMF,ตราสารทุน,บริษัทหลักทรัพย์จัดการกองทุน กสิกรไทย จำกัด,KASIKORN ASSET MANAGEMENT COMPANY LIMITED,ตราสารทุน,2015-01-05,2026-07-31,131.0,139.0,0.9424460431654677,1.0,2024-07,2025-02
M0683_2568,C0000000623,main,main,UGIS-USD,ตราสารหนี้,บริษัทหลักทรัพย์จัดการกองทุน ยูโอบี (ประเทศไทย) จำกัด,UOB ASSET MANAGEMENT (THAILAND) COMPANY LIMITED,ตราสารหนี้,2025-07-30,2026-07-31,13.0,13.0,1.0,0.0,,
M1031_2553,C0000000023,main,main,I-Emerging 10S2,ผสม,บริษัทหลักทรัพย์จัดการกองทุน เอ็มเอฟซี จำกัด (มหาชน),MFC ASSET MANAGEMENT PUBLIC COMPANY LIMITED ,ผสม,2015-01-05,2026-07-31,135.0,139.0,0.9712230215827338,1.0,2024-07,2024-10
M0294_2564,C0000005531,PRINCIPAL USEQ-A,PRINCIPAL USEQ-A,PRINCIPAL USEQ,ตราสารทุน,บริษัทหลักทรัพย์จัดการกองทุน พรินซิเพิล จำกัด,PRINCIPAL ASSET MANAGEMENT COMPANY LIMITED,ตราสารทุน,2021-09-08,2026-07-31,55.0,59.0,0.9322033898305084,1.0,2024-07,2024-10
M0398_2563,C0000028866,main,main,DAOL-MONYRMF,ตราสารหนี้,บริษัทหลักทรัพย์จัดการกองทุน ดาโอ จำกัด,DAOL INVESTMENT MANAGEMENT COMPANY LIMITED,ตราสารหนี้,2020-10-15,2026-08-03,67.0,71.0,0.9436619718309859,1.0,2024-07,2024-10
M0316_2550,C0000000023,main,main,Q-PORT,ผสม,บริษัทหลักทรัพย์จัดการกองทุน เอ็มเอฟซี จำกัด (มหาชน),MFC ASSET MANAGEMENT PUBLIC COMPANY LIMITED ,ผสม,2015-01-05,2026-08-03,136.0,140.0,0.9714285714285714,1.0,2024-07,2024-10
M0038_2561,C0000000569,ONE-VIETNAM-IA,ONE-VIETNAM-IA,ONE-VIETNAM,ตราสารทุน,บริษัทหลักทรัพย์จัดการกองทุน วรรณ จำกัด,ONE ASSET MANAGEMENT LIMITED,ตราสารทุน,,,,,,,,
M0131_2569,C0000000021,main,main,K-FGB6MP(USD),ตราสารหนี้,บริษัทหลักทรัพย์จัดการกองทุน กสิกรไทย จำกัด,KASIKORN ASSET MANAGEMENT COMPANY LIMITED,ตราสารหนี้,2026-02-12,2026-07-31,6.0,6.0,1.0,0.0,,
M0500_2560,C0000006646,main,main,LHGINCOMERMF,ผสม,บริษัทหลักทรัพย์จัดการกองทุน แลนด์ แอนด์ เฮ้าส์ จำกัด,LAND AND HOUSES FUND MANAGEMENT COMPANY LIMITED,ผสม,2017-11-22,2026-07-30,101.0,105.0,0.9619047619047619,1.0,2024-07,2024-10
M0450_2568,C0000000239,SCBTS100X(25A),SCBTS100X(25A),SCBTS100X,ตราสารทุน,บริษัทหลักทรัพย์จัดการกองทุน ไทยพาณิชย์ จำกัด,SCB ASSET MANAGEMENT COMPANY LIMITED,ตราสารทุน,2025-05-09,2026-08-03,16.0,16.0,1.0,0.0,,
M0612_2568,C0000000623,main,main,UFGUSD6M2,ตราสารหนี้,บริษัทหลักทรัพย์จัดการกองทุน ยูโอบี (ประเทศไทย) จำกัด,UOB ASSET MANAGEMENT (THAILAND) COMPANY LIMITED,ตราสารหนี้,2026-02-05,2026-08-03,7.0,7.0,1.0,0.0,,
M0215_2561,C0000000460,KT-DHINCOME-A,KT-DHINCOME-A,KT-DHINCOME,ผสม,บริษัทหลักทรัพย์จัดการกองทุน กรุงไทย จำกัด (มหาชน),KRUNG THAI ASSET MANAGEMENT PUBLIC COMPANY LIMITED ,ผสม,2018-07-25,2026-07-31,93.0,97.0,0.9587628865979382,1.0,2024-07,2024-10
M0703_2547,C0000000324,TEQFOCUS-A,TEQFOCUS-A,TEQFOCUS,ตราสารทุน,บริษัทหลักทรัพย์จัดการกองทุน ทิสโก้,TISCO ASSET MANAGEMENT COMPANY LIMITED,ตราสารทุน,2025-12-01,2026-08-03,9.0,9.0,1.0,0.0,,
M0521_2550,C0000006185,main,main,FP MONEY,ตราสารหนี้,บริษัทหลักทรัพย์จัดการกองทุน เฟิร์ส พลัส (ประเทศไทย) จำกัด,FIRST PLUS ASSET MANAGEMENT (THAILAND) COMPANY LIMITED,ตราสารหนี้,2015-01-05,2026-08-03,111.0,140.0,0.7928571428571428,2.0,2017-02,2018-05
M0212_2558,C0000000623,main,main,UAI,ผสม,บริษัทหลักทรัพย์จัดการกองทุน ยูโอบี (ประเทศไทย) จำกัด,UOB ASSET MANAGEMENT (THAILAND) COMPANY LIMITED,ผสม,2015-05-18,2026-07-31,131.0,135.0,0.9703703703703703,1.0,2024-07,2024-10
M0417_2560,C0000005022,main,main,ASP-AIEQ,ตราสารทุน,บริษัทหลักทรัพย์จัดการกองทุน แอสเซท พลัส จำกัด,ASSET PLUS FUND MANAGEMENT COMPANY LIMITED,ตราสารทุน,2017-08-21,2026-07-31,100.0,108.0,0.9259259259259259,1.0,2024-07,2025-02
M0098_2551,C0000006122,main,main,PFIXRMF,ตราสารหนี้,บริษัทหลักทรัพย์จัดการกองทุนรวม  ฟิลลิป จำกัด,PHILLIP ASSET MANAGEMENT COMPANY LIMITED,ตราสารหนี้,2015-01-05,2026-08-03,136.0,140.0,0.9714285714285714,1.0,2024-07,2024-10
M0372_2556,C0000000569,main,main,ONE-PREMIER,ผสม,บริษัทหลักทรัพย์จัดการกองทุน วรรณ จำกัด,ONE ASSET MANAGEMENT LIMITED,ผสม,2015-01-05,2026-07-31,135.0,139.0,0.9712230215827338,1.0,2024-07,2024-10
M0227_2564,C0000006646,LHSEMICON-A,LHSEMICON-A,LHSEMICON,ตราสารทุน,บริษัทหลักทรัพย์จัดการกองทุน แลนด์ แอนด์ เฮ้าส์ จำกัด,LAND AND HOUSES FUND MANAGEMENT COMPANY LIMITED,ตราสารทุน,2021-06-28,2026-07-31,58.0,62.0,0.9354838709677419,1.0,2024-07,2024-10
M0568_2559,C0000033452,main,main,ES-ASIANBOND,ตราสารหนี้,บริษัทหลักทรัพย์จัดการกองทุน อีสท์สปริง (ประเทศไทย) จำกัด,EASTSPRING ASSET MANAGEMENT (THAILAND) COMPANY LIMITED,ตราสารหนี้,2016-11-30,2026-07-31,113.0,117.0,0.9658119658119658,1.0,2024-07,2024-10
M0460_2563,C0000006646,LHGDYNAMIC-A,LHGDYNAMIC-A,LHGDYNAMIC,ผสม,บริษัทหลักทรัพย์จัดการกองทุน แลนด์ แอนด์ เฮ้าส์ จำกัด,LAND AND HOUSES FUND MANAGEMENT COMPANY LIMITED,ผสม,2020-12-03,2026-07-31,64.0,68.0,0.9411764705882353,1.0,2024-07,2024-10
M0148_2560,C0000000329,main,main,B-ASEANRMF,ตราสารทุน,บริษัทหลักทรัพย์จัดการกองทุนรวม  บัวหลวง จำกัด,BBL ASSET MANAGEMENT COMPANY LIMITED,ตราสารทุน,2017-09-04,2026-08-03,104.0,108.0,0.9629629629629629,1.0,2024-07,2024-10
M0571_2569,C0000000623,main,main,UGUSD6M19,ตราสารหนี้,บริษัทหลักทรัพย์จัดการกองทุน ยูโอบี (ประเทศไทย) จำกัด,UOB ASSET MANAGEMENT (THAILAND) COMPANY LIMITED,ตราสารหนี้,2026-07-09,2026-08-03,2.0,2.0,1.0,0.0,,
M0264_2566,C0000000709,main,main,KF1MAXSSF,ผสม,บริษัทหลักทรัพย์จัดการกองทุน กรุงศรี จำกัด,KRUNGSRI ASSET MANAGEMENT COMPANY LIMITED,ผสม,2023-10-02,2026-07-30,30.0,34.0,0.8823529411764706,1.0,2024-07,2024-10
M0456_2547,C0000000023,MVEQL,MVEQL,MVEQ,ตราสารทุน,บริษัทหลักทรัพย์จัดการกองทุน เอ็มเอฟซี จำกัด (มหาชน),MFC ASSET MANAGEMENT PUBLIC COMPANY LIMITED ,ตราสารทุน,2025-12-29,2026-08-03,9.0,9.0,1.0,0.0,,
M0207_2568,C0000005025,main,main,KKP SIB-USD,ตราสารหนี้,บริษัทหลักทรัพย์จัดการกองทุน เกียรตินาคินภัทร จำกัด,KIATNAKIN PHATRA ASSET MANAGEMENT COMPANY LIMITED,ตราสารหนี้,2025-03-17,2026-07-31,17.0,17.0,1.0,0.0,,
M0256_2566,C0000000709,main,main,KF1MILDSSF,ผสม,บริษัทหลักทรัพย์จัดการกองทุน กรุงศรี จำกัด,KRUNGSRI ASSET MANAGEMENT COMPANY LIMITED,ผสม,2023-10-02,2026-07-30,30.0,34.0,0.8823529411764706,1.0,2024-07,2024-10
M0181_2564,C0000000239,main,main,SCBRMCHA,ตราสารทุน,บริษัทหลักทรัพย์จัดการกองทุน ไทยพาณิชย์ จำกัด,SCB ASSET MANAGEMENT COMPANY LIMITED,ตราสารทุน,2021-06-22,2026-08-03,59.0,63.0,0.9365079365079365,1.0,2024-07,2024-10
M0696_2566,C0000028866,main,main,DAOL-USTBILL,ตราสารหนี้,บริษัทหลักทรัพย์จัดการกองทุน ดาโอ จำกัด,DAOL INVESTMENT MANAGEMENT COMPANY LIMITED,ตราสารหนี้,2023-12-19,2026-07-31,28.0,32.0,0.875,1.0,2024-07,2024-10
M0207_2566,C0000005022,main,main,ASP-THAITRIG 5M1,ผสม,บริษัทหลักทรัพย์จัดการกองทุน แอสเซท พลัส จำกัด,ASSET PLUS FUND MANAGEMENT COMPANY LIMITED,ผสม,2023-05-02,2026-08-03,36.0,40.0,0.9,1.0,2024-07,2024-10
M0012_2566,C0000000709,KFNDQ-A,KFNDQ-A,KFNDQ,ตราสารทุน,บริษัทหลักทรัพย์จัดการกองทุน กรุงศรี จำกัด,KRUNGSRI ASSET MANAGEMENT COMPANY LIMITED,ตราสารทุน,2023-08-21,2026-07-31,32.0,36.0,0.8888888888888888,1.0,2024-07,2024-10
M0308_2564,C0000005022,ASP-CHINABOND-A,ASP-CHINABOND-A,ASP-CHINABOND,ตราสารหนี้,บริษัทหลักทรัพย์จัดการกองทุน แอสเซท พลัส จำกัด,ASSET PLUS FUND MANAGEMENT COMPANY LIMITED,ตราสารหนี้,2022-03-11,2026-07-30,49.0,53.0,0.9245283018867925,1.0,2024-07,2024-10
M0437_2565,C0000028866,DAOL-FXALPHA-UI-A,DAOL-FXALPHA-UI-A,DAOL-FXALPHA-UI,ผสม,บริษัทหลักทรัพย์จัดการกองทุน ดาโอ จำกัด,DAOL INVESTMENT MANAGEMENT COMPANY LIMITED,ผสม,2022-12-21,2026-07-30,40.0,44.0,0.9090909090909091,1.0,2024-07,2024-10
M0617_2563,C0000000709,KFINFRA-A,KFINFRA-A,KFINFRA,ตราสารทุน,บริษัทหลักทรัพย์จัดการกองทุน กรุงศรี จำกัด,KRUNGSRI ASSET MANAGEMENT COMPANY LIMITED,ตราสารทุน,2021-02-15,2026-07-30,62.0,66.0,0.9393939393939394,1.0,2024-07,2024-10
M0671_2551,C0000000460,main,main,KTSIV3M2,ตราสารหนี้,บริษัทหลักทรัพย์จัดการกองทุน กรุงไทย จำกัด (มหาชน),KRUNG THAI ASSET MANAGEMENT PUBLIC COMPANY LIMITED ,ตราสารหนี้,2015-01-05,2026-08-03,136.0,140.0,0.9714285714285714,1.0,2024-07,2024-10
M0070_2563,C0000000329,main,main,BCAP-GW25 SSF,ผสม,บริษัทหลักทรัพย์จัดการกองทุนรวม  บัวหลวง จำกัด,BBL ASSET MANAGEMENT COMPANY LIMITED,ผสม,2020-08-18,2026-07-30,68.0,72.0,0.9444444444444444,1.0,2024-07,2024-10
M0478_2564,C0000024008,AFMOAT-HA,AFMOAT-HA,AFMOAT-H,ตราสารทุน,บริษัทหลักทรัพย์จัดการกองทุน ทาลิส จำกัด,TALIS ASSET MANAGEMENT COMPANY LIMITED,ตราสารทุน,2021-12-15,2026-07-31,52.0,56.0,0.9285714285714286,1.0,2024-07,2024-10
M0703_2568,C0000000709,main,main,KF-SINCOME-USD,ตราสารหนี้,บริษัทหลักทรัพย์จัดการกองทุน กรุงศรี จำกัด,KRUNGSRI ASSET MANAGEMENT COMPANY LIMITED,ตราสารหนี้,2025-07-30,2026-07-31,13.0,13.0,1.0,0.0,,
M0092_2566,C0000006185,main,main,FP TTG6M1,ผสม,บริษัทหลักทรัพย์จัดการกองทุน เฟิร์ส พลัส (ประเทศไทย) จำกัด,FIRST PLUS ASSET MANAGEMENT (THAILAND) COMPANY LIMITED,ผสม,2023-03-31,2026-08-03,29.0,42.0,0.6904761904761905,1.0,2024-07,2025-07
M0465_2563,C0000000623,USUS,USUS,USUS-M,ตราสารทุน,บริษัทหลักทรัพย์จัดการกองทุน ยูโอบี (ประเทศไทย) จำกัด,UOB ASSET MANAGEMENT (THAILAND) COMPANY LIMITED,ตราสารทุน,2020-11-10,2026-07-31,65.0,69.0,0.9420289855072463,1.0,2024-07,2024-10
M0994_2568,C0000000239,main,main,SCBUSDINC,ตราสารหนี้,บริษัทหลักทรัพย์จัดการกองทุน ไทยพาณิชย์ จำกัด,SCB ASSET MANAGEMENT COMPANY LIMITED,ตราสารหนี้,2026-01-21,2026-07-31,7.0,7.0,1.0,0.0,,
M0447_2564,C0000033452,main,main,tsp2-nurturer-SSF,ผสม,บริษัทหลักทรัพย์จัดการกองทุน อีสท์สปริง (ประเทศไทย) จำกัด,EASTSPRING ASSET MANAGEMENT (THAILAND) COMPANY LIMITED,ผสม,2021-11-16,2026-07-31,53.0,57.0,0.9298245614035088,1.0,2024-07,2024-10
M0379_2564,C0000000709,main,main,KFGGSSF,ตราสารทุน,บริษัทหลักทรัพย์จัดการกองทุน กรุงศรี จำกัด,KRUNGSRI ASSET MANAGEMENT COMPANY LIMITED,ตราสารทุน,2021-10-04,2026-07-31,54.0,58.0,0.9310344827586207,1.0,2024-07,2024-10
M0297_2569,C0000000623,main,main,UGUSD6M14,ตราสารหนี้,บริษัทหลักทรัพย์จัดการกองทุน ยูโอบี (ประเทศไทย) จำกัด,UOB ASSET MANAGEMENT (THAILAND) COMPANY LIMITED,ตราสารหนี้,2026-04-28,2026-08-03,5.0,5.0,1.0,0.0,,
M0612_2556,C0000000239,main,main,SCB2586,ผสม,บริษัทหลักทรัพย์จัดการกองทุน ไทยพาณิชย์ จำกัด,SCB ASSET MANAGEMENT COMPANY LIMITED,ผสม,2015-01-05,2026-07-30,135.0,139.0,0.9712230215827338,1.0,2024-07,2024-10
M0050_2558,C0000000329,main,main,BMSCITH,ตราสารทุน,บริษัทหลักทรัพย์จัดการกองทุนรวม  บัวหลวง จำกัด,BBL ASSET MANAGEMENT COMPANY LIMITED,ตราสารทุน,2020-09-08,2026-08-03,68.0,72.0,0.9444444444444444,1.0,2024-07,2024-10
M0826_2567,C0000005025,KKP SIB-H,KKP SIB-H,KKP SIB-H FUND,ตราสารหนี้,บริษัทหลักทรัพย์จัดการกองทุน เกียรตินาคินภัทร จำกัด,KIATNAKIN PHATRA ASSET MANAGEMENT COMPANY LIMITED,ตราสารหนี้,,,,,,,,
M0068_2563,C0000000329,main,main,BCAP-GW10 SSF,ผสม,บริษัทหลักทรัพย์จัดการกองทุนรวม  บัวหลวง จำกัด,BBL ASSET MANAGEMENT COMPANY LIMITED,ผสม,2020-08-18,2026-07-30,68.0,72.0,0.9444444444444444,1.0,2024-07,2024-10
M0653_2547,C0000033452,main,main,ES-EQDIV,ตราสารทุน,บริษัทหลักทรัพย์จัดการกองทุน อีสท์สปริง (ประเทศไทย) จำกัด,EASTSPRING ASSET MANAGEMENT (THAILAND) COMPANY LIMITED,ตราสารทุน,2015-01-05,2026-08-03,123.0,140.0,0.8785714285714286,1.0,2024-07,2025-11
M0551_2551,C0000000460,main,main,KTFIX3M1,ตราสารหนี้,บริษัทหลักทรัพย์จัดการกองทุน กรุงไทย จำกัด (มหาชน),KRUNG THAI ASSET MANAGEMENT PUBLIC COMPANY LIMITED ,ตราสารหนี้,2015-01-05,2026-08-03,136.0,140.0,0.9714285714285714,1.0,2024-07,2024-10
M0081_2566,C0000000023,main,main,MTOP4,ผสม,บริษัทหลักทรัพย์จัดการกองทุน เอ็มเอฟซี จำกัด (มหาชน),MFC ASSET MANAGEMENT PUBLIC COMPANY LIMITED ,ผสม,2023-04-05,2026-08-03,37.0,41.0,0.9024390243902439,1.0,2024-07,2024-10
M0546_2563,C0000000460,main,main,KT-Ashares RMF,ตราสารทุน,บริษัทหลักทรัพย์จัดการกองทุน กรุงไทย จำกัด (มหาชน),KRUNG THAI ASSET MANAGEMENT PUBLIC COMPANY LIMITED ,ตราสารทุน,2020-12-03,2026-07-31,64.0,68.0,0.9411764705882353,1.0,2024-07,2024-10
M0675_2551,C0000000460,main,main,KTSIV6M2,ตราสารหนี้,บริษัทหลักทรัพย์จัดการกองทุน กรุงไทย จำกัด (มหาชน),KRUNG THAI ASSET MANAGEMENT PUBLIC COMPANY LIMITED ,ตราสารหนี้,2015-01-05,2026-08-03,136.0,140.0,0.9714285714285714,1.0,2024-07,2024-10
M0016_2560,C0000000569,ONE-POWER-D,ONE-POWER-D,ONE-POWER,ผสม,บริษัทหลักทรัพย์จัดการกองทุน วรรณ จำกัด,ONE ASSET MANAGEMENT LIMITED,ผสม,,,,,,,,
M0381_2563,C0000000021,K-PLANET-A(A),K-PLANET-A(A),K-PLANET,ตราสารทุน,บริษัทหลักทรัพย์จัดการกองทุน กสิกรไทย จำกัด,KASIKORN ASSET MANAGEMENT COMPANY LIMITED,ตราสารทุน,2020-08-31,2026-07-30,68.0,72.0,0.9444444444444444,1.0,2024-07,2024-10
M0649_2551,C0000000460,main,main,KTSIV6M1,ตราสารหนี้,บริษัทหลักทรัพย์จัดการกองทุน กรุงไทย จำกัด (มหาชน),KRUNG THAI ASSET MANAGEMENT PUBLIC COMPANY LIMITED ,ตราสารหนี้,2015-01-05,2026-08-03,136.0,140.0,0.9714285714285714,1.0,2024-07,2024-10
M0089_2542,C0000000023,main,main,MFX,ผสม,บริษัทหลักทรัพย์จัดการกองทุน เอ็มเอฟซี จำกัด (มหาชน),MFC ASSET MANAGEMENT PUBLIC COMPANY LIMITED ,ผสม,2015-01-05,2026-08-03,136.0,140.0,0.9714285714285714,1.0,2024-07,2024-10
M0550_2560,C0000000239,SCBMLT(E),SCBMLT(E),SCBMLT,ตราสารทุน,บริษัทหลักทรัพย์จัดการกองทุน ไทยพาณิชย์ จำกัด,SCB ASSET MANAGEMENT COMPANY LIMITED,ตราสารทุน,2023-10-05,2026-08-03,31.0,35.0,0.8857142857142857,1.0,2024-07,2024-10
M0014_2566,C0000028866,main,main,DAOL-ALPHABONDS,ตราสารหนี้,บริษัทหลักทรัพย์จัดการกองทุน ดาโอ จำกัด,DAOL INVESTMENT MANAGEMENT COMPANY LIMITED,ตราสารหนี้,2023-11-17,2026-07-30,29.0,33.0,0.8787878787878788,1.0,2024-07,2024-10
M0382_2564,C0000000023,main,main,MCONVERT,ผสม,บริษัทหลักทรัพย์จัดการกองทุน เอ็มเอฟซี จำกัด (มหาชน),MFC ASSET MANAGEMENT PUBLIC COMPANY LIMITED ,ผสม,2021-10-27,2026-07-30,54.0,58.0,0.9310344827586207,1.0,2024-07,2024-10
M0454_2568,C0000000623,UEQ-TESGX-D,UEQ-TESGX-D,UEQ-TESGX,ตราสารทุน,บริษัทหลักทรัพย์จัดการกองทุน ยูโอบี (ประเทศไทย) จำกัด,UOB ASSET MANAGEMENT (THAILAND) COMPANY LIMITED,ตราสารทุน,2026-07-23,2026-08-03,2.0,2.0,1.0,0.0,,
M0589_2568,C0000006646,main,main,LHGIGORMF,ตราสารหนี้,บริษัทหลักทรัพย์จัดการกองทุน แลนด์ แอนด์ เฮ้าส์ จำกัด,LAND AND HOUSES FUND MANAGEMENT COMPANY LIMITED,ตราสารหนี้,2025-09-25,2026-07-30,11.0,11.0,1.0,0.0,,
M0328_2550,C0000000023,main,main,I-20,ผสม,บริษัทหลักทรัพย์จัดการกองทุน เอ็มเอฟซี จำกัด (มหาชน),MFC ASSET MANAGEMENT PUBLIC COMPANY LIMITED ,ผสม,2015-01-05,2026-07-31,135.0,139.0,0.9712230215827338,1.0,2024-07,2024-10
M0509_2554,C0000000460,KT-PROPERTY-A,KT-PROPERTY-A,KT-PROPERTY,ตราสารทุน,บริษัทหลักทรัพย์จัดการกองทุน กรุงไทย จำกัด (มหาชน),KRUNG THAI ASSET MANAGEMENT PUBLIC COMPANY LIMITED ,ตราสารทุน,2022-12-20,2026-07-31,40.0,44.0,0.9090909090909091,1.0,2024-07,2024-10
M0096_2569,C0000000623,main,main,UGUSD6M13,ตราสารหนี้,บริษัทหลักทรัพย์จัดการกองทุน ยูโอบี (ประเทศไทย) จำกัด,UOB ASSET MANAGEMENT (THAILAND) COMPANY LIMITED,ตราสารหนี้,2026-04-02,2026-08-03,5.0,5.0,1.0,0.0,,
M0413_2558,C0000006646,LHMSFL-A,LHMSFL-A,LHMSFL,ผสม,บริษัทหลักทรัพย์จัดการกองทุน แลนด์ แอนด์ เฮ้าส์ จำกัด,LAND AND HOUSES FUND MANAGEMENT COMPANY LIMITED,ผสม,2015-07-22,2026-08-03,116.0,134.0,0.8656716417910447,2.0,2017-03,2018-04
M0224_2568,C0000033452,ES-NDQPIN-A,ES-NDQPIN-A,ES-NDQPIN,ตราสารทุน,บริษัทหลักทรัพย์จัดการกองทุน อีสท์สปริง (ประเทศไทย) จำกัด,EASTSPRING ASSET MANAGEMENT (THAILAND) COMPANY LIMITED,ตราสารทุน,2025-05-14,2026-07-31,15.0,15.0,1.0,0.0,,
M0553_2551,C0000000460,main,main,KTFIX3M3,ตราสารหนี้,บริษัทหลักทรัพย์จัดการกองทุน กรุงไทย จำกัด (มหาชน),KRUNG THAI ASSET MANAGEMENT PUBLIC COMPANY LIMITED ,ตราสารหนี้,2015-01-05,2026-08-03,136.0,140.0,0.9714285714285714,1.0,2024-07,2024-10
M0162_2565,C0000028866,main,main,DAOL-THAITRIG6M,ผสม,บริษัทหลักทรัพย์จัดการกองทุน ดาโอ จำกัด,DAOL INVESTMENT MANAGEMENT COMPANY LIMITED,ผสม,2022-05-24,2026-08-03,48.0,52.0,0.9230769230769231,1.0,2024-07,2024-10
M0258_2563,C0000000023,MCHINAGA,MCHINAGA,MCHINA,ตราสารทุน,บริษัทหลักทรัพย์จัดการกองทุน เอ็มเอฟซี จำกัด (มหาชน),MFC ASSET MANAGEMENT PUBLIC COMPANY LIMITED ,ตราสารทุน,2020-12-04,2026-07-31,64.0,68.0,0.9411764705882353,1.0,2024-07,2024-10
M0920_2568,C0000000623,main,main,UGUSD6M11,ตราสารหนี้,บริษัทหลักทรัพย์จัดการกองทุน ยูโอบี (ประเทศไทย) จำกัด,UOB ASSET MANAGEMENT (THAILAND) COMPANY LIMITED,ตราสารหนี้,2026-02-19,2026-08-03,7.0,7.0,1.0,0.0,,
M0257_2550,C0000006099,main,main,X-EQPRO,ผสม,บริษัทหลักทรัพย์จัดการกองทุน เอ็กซ์สปริง จำกัด,XSPRING ASSET MANAGEMENT COMPANY LIMITED,ผสม,2015-01-05,2026-08-03,125.0,140.0,0.8928571428571429,2.0,2024-07,2025-03
M0577_2563,C0000000709,main,main,KF-ACHINARMF,ตราสารทุน,บริษัทหลักทรัพย์จัดการกองทุน กรุงศรี จำกัด,KRUNGSRI ASSET MANAGEMENT COMPANY LIMITED,ตราสารทุน,2020-12-17,2026-07-31,59.0,68.0,0.8676470588235294,1.0,2024-07,2025-03
M0921_2568,C0000000623,main,main,UGUSD6M12,ตราสารหนี้,บริษัทหลักทรัพย์จัดการกองทุน ยูโอบี (ประเทศไทย) จำกัด,UOB ASSET MANAGEMENT (THAILAND) COMPANY LIMITED,ตราสารหนี้,2026-03-19,2026-08-03,6.0,6.0,1.0,0.0,,
M1037_2568,C0000000239,main,main,SCBUSDGMCORE,ผสม,บริษัทหลักทรัพย์จัดการกองทุน ไทยพาณิชย์ จำกัด,SCB ASSET MANAGEMENT COMPANY LIMITED,ผสม,2026-03-18,2026-07-30,5.0,5.0,1.0,0.0,,
M0167_2561,C0000000623,UGEAR,UGEAR,UGEAR-M,ตราสารทุน,บริษัทหลักทรัพย์จัดการกองทุน ยูโอบี (ประเทศไทย) จำกัด,UOB ASSET MANAGEMENT (THAILAND) COMPANY LIMITED,ตราสารทุน,2024-11-14,2026-07-31,21.0,21.0,1.0,0.0,,
M0178_2569,C0000000709,main,main,KFUSD-FGB6M2,ตราสารหนี้,บริษัทหลักทรัพย์จัดการกองทุน กรุงศรี จำกัด,KRUNGSRI ASSET MANAGEMENT COMPANY LIMITED,ตราสารหนี้,2026-04-17,2026-07-31,4.0,4.0,1.0,0.0,,
M0660_2566,C0000000023,main,main,M-MIX20,ผสม,บริษัทหลักทรัพย์จัดการกองทุน เอ็มเอฟซี จำกัด (มหาชน),MFC ASSET MANAGEMENT PUBLIC COMPANY LIMITED ,ผสม,2023-12-13,2026-07-30,28.0,32.0,0.875,1.0,2024-07,2024-10
M0298_2567,C0000005025,KKP US500-H,KKP US500-H,KKP US500-H FUND,ตราสารทุน,บริษัทหลักทรัพย์จัดการกองทุน เกียรตินาคินภัทร จำกัด,KIATNAKIN PHATRA ASSET MANAGEMENT COMPANY LIMITED,ตราสารทุน,2024-04-29,2026-07-31,24.0,28.0,0.8571428571428571,1.0,2024-07,2024-10
M0299_2569,C0000000623,main,main,UGUSD6M16,ตราสารหนี้,บริษัทหลักทรัพย์จัดการกองทุน ยูโอบี (ประเทศไทย) จำกัด,UOB ASSET MANAGEMENT (THAILAND) COMPANY LIMITED,ตราสารหนี้,2026-05-22,2026-08-03,4.0,4.0,1.0,0.0,,
M0269_2566,C0000000709,main,main,KF1MEANSSF,ผสม,บริษัทหลักทรัพย์จัดการกองทุน กรุงศรี จำกัด,KRUNGSRI ASSET MANAGEMENT COMPANY LIMITED,ผสม,2023-10-02,2026-07-30,30.0,34.0,0.8823529411764706,1.0,2024-07,2024-10
M0464_2548,C0000000239,SCBLT3,SCBLT3,SCBLT3FUND,ตราสารทุน,บริษัทหลักทรัพย์จัดการกองทุน ไทยพาณิชย์ จำกัด,SCB ASSET MANAGEMENT COMPANY LIMITED,ตราสารทุน,2015-01-05,2026-08-03,136.0,140.0,0.9714285714285714,1.0,2024-07,2024-10
M0430_2550,C0000000569,main,main,1GLOBALBOND,ตราสารหนี้,บริษัทหลักทรัพย์จัดการกองทุน วรรณ จำกัด,ONE ASSET MANAGEMENT LIMITED,ตราสารหนี้,2015-01-05,2026-07-30,135.0,139.0,0.9712230215827338,1.0,2024-07,2024-10
M0668_2566,C0000000023,main,main,M-MIX70,ผสม,บริษัทหลักทรัพย์จัดการกองทุน เอ็มเอฟซี จำกัด (มหาชน),MFC ASSET MANAGEMENT PUBLIC COMPANY LIMITED ,ผสม,2023-12-13,2026-07-30,28.0,32.0,0.875,1.0,2024-07,2024-10
M0132_2558,C0000000709,main,main,KF-GCHINAD,ตราสารทุน,บริษัทหลักทรัพย์จัดการกองทุน กรุงศรี จำกัด,KRUNGSRI ASSET MANAGEMENT COMPANY LIMITED,ตราสารทุน,2015-04-22,2026-07-31,127.0,136.0,0.9338235294117647,1.0,2024-07,2025-03
M0298_2569,C0000000623,main,main,UGUSD6M15,ตราสารหนี้,บริษัทหลักทรัพย์จัดการกองทุน ยูโอบี (ประเทศไทย) จำกัด,UOB ASSET MANAGEMENT (THAILAND) COMPANY LIMITED,ตราสารหนี้,2026-05-14,2026-08-03,4.0,4.0,1.0,0.0,,
M0035_2538,C0000000023,main,main,KAF,ผสม,บริษัทหลักทรัพย์จัดการกองทุน เอ็มเอฟซี จำกัด (มหาชน),MFC ASSET MANAGEMENT PUBLIC COMPANY LIMITED ,ผสม,2015-01-05,2026-08-03,136.0,140.0,0.9714285714285714,1.0,2024-07,2024-10
M0679_2557,C0000000021,main,main,K-EURMF,ตราสารทุน,บริษัทหลักทรัพย์จัดการกองทุน กสิกรไทย จำกัด,KASIKORN ASSET MANAGEMENT COMPANY LIMITED,ตราสารทุน,2015-01-05,2026-07-31,131.0,139.0,0.9424460431654677,1.0,2024-07,2025-02
M0110_2569,C0000000709,main,main,KFUSD-FGB6M1,ตราสารหนี้,บริษัทหลักทรัพย์จัดการกองทุน กรุงศรี จำกัด,KRUNGSRI ASSET MANAGEMENT COMPANY LIMITED,ตราสารหนี้,2026-02-05,2026-07-31,6.0,6.0,1.0,0.0,,
M0250_2569,C0000000021,main,main,K-WPLIGHTRMF,ผสม,บริษัทหลักทรัพย์จัดการกองทุน กสิกรไทย จำกัด,KASIKORN ASSET MANAGEMENT COMPANY LIMITED,ผสม,2026-06-30,2026-07-31,2.0,2.0,1.0,0.0,,
M0656_2547,C0000033452,main,main,ES-BIGCAPEQ,ตราสารทุน,บริษัทหลักทรัพย์จัดการกองทุน อีสท์สปริง (ประเทศไทย) จำกัด,EASTSPRING ASSET MANAGEMENT (THAILAND) COMPANY LIMITED,ตราสารทุน,2015-01-05,2026-08-03,123.0,140.0,0.8785714285714286,1.0,2024-07,2025-11
M0564_2569,C0000000021,main,main,K-FGB6MQ(USD),ตราสารหนี้,บริษัทหลักทรัพย์จัดการกองทุน กสิกรไทย จำกัด,KASIKORN ASSET MANAGEMENT COMPANY LIMITED,ตราสารหนี้,2026-05-21,2026-07-31,3.0,3.0,1.0,0.0,,
M0666_2566,C0000000023,main,main,M-MIX50,ผสม,บริษัทหลักทรัพย์จัดการกองทุน เอ็มเอฟซี จำกัด (มหาชน),MFC ASSET MANAGEMENT PUBLIC COMPANY LIMITED ,ผสม,2023-12-13,2026-07-30,28.0,32.0,0.875,1.0,2024-07,2024-10
M0143_2549,C0000000709,KFSEQ2-A,KFSEQ2-A,KFSEQ2,ตราสารทุน,บริษัทหลักทรัพย์จัดการกองทุน กรุงศรี จำกัด,KRUNGSRI ASSET MANAGEMENT COMPANY LIMITED,ตราสารทุน,2025-12-29,2026-08-03,9.0,9.0,1.0,0.0,,
M0572_2569,C0000000623,main,main,UGUSD6M20,ตราสารหนี้,บริษัทหลักทรัพย์จัดการกองทุน ยูโอบี (ประเทศไทย) จำกัด,UOB ASSET MANAGEMENT (THAILAND) COMPANY LIMITED,ตราสารหนี้,2026-07-20,2026-08-03,2.0,2.0,1.0,0.0,,
M0647_2552,C0000000023,main,main,I-10,ผสม,บริษัทหลักทรัพย์จัดการกองทุน เอ็มเอฟซี จำกัด (มหาชน),MFC ASSET MANAGEMENT PUBLIC COMPANY LIMITED ,ผสม,2015-01-05,2026-08-03,136.0,140.0,0.9714285714285714,1.0,2024-07,2024-10
M0366_2561,C0000005025,main,main,KKP GNP RMF-H,ตราสารทุน,บริษัทหลักทรัพย์จัดการกองทุน เกียรตินาคินภัทร จำกัด,KIATNAKIN PHATRA ASSET MANAGEMENT COMPANY LIMITED,ตราสารทุน,2018-12-07,2026-07-31,88.0,92.0,0.9565217391304348,1.0,2024-07,2024-10
M0829_2567,C0000005025,KKP SIB-UH,KKP SIB-UH,KKP SIB-UH FUND,ตราสารหนี้,บริษัทหลักทรัพย์จัดการกองทุน เกียรตินาคินภัทร จำกัด,KIATNAKIN PHATRA ASSET MANAGEMENT COMPANY LIMITED,ตราสารหนี้,,,,,,,,
M0110_2565,C0000028866,DAOL-XPROP-A,DAOL-XPROP-A,DAOL-XPROP,ผสม,บริษัทหลักทรัพย์จัดการกองทุน ดาโอ จำกัด,DAOL INVESTMENT MANAGEMENT COMPANY LIMITED,ผสม,2022-06-10,2026-07-31,46.0,50.0,0.92,1.0,2024-07,2024-10
M0457_2565,C0000000239,SCBRMDIGI(A),SCBRMDIGI(A),SCBRMDIGI,ตราสารทุน,บริษัทหลักทรัพย์จัดการกองทุน ไทยพาณิชย์ จำกัด,SCB ASSET MANAGEMENT COMPANY LIMITED,ตราสารทุน,2022-09-30,2026-07-30,43.0,47.0,0.9148936170212766,1.0,2024-07,2024-10
M0613_2568,C0000000623,main,main,UFGUSD6M3,ตราสารหนี้,บริษัทหลักทรัพย์จัดการกองทุน ยูโอบี (ประเทศไทย) จำกัด,UOB ASSET MANAGEMENT (THAILAND) COMPANY LIMITED,ตราสารหนี้,2026-03-05,2026-08-03,6.0,6.0,1.0,0.0,,
M0498_2554,C0000000023,main,main,I-ASEAN STAR 10,ผสม,บริษัทหลักทรัพย์จัดการกองทุน เอ็มเอฟซี จำกัด (มหาชน),MFC ASSET MANAGEMENT PUBLIC COMPANY LIMITED ,ผสม,2015-01-05,2026-07-31,135.0,139.0,0.9712230215827338,1.0,2024-07,2024-10
M0184_2569,C0000005022,main,main,A-ASEMI,ตราสารทุน,บริษัทหลักทรัพย์จัดการกองทุน แอสเซท พลัส จำกัด,ASSET PLUS FUND MANAGEMENT COMPANY LIMITED,ตราสารทุน,2026-03-10,2026-08-03,6.0,6.0,1.0,0.0,,
M0140_2569,C0000000021,main,main,K-GSF(USD),ตราสารหนี้,บริษัทหลักทรัพย์จัดการกองทุน กสิกรไทย จำกัด,KASIKORN ASSET MANAGEMENT COMPANY LIMITED,ตราสารหนี้,2026-06-12,2026-07-31,2.0,2.0,1.0,0.0,,
M0258_2558,C0000000569,main,main,ONE-ACTIVE6/2,ผสม,บริษัทหลักทรัพย์จัดการกองทุน วรรณ จำกัด,ONE ASSET MANAGEMENT LIMITED,ผสม,2015-05-15,2026-07-31,131.0,135.0,0.9703703703703703,1.0,2024-07,2024-10
M0257_2552,C0000005022,ASP-S&P500-A,ASP-S&P500-A,ASP-S&P500,ตราสารทุน,บริษัทหลักทรัพย์จัดการกองทุน แอสเซท พลัส จำกัด,ASSET PLUS FUND MANAGEMENT COMPANY LIMITED,ตราสารทุน,2024-11-21,2026-07-31,21.0,21.0,1.0,0.0,,
M0570_2567,C0000006646,main,main,LHSBUSD6M1,ตราสารหนี้,บริษัทหลักทรัพย์จัดการกองทุน แลนด์ แอนด์ เฮ้าส์ จำกัด,LAND AND HOUSES FUND MANAGEMENT COMPANY LIMITED,ตราสารหนี้,2026-06-16,2026-08-03,3.0,3.0,1.0,0.0,,
M0144_2569,C0000000623,main,main,UIFT-USD,ผสม,บริษัทหลักทรัพย์จัดการกองทุน ยูโอบี (ประเทศไทย) จำกัด,UOB ASSET MANAGEMENT (THAILAND) COMPANY LIMITED,ผสม,2026-02-26,2026-07-31,6.0,6.0,1.0,0.0,,
M0295_2564,C0000000239,main,main,SCBRMCTECH,ตราสารทุน,บริษัทหลักทรัพย์จัดการกองทุน ไทยพาณิชย์ จำกัด,SCB ASSET MANAGEMENT COMPANY LIMITED,ตราสารทุน,2021-08-31,2026-07-31,56.0,60.0,0.9333333333333333,1.0,2024-07,2024-10
M1094_2568,C0000005022,main,main,ASP-USDL,ตราสารหนี้,บริษัทหลักทรัพย์จัดการกองทุน แอสเซท พลัส จำกัด,ASSET PLUS FUND MANAGEMENT COMPANY LIMITED,ตราสารหนี้,2025-12-23,2026-07-31,8.0,8.0,1.0,0.0,,
M0298_2549,C0000000023,main,main,HAPPY D5,ผสม,บริษัทหลักทรัพย์จัดการกองทุน เอ็มเอฟซี จำกัด (มหาชน),MFC ASSET MANAGEMENT PUBLIC COMPANY LIMITED ,ผสม,2015-01-05,2026-08-03,136.0,140.0,0.9714285714285714,1.0,2024-07,2024-10
M0362_2558,C0000033452,main,main,ES-HEALTHCARE,ตราสารทุน,บริษัทหลักทรัพย์จัดการกองทุน อีสท์สปริง (ประเทศไทย) จำกัด,EASTSPRING ASSET MANAGEMENT (THAILAND) COMPANY LIMITED,ตราสารทุน,2015-07-06,2026-07-31,129.0,133.0,0.9699248120300752,1.0,2024-07,2024-10
M0570_2569,C0000000623,main,main,UGUSD6M18,ตราสารหนี้,บริษัทหลักทรัพย์จัดการกองทุน ยูโอบี (ประเทศไทย) จำกัด,UOB ASSET MANAGEMENT (THAILAND) COMPANY LIMITED,ตราสารหนี้,2026-06-30,2026-08-03,3.0,3.0,1.0,0.0,,
M1112_2557,C0000000023,main,main,M-FLEX,ผสม,บริษัทหลักทรัพย์จัดการกองทุน เอ็มเอฟซี จำกัด (มหาชน),MFC ASSET MANAGEMENT PUBLIC COMPANY LIMITED ,ผสม,2015-06-10,2026-07-31,130.0,134.0,0.9701492537313433,1.0,2024-07,2024-10
M0256_2564,C0000000021,main,main,K-ASIAX,ตราสารทุน,บริษัทหลักทรัพย์จัดการกองทุน กสิกรไทย จำกัด,KASIKORN ASSET MANAGEMENT COMPANY LIMITED,ตราสารทุน,2021-07-05,2026-07-31,57.0,61.0,0.9344262295081968,1.0,2024-07,2024-10
M0706_2569,C0000000021,main,main,K-GB6MDH,ตราสารหนี้,บริษัทหลักทรัพย์จัดการกองทุน กสิกรไทย จำกัด,KASIKORN ASSET MANAGEMENT COMPANY LIMITED,ตราสารหนี้,2026-07-02,2026-07-31,1.0,1.0,1.0,0.0,,
M0805_2554,C0000005531,main,main,PRINCIPAL BARMF,ผสม,บริษัทหลักทรัพย์จัดการกองทุน พรินซิเพิล จำกัด,PRINCIPAL ASSET MANAGEMENT COMPANY LIMITED,ผสม,2015-01-05,2026-07-31,135.0,139.0,0.9712230215827338,1.0,2024-07,2024-10
M0034_2538,C0000000329,main,main,BBASIC,ตราสารทุน,บริษัทหลักทรัพย์จัดการกองทุนรวม  บัวหลวง จำกัด,BBL ASSET MANAGEMENT COMPANY LIMITED,ตราสารทุน,2015-01-05,2026-08-03,130.0,140.0,0.9285714285714286,2.0,2017-03,2017-08
M0027_2563,C0000028866,DAOL-TRBOND-A,DAOL-TRBOND-A,DAOL-TRBOND,ตราสารหนี้,บริษัทหลักทรัพย์จัดการกองทุน ดาโอ จำกัด,DAOL INVESTMENT MANAGEMENT COMPANY LIMITED,ตราสารหนี้,2020-03-12,2026-06-18,72.0,76.0,0.9473684210526315,1.0,2024-07,2024-10
M0729_2569,C0000024008,main,main,TLCOREWEALTHRMF,ผสม,บริษัทหลักทรัพย์จัดการกองทุน ทาลิส จำกัด,TALIS ASSET MANAGEMENT COMPANY LIMITED,ผสม,2026-07-22,2026-07-31,1.0,1.0,1.0,0.0,,
M0770_2546,C0000000709,main,main,KFSEQ,ตราสารทุน,บริษัทหลักทรัพย์จัดการกองทุน กรุงศรี จำกัด,KRUNGSRI ASSET MANAGEMENT COMPANY LIMITED,ตราสารทุน,2015-01-05,2026-08-03,136.0,140.0,0.9714285714285714,1.0,2024-07,2024-10
M0568_2566,C0000028866,main,main,DAOL-BOND3M,ตราสารหนี้,บริษัทหลักทรัพย์จัดการกองทุน ดาโอ จำกัด,DAOL INVESTMENT MANAGEMENT COMPANY LIMITED,ตราสารหนี้,2023-09-18,2026-07-31,32.0,35.0,0.9142857142857143,1.0,2024-07,2024-09
M0071_2549,C0000000023,main,main,MGS,ผสม,บริษัทหลักทรัพย์จัดการกองทุน เอ็มเอฟซี จำกัด (มหาชน),MFC ASSET MANAGEMENT PUBLIC COMPANY LIMITED ,ผสม,2015-01-05,2026-07-31,135.0,139.0,0.9712230215827338,1.0,2024-07,2024-10
M0297_2568,C0000000329,main,main,B-CNA500P,ตราสารทุน,บริษัทหลักทรัพย์จัดการกองทุนรวม  บัวหลวง จำกัด,BBL ASSET MANAGEMENT COMPANY LIMITED,ตราสารทุน,2025-06-13,2026-08-03,15.0,15.0,1.0,0.0,,
M0043_2569,C0000033452,main,main,ES-FGOVUSD6M1,ตราสารหนี้,บริษัทหลักทรัพย์จัดการกองทุน อีสท์สปริง (ประเทศไทย) จำกัด,EASTSPRING ASSET MANAGEMENT (THAILAND) COMPANY LIMITED,ตราสารหนี้,,,,,,,,
M0465_2568,C0000006122,P-MESGX-N,P-MESGX-N,P-MESGX,ผสม,บริษัทหลักทรัพย์จัดการกองทุนรวม  ฟิลลิป จำกัด,PHILLIP ASSET MANAGEMENT COMPANY LIMITED,ผสม,2025-05-09,2026-08-03,16.0,16.0,1.0,0.0,,
M0413_2548,C0000000290,ABSM,ABSM,ABSM-M,ตราสารทุน,บริษัทหลักทรัพย์จัดการกองทุน อเบอร์ดีน (ประเทศไทย) จำกัด,ABERDEEN ASSET MANAGEMENT (THAILAND) LIMITED,ตราสารทุน,2015-01-05,2026-08-03,136.0,140.0,0.9714285714285714,1.0,2024-07,2024-10
M0463_2569,C0000033452,main,main,ES-USDPRIME,ตราสารหนี้,บริษัทหลักทรัพย์จัดการกองทุน อีสท์สปริง (ประเทศไทย) จำกัด,EASTSPRING ASSET MANAGEMENT (THAILAND) COMPANY LIMITED,ตราสารหนี้,,,,,,,,
M0643_2568,C0000005022,main,main,ASP-PHF-UI,ผสม,บริษัทหลักทรัพย์จัดการกองทุน แอสเซท พลัส จำกัด,ASSET PLUS FUND MANAGEMENT COMPANY LIMITED,ผสม,2025-09-29,2026-06-02,10.0,10.0,1.0,0.0,,
M0023_2540,C0000000709,main,main,KFSEQ-D,ตราสารทุน,บริษัทหลักทรัพย์จัดการกองทุน กรุงศรี จำกัด,KRUNGSRI ASSET MANAGEMENT COMPANY LIMITED,ตราสารทุน,2015-01-05,2026-08-03,136.0,140.0,0.9714285714285714,1.0,2024-07,2024-10
M0856_2567,C0000005022,main,main,ASP-MILLENNIUM-UI,ผสม,บริษัทหลักทรัพย์จัดการกองทุน แอสเซท พลัส จำกัด,ASSET PLUS FUND MANAGEMENT COMPANY LIMITED,ผสม,2024-12-30,2026-06-02,18.0,19.0,0.9473684210526315,1.0,2025-12,2025-12
M0200_2563,C0000000023,MGFGA,MGFGA,MGF,ตราสารทุน,บริษัทหลักทรัพย์จัดการกองทุน เอ็มเอฟซี จำกัด (มหาชน),MFC ASSET MANAGEMENT PUBLIC COMPANY LIMITED ,ตราสารทุน,2020-12-08,2026-07-31,64.0,68.0,0.9411764705882353,1.0,2024-07,2024-10
M0668_2558,C0000000021,main,main,K-EUX,ตราสารทุน,บริษัทหลักทรัพย์จัดการกองทุน กสิกรไทย จำกัด,KASIKORN ASSET MANAGEMENT COMPANY LIMITED,ตราสารทุน,2016-04-29,2026-07-31,120.0,124.0,0.967741935483871,1.0,2024-07,2024-10
M0005_2564,C0000000023,main,main,MFTECH,ตราสารทุน,บริษัทหลักทรัพย์จัดการกองทุน เอ็มเอฟซี จำกัด (มหาชน),MFC ASSET MANAGEMENT PUBLIC COMPANY LIMITED ,ตราสารทุน,2021-02-23,2026-07-31,62.0,66.0,0.9393939393939394,1.0,2024-07,2024-10
M0162_2564,C0000000239,SCBINNO(A),SCBINNO(A),SCBINNO,ตราสารทุน,บริษัทหลักทรัพย์จัดการกองทุน ไทยพาณิชย์ จำกัด,SCB ASSET MANAGEMENT COMPANY LIMITED,ตราสารทุน,2021-08-20,2026-07-31,56.0,60.0,0.9333333333333333,1.0,2024-07,2024-10
M0775_2554,C0000000329,main,main,B-SM-RMF,ตราสารทุน,บริษัทหลักทรัพย์จัดการกองทุนรวม  บัวหลวง จำกัด,BBL ASSET MANAGEMENT COMPANY LIMITED,ตราสารทุน,2015-01-05,2026-08-03,130.0,140.0,0.9285714285714286,2.0,2017-03,2017-08
M0694_2559,C0000005531,PRINCIPAL TDIF-A,PRINCIPAL TDIF-A,PRINCIPAL TDIF,ตราสารทุน,บริษัทหลักทรัพย์จัดการกองทุน พรินซิเพิล จำกัด,PRINCIPAL ASSET MANAGEMENT COMPANY LIMITED,ตราสารทุน,,,,,,,,
M0530_2546,C0000000709,main,main,KFDYNAMIC,ตราสารทุน,บริษัทหลักทรัพย์จัดการกองทุน กรุงศรี จำกัด,KRUNGSRI ASSET MANAGEMENT COMPANY LIMITED,ตราสารทุน,2015-01-05,2026-08-03,136.0,140.0,0.9714285714285714,1.0,2024-07,2024-10
M0348_2561,C0000000239,SCBLTSET(E),SCBLTSET(E),SCBLTSET,ตราสารทุน,บริษัทหลักทรัพย์จัดการกองทุน ไทยพาณิชย์ จำกัด,SCB ASSET MANAGEMENT COMPANY LIMITED,ตราสารทุน,,,,,,,,
M0416_2564,C0000000329,main,main,B-USALPHARMF,ตราสารทุน,บริษัทหลักทรัพย์จัดการกองทุนรวม  บัวหลวง จำกัด,BBL ASSET MANAGEMENT COMPANY LIMITED,ตราสารทุน,2021-12-02,2026-07-30,52.0,56.0,0.9285714285714286,1.0,2024-07,2024-10
M0112_2565,C0000006646,LHGEQP-A,LHGEQP-A,LHGEQP,ตราสารทุน,บริษัทหลักทรัพย์จัดการกองทุน แลนด์ แอนด์ เฮ้าส์ จำกัด,LAND AND HOUSES FUND MANAGEMENT COMPANY LIMITED,ตราสารทุน,2022-06-21,2026-07-31,46.0,50.0,0.92,1.0,2024-07,2024-10
M0298_2561,C0000005022,main,main,ASP-VIETRMF,ตราสารทุน,บริษัทหลักทรัพย์จัดการกองทุน แอสเซท พลัส จำกัด,ASSET PLUS FUND MANAGEMENT COMPANY LIMITED,ตราสารทุน,2018-09-19,2026-08-03,92.0,96.0,0.9583333333333334,1.0,2024-07,2024-10
M0625_2563,C0000000329,main,main,BCAP-CLEAN,ตราสารทุน,บริษัทหลักทรัพย์จัดการกองทุนรวม  บัวหลวง จำกัด,BBL ASSET MANAGEMENT COMPANY LIMITED,ตราสารทุน,2021-07-06,2026-07-30,57.0,61.0,0.9344262295081968,1.0,2024-07,2024-10
M0135_2566,C0000000324,TNASDAQ-A,TNASDAQ-A,TNASDAQ,ตราสารทุน,บริษัทหลักทรัพย์จัดการกองทุน ทิสโก้,TISCO ASSET MANAGEMENT COMPANY LIMITED,ตราสารทุน,2023-05-18,2026-07-31,35.0,39.0,0.8974358974358975,1.0,2024-07,2024-10
M0211_2564,C0000000239,SCBIHEALT(SSFE),SCBIHEALT(SSFE),SCBIHEALTH,ตราสารทุน,บริษัทหลักทรัพย์จัดการกองทุน ไทยพาณิชย์ จำกัด,SCB ASSET MANAGEMENT COMPANY LIMITED,ตราสารทุน,2022-06-10,2026-07-30,46.0,50.0,0.92,1.0,2024-07,2024-10
M0475_2560,C0000000709,KFTSTAR2-D,KFTSTAR2-D,KFTSTAR2,ตราสารทุน,บริษัทหลักทรัพย์จัดการกองทุน กรุงศรี จำกัด,KRUNGSRI ASSET MANAGEMENT COMPANY LIMITED,ตราสารทุน,2017-10-10,2026-08-03,9.0,107.0,0.08411214953271028,1.0,2017-11,2025-12
M0088_2562,C0000000569,main,main,ONE-GECOM,ตราสารทุน,บริษัทหลักทรัพย์จัดการกองทุน วรรณ จำกัด,ONE ASSET MANAGEMENT LIMITED,ตราสารทุน,2019-03-27,2026-07-31,85.0,89.0,0.9550561797752809,1.0,2024-07,2024-10
M0364_2561,C0000005022,main,main,ASP-EVOCHINA,ตราสารทุน,บริษัทหลักทรัพย์จัดการกองทุน แอสเซท พลัส จำกัด,ASSET PLUS FUND MANAGEMENT COMPANY LIMITED,ตราสารทุน,2018-11-06,2026-07-31,89.0,93.0,0.956989247311828,1.0,2024-07,2024-10
M0014_2537,C0000000329,main,main,BTK,ตราสารทุน,บริษัทหลักทรัพย์จัดการกองทุนรวม  บัวหลวง จำกัด,BBL ASSET MANAGEMENT COMPANY LIMITED,ตราสารทุน,2015-01-05,2026-08-03,130.0,140.0,0.9285714285714286,2.0,2017-03,2017-08
M0762_2558,C0000005531,main,main,PRINCIPAL GIF,ตราสารทุน,บริษัทหลักทรัพย์จัดการกองทุน พรินซิเพิล จำกัด,PRINCIPAL ASSET MANAGEMENT COMPANY LIMITED,ตราสารทุน,2016-02-05,2026-07-31,122.0,126.0,0.9682539682539683,1.0,2024-07,2024-10
M0252_2562,C0000028866,main,main,DAOL-GTECH,ตราสารทุน,บริษัทหลักทรัพย์จัดการกองทุน ดาโอ จำกัด,DAOL INVESTMENT MANAGEMENT COMPANY LIMITED,ตราสารทุน,2019-08-08,2026-07-30,80.0,84.0,0.9523809523809523,1.0,2024-07,2024-10
M0010_2562,C0000000324,main,main,TGHDIGI,ตราสารทุน,บริษัทหลักทรัพย์จัดการกองทุน ทิสโก้,TISCO ASSET MANAGEMENT COMPANY LIMITED,ตราสารทุน,2019-03-01,2026-07-30,85.0,89.0,0.9550561797752809,1.0,2024-07,2024-10
M0586_2560,C0000000460,main,main,KT-CHINA RMF,ตราสารทุน,บริษัทหลักทรัพย์จัดการกองทุน กรุงไทย จำกัด (มหาชน),KRUNG THAI ASSET MANAGEMENT PUBLIC COMPANY LIMITED ,ตราสารทุน,2017-11-28,2026-07-31,101.0,105.0,0.9619047619047619,1.0,2024-07,2024-10
M0311_2563,C0000005531,PRINCIPAL GEDTECH-A,PRINCIPAL GEDTECH-A,PRINCIPAL GEDTECH,ตราสารทุน,บริษัทหลักทรัพย์จัดการกองทุน พรินซิเพิล จำกัด,PRINCIPAL ASSET MANAGEMENT COMPANY LIMITED,ตราสารทุน,2020-07-03,2026-07-31,69.0,73.0,0.9452054794520548,1.0,2024-07,2024-10
M1080_2557,C0000000239,SCBMSE,SCBMSE,SCBMSEFUND,ตราสารทุน,บริษัทหลักทรัพย์จัดการกองทุน ไทยพาณิชย์ จำกัด,SCB ASSET MANAGEMENT COMPANY LIMITED,ตราสารทุน,2015-01-21,2026-08-03,136.0,140.0,0.9714285714285714,1.0,2024-07,2024-10
M0593_2552,C0000000239,SCBENERGY,SCBENERGY,SCBENERGYFUND,ตราสารทุน,บริษัทหลักทรัพย์จัดการกองทุน ไทยพาณิชย์ จำกัด,SCB ASSET MANAGEMENT COMPANY LIMITED,ตราสารทุน,2015-01-05,2026-08-03,136.0,140.0,0.9714285714285714,1.0,2024-07,2024-10
M0250_2564,C0000000290,ABGDD-A,ABGDD-A,ABGDD-M,ตราสารทุน,บริษัทหลักทรัพย์จัดการกองทุน อเบอร์ดีน (ประเทศไทย) จำกัด,ABERDEEN ASSET MANAGEMENT (THAILAND) LIMITED,ตราสารทุน,2021-09-14,2026-07-31,55.0,59.0,0.9322033898305084,1.0,2024-07,2024-10
M0585_2563,C0000006646,LHINNO-A,LHINNO-A,LHINNO,ตราสารทุน,บริษัทหลักทรัพย์จัดการกองทุน แลนด์ แอนด์ เฮ้าส์ จำกัด,LAND AND HOUSES FUND MANAGEMENT COMPANY LIMITED,ตราสารทุน,2021-01-20,2026-07-31,63.0,67.0,0.9402985074626866,1.0,2024-07,2024-10
M0157_2563,C0000000460,KTESGS-SSF,KTESGS-SSF,KTESGS,ตราสารทุน,บริษัทหลักทรัพย์จัดการกองทุน กรุงไทย จำกัด (มหาชน),KRUNG THAI ASSET MANAGEMENT PUBLIC COMPANY LIMITED ,ตราสารทุน,2020-06-29,2026-08-03,71.0,75.0,0.9466666666666667,1.0,2024-07,2024-10
M0113_2556,C0000006646,LHGROWTH-A,LHGROWTH-A,LHGROWTH,ตราสารทุน,บริษัทหลักทรัพย์จัดการกองทุน แลนด์ แอนด์ เฮ้าส์ จำกัด,LAND AND HOUSES FUND MANAGEMENT COMPANY LIMITED,ตราสารทุน,2015-01-05,2026-08-03,136.0,140.0,0.9714285714285714,1.0,2024-07,2024-10
M0070_2544,C0000000569,V-RMF-A,V-RMF-A,V-RMF,ตราสารทุน,บริษัทหลักทรัพย์จัดการกองทุน วรรณ จำกัด,ONE ASSET MANAGEMENT LIMITED,ตราสารทุน,2015-01-05,2026-08-03,136.0,140.0,0.9714285714285714,1.0,2024-07,2024-10
M0965_2567,C0000005025,KKP EWUS500-UH,KKP EWUS500-UH,KKP EWUS500-UH FUND,ตราสารทุน,บริษัทหลักทรัพย์จัดการกองทุน เกียรตินาคินภัทร จำกัด,KIATNAKIN PHATRA ASSET MANAGEMENT COMPANY LIMITED,ตราสารทุน,2024-12-03,2026-07-31,20.0,20.0,1.0,0.0,,
M0082_2569,C0000000709,KF-WORLD-INDFX-A,KF-WORLD-INDFX-A,KF-WORLD-INDFX,ตราสารทุน,บริษัทหลักทรัพย์จัดการกองทุน กรุงศรี จำกัด,KRUNGSRI ASSET MANAGEMENT COMPANY LIMITED,ตราสารทุน,2026-02-23,2026-07-31,6.0,6.0,1.0,0.0,,
M0860_2548,C0000000623,UBIG CAP-DIV-D,UBIG CAP-DIV-D,UBIG CAP-DIV-M,ตราสารทุน,บริษัทหลักทรัพย์จัดการกองทุน ยูโอบี (ประเทศไทย) จำกัด,UOB ASSET MANAGEMENT (THAILAND) COMPANY LIMITED,ตราสารทุน,,,,,,,,
M0253_2558,C0000000021,main,main,K-INDX,ตราสารทุน,บริษัทหลักทรัพย์จัดการกองทุน กสิกรไทย จำกัด,KASIKORN ASSET MANAGEMENT COMPANY LIMITED,ตราสารทุน,2015-08-28,2026-07-31,128.0,132.0,0.9696969696969697,1.0,2024-07,2024-10
M0082_2563,C0000000709,main,main,KFDIVSSF,ตราสารทุน,บริษัทหลักทรัพย์จัดการกองทุน กรุงศรี จำกัด,KRUNGSRI ASSET MANAGEMENT COMPANY LIMITED,ตราสารทุน,2020-04-21,2026-08-03,73.0,77.0,0.948051948051948,1.0,2024-07,2024-10
M0014_2564,C0000000623,UEV,UEV,UEV-M,ตราสารทุน,บริษัทหลักทรัพย์จัดการกองทุน ยูโอบี (ประเทศไทย) จำกัด,UOB ASSET MANAGEMENT (THAILAND) COMPANY LIMITED,ตราสารทุน,2021-03-05,2026-07-31,61.0,65.0,0.9384615384615385,1.0,2024-07,2024-10
M0280_2562,C0000000623,main,main,UCHINARMF,ตราสารทุน,บริษัทหลักทรัพย์จัดการกองทุน ยูโอบี (ประเทศไทย) จำกัด,UOB ASSET MANAGEMENT (THAILAND) COMPANY LIMITED,ตราสารทุน,2019-08-01,2026-07-31,80.0,84.0,0.9523809523809523,1.0,2024-07,2024-10
M0561_2569,C0000006646,main,main,LHDRAM,ตราสารทุน,บริษัทหลักทรัพย์จัดการกองทุน แลนด์ แอนด์ เฮ้าส์ จำกัด,LAND AND HOUSES FUND MANAGEMENT COMPANY LIMITED,ตราสารทุน,2026-06-08,2026-07-31,2.0,2.0,1.0,0.0,,
M0980_2556,C0000000460,main,main,KT-EUROSM,ตราสารทุน,บริษัทหลักทรัพย์จัดการกองทุน กรุงไทย จำกัด (มหาชน),KRUNG THAI ASSET MANAGEMENT PUBLIC COMPANY LIMITED ,ตราสารทุน,2015-01-05,2026-07-31,135.0,139.0,0.9712230215827338,1.0,2024-07,2024-10
M0030_2563,C0000000324,main,main,TBIOTECH,ตราสารทุน,บริษัทหลักทรัพย์จัดการกองทุน ทิสโก้,TISCO ASSET MANAGEMENT COMPANY LIMITED,ตราสารทุน,2020-03-12,2026-07-30,73.0,77.0,0.948051948051948,1.0,2024-07,2024-10
M0214_2554,C0000000460,main,main,KT-AGRIANDFOOD,ตราสารทุน,บริษัทหลักทรัพย์จัดการกองทุน กรุงไทย จำกัด (มหาชน),KRUNG THAI ASSET MANAGEMENT PUBLIC COMPANY LIMITED ,ตราสารทุน,2015-01-05,2026-07-31,135.0,139.0,0.9712230215827338,1.0,2024-07,2024-10
M0529_2562,C0000000239,SCBLARGEA,SCBLARGEA,SCBLARGE,ตราสารทุน,บริษัทหลักทรัพย์จัดการกองทุน ไทยพาณิชย์ จำกัด,SCB ASSET MANAGEMENT COMPANY LIMITED,ตราสารทุน,2019-12-19,2026-08-03,77.0,81.0,0.9506172839506173,1.0,2024-07,2024-10
M0075_2564,C0000000709,KFINNO-A,KFINNO-A,KFINNO,ตราสารทุน,บริษัทหลักทรัพย์จัดการกองทุน กรุงศรี จำกัด,KRUNGSRI ASSET MANAGEMENT COMPANY LIMITED,ตราสารทุน,2021-03-22,2026-07-31,61.0,65.0,0.9384615384615385,1.0,2024-07,2024-10
M0747_2565,C0000000460,KT-GREEN-A,KT-GREEN-A,KT-GREEN,ตราสารทุน,บริษัทหลักทรัพย์จัดการกองทุน กรุงไทย จำกัด (มหาชน),KRUNG THAI ASSET MANAGEMENT PUBLIC COMPANY LIMITED ,ตราสารทุน,2023-01-20,2026-07-31,39.0,43.0,0.9069767441860465,1.0,2024-07,2024-10
M0124_2558,C0000000460,KT-ASEAN-A,KT-ASEAN-A,KT-ASEAN,ตราสารทุน,บริษัทหลักทรัพย์จัดการกองทุน กรุงไทย จำกัด (มหาชน),KRUNG THAI ASSET MANAGEMENT PUBLIC COMPANY LIMITED ,ตราสารทุน,2015-04-01,2026-07-31,132.0,136.0,0.9705882352941176,1.0,2024-07,2024-10
M0791_2556,C0000005531,PRINCIPAL JEQ-A,PRINCIPAL JEQ-A,PRINCIPAL JEQ,ตราสารทุน,บริษัทหลักทรัพย์จัดการกองทุน พรินซิเพิล จำกัด,PRINCIPAL ASSET MANAGEMENT COMPANY LIMITED,ตราสารทุน,2015-01-05,2026-07-31,135.0,139.0,0.9712230215827338,1.0,2024-07,2024-10
M0146_2549,C0000005022,main,main,ASP-NGF,ตราสารทุน,บริษัทหลักทรัพย์จัดการกองทุน แอสเซท พลัส จำกัด,ASSET PLUS FUND MANAGEMENT COMPANY LIMITED,ตราสารทุน,2015-01-05,2026-07-30,135.0,139.0,0.9712230215827338,1.0,2024-07,2024-10
M0869_2557,C0000000460,main,main,KT-WEQ RMF,ตราสารทุน,บริษัทหลักทรัพย์จัดการกองทุน กรุงไทย จำกัด (มหาชน),KRUNG THAI ASSET MANAGEMENT PUBLIC COMPANY LIMITED ,ตราสารทุน,2015-01-05,2026-07-31,135.0,139.0,0.9712230215827338,1.0,2024-07,2024-10
M0309_2556,C0000000709,main,main,KF-EUROPE,ตราสารทุน,บริษัทหลักทรัพย์จัดการกองทุน กรุงศรี จำกัด,KRUNGSRI ASSET MANAGEMENT COMPANY LIMITED,ตราสารทุน,2015-01-05,2026-07-31,135.0,139.0,0.9712230215827338,1.0,2024-07,2024-10
M0024_2535,C0000033452,main,main,ES-PPSD,ตราสารทุน,บริษัทหลักทรัพย์จัดการกองทุน อีสท์สปริง (ประเทศไทย) จำกัด,EASTSPRING ASSET MANAGEMENT (THAILAND) COMPANY LIMITED,ตราสารทุน,2015-01-05,2026-08-03,136.0,140.0,0.9714285714285714,1.0,2024-07,2024-10
M0615_2555,C0000000623,main,main,VFOCUS-D,ตราสารทุน,บริษัทหลักทรัพย์จัดการกองทุน ยูโอบี (ประเทศไทย) จำกัด,UOB ASSET MANAGEMENT (THAILAND) COMPANY LIMITED,ตราสารทุน,2015-01-05,2026-08-03,136.0,140.0,0.9714285714285714,1.0,2024-07,2024-10
M0462_2560,C0000000239,SCBTHAICGA,SCBTHAICGA,SCBTHAICG,ตราสารทุน,บริษัทหลักทรัพย์จัดการกองทุน ไทยพาณิชย์ จำกัด,SCB ASSET MANAGEMENT COMPANY LIMITED,ตราสารทุน,2017-09-19,2026-08-03,104.0,108.0,0.9629629629629629,1.0,2024-07,2024-10
M0774_2554,C0000000290,main,main,ABAPAC-RMF,ตราสารทุน,บริษัทหลักทรัพย์จัดการกองทุน อเบอร์ดีน (ประเทศไทย) จำกัด,ABERDEEN ASSET MANAGEMENT (THAILAND) LIMITED,ตราสารทุน,2015-01-05,2026-07-31,135.0,139.0,0.9712230215827338,1.0,2024-07,2024-10
M0419_2568,C0000033452,ES-DIVTHAIESGX-68A,ES-DIVTHAIESGX-68A,ES-DIVTHAIESGX,ตราสารทุน,บริษัทหลักทรัพย์จัดการกองทุน อีสท์สปริง (ประเทศไทย) จำกัด,EASTSPRING ASSET MANAGEMENT (THAILAND) COMPANY LIMITED,ตราสารทุน,2025-05-09,2026-08-03,16.0,16.0,1.0,0.0,,
M0591_2562,C0000000460,KT-ESG-A,KT-ESG-A,KT-ESG,ตราสารทุน,บริษัทหลักทรัพย์จัดการกองทุน กรุงไทย จำกัด (มหาชน),KRUNG THAI ASSET MANAGEMENT PUBLIC COMPANY LIMITED ,ตราสารทุน,2019-10-29,2026-08-03,79.0,83.0,0.9518072289156626,1.0,2024-07,2024-10
M0400_2564,C0000005025,main,main,KKP PGE RMF-H,ตราสารทุน,บริษัทหลักทรัพย์จัดการกองทุน เกียรตินาคินภัทร จำกัด,KIATNAKIN PHATRA ASSET MANAGEMENT COMPANY LIMITED,ตราสารทุน,2021-11-25,2026-07-31,53.0,57.0,0.9298245614035088,1.0,2024-07,2024-10
M0605_2567,C0000005025,KKP TECH-UH,KKP TECH-UH,KKP TECH-UH FUND,ตราสารทุน,บริษัทหลักทรัพย์จัดการกองทุน เกียรตินาคินภัทร จำกัด,KIATNAKIN PHATRA ASSET MANAGEMENT COMPANY LIMITED,ตราสารทุน,2024-11-14,2026-07-31,21.0,21.0,1.0,0.0,,
M0530_2564,C0000005025,KKP NDQ100-H,KKP NDQ100-H,KKP NDQ100-H FUND,ตราสารทุน,บริษัทหลักทรัพย์จัดการกองทุน เกียรตินาคินภัทร จำกัด,KIATNAKIN PHATRA ASSET MANAGEMENT COMPANY LIMITED,ตราสารทุน,2022-01-31,2026-07-31,51.0,55.0,0.9272727272727272,1.0,2024-07,2024-10
M0301_2554,C0000000709,KFUS-A,KFUS-A,KFUS,ตราสารทุน,บริษัทหลักทรัพย์จัดการกองทุน กรุงศรี จำกัด,KRUNGSRI ASSET MANAGEMENT COMPANY LIMITED,ตราสารทุน,2015-01-05,2026-07-30,135.0,139.0,0.9712230215827338,1.0,2024-07,2024-10
M0595_2565,C0000024008,MEGA10-A,MEGA10-A,MEGA10,ตราสารทุน,บริษัทหลักทรัพย์จัดการกองทุน ทาลิส จำกัด,TALIS ASSET MANAGEMENT COMPANY LIMITED,ตราสารทุน,2022-12-21,2026-07-31,40.0,44.0,0.9090909090909091,1.0,2024-07,2024-10
M1015_2567,C0000005025,KKP VIETNAM,KKP VIETNAM,KKP VIETNAM FUND,ตราสารทุน,บริษัทหลักทรัพย์จัดการกองทุน เกียรตินาคินภัทร จำกัด,KIATNAKIN PHATRA ASSET MANAGEMENT COMPANY LIMITED,ตราสารทุน,2025-07-31,2026-08-03,14.0,14.0,1.0,0.0,,
M0037_2536,C0000000021,K-STEQ-A(A),K-STEQ-A(A),K-STEQ,ตราสารทุน,บริษัทหลักทรัพย์จัดการกองทุน กสิกรไทย จำกัด,KASIKORN ASSET MANAGEMENT COMPANY LIMITED,ตราสารทุน,2015-01-05,2026-08-03,136.0,140.0,0.9714285714285714,1.0,2024-07,2024-10
M0249_2563,C0000000023,main,main,MGTECH,ตราสารทุน,บริษัทหลักทรัพย์จัดการกองทุน เอ็มเอฟซี จำกัด (มหาชน),MFC ASSET MANAGEMENT PUBLIC COMPANY LIMITED ,ตราสารทุน,2020-10-28,2026-07-31,66.0,70.0,0.9428571428571428,1.0,2024-07,2024-10
M0463_2564,C0000005025,main,main,KKP TECH RMF-H,ตราสารทุน,บริษัทหลักทรัพย์จัดการกองทุน เกียรตินาคินภัทร จำกัด,KIATNAKIN PHATRA ASSET MANAGEMENT COMPANY LIMITED,ตราสารทุน,2021-11-25,2026-07-31,53.0,57.0,0.9298245614035088,1.0,2024-07,2024-10
M0096_2545,C0000000324,TEGRMF-A,TEGRMF-A,TEGRMF,ตราสารทุน,บริษัทหลักทรัพย์จัดการกองทุน ทิสโก้,TISCO ASSET MANAGEMENT COMPANY LIMITED,ตราสารทุน,2015-01-05,2026-08-03,136.0,140.0,0.9714285714285714,1.0,2024-07,2024-10
M0305_2566,C0000000709,KFCSI300-A,KFCSI300-A,KFCSI300,ตราสารทุน,บริษัทหลักทรัพย์จัดการกองทุน กรุงศรี จำกัด,KRUNGSRI ASSET MANAGEMENT COMPANY LIMITED,ตราสารทุน,2023-07-03,2026-08-03,34.0,38.0,0.8947368421052632,1.0,2024-07,2024-10
M0192_2559,C0000000021,main,main,K-GIFRMF,ตราสารทุน,บริษัทหลักทรัพย์จัดการกองทุน กสิกรไทย จำกัด,KASIKORN ASSET MANAGEMENT COMPANY LIMITED,ตราสารทุน,2016-05-31,2026-07-31,115.0,123.0,0.9349593495934959,1.0,2024-07,2025-02
M0207_2549,C0000000239,SCBPGF,SCBPGF,SCBPGFUND,ตราสารทุน,บริษัทหลักทรัพย์จัดการกองทุน ไทยพาณิชย์ จำกัด,SCB ASSET MANAGEMENT COMPANY LIMITED,ตราสารทุน,2015-01-05,2026-07-30,135.0,139.0,0.9712230215827338,1.0,2024-07,2024-10
M0793_2567,C0000000324,TDSThaiESG-A,TDSThaiESG-A,TDSThaiESG,ตราสารทุน,บริษัทหลักทรัพย์จัดการกองทุน ทิสโก้,TISCO ASSET MANAGEMENT COMPANY LIMITED,ตราสารทุน,2024-11-21,2026-08-03,22.0,22.0,1.0,0.0,,
M0024_2537,C0000000329,main,main,BKA2,ตราสารทุน,บริษัทหลักทรัพย์จัดการกองทุนรวม  บัวหลวง จำกัด,BBL ASSET MANAGEMENT COMPANY LIMITED,ตราสารทุน,2015-01-05,2026-08-03,130.0,140.0,0.9285714285714286,2.0,2017-03,2017-08
M0182_2565,C0000000239,SCBGQUAL(A),SCBGQUAL(A),SCBGQUAL,ตราสารทุน,บริษัทหลักทรัพย์จัดการกองทุน ไทยพาณิชย์ จำกัด,SCB ASSET MANAGEMENT COMPANY LIMITED,ตราสารทุน,2022-07-05,2026-07-31,45.0,49.0,0.9183673469387755,1.0,2024-07,2024-10
M0909_2555,C0000000239,SCBGEQ,SCBGEQ,SCBGEQFUND,ตราสารทุน,บริษัทหลักทรัพย์จัดการกองทุน ไทยพาณิชย์ จำกัด,SCB ASSET MANAGEMENT COMPANY LIMITED,ตราสารทุน,2015-01-05,2026-07-30,135.0,139.0,0.9712230215827338,1.0,2024-07,2024-10
M0185_2565,C0000000239,SCBGVALUE(A),SCBGVALUE(A),SCBGVALUE,ตราสารทุน,บริษัทหลักทรัพย์จัดการกองทุน ไทยพาณิชย์ จำกัด,SCB ASSET MANAGEMENT COMPANY LIMITED,ตราสารทุน,2022-07-26,2026-07-31,45.0,49.0,0.9183673469387755,1.0,2024-07,2024-10
M0837_2568,C0000000329,main,main,B-USPASSIVERMF,ตราสารทุน,บริษัทหลักทรัพย์จัดการกองทุนรวม  บัวหลวง จำกัด,BBL ASSET MANAGEMENT COMPANY LIMITED,ตราสารทุน,2025-11-11,2026-07-31,9.0,9.0,1.0,0.0,,
M0475_2558,C0000000623,main,main,UHCRMF,ตราสารทุน,บริษัทหลักทรัพย์จัดการกองทุน ยูโอบี (ประเทศไทย) จำกัด,UOB ASSET MANAGEMENT (THAILAND) COMPANY LIMITED,ตราสารทุน,2015-08-10,2026-07-31,128.0,132.0,0.9696969696969697,1.0,2024-07,2024-10
M0170_2564,C0000000329,main,main,B-CHINESSF,ตราสารทุน,บริษัทหลักทรัพย์จัดการกองทุนรวม  บัวหลวง จำกัด,BBL ASSET MANAGEMENT COMPANY LIMITED,ตราสารทุน,2021-07-02,2026-07-31,57.0,61.0,0.9344262295081968,1.0,2024-07,2024-10
M0450_2567,C0000000021,K-GPIN-A(A),K-GPIN-A(A),K-GPIN,ตราสารทุน,บริษัทหลักทรัพย์จัดการกองทุน กสิกรไทย จำกัด,KASIKORN ASSET MANAGEMENT COMPANY LIMITED,ตราสารทุน,2025-06-26,2026-07-31,14.0,14.0,1.0,0.0,,
M0490_2560,C0000000709,main,main,KFSTARRMF,ตราสารทุน,บริษัทหลักทรัพย์จัดการกองทุน กรุงศรี จำกัด,KRUNGSRI ASSET MANAGEMENT COMPANY LIMITED,ตราสารทุน,2017-10-03,2026-08-03,103.0,107.0,0.9626168224299065,1.0,2024-07,2024-10
M0561_2559,C0000005025,KKP SMART MV-L,KKP SMART MV-L,KKP SMART MV-L FUND,ตราสารทุน,บริษัทหลักทรัพย์จัดการกองทุน เกียรตินาคินภัทร จำกัด,KIATNAKIN PHATRA ASSET MANAGEMENT COMPANY LIMITED,ตราสารทุน,2025-12-26,2026-08-03,9.0,9.0,1.0,0.0,,
M0478_2559,C0000033452,main,main,ES-LOWBETADIV,ตราสารทุน,บริษัทหลักทรัพย์จัดการกองทุน อีสท์สปริง (ประเทศไทย) จำกัด,EASTSPRING ASSET MANAGEMENT (THAILAND) COMPANY LIMITED,ตราสารทุน,2016-10-03,2026-08-03,102.0,119.0,0.8571428571428571,1.0,2024-07,2025-11
M0594_2567,C0000000709,KFUSINDFX-A,KFUSINDFX-A,KFUSINDFX,ตราสารทุน,บริษัทหลักทรัพย์จัดการกองทุน กรุงศรี จำกัด,KRUNGSRI ASSET MANAGEMENT COMPANY LIMITED,ตราสารทุน,2024-11-14,2026-07-31,21.0,21.0,1.0,0.0,,
M0698_2567,C0000000329,main,main,B-EQ-THAIESG,ตราสารทุน,บริษัทหลักทรัพย์จัดการกองทุนรวม  บัวหลวง จำกัด,BBL ASSET MANAGEMENT COMPANY LIMITED,ตราสารทุน,2024-11-15,2026-08-03,22.0,22.0,1.0,0.0,,
M0772_2557,C0000000329,main,main,B-NIPPON,ตราสารทุน,บริษัทหลักทรัพย์จัดการกองทุนรวม  บัวหลวง จำกัด,BBL ASSET MANAGEMENT COMPANY LIMITED,ตราสารทุน,2015-01-05,2026-07-30,129.0,139.0,0.9280575539568345,2.0,2017-03,2017-08
M1042_2567,C0000000709,KF-US-PLUS-A,KF-US-PLUS-A,KF-US-PLUS,ตราสารทุน,บริษัทหลักทรัพย์จัดการกองทุน กรุงศรี จำกัด,KRUNGSRI ASSET MANAGEMENT COMPANY LIMITED,ตราสารทุน,2025-02-04,2026-07-31,18.0,18.0,1.0,0.0,,
M0008_2564,C0000028866,main,main,DAOL-NUCLEAR,ตราสารทุน,บริษัทหลักทรัพย์จัดการกองทุน ดาโอ จำกัด,DAOL INVESTMENT MANAGEMENT COMPANY LIMITED,ตราสารทุน,2021-02-25,2026-07-31,50.0,66.0,0.7575757575757576,1.0,2024-07,2025-10
M0518_2558,C0000000239,main,main,SCBRMGIF,ตราสารทุน,บริษัทหลักทรัพย์จัดการกองทุน ไทยพาณิชย์ จำกัด,SCB ASSET MANAGEMENT COMPANY LIMITED,ตราสารทุน,2015-10-06,2026-07-31,126.0,130.0,0.9692307692307692,1.0,2024-07,2024-10
M0719_2567,C0000005025,main,main,KKP PGE RMF-UH,ตราสารทุน,บริษัทหลักทรัพย์จัดการกองทุน เกียรตินาคินภัทร จำกัด,KIATNAKIN PHATRA ASSET MANAGEMENT COMPANY LIMITED,ตราสารทุน,2024-11-14,2026-07-31,21.0,21.0,1.0,0.0,,
M0171_2564,C0000000329,main,main,B-FINTECH,ตราสารทุน,บริษัทหลักทรัพย์จัดการกองทุนรวม  บัวหลวง จำกัด,BBL ASSET MANAGEMENT COMPANY LIMITED,ตราสารทุน,2021-06-18,2026-07-30,58.0,62.0,0.9354838709677419,1.0,2024-07,2024-10
M0009_2565,C0000000023,main,main,M-EUBANK,ตราสารทุน,บริษัทหลักทรัพย์จัดการกองทุน เอ็มเอฟซี จำกัด (มหาชน),MFC ASSET MANAGEMENT PUBLIC COMPANY LIMITED ,ตราสารทุน,2022-02-23,2026-07-31,50.0,54.0,0.9259259259259259,1.0,2024-07,2024-10
M0367_2567,C0000000239,SCBCLIMATE(A),SCBCLIMATE(A),SCBCLIMATE,ตราสารทุน,บริษัทหลักทรัพย์จัดการกองทุน ไทยพาณิชย์ จำกัด,SCB ASSET MANAGEMENT COMPANY LIMITED,ตราสารทุน,2024-06-18,2026-07-31,22.0,26.0,0.8461538461538461,1.0,2024-07,2024-10
M0258_2562,C0000000324,TISCOCHA-A,TISCOCHA-A,TISCOCHA,ตราสารทุน,บริษัทหลักทรัพย์จัดการกองทุน ทิสโก้,TISCO ASSET MANAGEMENT COMPANY LIMITED,ตราสารทุน,2019-07-04,2026-08-03,82.0,86.0,0.9534883720930233,1.0,2024-07,2024-10
M0409_2563,C0000000324,TTECHRMF-A,TTECHRMF-A,TTECHRMF,ตราสารทุน,บริษัทหลักทรัพย์จัดการกองทุน ทิสโก้,TISCO ASSET MANAGEMENT COMPANY LIMITED,ตราสารทุน,2020-10-15,2026-07-31,66.0,70.0,0.9428571428571428,1.0,2024-07,2024-10
M0489_2563,C0000033452,main,main,ES-CHINAARMF,ตราสารทุน,บริษัทหลักทรัพย์จัดการกองทุน อีสท์สปริง (ประเทศไทย) จำกัด,EASTSPRING ASSET MANAGEMENT (THAILAND) COMPANY LIMITED,ตราสารทุน,2020-11-03,2026-07-31,65.0,69.0,0.9420289855072463,1.0,2024-07,2024-10
M0425_2559,C0000000021,K-S50-A(A),K-S50-A(A),K-S50,ตราสารทุน,บริษัทหลักทรัพย์จัดการกองทุน กสิกรไทย จำกัด,KASIKORN ASSET MANAGEMENT COMPANY LIMITED,ตราสารทุน,2025-12-24,2026-08-03,9.0,9.0,1.0,0.0,,
M0858_2567,C0000028866,main,main,DAOL-TAIWANEQ,ตราสารทุน,บริษัทหลักทรัพย์จัดการกองทุน ดาโอ จำกัด,DAOL INVESTMENT MANAGEMENT COMPANY LIMITED,ตราสารทุน,2024-11-21,2026-07-31,21.0,21.0,1.0,0.0,,
M0332_2561,C0000000023,MATECH-A,MATECH-A,M-ATECH,ตราสารทุน,บริษัทหลักทรัพย์จัดการกองทุน เอ็มเอฟซี จำกัด (มหาชน),MFC ASSET MANAGEMENT PUBLIC COMPANY LIMITED ,ตราสารทุน,2021-01-15,2026-07-30,63.0,67.0,0.9402985074626866,1.0,2024-07,2024-10
M0072_2547,C0000000709,KFVALUE-A,KFVALUE-A,KFVALUE,ตราสารทุน,บริษัทหลักทรัพย์จัดการกองทุน กรุงศรี จำกัด,KRUNGSRI ASSET MANAGEMENT COMPANY LIMITED,ตราสารทุน,2015-01-05,2026-08-03,136.0,140.0,0.9714285714285714,1.0,2024-07,2024-10
M0596_2567,C0000000709,main,main,KFUSINDFXRMF,ตราสารทุน,บริษัทหลักทรัพย์จัดการกองทุน กรุงศรี จำกัด,KRUNGSRI ASSET MANAGEMENT COMPANY LIMITED,ตราสารทุน,2024-11-14,2026-07-31,21.0,21.0,1.0,0.0,,
M0930_2567,C0000000324,main,main,TASIA,ตราสารทุน,บริษัทหลักทรัพย์จัดการกองทุน ทิสโก้,TISCO ASSET MANAGEMENT COMPANY LIMITED,ตราสารทุน,2025-01-17,2026-07-30,19.0,19.0,1.0,0.0,,
M0034_2539,C0000000329,main,main,BCAP,ตราสารทุน,บริษัทหลักทรัพย์จัดการกองทุนรวม  บัวหลวง จำกัด,BBL ASSET MANAGEMENT COMPANY LIMITED,ตราสารทุน,2015-01-05,2026-08-03,130.0,140.0,0.9285714285714286,2.0,2017-03,2017-08
M0851_2566,C0000005025,main,main,KKP EQ THAI ESG,ตราสารทุน,บริษัทหลักทรัพย์จัดการกองทุน เกียรตินาคินภัทร จำกัด,KIATNAKIN PHATRA ASSET MANAGEMENT COMPANY LIMITED,ตราสารทุน,2023-12-14,2026-08-03,29.0,33.0,0.8787878787878788,1.0,2024-07,2024-10
M0520_2565,C0000000329,main,main,B-VIETNAMSSF,ตราสารทุน,บริษัทหลักทรัพย์จัดการกองทุนรวม  บัวหลวง จำกัด,BBL ASSET MANAGEMENT COMPANY LIMITED,ตราสารทุน,2022-11-09,2026-07-31,41.0,45.0,0.9111111111111111,1.0,2024-07,2024-10
M0488_2565,C0000000324,main,main,TGHIDIV,ตราสารทุน,บริษัทหลักทรัพย์จัดการกองทุน ทิสโก้,TISCO ASSET MANAGEMENT COMPANY LIMITED,ตราสารทุน,2022-10-27,2026-07-30,42.0,46.0,0.9130434782608695,1.0,2024-07,2024-10
M0499_2563,C0000033452,main,main,ES-GTECHSSF,ตราสารทุน,บริษัทหลักทรัพย์จัดการกองทุน อีสท์สปริง (ประเทศไทย) จำกัด,EASTSPRING ASSET MANAGEMENT (THAILAND) COMPANY LIMITED,ตราสารทุน,2020-11-03,2026-07-30,65.0,69.0,0.9420289855072463,1.0,2024-07,2024-10
M0425_2562,C0000000239,main,main,SCBRMLEQ,ตราสารทุน,บริษัทหลักทรัพย์จัดการกองทุน ไทยพาณิชย์ จำกัด,SCB ASSET MANAGEMENT COMPANY LIMITED,ตราสารทุน,2019-09-10,2026-07-31,79.0,83.0,0.9518072289156626,1.0,2024-07,2024-10
M0112_2564,C0000000329,main,main,B-FUTURERMF,ตราสารทุน,บริษัทหลักทรัพย์จัดการกองทุนรวม  บัวหลวง จำกัด,BBL ASSET MANAGEMENT COMPANY LIMITED,ตราสารทุน,2021-04-29,2026-07-30,60.0,64.0,0.9375,1.0,2024-07,2024-10
M0533_2564,C0000000324,main,main,TBRAND,ตราสารทุน,บริษัทหลักทรัพย์จัดการกองทุน ทิสโก้,TISCO ASSET MANAGEMENT COMPANY LIMITED,ตราสารทุน,2022-02-10,2026-07-30,50.0,54.0,0.9259259259259259,1.0,2024-07,2024-10
M0090_2561,C0000000239,SCBLTSE(E),SCBLTSE(E),SCBLTSE,ตราสารทุน,บริษัทหลักทรัพย์จัดการกองทุน ไทยพาณิชย์ จำกัด,SCB ASSET MANAGEMENT COMPANY LIMITED,ตราสารทุน,,,,,,,,
M0304_2563,C0000000324,main,main,TCLOUD,ตราสารทุน,บริษัทหลักทรัพย์จัดการกองทุน ทิสโก้,TISCO ASSET MANAGEMENT COMPANY LIMITED,ตราสารทุน,2020-07-14,2026-07-31,69.0,73.0,0.9452054794520548,1.0,2024-07,2024-10
M0152_2564,C0000000239,SCBFINTEC(SSFE),SCBFINTEC(SSFE),SCBFINTECH,ตราสารทุน,บริษัทหลักทรัพย์จัดการกองทุน ไทยพาณิชย์ จำกัด,SCB ASSET MANAGEMENT COMPANY LIMITED,ตราสารทุน,2022-06-10,2026-07-31,46.0,50.0,0.92,1.0,2024-07,2024-10
M0943_2554,C0000033452,main,main,ES-SET50DV2,ตราสารทุน,บริษัทหลักทรัพย์จัดการกองทุน อีสท์สปริง (ประเทศไทย) จำกัด,EASTSPRING ASSET MANAGEMENT (THAILAND) COMPANY LIMITED,ตราสารทุน,2015-01-05,2026-08-03,136.0,140.0,0.9714285714285714,1.0,2024-07,2024-10
M0630_2567,C0000005531,PRINCIPAL GIFUH-A,PRINCIPAL GIFUH-A,PRINCIPAL GIFUH,ตราสารทุน,บริษัทหลักทรัพย์จัดการกองทุน พรินซิเพิล จำกัด,PRINCIPAL ASSET MANAGEMENT COMPANY LIMITED,ตราสารทุน,2024-11-14,2026-07-31,21.0,21.0,1.0,0.0,,
M0141_2559,C0000000239,SCBEUSM,SCBEUSM,SCBEUSMFUND,ตราสารทุน,บริษัทหลักทรัพย์จัดการกองทุน ไทยพาณิชย์ จำกัด,SCB ASSET MANAGEMENT COMPANY LIMITED,ตราสารทุน,2016-05-31,2026-07-31,119.0,123.0,0.967479674796748,1.0,2024-07,2024-10
M0555_2564,C0000000239,SCBRMASHARES(A),SCBRMASHARES(A),SCBRMASHARES,ตราสารทุน,บริษัทหลักทรัพย์จัดการกองทุน ไทยพาณิชย์ จำกัด,SCB ASSET MANAGEMENT COMPANY LIMITED,ตราสารทุน,2022-02-22,2026-07-31,50.0,54.0,0.9259259259259259,1.0,2024-07,2024-10
M0527_2560,C0000000021,main,main,K-THAICGRMF,ตราสารทุน,บริษัทหลักทรัพย์จัดการกองทุน กสิกรไทย จำกัด,KASIKORN ASSET MANAGEMENT COMPANY LIMITED,ตราสารทุน,2017-11-22,2026-08-03,98.0,106.0,0.9245283018867925,1.0,2024-07,2025-02
M0208_2556,C0000000021,main,main,K-ASIA,ตราสารทุน,บริษัทหลักทรัพย์จัดการกองทุน กสิกรไทย จำกัด,KASIKORN ASSET MANAGEMENT COMPANY LIMITED,ตราสารทุน,2015-01-05,2026-07-31,135.0,139.0,0.9712230215827338,1.0,2024-07,2024-10
M0268_2568,C0000000023,main,main,M-CTECH,ตราสารทุน,บริษัทหลักทรัพย์จัดการกองทุน เอ็มเอฟซี จำกัด (มหาชน),MFC ASSET MANAGEMENT PUBLIC COMPANY LIMITED ,ตราสารทุน,2025-07-29,2026-08-03,14.0,14.0,1.0,0.0,,
M0076_2561,C0000000709,main,main,KFINDIARMF,ตราสารทุน,บริษัทหลักทรัพย์จัดการกองทุน กรุงศรี จำกัด,KRUNGSRI ASSET MANAGEMENT COMPANY LIMITED,ตราสารทุน,2018-11-12,2026-07-31,89.0,93.0,0.956989247311828,1.0,2024-07,2024-10
M0584_2563,C0000000329,main,main,BCAP-SET,ตราสารทุน,บริษัทหลักทรัพย์จัดการกองทุนรวม  บัวหลวง จำกัด,BBL ASSET MANAGEMENT COMPANY LIMITED,ตราสารทุน,2021-04-05,2026-08-03,61.0,65.0,0.9384615384615385,1.0,2024-07,2024-10
M1024_2567,C0000000460,KT-WQUALITY-A,KT-WQUALITY-A,KT-WQUALITY,ตราสารทุน,บริษัทหลักทรัพย์จัดการกองทุน กรุงไทย จำกัด (มหาชน),KRUNG THAI ASSET MANAGEMENT PUBLIC COMPANY LIMITED ,ตราสารทุน,2025-04-09,2026-07-31,16.0,16.0,1.0,0.0,,
M0730_2555,C0000000460,main,main,KTSE-RMF,ตราสารทุน,บริษัทหลักทรัพย์จัดการกองทุน กรุงไทย จำกัด (มหาชน),KRUNG THAI ASSET MANAGEMENT PUBLIC COMPANY LIMITED ,ตราสารทุน,2015-01-05,2026-08-03,136.0,140.0,0.9714285714285714,1.0,2024-07,2024-10
M0369_2564,C0000000329,main,main,B-SIPSSF,ตราสารทุน,บริษัทหลักทรัพย์จัดการกองทุนรวม  บัวหลวง จำกัด,BBL ASSET MANAGEMENT COMPANY LIMITED,ตราสารทุน,2021-11-04,2026-07-30,53.0,57.0,0.9298245614035088,1.0,2024-07,2024-10
M0377_2564,C0000000709,KFFUTUREGEN-A,KFFUTUREGEN-A,KFFUTUREGEN,ตราสารทุน,บริษัทหลักทรัพย์จัดการกองทุน กรุงศรี จำกัด,KRUNGSRI ASSET MANAGEMENT COMPANY LIMITED,ตราสารทุน,2024-12-12,2026-07-31,20.0,20.0,1.0,0.0,,
M0264_2550,C0000000460,KTSET50FF-A,KTSET50FF-A,KTSET50FF,ตราสารทุน,บริษัทหลักทรัพย์จัดการกองทุน กรุงไทย จำกัด (มหาชน),KRUNG THAI ASSET MANAGEMENT PUBLIC COMPANY LIMITED ,ตราสารทุน,2025-12-26,2026-08-03,9.0,9.0,1.0,0.0,,
M0147_2561,C0000033452,main,main,ES-SMARTBETA,ตราสารทุน,บริษัทหลักทรัพย์จัดการกองทุน อีสท์สปริง (ประเทศไทย) จำกัด,EASTSPRING ASSET MANAGEMENT (THAILAND) COMPANY LIMITED,ตราสารทุน,2018-09-13,2026-08-03,92.0,96.0,0.9583333333333334,1.0,2024-07,2024-10
M1115_2568,C0000000623,main,main,UGDIVP,ตราสารทุน,บริษัทหลักทรัพย์จัดการกองทุน ยูโอบี (ประเทศไทย) จำกัด,UOB ASSET MANAGEMENT (THAILAND) COMPANY LIMITED,ตราสารทุน,2026-02-12,2026-07-31,6.0,6.0,1.0,0.0,,
M0107_2564,C0000000569,ONE-UJE-IA,ONE-UJE-IA,ONE-UJE,ตราสารทุน,บริษัทหลักทรัพย์จัดการกองทุน วรรณ จำกัด,ONE ASSET MANAGEMENT LIMITED,ตราสารทุน,,,,,,,,
M0817_2568,C0000005022,main,main,ASP-DEFENSE,ตราสารทุน,บริษัทหลักทรัพย์จัดการกองทุน แอสเซท พลัส จำกัด,ASSET PLUS FUND MANAGEMENT COMPANY LIMITED,ตราสารทุน,2025-11-27,2026-07-31,9.0,9.0,1.0,0.0,,
M0376_2568,C0000028866,main,main,DAOL-CHINATECH,ตราสารทุน,บริษัทหลักทรัพย์จัดการกองทุน ดาโอ จำกัด,DAOL INVESTMENT MANAGEMENT COMPANY LIMITED,ตราสารทุน,2025-05-22,2026-07-31,15.0,15.0,1.0,0.0,,
M0550_2563,C0000000023,main,main,MGFRMF,ตราสารทุน,บริษัทหลักทรัพย์จัดการกองทุน เอ็มเอฟซี จำกัด (มหาชน),MFC ASSET MANAGEMENT PUBLIC COMPANY LIMITED ,ตราสารทุน,2020-12-16,2026-07-31,64.0,68.0,0.9411764705882353,1.0,2024-07,2024-10
M0478_2567,C0000000460,KT-EURO50-A,KT-EURO50-A,KT-EURO50,ตราสารทุน,บริษัทหลักทรัพย์จัดการกองทุน กรุงไทย จำกัด (มหาชน),KRUNG THAI ASSET MANAGEMENT PUBLIC COMPANY LIMITED ,ตราสารทุน,2025-04-09,2026-07-31,16.0,16.0,1.0,0.0,,
M0627_2563,C0000000329,main,main,BCAP-XHEALTH,ตราสารทุน,บริษัทหลักทรัพย์จัดการกองทุนรวม  บัวหลวง จำกัด,BBL ASSET MANAGEMENT COMPANY LIMITED,ตราสารทุน,2021-05-14,2026-07-30,59.0,63.0,0.9365079365079365,1.0,2024-07,2024-10
M0444_2565,C0000000324,TUSTECH-A,TUSTECH-A,TUSTECH,ตราสารทุน,บริษัทหลักทรัพย์จัดการกองทุน ทิสโก้,TISCO ASSET MANAGEMENT COMPANY LIMITED,ตราสารทุน,2022-09-21,2026-07-31,43.0,47.0,0.9148936170212766,1.0,2024-07,2024-10
M0424_2565,C0000000709,main,main,KFVIETRMF,ตราสารทุน,บริษัทหลักทรัพย์จัดการกองทุน กรุงศรี จำกัด,KRUNGSRI ASSET MANAGEMENT COMPANY LIMITED,ตราสารทุน,2022-09-06,2026-07-31,43.0,47.0,0.9148936170212766,1.0,2024-07,2024-10
M0681_2556,C0000033452,main,main,ES-GLOBALEQRMF,ตราสารทุน,บริษัทหลักทรัพย์จัดการกองทุน อีสท์สปริง (ประเทศไทย) จำกัด,EASTSPRING ASSET MANAGEMENT (THAILAND) COMPANY LIMITED,ตราสารทุน,2015-01-05,2026-07-31,135.0,139.0,0.9712230215827338,1.0,2024-07,2024-10
M0522_2558,C0000000239,main,main,SCBRMEU,ตราสารทุน,บริษัทหลักทรัพย์จัดการกองทุน ไทยพาณิชย์ จำกัด,SCB ASSET MANAGEMENT COMPANY LIMITED,ตราสารทุน,2015-11-06,2026-07-31,125.0,129.0,0.9689922480620154,1.0,2024-07,2024-10
M0647_2568,C0000006646,LHNUKZ-A,LHNUKZ-A,LHNUKZ,ตราสารทุน,บริษัทหลักทรัพย์จัดการกองทุน แลนด์ แอนด์ เฮ้าส์ จำกัด,LAND AND HOUSES FUND MANAGEMENT COMPANY LIMITED,ตราสารทุน,2025-09-29,2026-07-31,11.0,11.0,1.0,0.0,,
M0031_2564,C0000033452,main,main,ES-INTERNET,ตราสารทุน,บริษัทหลักทรัพย์จัดการกองทุน อีสท์สปริง (ประเทศไทย) จำกัด,EASTSPRING ASSET MANAGEMENT (THAILAND) COMPANY LIMITED,ตราสารทุน,2021-03-19,2026-07-31,61.0,65.0,0.9384615384615385,1.0,2024-07,2024-10
M0426_2564,C0000000324,TSFRMF-A,TSFRMF-A,TSFRMF,ตราสารทุน,บริษัทหลักทรัพย์จัดการกองทุน ทิสโก้,TISCO ASSET MANAGEMENT COMPANY LIMITED,ตราสารทุน,2021-11-18,2026-08-03,54.0,58.0,0.9310344827586207,1.0,2024-07,2024-10
M0976_2556,C0000005531,main,main,PRINCIPAL KEQ,ตราสารทุน,บริษัทหลักทรัพย์จัดการกองทุน พรินซิเพิล จำกัด,PRINCIPAL ASSET MANAGEMENT COMPANY LIMITED,ตราสารทุน,2015-01-05,2026-07-31,135.0,139.0,0.9712230215827338,1.0,2024-07,2024-10
M0260_2550,C0000000239,SCBLT4,SCBLT4,SCBLT4FUND,ตราสารทุน,บริษัทหลักทรัพย์จัดการกองทุน ไทยพาณิชย์ จำกัด,SCB ASSET MANAGEMENT COMPANY LIMITED,ตราสารทุน,2015-01-05,2026-08-03,136.0,140.0,0.9714285714285714,1.0,2024-07,2024-10
M0303_2564,C0000000290,ABCA-A,ABCA-A,ABCA,ตราสารทุน,บริษัทหลักทรัพย์จัดการกองทุน อเบอร์ดีน (ประเทศไทย) จำกัด,ABERDEEN ASSET MANAGEMENT (THAILAND) LIMITED,ตราสารทุน,2023-06-06,2026-07-31,34.0,38.0,0.8947368421052632,1.0,2024-07,2024-10
M0509_2569,C0000000460,main,main,KT-KOREA,ตราสารทุน,บริษัทหลักทรัพย์จัดการกองทุน กรุงไทย จำกัด (มหาชน),KRUNG THAI ASSET MANAGEMENT PUBLIC COMPANY LIMITED ,ตราสารทุน,2026-05-22,2026-07-31,3.0,3.0,1.0,0.0,,
M0907_2566,C0000000021,main,main,K-INDIARMF,ตราสารทุน,บริษัทหลักทรัพย์จัดการกองทุน กสิกรไทย จำกัด,KASIKORN ASSET MANAGEMENT COMPANY LIMITED,ตราสารทุน,2024-03-12,2026-07-31,21.0,29.0,0.7241379310344828,1.0,2024-07,2025-02
M0347_2568,C0000006099,main,main,X-NUCTECH,ตราสารทุน,บริษัทหลักทรัพย์จัดการกองทุน เอ็กซ์สปริง จำกัด,XSPRING ASSET MANAGEMENT COMPANY LIMITED,ตราสารทุน,2025-07-14,2026-07-31,13.0,13.0,1.0,0.0,,
M0623_2569,C0000028866,main,main,DAOL-DRAM,ตราสารทุน,บริษัทหลักทรัพย์จัดการกองทุน ดาโอ จำกัด,DAOL INVESTMENT MANAGEMENT COMPANY LIMITED,ตราสารทุน,2026-06-29,2026-07-31,2.0,2.0,1.0,0.0,,
M0082_2564,C0000000329,main,main,B-GTORMF,ตราสารทุน,บริษัทหลักทรัพย์จัดการกองทุนรวม  บัวหลวง จำกัด,BBL ASSET MANAGEMENT COMPANY LIMITED,ตราสารทุน,2021-04-29,2026-07-30,60.0,64.0,0.9375,1.0,2024-07,2024-10
M0681_2567,C0000000329,main,main,B-OPP,ตราสารทุน,บริษัทหลักทรัพย์จัดการกองทุนรวม  บัวหลวง จำกัด,BBL ASSET MANAGEMENT COMPANY LIMITED,ตราสารทุน,2024-11-21,2026-07-30,21.0,21.0,1.0,0.0,,
M0922_2556,C0000000709,main,main,KFEURORMF,ตราสารทุน,บริษัทหลักทรัพย์จัดการกองทุน กรุงศรี จำกัด,KRUNGSRI ASSET MANAGEMENT COMPANY LIMITED,ตราสารทุน,2015-01-05,2026-07-31,135.0,139.0,0.9712230215827338,1.0,2024-07,2024-10
M0305_2562,C0000005022,main,main,ASP-LEGACY-UI,ตราสารทุน,บริษัทหลักทรัพย์จัดการกองทุน แอสเซท พลัส จำกัด,ASSET PLUS FUND MANAGEMENT COMPANY LIMITED,ตราสารทุน,2019-06-19,2026-07-01,82.0,86.0,0.9534883720930233,1.0,2024-07,2024-10
M0489_2569,C0000006646,main,main,LHSOLAR,ตราสารทุน,บริษัทหลักทรัพย์จัดการกองทุน แลนด์ แอนด์ เฮ้าส์ จำกัด,LAND AND HOUSES FUND MANAGEMENT COMPANY LIMITED,ตราสารทุน,2026-05-25,2026-07-31,3.0,3.0,1.0,0.0,,
M0219_2556,C0000000324,TISCOMS-A,TISCOMS-A,TISCOMS,ตราสารทุน,บริษัทหลักทรัพย์จัดการกองทุน ทิสโก้,TISCO ASSET MANAGEMENT COMPANY LIMITED,ตราสารทุน,2015-01-05,2026-08-03,136.0,140.0,0.9714285714285714,1.0,2024-07,2024-10
M0048_2568,C0000033452,main,main,ES-ALOVE-UH,ตราสารทุน,บริษัทหลักทรัพย์จัดการกองทุน อีสท์สปริง (ประเทศไทย) จำกัด,EASTSPRING ASSET MANAGEMENT (THAILAND) COMPANY LIMITED,ตราสารทุน,2025-02-25,2026-07-31,18.0,18.0,1.0,0.0,,
M0234_2550,C0000006185,FP LARGE SSF,FP LARGE SSF,FP LARGE,ตราสารทุน,บริษัทหลักทรัพย์จัดการกองทุน เฟิร์ส พลัส (ประเทศไทย) จำกัด,FIRST PLUS ASSET MANAGEMENT (THAILAND) COMPANY LIMITED,ตราสารทุน,2025-12-29,2026-08-03,9.0,9.0,1.0,0.0,,
M0081_2561,C0000000709,main,main,KFDNMRMF,ตราสารทุน,บริษัทหลักทรัพย์จัดการกองทุน กรุงศรี จำกัด,KRUNGSRI ASSET MANAGEMENT COMPANY LIMITED,ตราสารทุน,2018-11-12,2026-08-03,90.0,94.0,0.9574468085106383,1.0,2024-07,2024-10
M0460_2546,C0000000709,KFGROWTH-A,KFGROWTH-A,KFGROWTH,ตราสารทุน,บริษัทหลักทรัพย์จัดการกองทุน กรุงศรี จำกัด,KRUNGSRI ASSET MANAGEMENT COMPANY LIMITED,ตราสารทุน,2018-03-02,2026-08-03,98.0,102.0,0.9607843137254902,1.0,2024-07,2024-10
M0845_2566,C0000005531,PRINCIPAL EQESG-A,PRINCIPAL EQESG-A,PRINCIPAL EQESG,ตราสารทุน,บริษัทหลักทรัพย์จัดการกองทุน พรินซิเพิล จำกัด,PRINCIPAL ASSET MANAGEMENT COMPANY LIMITED,ตราสารทุน,,,,,,,,
M0612_2567,C0000000021,main,main,K-GSELECTRMF,ตราสารทุน,บริษัทหลักทรัพย์จัดการกองทุน กสิกรไทย จำกัด,KASIKORN ASSET MANAGEMENT COMPANY LIMITED,ตราสารทุน,2025-03-10,2026-07-31,17.0,17.0,1.0,0.0,,
M0521_2567,C0000006646,LHSPACE-A,LHSPACE-A,LHSPACE,ตราสารทุน,บริษัทหลักทรัพย์จัดการกองทุน แลนด์ แอนด์ เฮ้าส์ จำกัด,LAND AND HOUSES FUND MANAGEMENT COMPANY LIMITED,ตราสารทุน,2024-11-14,2026-07-31,21.0,21.0,1.0,0.0,,
M0619_2565,C0000024008,main,main,MEGA10RMF,ตราสารทุน,บริษัทหลักทรัพย์จัดการกองทุน ทาลิส จำกัด,TALIS ASSET MANAGEMENT COMPANY LIMITED,ตราสารทุน,2022-12-21,2026-07-31,40.0,44.0,0.9090909090909091,1.0,2024-07,2024-10
M0550_2569,C0000028866,main,main,DAOL-KOREAX,ตราสารทุน,บริษัทหลักทรัพย์จัดการกองทุน ดาโอ จำกัด,DAOL INVESTMENT MANAGEMENT COMPANY LIMITED,ตราสารทุน,2026-06-10,2026-07-31,2.0,2.0,1.0,0.0,,
M0055_2558,C0000000460,main,main,KTMSEQ,ตราสารทุน,บริษัทหลักทรัพย์จัดการกองทุน กรุงไทย จำกัด (มหาชน),KRUNG THAI ASSET MANAGEMENT PUBLIC COMPANY LIMITED ,ตราสารทุน,2015-04-30,2026-08-03,133.0,137.0,0.9708029197080292,1.0,2024-07,2024-10
M0157_2550,C0000000290,main,main,ABGEM,ตราสารทุน,บริษัทหลักทรัพย์จัดการกองทุน อเบอร์ดีน (ประเทศไทย) จำกัด,ABERDEEN ASSET MANAGEMENT (THAILAND) LIMITED,ตราสารทุน,2015-01-05,2026-07-31,135.0,139.0,0.9712230215827338,1.0,2024-07,2024-10
M0005_2535,C0000000324,main,main,TISCOEGF,ตราสารทุน,บริษัทหลักทรัพย์จัดการกองทุน ทิสโก้,TISCO ASSET MANAGEMENT COMPANY LIMITED,ตราสารทุน,2015-01-05,2026-08-03,136.0,140.0,0.9714285714285714,1.0,2024-07,2024-10
M0452_2568,C0000000239,SCBTAX(25A),SCBTAX(25A),SCBTAX,ตราสารทุน,บริษัทหลักทรัพย์จัดการกองทุน ไทยพาณิชย์ จำกัด,SCB ASSET MANAGEMENT COMPANY LIMITED,ตราสารทุน,2025-05-09,2026-08-03,16.0,16.0,1.0,0.0,,
M0008_2569,C0000005022,main,main,A-JEDI,ตราสารทุน,บริษัทหลักทรัพย์จัดการกองทุน แอสเซท พลัส จำกัด,ASSET PLUS FUND MANAGEMENT COMPANY LIMITED,ตราสารทุน,2026-02-12,2026-07-31,6.0,6.0,1.0,0.0,,
M0793_2566,C0000000324,T-ThaiESG-A,T-ThaiESG-A,T-ThaiESG,ตราสารทุน,บริษัทหลักทรัพย์จัดการกองทุน ทิสโก้,TISCO ASSET MANAGEMENT COMPANY LIMITED,ตราสารทุน,2023-12-19,2026-08-03,29.0,33.0,0.8787878787878788,1.0,2024-07,2024-10
M0120_2565,C0000033452,main,main,ES-VIETNAMRMF,ตราสารทุน,บริษัทหลักทรัพย์จัดการกองทุน อีสท์สปริง (ประเทศไทย) จำกัด,EASTSPRING ASSET MANAGEMENT (THAILAND) COMPANY LIMITED,ตราสารทุน,2022-06-30,2026-07-31,46.0,50.0,0.92,1.0,2024-07,2024-10
M0641_2558,C0000000239,SCBUSSM,SCBUSSM,SCBUSSMFUND,ตราสารทุน,บริษัทหลักทรัพย์จัดการกองทุน ไทยพาณิชย์ จำกัด,SCB ASSET MANAGEMENT COMPANY LIMITED,ตราสารทุน,2016-05-31,2026-07-30,119.0,123.0,0.967479674796748,1.0,2024-07,2024-10
M0380_2549,C0000000460,main,main,KSRMF,ตราสารทุน,บริษัทหลักทรัพย์จัดการกองทุน กรุงไทย จำกัด (มหาชน),KRUNG THAI ASSET MANAGEMENT PUBLIC COMPANY LIMITED ,ตราสารทุน,2015-01-05,2026-08-03,136.0,140.0,0.9714285714285714,1.0,2024-07,2024-10
M0406_2559,C0000000239,SCBGPROP,SCBGPROP,SCBGPROPFUND,ตราสารทุน,บริษัทหลักทรัพย์จัดการกองทุน ไทยพาณิชย์ จำกัด,SCB ASSET MANAGEMENT COMPANY LIMITED,ตราสารทุน,2016-10-04,2026-07-31,114.0,118.0,0.9661016949152542,1.0,2024-07,2024-10
M0443_2564,C0000000460,main,main,KT-WTAI RMF,ตราสารทุน,บริษัทหลักทรัพย์จัดการกองทุน กรุงไทย จำกัด (มหาชน),KRUNG THAI ASSET MANAGEMENT PUBLIC COMPANY LIMITED ,ตราสารทุน,2021-11-30,2026-07-31,53.0,57.0,0.9298245614035088,1.0,2024-07,2024-10
M0018_2564,C0000033452,main,main,ES-GENOME,ตราสารทุน,บริษัทหลักทรัพย์จัดการกองทุน อีสท์สปริง (ประเทศไทย) จำกัด,EASTSPRING ASSET MANAGEMENT (THAILAND) COMPANY LIMITED,ตราสารทุน,2021-03-19,2026-07-31,61.0,65.0,0.9384615384615385,1.0,2024-07,2024-10
M0292_2562,C0000033452,main,main,ES-SET50RMF2,ตราสารทุน,บริษัทหลักทรัพย์จัดการกองทุน อีสท์สปริง (ประเทศไทย) จำกัด,EASTSPRING ASSET MANAGEMENT (THAILAND) COMPANY LIMITED,ตราสารทุน,2019-11-21,2026-08-03,78.0,82.0,0.9512195121951219,1.0,2024-07,2024-10
M0049_2565,C0000000239,SCBRMUSA(A),SCBRMUSA(A),SCBRMUSA,ตราสารทุน,บริษัทหลักทรัพย์จัดการกองทุน ไทยพาณิชย์ จำกัด,SCB ASSET MANAGEMENT COMPANY LIMITED,ตราสารทุน,2022-06-14,2026-07-31,46.0,50.0,0.92,1.0,2024-07,2024-10
M0041_2554,C0000000290,main,main,ABIG,ตราสารทุน,บริษัทหลักทรัพย์จัดการกองทุน อเบอร์ดีน (ประเทศไทย) จำกัด,ABERDEEN ASSET MANAGEMENT (THAILAND) LIMITED,ตราสารทุน,2015-01-05,2026-07-31,135.0,139.0,0.9712230215827338,1.0,2024-07,2024-10
M0472_2568,C0000000460,KTEQDIVX-D,KTEQDIVX-D,KTEQDIVX,ตราสารทุน,บริษัทหลักทรัพย์จัดการกองทุน กรุงไทย จำกัด (มหาชน),KRUNG THAI ASSET MANAGEMENT PUBLIC COMPANY LIMITED ,ตราสารทุน,2025-05-08,2026-08-03,16.0,16.0,1.0,0.0,,
M0587_2563,C0000000709,main,main,KF-ACHINASSF,ตราสารทุน,บริษัทหลักทรัพย์จัดการกองทุน กรุงศรี จำกัด,KRUNGSRI ASSET MANAGEMENT COMPANY LIMITED,ตราสารทุน,2020-12-17,2026-07-31,59.0,68.0,0.8676470588235294,1.0,2024-07,2025-03
M0991_2568,C0000000324,main,main,TWORLD-UH,ตราสารทุน,บริษัทหลักทรัพย์จัดการกองทุน ทิสโก้,TISCO ASSET MANAGEMENT COMPANY LIMITED,ตราสารทุน,2025-11-12,2026-07-31,9.0,9.0,1.0,0.0,,
M0500_2569,C0000028866,main,main,DAOL-VOLT,ตราสารทุน,บริษัทหลักทรัพย์จัดการกองทุน ดาโอ จำกัด,DAOL INVESTMENT MANAGEMENT COMPANY LIMITED,ตราสารทุน,2026-05-12,2026-07-31,3.0,3.0,1.0,0.0,,
M0461_2563,C0000028866,main,main,DAOL-CYBER,ตราสารทุน,บริษัทหลักทรัพย์จัดการกองทุน ดาโอ จำกัด,DAOL INVESTMENT MANAGEMENT COMPANY LIMITED,ตราสารทุน,2021-01-29,2026-07-31,63.0,67.0,0.9402985074626866,1.0,2024-07,2024-10
M0396_2564,C0000000239,SCBINDEQ(A),SCBINDEQ(A),SCBINDEQ,ตราสารทุน,บริษัทหลักทรัพย์จัดการกองทุน ไทยพาณิชย์ จำกัด,SCB ASSET MANAGEMENT COMPANY LIMITED,ตราสารทุน,2021-10-20,2026-07-31,54.0,58.0,0.9310344827586207,1.0,2024-07,2024-10
M0088_2565,C0000000239,SCBRMCLEAN(A),SCBRMCLEAN(A),SCBRMCLEAN,ตราสารทุน,บริษัทหลักทรัพย์จัดการกองทุน ไทยพาณิชย์ จำกัด,SCB ASSET MANAGEMENT COMPANY LIMITED,ตราสารทุน,2022-04-26,2026-07-30,48.0,52.0,0.9230769230769231,1.0,2024-07,2024-10
M0538_2564,C0000000709,KFCYBER-A,KFCYBER-A,KFCYBER,ตราสารทุน,บริษัทหลักทรัพย์จัดการกองทุน กรุงศรี จำกัด,KRUNGSRI ASSET MANAGEMENT COMPANY LIMITED,ตราสารทุน,2022-02-07,2026-07-31,50.0,54.0,0.9259259259259259,1.0,2024-07,2024-10
M0058_2547,C0000000709,main,main,KFDNM-D,ตราสารทุน,บริษัทหลักทรัพย์จัดการกองทุน กรุงศรี จำกัด,KRUNGSRI ASSET MANAGEMENT COMPANY LIMITED,ตราสารทุน,2015-01-05,2026-08-03,136.0,140.0,0.9714285714285714,1.0,2024-07,2024-10
M0164_2564,C0000000239,SCBGENOME(A),SCBGENOME(A),SCBGENOME,ตราสารทุน,บริษัทหลักทรัพย์จัดการกองทุน ไทยพาณิชย์ จำกัด,SCB ASSET MANAGEMENT COMPANY LIMITED,ตราสารทุน,2021-08-20,2026-07-31,56.0,60.0,0.9333333333333333,1.0,2024-07,2024-10
M0787_2568,C0000000021,main,main,K-USXNDQUH,ตราสารทุน,บริษัทหลักทรัพย์จัดการกองทุน กสิกรไทย จำกัด,KASIKORN ASSET MANAGEMENT COMPANY LIMITED,ตราสารทุน,2025-09-17,2026-07-31,11.0,11.0,1.0,0.0,,
M0333_2560,C0000005022,ASP-SME-A,ASP-SME-A,ASP-SME,ตราสารทุน,บริษัทหลักทรัพย์จัดการกองทุน แอสเซท พลัส จำกัด,ASSET PLUS FUND MANAGEMENT COMPANY LIMITED,ตราสารทุน,2017-07-17,2026-08-03,106.0,110.0,0.9636363636363636,1.0,2024-07,2024-10
M0517_2566,C0000005531,main,main,PRINCIPAL VNEQRMF,ตราสารทุน,บริษัทหลักทรัพย์จัดการกองทุน พรินซิเพิล จำกัด,PRINCIPAL ASSET MANAGEMENT COMPANY LIMITED,ตราสารทุน,2023-09-11,2026-07-31,31.0,35.0,0.8857142857142857,1.0,2024-07,2024-10
M0329_2563,C0000000239,SCBMLCA(E),SCBMLCA(E),SCBMLCA,ตราสารทุน,บริษัทหลักทรัพย์จัดการกองทุน ไทยพาณิชย์ จำกัด,SCB ASSET MANAGEMENT COMPANY LIMITED,ตราสารทุน,2023-10-05,2026-07-31,30.0,34.0,0.8823529411764706,1.0,2024-07,2024-10
M0562_2558,C0000000290,ABAGS,ABAGS,ABAGS-M,ตราสารทุน,บริษัทหลักทรัพย์จัดการกองทุน อเบอร์ดีน (ประเทศไทย) จำกัด,ABERDEEN ASSET MANAGEMENT (THAILAND) LIMITED,ตราสารทุน,2015-11-03,2026-07-31,125.0,129.0,0.9689922480620154,1.0,2024-07,2024-10
M0253_2557,C0000033452,main,main,ES-EGRMF,ตราสารทุน,บริษัทหลักทรัพย์จัดการกองทุน อีสท์สปริง (ประเทศไทย) จำกัด,EASTSPRING ASSET MANAGEMENT (THAILAND) COMPANY LIMITED,ตราสารทุน,2015-01-05,2026-07-31,135.0,139.0,0.9712230215827338,1.0,2024-07,2024-10
M0376_2560,C0000000324,TISCOGIF-A,TISCOGIF-A,TISCOGIF,ตราสารทุน,บริษัทหลักทรัพย์จัดการกองทุน ทิสโก้,TISCO ASSET MANAGEMENT COMPANY LIMITED,ตราสารทุน,,,,,,,,
M0336_2561,C0000000460,KT-BRAIN-A,KT-BRAIN-A,KT-BRAIN,ตราสารทุน,บริษัทหลักทรัพย์จัดการกองทุน กรุงไทย จำกัด (มหาชน),KRUNG THAI ASSET MANAGEMENT PUBLIC COMPANY LIMITED ,ตราสารทุน,2018-10-11,2026-08-03,91.0,95.0,0.9578947368421052,1.0,2024-07,2024-10
M0804_2566,C0000005022,main,main,ASP-ThaiESG,ตราสารทุน,บริษัทหลักทรัพย์จัดการกองทุน แอสเซท พลัส จำกัด,ASSET PLUS FUND MANAGEMENT COMPANY LIMITED,ตราสารทุน,2023-12-22,2026-08-03,29.0,33.0,0.8787878787878788,1.0,2024-07,2024-10
M0473_2565,C0000000329,main,main,B-GLOB-INFRARMF,ตราสารทุน,บริษัทหลักทรัพย์จัดการกองทุนรวม  บัวหลวง จำกัด,BBL ASSET MANAGEMENT COMPANY LIMITED,ตราสารทุน,2022-10-12,2026-07-30,42.0,46.0,0.9130434782608695,1.0,2024-07,2024-10
M0429_2557,C0000000021,K-GPROP-A(A),K-GPROP-A(A),K-GPROP,ตราสารทุน,บริษัทหลักทรัพย์จัดการกองทุน กสิกรไทย จำกัด,KASIKORN ASSET MANAGEMENT COMPANY LIMITED,ตราสารทุน,2021-02-02,2026-07-31,62.0,66.0,0.9393939393939394,1.0,2024-07,2024-10
M0740_2566,C0000000324,TUSHEALTH-A,TUSHEALTH-A,TUSHEALTH,ตราสารทุน,บริษัทหลักทรัพย์จัดการกองทุน ทิสโก้,TISCO ASSET MANAGEMENT COMPANY LIMITED,ตราสารทุน,2024-11-14,2026-07-31,21.0,21.0,1.0,0.0,,
M0367_2558,C0000033452,main,main,ES-HEALTHCARERMF,ตราสารทุน,บริษัทหลักทรัพย์จัดการกองทุน อีสท์สปริง (ประเทศไทย) จำกัด,EASTSPRING ASSET MANAGEMENT (THAILAND) COMPANY LIMITED,ตราสารทุน,2015-07-07,2026-07-31,129.0,133.0,0.9699248120300752,1.0,2024-07,2024-10
M0624_2563,C0000000329,main,main,BCAP-DISRUPT,ตราสารทุน,บริษัทหลักทรัพย์จัดการกองทุนรวม  บัวหลวง จำกัด,BBL ASSET MANAGEMENT COMPANY LIMITED,ตราสารทุน,2021-10-15,2026-07-30,54.0,58.0,0.9310344827586207,1.0,2024-07,2024-10
M0803_2568,C0000024008,MEGA10CHINATECH-A,MEGA10CHINATECH-A,MEGA10CHINATECH,ตราสารทุน,บริษัทหลักทรัพย์จัดการกองทุน ทาลิส จำกัด,TALIS ASSET MANAGEMENT COMPANY LIMITED,ตราสารทุน,2025-10-16,2026-08-03,11.0,11.0,1.0,0.0,,
M0990_2567,C0000000023,MUSPIN-UH-AC,MUSPIN-UH-AC,MUSPIN-UH,ตราสารทุน,บริษัทหลักทรัพย์จัดการกองทุน เอ็มเอฟซี จำกัด (มหาชน),MFC ASSET MANAGEMENT PUBLIC COMPANY LIMITED ,ตราสารทุน,2025-01-27,2026-07-31,19.0,19.0,1.0,0.0,,
M0383_2562,C0000033452,main,main,ES-GLOBALESG,ตราสารทุน,บริษัทหลักทรัพย์จัดการกองทุน อีสท์สปริง (ประเทศไทย) จำกัด,EASTSPRING ASSET MANAGEMENT (THAILAND) COMPANY LIMITED,ตราสารทุน,2019-08-26,2026-07-31,80.0,84.0,0.9523809523809523,1.0,2024-07,2024-10
M0651_2566,C0000005022,ASP-USSMALL-A,ASP-USSMALL-A,ASP-USSMALL,ตราสารทุน,บริษัทหลักทรัพย์จัดการกองทุน แอสเซท พลัส จำกัด,ASSET PLUS FUND MANAGEMENT COMPANY LIMITED,ตราสารทุน,2024-11-20,2026-07-30,21.0,21.0,1.0,0.0,,
M0226_2567,C0000000023,main,main,MINDIA,ตราสารทุน,บริษัทหลักทรัพย์จัดการกองทุน เอ็มเอฟซี จำกัด (มหาชน),MFC ASSET MANAGEMENT PUBLIC COMPANY LIMITED ,ตราสารทุน,2024-04-26,2026-07-31,24.0,28.0,0.8571428571428571,1.0,2024-07,2024-10
M0005_2537,C0000000239,SCBDA,SCBDA,SCBDAFUND,ตราสารทุน,บริษัทหลักทรัพย์จัดการกองทุน ไทยพาณิชย์ จำกัด,SCB ASSET MANAGEMENT COMPANY LIMITED,ตราสารทุน,2015-01-05,2026-08-03,136.0,140.0,0.9714285714285714,1.0,2024-07,2024-10
M0492_2565,C0000000460,main,main,KT-VIETNAM RMF,ตราสารทุน,บริษัทหลักทรัพย์จัดการกองทุน กรุงไทย จำกัด (มหาชน),KRUNG THAI ASSET MANAGEMENT PUBLIC COMPANY LIMITED ,ตราสารทุน,2022-11-17,2026-08-03,42.0,46.0,0.9130434782608695,1.0,2024-07,2024-10
M0412_2548,C0000005531,PRINCIPAL TEQAF-A,PRINCIPAL TEQAF-A,PRINCIPAL TEQAF,ตราสารทุน,บริษัทหลักทรัพย์จัดการกองทุน พรินซิเพิล จำกัด,PRINCIPAL ASSET MANAGEMENT COMPANY LIMITED,ตราสารทุน,,,,,,,,
M0496_2555,C0000006646,LHEQD-A,LHEQD-A,LHEQD,ตราสารทุน,บริษัทหลักทรัพย์จัดการกองทุน แลนด์ แอนด์ เฮ้าส์ จำกัด,LAND AND HOUSES FUND MANAGEMENT COMPANY LIMITED,ตราสารทุน,2015-01-05,2026-08-03,122.0,140.0,0.8714285714285714,2.0,2017-03,2018-04
M0008_2565,C0000000329,main,main,B-GLOB-INFRA,ตราสารทุน,บริษัทหลักทรัพย์จัดการกองทุนรวม  บัวหลวง จำกัด,BBL ASSET MANAGEMENT COMPANY LIMITED,ตราสารทุน,2022-03-17,2026-07-30,49.0,53.0,0.9245283018867925,1.0,2024-07,2024-10
M0710_2546,C0000033452,main,main,ES-EQPLUS,ตราสารทุน,บริษัทหลักทรัพย์จัดการกองทุน อีสท์สปริง (ประเทศไทย) จำกัด,EASTSPRING ASSET MANAGEMENT (THAILAND) COMPANY LIMITED,ตราสารทุน,2015-01-05,2026-08-03,136.0,140.0,0.9714285714285714,1.0,2024-07,2024-10
M0511_2557,C0000000329,main,main,BKIND,ตราสารทุน,บริษัทหลักทรัพย์จัดการกองทุนรวม  บัวหลวง จำกัด,BBL ASSET MANAGEMENT COMPANY LIMITED,ตราสารทุน,2015-01-05,2026-07-30,129.0,139.0,0.9280575539568345,2.0,2017-03,2017-08
M0405_2567,C0000000023,main,main,M-US500H,ตราสารทุน,บริษัทหลักทรัพย์จัดการกองทุน เอ็มเอฟซี จำกัด (มหาชน),MFC ASSET MANAGEMENT PUBLIC COMPANY LIMITED ,ตราสารทุน,2025-10-09,2026-07-31,10.0,10.0,1.0,0.0,,
M0789_2568,C0000000021,main,main,K-US500XUH,ตราสารทุน,บริษัทหลักทรัพย์จัดการกองทุน กสิกรไทย จำกัด,KASIKORN ASSET MANAGEMENT COMPANY LIMITED,ตราสารทุน,2025-09-17,2026-07-31,11.0,11.0,1.0,0.0,,
M0511_2559,C0000000021,K-MS-A(A),K-MS-A(A),K-MS,ตราสารทุน,บริษัทหลักทรัพย์จัดการกองทุน กสิกรไทย จำกัด,KASIKORN ASSET MANAGEMENT COMPANY LIMITED,ตราสารทุน,2025-12-24,2026-08-03,9.0,9.0,1.0,0.0,,
M0052_2567,C0000000324,main,main,TISCOAI,ตราสารทุน,บริษัทหลักทรัพย์จัดการกองทุน ทิสโก้,TISCO ASSET MANAGEMENT COMPANY LIMITED,ตราสารทุน,2024-03-27,2026-07-31,25.0,29.0,0.8620689655172413,1.0,2024-07,2024-10
M0740_2567,C0000028866,main,main,DAOL-USEQG,ตราสารทุน,บริษัทหลักทรัพย์จัดการกองทุน ดาโอ จำกัด,DAOL INVESTMENT MANAGEMENT COMPANY LIMITED,ตราสารทุน,2024-11-14,2026-07-31,21.0,21.0,1.0,0.0,,
M0559_2560,C0000000460,main,main,KTEF-RMF,ตราสารทุน,บริษัทหลักทรัพย์จัดการกองทุน กรุงไทย จำกัด (มหาชน),KRUNG THAI ASSET MANAGEMENT PUBLIC COMPANY LIMITED ,ตราสารทุน,2017-11-14,2026-08-03,102.0,106.0,0.9622641509433962,1.0,2024-07,2024-10
M0363_2559,C0000005025,KKP SM CAP,KKP SM CAP,KKP SM CAP FUND,ตราสารทุน,บริษัทหลักทรัพย์จัดการกองทุน เกียรตินาคินภัทร จำกัด,KIATNAKIN PHATRA ASSET MANAGEMENT COMPANY LIMITED,ตราสารทุน,2016-11-15,2026-08-03,114.0,118.0,0.9661016949152542,1.0,2024-07,2024-10
M0497_2564,C0000005022,main,main,ASP-DIGIBLOCRMF,ตราสารทุน,บริษัทหลักทรัพย์จัดการกองทุน แอสเซท พลัส จำกัด,ASSET PLUS FUND MANAGEMENT COMPANY LIMITED,ตราสารทุน,2022-01-28,2026-07-31,51.0,55.0,0.9272727272727272,1.0,2024-07,2024-10
M0462_2558,C0000033452,main,main,ES-GER,ตราสารทุน,บริษัทหลักทรัพย์จัดการกองทุน อีสท์สปริง (ประเทศไทย) จำกัด,EASTSPRING ASSET MANAGEMENT (THAILAND) COMPANY LIMITED,ตราสารทุน,2015-08-25,2026-07-31,128.0,132.0,0.9696969696969697,1.0,2024-07,2024-10
M0180_2569,C0000028866,main,main,DAOL-GOLDXJ,ตราสารทุน,บริษัทหลักทรัพย์จัดการกองทุน ดาโอ จำกัด,DAOL INVESTMENT MANAGEMENT COMPANY LIMITED,ตราสารทุน,2026-03-09,2026-07-31,5.0,5.0,1.0,0.0,,
M0238_2560,C0000000709,main,main,KF-JPSCAPD,ตราสารทุน,บริษัทหลักทรัพย์จัดการกองทุน กรุงศรี จำกัด,KRUNGSRI ASSET MANAGEMENT COMPANY LIMITED,ตราสารทุน,2017-05-24,2026-07-31,107.0,111.0,0.963963963963964,1.0,2024-07,2024-10
M0864_2567,C0000024008,MEGAWORLD30-A,MEGAWORLD30-A,MEGAWORLD30,ตราสารทุน,บริษัทหลักทรัพย์จัดการกองทุน ทาลิส จำกัด,TALIS ASSET MANAGEMENT COMPANY LIMITED,ตราสารทุน,2024-12-18,2026-07-31,20.0,20.0,1.0,0.0,,
M0037_2564,C0000006122,main,main,P-CGREEN,ตราสารทุน,บริษัทหลักทรัพย์จัดการกองทุนรวม  ฟิลลิป จำกัด,PHILLIP ASSET MANAGEMENT COMPANY LIMITED,ตราสารทุน,2021-04-27,2026-07-31,60.0,64.0,0.9375,1.0,2024-07,2024-10
M0060_2564,C0000000709,KFCLIMA-A,KFCLIMA-A,KFCLIMA,ตราสารทุน,บริษัทหลักทรัพย์จัดการกองทุน กรุงศรี จำกัด,KRUNGSRI ASSET MANAGEMENT COMPANY LIMITED,ตราสารทุน,2021-03-08,2026-07-31,61.0,65.0,0.9384615384615385,1.0,2024-07,2024-10
M0699_2558,C0000033452,main,main,ES-PRIMELOWBETA,ตราสารทุน,บริษัทหลักทรัพย์จัดการกองทุน อีสท์สปริง (ประเทศไทย) จำกัด,EASTSPRING ASSET MANAGEMENT (THAILAND) COMPANY LIMITED,ตราสารทุน,2016-02-02,2026-08-03,123.0,127.0,0.968503937007874,1.0,2024-07,2024-10
M0329_2558,C0000033452,main,main,ES-JERMF,ตราสารทุน,บริษัทหลักทรัพย์จัดการกองทุน อีสท์สปริง (ประเทศไทย) จำกัด,EASTSPRING ASSET MANAGEMENT (THAILAND) COMPANY LIMITED,ตราสารทุน,2015-08-10,2026-08-03,129.0,133.0,0.9699248120300752,1.0,2024-07,2024-10
M0795_2553,C0000000460,main,main,CHINA,ตราสารทุน,บริษัทหลักทรัพย์จัดการกองทุน กรุงไทย จำกัด (มหาชน),KRUNG THAI ASSET MANAGEMENT PUBLIC COMPANY LIMITED ,ตราสารทุน,2020-09-15,2026-08-03,68.0,72.0,0.9444444444444444,1.0,2024-07,2024-10
M0154_2569,C0000000324,main,main,TSILVER,ตราสารทุน,บริษัทหลักทรัพย์จัดการกองทุน ทิสโก้,TISCO ASSET MANAGEMENT COMPANY LIMITED,ตราสารทุน,2026-04-28,2026-07-31,4.0,4.0,1.0,0.0,,
M0561_2557,C0000000324,TMSRMF-A,TMSRMF-A,TMSRMF,ตราสารทุน,บริษัทหลักทรัพย์จัดการกองทุน ทิสโก้,TISCO ASSET MANAGEMENT COMPANY LIMITED,ตราสารทุน,2015-01-05,2026-08-03,136.0,140.0,0.9714285714285714,1.0,2024-07,2024-10
M0983_2556,C0000000623,main,main,JSM,ตราสารทุน,บริษัทหลักทรัพย์จัดการกองทุน ยูโอบี (ประเทศไทย) จำกัด,UOB ASSET MANAGEMENT (THAILAND) COMPANY LIMITED,ตราสารทุน,2015-01-05,2026-07-31,135.0,139.0,0.9712230215827338,1.0,2024-07,2024-10
M0532_2556,C0000000290,main,main,ABJO,ตราสารทุน,บริษัทหลักทรัพย์จัดการกองทุน อเบอร์ดีน (ประเทศไทย) จำกัด,ABERDEEN ASSET MANAGEMENT (THAILAND) LIMITED,ตราสารทุน,2015-01-05,2026-07-31,135.0,139.0,0.9712230215827338,1.0,2024-07,2024-10
M0616_2563,C0000000023,MEURO-G,MEURO-G,MEURO,ตราสารทุน,บริษัทหลักทรัพย์จัดการกองทุน เอ็มเอฟซี จำกัด (มหาชน),MFC ASSET MANAGEMENT PUBLIC COMPANY LIMITED ,ตราสารทุน,2021-03-23,2026-07-31,61.0,65.0,0.9384615384615385,1.0,2024-07,2024-10
M0309_2566,C0000033452,main,main,ES-GDIV-Acc,ตราสารทุน,บริษัทหลักทรัพย์จัดการกองทุน อีสท์สปริง (ประเทศไทย) จำกัด,EASTSPRING ASSET MANAGEMENT (THAILAND) COMPANY LIMITED,ตราสารทุน,2023-06-26,2026-07-31,34.0,38.0,0.8947368421052632,1.0,2024-07,2024-10
M0279_2557,C0000000021,main,main,K-MIDSMALL,ตราสารทุน,บริษัทหลักทรัพย์จัดการกองทุน กสิกรไทย จำกัด,KASIKORN ASSET MANAGEMENT COMPANY LIMITED,ตราสารทุน,2015-01-05,2026-08-03,136.0,140.0,0.9714285714285714,1.0,2024-07,2024-10
M0535_2559,C0000000709,KFFAST-D,KFFAST-D,KFFAST,ตราสารทุน,บริษัทหลักทรัพย์จัดการกองทุน กรุงศรี จำกัด,KRUNGSRI ASSET MANAGEMENT COMPANY LIMITED,ตราสารทุน,2016-11-21,2026-08-03,9.0,118.0,0.07627118644067797,1.0,2016-12,2025-12
M0050_2567,C0000000709,KFGLOBAL-A,KFGLOBAL-A,KFGLOBAL,ตราสารทุน,บริษัทหลักทรัพย์จัดการกองทุน กรุงศรี จำกัด,KRUNGSRI ASSET MANAGEMENT COMPANY LIMITED,ตราสารทุน,2024-03-18,2026-07-31,25.0,29.0,0.8620689655172413,1.0,2024-07,2024-10
M0603_2563,C0000005022,ASP-JHC-A,ASP-JHC-A,ASP-JHC,ตราสารทุน,บริษัทหลักทรัพย์จัดการกองทุน แอสเซท พลัส จำกัด,ASSET PLUS FUND MANAGEMENT COMPANY LIMITED,ตราสารทุน,2021-01-29,2026-07-31,63.0,67.0,0.9402985074626866,1.0,2024-07,2024-10
M0437_2554,C0000000569,main,main,1DIV,ตราสารทุน,บริษัทหลักทรัพย์จัดการกองทุน วรรณ จำกัด,ONE ASSET MANAGEMENT LIMITED,ตราสารทุน,2020-09-10,2026-08-03,68.0,72.0,0.9444444444444444,1.0,2024-07,2024-10
M0582_2554,C0000005025,KKP ACT EQ-A,KKP ACT EQ-A,KKP ACT EQ,ตราสารทุน,บริษัทหลักทรัพย์จัดการกองทุน เกียรตินาคินภัทร จำกัด,KIATNAKIN PHATRA ASSET MANAGEMENT COMPANY LIMITED,ตราสารทุน,2018-09-13,2026-08-03,92.0,96.0,0.9583333333333334,1.0,2024-07,2024-10
M0442_2569,C0000028866,main,main,DAOL-GAS,ตราสารทุน,บริษัทหลักทรัพย์จัดการกองทุน ดาโอ จำกัด,DAOL INVESTMENT MANAGEMENT COMPANY LIMITED,ตราสารทุน,2026-04-29,2026-07-31,4.0,4.0,1.0,0.0,,
M0042_2562,C0000000329,main,main,B-TOPTEN,ตราสารทุน,บริษัทหลักทรัพย์จัดการกองทุนรวม  บัวหลวง จำกัด,BBL ASSET MANAGEMENT COMPANY LIMITED,ตราสารทุน,2019-03-21,2026-08-03,73.0,90.0,0.8111111111111111,1.0,2024-07,2025-11
M0084_2565,C0000000329,main,main,B-ASIASSF,ตราสารทุน,บริษัทหลักทรัพย์จัดการกองทุนรวม  บัวหลวง จำกัด,BBL ASSET MANAGEMENT COMPANY LIMITED,ตราสารทุน,2022-04-29,2026-07-31,48.0,52.0,0.9230769230769231,1.0,2024-07,2024-10
M0380_2568,C0000000623,main,main,UGFTRMF,ตราสารทุน,บริษัทหลักทรัพย์จัดการกองทุน ยูโอบี (ประเทศไทย) จำกัด,UOB ASSET MANAGEMENT (THAILAND) COMPANY LIMITED,ตราสารทุน,2025-08-13,2026-07-31,12.0,12.0,1.0,0.0,,
M0688_2565,C0000000329,main,main,B-PREMIUM,ตราสารทุน,บริษัทหลักทรัพย์จัดการกองทุนรวม  บัวหลวง จำกัด,BBL ASSET MANAGEMENT COMPANY LIMITED,ตราสารทุน,2023-02-23,2026-07-30,38.0,42.0,0.9047619047619048,1.0,2024-07,2024-10
M0078_2561,C0000000569,main,main,ONE-EUROEQ,ตราสารทุน,บริษัทหลักทรัพย์จัดการกองทุน วรรณ จำกัด,ONE ASSET MANAGEMENT LIMITED,ตราสารทุน,2018-03-27,2026-07-30,97.0,101.0,0.9603960396039604,1.0,2024-07,2024-10
M0080_2567,C0000005025,KKP EMXCN-UH,KKP EMXCN-UH,KKP EMXCN-UH FUND,ตราสารทุน,บริษัทหลักทรัพย์จัดการกองทุน เกียรตินาคินภัทร จำกัด,KIATNAKIN PHATRA ASSET MANAGEMENT COMPANY LIMITED,ตราสารทุน,2024-02-08,2026-07-31,26.0,30.0,0.8666666666666667,1.0,2024-07,2024-10
M0300_2563,C0000028866,main,main,DAOL-CHIG,ตราสารทุน,บริษัทหลักทรัพย์จัดการกองทุน ดาโอ จำกัด,DAOL INVESTMENT MANAGEMENT COMPANY LIMITED,ตราสารทุน,2020-08-13,2026-07-31,68.0,72.0,0.9444444444444444,1.0,2024-07,2024-10
M0901_2556,C0000000324,TISCOEU-A,TISCOEU-A,TISCOEU,ตราสารทุน,บริษัทหลักทรัพย์จัดการกองทุน ทิสโก้,TISCO ASSET MANAGEMENT COMPANY LIMITED,ตราสารทุน,2015-01-05,2026-07-31,135.0,139.0,0.9712230215827338,1.0,2024-07,2024-10
M0604_2563,C0000005025,KKP G-THEME-H,KKP G-THEME-H,KKP G-THEME-H FUND,ตราสารทุน,บริษัทหลักทรัพย์จัดการกองทุน เกียรตินาคินภัทร จำกัด,KIATNAKIN PHATRA ASSET MANAGEMENT COMPANY LIMITED,ตราสารทุน,2021-02-08,2026-07-31,62.0,66.0,0.9393939393939394,1.0,2024-07,2024-10
M0792_2555,C0000000239,SCBEMEQ,SCBEMEQ,SCBEMEQFUND,ตราสารทุน,บริษัทหลักทรัพย์จัดการกองทุน ไทยพาณิชย์ จำกัด,SCB ASSET MANAGEMENT COMPANY LIMITED,ตราสารทุน,2015-01-05,2026-07-30,135.0,139.0,0.9712230215827338,1.0,2024-07,2024-10
M0425_2560,C0000006646,LHGLIFEE-A,LHGLIFEE-A,LHGLIFEE,ตราสารทุน,บริษัทหลักทรัพย์จัดการกองทุน แลนด์ แอนด์ เฮ้าส์ จำกัด,LAND AND HOUSES FUND MANAGEMENT COMPANY LIMITED,ตราสารทุน,2020-10-16,2026-07-31,66.0,70.0,0.9428571428571428,1.0,2024-07,2024-10
M0445_2558,C0000000324,TGHRMF-A,TGHRMF-A,TGHRMF,ตราสารทุน,บริษัทหลักทรัพย์จัดการกองทุน ทิสโก้,TISCO ASSET MANAGEMENT COMPANY LIMITED,ตราสารทุน,2015-09-01,2026-07-31,127.0,131.0,0.9694656488549618,1.0,2024-07,2024-10
M0191_2565,C0000033452,main,main,ES-INDONESIA,ตราสารทุน,บริษัทหลักทรัพย์จัดการกองทุน อีสท์สปริง (ประเทศไทย) จำกัด,EASTSPRING ASSET MANAGEMENT (THAILAND) COMPANY LIMITED,ตราสารทุน,2022-08-09,2026-07-31,44.0,48.0,0.9166666666666666,1.0,2024-07,2024-10
M0484_2560,C0000000460,KTBTHAICG-A,KTBTHAICG-A,KTBTHAICG,ตราสารทุน,บริษัทหลักทรัพย์จัดการกองทุน กรุงไทย จำกัด (มหาชน),KRUNG THAI ASSET MANAGEMENT PUBLIC COMPANY LIMITED ,ตราสารทุน,2017-09-28,2026-08-03,104.0,108.0,0.9629629629629629,1.0,2024-07,2024-10
M0432_2564,C0000000329,main,main,B-USALPHASSF,ตราสารทุน,บริษัทหลักทรัพย์จัดการกองทุนรวม  บัวหลวง จำกัด,BBL ASSET MANAGEMENT COMPANY LIMITED,ตราสารทุน,2021-12-02,2026-07-30,52.0,56.0,0.9285714285714286,1.0,2024-07,2024-10
M0503_2565,C0000000329,main,main,BCARESSF,ตราสารทุน,บริษัทหลักทรัพย์จัดการกองทุนรวม  บัวหลวง จำกัด,BBL ASSET MANAGEMENT COMPANY LIMITED,ตราสารทุน,2022-11-09,2026-07-30,41.0,45.0,0.9111111111111111,1.0,2024-07,2024-10
M0157_2568,C0000000460,KT-USSM-A,KT-USSM-A,KT-USSM,ตราสารทุน,บริษัทหลักทรัพย์จัดการกองทุน กรุงไทย จำกัด (มหาชน),KRUNG THAI ASSET MANAGEMENT PUBLIC COMPANY LIMITED ,ตราสารทุน,2025-04-09,2026-07-31,16.0,16.0,1.0,0.0,,
M0182_2569,C0000000023,main,main,M-FREEDOM,ตราสารทุน,บริษัทหลักทรัพย์จัดการกองทุน เอ็มเอฟซี จำกัด (มหาชน),MFC ASSET MANAGEMENT PUBLIC COMPANY LIMITED ,ตราสารทุน,2026-03-12,2026-07-31,5.0,5.0,1.0,0.0,,
M0552_2563,C0000000324,TCHTECHRMF-A,TCHTECHRMF-A,TCHTECHRMF,ตราสารทุน,บริษัทหลักทรัพย์จัดการกองทุน ทิสโก้,TISCO ASSET MANAGEMENT COMPANY LIMITED,ตราสารทุน,2020-12-22,2026-07-31,64.0,68.0,0.9411764705882353,1.0,2024-07,2024-10
M0881_2568,C0000005022,main,main,ASP-DAPP 3M5,ตราสารทุน,บริษัทหลักทรัพย์จัดการกองทุน แอสเซท พลัส จำกัด,ASSET PLUS FUND MANAGEMENT COMPANY LIMITED,ตราสารทุน,2025-10-09,2026-07-31,10.0,10.0,1.0,0.0,,
M1085_2568,C0000000460,main,main,KT-PRECIOUS RMF,ตราสารทุน,บริษัทหลักทรัพย์จัดการกองทุน กรุงไทย จำกัด (มหาชน),KRUNG THAI ASSET MANAGEMENT PUBLIC COMPANY LIMITED ,ตราสารทุน,2025-12-24,2026-07-31,8.0,8.0,1.0,0.0,,
M1030_2567,C0000000324,main,main,TUSENGY,ตราสารทุน,บริษัทหลักทรัพย์จัดการกองทุน ทิสโก้,TISCO ASSET MANAGEMENT COMPANY LIMITED,ตราสารทุน,2025-02-05,2026-07-31,18.0,18.0,1.0,0.0,,
M0509_2564,C0000000569,main,main,ONE-MEDTECH,ตราสารทุน,บริษัทหลักทรัพย์จัดการกองทุน วรรณ จำกัด,ONE ASSET MANAGEMENT LIMITED,ตราสารทุน,2022-01-24,2026-07-31,51.0,55.0,0.9272727272727272,1.0,2024-07,2024-10
M0149_2564,C0000000569,ONE-VIETNAMRMF-A,ONE-VIETNAMRMF-A,ONE-VIETNAMRMF,ตราสารทุน,บริษัทหลักทรัพย์จัดการกองทุน วรรณ จำกัด,ONE ASSET MANAGEMENT LIMITED,ตราสารทุน,2021-11-11,2026-07-31,53.0,57.0,0.9298245614035088,1.0,2024-07,2024-10
M0531_2567,C0000005531,PRINCIPAL INDIAEQ-A,PRINCIPAL INDIAEQ-A,PRINCIPAL INDIAEQ,ตราสารทุน,บริษัทหลักทรัพย์จัดการกองทุน พรินซิเพิล จำกัด,PRINCIPAL ASSET MANAGEMENT COMPANY LIMITED,ตราสารทุน,2024-11-12,2026-07-27,21.0,21.0,1.0,0.0,,
M0546_2564,C0000000324,main,main,TRAREEARTH,ตราสารทุน,บริษัทหลักทรัพย์จัดการกองทุน ทิสโก้,TISCO ASSET MANAGEMENT COMPANY LIMITED,ตราสารทุน,2022-04-08,2026-07-31,48.0,52.0,0.9230769230769231,1.0,2024-07,2024-10
M0664_2560,C0000000569,ONE-GLOBFIN-IA,ONE-GLOBFIN-IA,ONE-GLOBFIN,ตราสารทุน,บริษัทหลักทรัพย์จัดการกองทุน วรรณ จำกัด,ONE ASSET MANAGEMENT LIMITED,ตราสารทุน,2018-02-14,2026-07-31,98.0,102.0,0.9607843137254902,1.0,2024-07,2024-10
M0374_2565,C0000000239,SCBRMJAPAN(A),SCBRMJAPAN(A),SCBRMJAPAN,ตราสารทุน,บริษัทหลักทรัพย์จัดการกองทุน ไทยพาณิชย์ จำกัด,SCB ASSET MANAGEMENT COMPANY LIMITED,ตราสารทุน,2022-08-17,2026-07-31,44.0,48.0,0.9166666666666666,1.0,2024-07,2024-10
M0274_2569,C0000006099,main,main,X-JPTOPTECH,ตราสารทุน,บริษัทหลักทรัพย์จัดการกองทุน เอ็กซ์สปริง จำกัด,XSPRING ASSET MANAGEMENT COMPANY LIMITED,ตราสารทุน,2026-04-01,2026-08-03,5.0,5.0,1.0,0.0,,
M0873_2567,C0000000709,main,main,KF-EMXCN-INDXRMF,ตราสารทุน,บริษัทหลักทรัพย์จัดการกองทุน กรุงศรี จำกัด,KRUNGSRI ASSET MANAGEMENT COMPANY LIMITED,ตราสารทุน,2025-04-11,2026-07-31,16.0,16.0,1.0,0.0,,
M0045_2561,C0000000021,main,main,K-EUSMALL,ตราสารทุน,บริษัทหลักทรัพย์จัดการกองทุน กสิกรไทย จำกัด,KASIKORN ASSET MANAGEMENT COMPANY LIMITED,ตราสารทุน,2018-03-22,2026-07-31,97.0,101.0,0.9603960396039604,1.0,2024-07,2024-10
M0053_2564,C0000006646,LHCYBER-A,LHCYBER-A,LHCYBER,ตราสารทุน,บริษัทหลักทรัพย์จัดการกองทุน แลนด์ แอนด์ เฮ้าส์ จำกัด,LAND AND HOUSES FUND MANAGEMENT COMPANY LIMITED,ตราสารทุน,2021-08-05,2026-07-31,56.0,60.0,0.9333333333333333,1.0,2024-07,2024-10
M0462_2563,C0000006646,LHESPORT-A,LHESPORT-A,LHESPORT,ตราสารทุน,บริษัทหลักทรัพย์จัดการกองทุน แลนด์ แอนด์ เฮ้าส์ จำกัด,LAND AND HOUSES FUND MANAGEMENT COMPANY LIMITED,ตราสารทุน,2020-10-28,2026-07-31,66.0,70.0,0.9428571428571428,1.0,2024-07,2024-10
M0309_2558,C0000005531,PRINCIPAL EUEQ-A,PRINCIPAL EUEQ-A,PRINCIPAL EUEQ,ตราสารทุน,บริษัทหลักทรัพย์จัดการกองทุน พรินซิเพิล จำกัด,PRINCIPAL ASSET MANAGEMENT COMPANY LIMITED,ตราสารทุน,2022-04-07,2026-07-30,48.0,52.0,0.9230769230769231,1.0,2024-07,2024-10
M0001_2552,C0000005531,PRINCIPAL SET50-A,PRINCIPAL SET50-A,PRINCIPAL SET50,ตราสารทุน,บริษัทหลักทรัพย์จัดการกองทุน พรินซิเพิล จำกัด,PRINCIPAL ASSET MANAGEMENT COMPANY LIMITED,ตราสารทุน,2015-01-05,2026-08-03,136.0,140.0,0.9714285714285714,1.0,2024-07,2024-10
M0505_2559,C0000000460,KT-SMARTTHEQ-A,KT-SMARTTHEQ-A,KT-SMARTTHEQ,ตราสารทุน,บริษัทหลักทรัพย์จัดการกองทุน กรุงไทย จำกัด (มหาชน),KRUNG THAI ASSET MANAGEMENT PUBLIC COMPANY LIMITED ,ตราสารทุน,2025-12-26,2026-08-03,9.0,9.0,1.0,0.0,,
M0702_2569,C0000005025,main,main,KKP CNGROWTH-H,ตราสารทุน,บริษัทหลักทรัพย์จัดการกองทุน เกียรตินาคินภัทร จำกัด,KIATNAKIN PHATRA ASSET MANAGEMENT COMPANY LIMITED,ตราสารทุน,2026-07-21,2026-07-30,1.0,1.0,1.0,0.0,,
M0542_2560,C0000005022,main,main,ASP-AIEQRMF,ตราสารทุน,บริษัทหลักทรัพย์จัดการกองทุน แอสเซท พลัส จำกัด,ASSET PLUS FUND MANAGEMENT COMPANY LIMITED,ตราสารทุน,2017-11-23,2026-07-31,95.0,105.0,0.9047619047619048,1.0,2024-07,2025-04
M0228_2563,C0000006646,LHCHINA-A,LHCHINA-A,LHCHINA,ตราสารทุน,บริษัทหลักทรัพย์จัดการกองทุน แลนด์ แอนด์ เฮ้าส์ จำกัด,LAND AND HOUSES FUND MANAGEMENT COMPANY LIMITED,ตราสารทุน,2020-06-16,2026-07-31,70.0,74.0,0.9459459459459459,1.0,2024-07,2024-10
M1142_2557,C0000005531,main,main,PRINCIPAL APDIRMF,ตราสารทุน,บริษัทหลักทรัพย์จัดการกองทุน พรินซิเพิล จำกัด,PRINCIPAL ASSET MANAGEMENT COMPANY LIMITED,ตราสารทุน,2015-01-05,2026-07-31,135.0,139.0,0.9712230215827338,1.0,2024-07,2024-10
M0140_2564,C0000033452,main,main,ES-GINNORMF,ตราสารทุน,บริษัทหลักทรัพย์จัดการกองทุน อีสท์สปริง (ประเทศไทย) จำกัด,EASTSPRING ASSET MANAGEMENT (THAILAND) COMPANY LIMITED,ตราสารทุน,2021-05-12,2026-07-31,59.0,63.0,0.9365079365079365,1.0,2024-07,2024-10
M0158_2564,C0000000239,SCBAUTO(A),SCBAUTO(A),SCBAUTO,ตราสารทุน,บริษัทหลักทรัพย์จัดการกองทุน ไทยพาณิชย์ จำกัด,SCB ASSET MANAGEMENT COMPANY LIMITED,ตราสารทุน,2021-08-20,2026-07-31,56.0,60.0,0.9333333333333333,1.0,2024-07,2024-10
M0644_2553,C0000000623,main,main,UOBSDF,ตราสารทุน,บริษัทหลักทรัพย์จัดการกองทุน ยูโอบี (ประเทศไทย) จำกัด,UOB ASSET MANAGEMENT (THAILAND) COMPANY LIMITED,ตราสารทุน,2015-01-05,2026-08-03,136.0,140.0,0.9714285714285714,1.0,2024-07,2024-10
M0553_2567,C0000000329,main,main,B-EUPASSIVE,ตราสารทุน,บริษัทหลักทรัพย์จัดการกองทุนรวม  บัวหลวง จำกัด,BBL ASSET MANAGEMENT COMPANY LIMITED,ตราสารทุน,2024-11-14,2026-07-31,21.0,21.0,1.0,0.0,,
M0312_2564,C0000006646,LHVN-A,LHVN-A,LHVN,ตราสารทุน,บริษัทหลักทรัพย์จัดการกองทุน แลนด์ แอนด์ เฮ้าส์ จำกัด,LAND AND HOUSES FUND MANAGEMENT COMPANY LIMITED,ตราสารทุน,2021-11-26,2026-07-30,53.0,57.0,0.9298245614035088,1.0,2024-07,2024-10
M0129_2564,C0000000329,main,main,B-GTOSSF,ตราสารทุน,บริษัทหลักทรัพย์จัดการกองทุนรวม  บัวหลวง จำกัด,BBL ASSET MANAGEMENT COMPANY LIMITED,ตราสารทุน,2021-07-01,2026-07-30,57.0,61.0,0.9344262295081968,1.0,2024-07,2024-10
M0226_2569,C0000006646,main,main,LHASIASEMICON,ตราสารทุน,บริษัทหลักทรัพย์จัดการกองทุน แลนด์ แอนด์ เฮ้าส์ จำกัด,LAND AND HOUSES FUND MANAGEMENT COMPANY LIMITED,ตราสารทุน,2026-06-29,2026-07-31,2.0,2.0,1.0,0.0,,
M0353_2564,C0000000623,main,main,UHERO,ตราสารทุน,บริษัทหลักทรัพย์จัดการกองทุน ยูโอบี (ประเทศไทย) จำกัด,UOB ASSET MANAGEMENT (THAILAND) COMPANY LIMITED,ตราสารทุน,2022-01-17,2026-07-31,51.0,55.0,0.9272727272727272,1.0,2024-07,2024-10
M0057_2559,C0000000329,main,main,B-ASEAN,ตราสารทุน,บริษัทหลักทรัพย์จัดการกองทุนรวม  บัวหลวง จำกัด,BBL ASSET MANAGEMENT COMPANY LIMITED,ตราสารทุน,2016-03-31,2026-08-03,116.0,126.0,0.9206349206349206,2.0,2017-03,2017-08
M0824_2555,C0000000460,main,main,KT-PROPERTY RMF,ตราสารทุน,บริษัทหลักทรัพย์จัดการกองทุน กรุงไทย จำกัด (มหาชน),KRUNG THAI ASSET MANAGEMENT PUBLIC COMPANY LIMITED ,ตราสารทุน,2015-01-05,2026-07-31,135.0,139.0,0.9712230215827338,1.0,2024-07,2024-10
M0696_2556,C0000000324,TUSRMF-A,TUSRMF-A,TUSRMF,ตราสารทุน,บริษัทหลักทรัพย์จัดการกองทุน ทิสโก้,TISCO ASSET MANAGEMENT COMPANY LIMITED,ตราสารทุน,2015-01-05,2026-07-31,135.0,139.0,0.9712230215827338,1.0,2024-07,2024-10
M0844_2568,C0000024008,MEGA10CYBER-A,MEGA10CYBER-A,MEGA10CYBER,ตราสารทุน,บริษัทหลักทรัพย์จัดการกองทุน ทาลิส จำกัด,TALIS ASSET MANAGEMENT COMPANY LIMITED,ตราสารทุน,2025-11-13,2026-07-31,9.0,9.0,1.0,0.0,,
M0122_2564,C0000005022,main,main,ASP-T12,ตราสารทุน,บริษัทหลักทรัพย์จัดการกองทุน แอสเซท พลัส จำกัด,ASSET PLUS FUND MANAGEMENT COMPANY LIMITED,ตราสารทุน,2021-05-13,2026-08-03,60.0,64.0,0.9375,1.0,2024-07,2024-10
M0178_2568,C0000000569,ONE-ELITE11-RA,ONE-ELITE11-RA,ONE-ELITE11,ตราสารทุน,บริษัทหลักทรัพย์จัดการกองทุน วรรณ จำกัด,ONE ASSET MANAGEMENT LIMITED,ตราสารทุน,2026-04-08,2026-07-31,4.0,4.0,1.0,0.0,,
M0458_2569,C0000000239,SCBNDQPIN(A),SCBNDQPIN(A),SCBNDQPIN,ตราสารทุน,บริษัทหลักทรัพย์จัดการกองทุน ไทยพาณิชย์ จำกัด,SCB ASSET MANAGEMENT COMPANY LIMITED,ตราสารทุน,2026-07-14,2026-07-31,1.0,1.0,1.0,0.0,,
M0008_2537,C0000000021,main,main,RKF4,ตราสารทุน,บริษัทหลักทรัพย์จัดการกองทุน กสิกรไทย จำกัด,KASIKORN ASSET MANAGEMENT COMPANY LIMITED,ตราสารทุน,2015-01-05,2026-08-03,136.0,140.0,0.9714285714285714,1.0,2024-07,2024-10
M0859_2567,C0000000709,main,main,KFNDQRMF,ตราสารทุน,บริษัทหลักทรัพย์จัดการกองทุน กรุงศรี จำกัด,KRUNGSRI ASSET MANAGEMENT COMPANY LIMITED,ตราสารทุน,2024-11-21,2026-07-31,21.0,21.0,1.0,0.0,,
M0644_2557,C0000000623,UGH,UGH,UGH-M,ตราสารทุน,บริษัทหลักทรัพย์จัดการกองทุน ยูโอบี (ประเทศไทย) จำกัด,UOB ASSET MANAGEMENT (THAILAND) COMPANY LIMITED,ตราสารทุน,2015-01-05,2026-07-31,135.0,139.0,0.9712230215827338,1.0,2024-07,2024-10
M0463_2568,C0000000460,KTEQPLUSX-D,KTEQPLUSX-D,KTEQPLUSX,ตราสารทุน,บริษัทหลักทรัพย์จัดการกองทุน กรุงไทย จำกัด (มหาชน),KRUNG THAI ASSET MANAGEMENT PUBLIC COMPANY LIMITED ,ตราสารทุน,2025-05-08,2026-08-03,16.0,16.0,1.0,0.0,,
M0436_2560,C0000033452,main,main,ES-THAICG,ตราสารทุน,บริษัทหลักทรัพย์จัดการกองทุน อีสท์สปริง (ประเทศไทย) จำกัด,EASTSPRING ASSET MANAGEMENT (THAILAND) COMPANY LIMITED,ตราสารทุน,2017-09-25,2026-08-03,104.0,108.0,0.9629629629629629,1.0,2024-07,2024-10
M0414_2553,C0000033452,main,main,ES-GLOBALEQ,ตราสารทุน,บริษัทหลักทรัพย์จัดการกองทุน อีสท์สปริง (ประเทศไทย) จำกัด,EASTSPRING ASSET MANAGEMENT (THAILAND) COMPANY LIMITED,ตราสารทุน,2015-01-05,2026-07-31,135.0,139.0,0.9712230215827338,1.0,2024-07,2024-10
M0140_2558,C0000000021,main,main,K-ENERGY,ตราสารทุน,บริษัทหลักทรัพย์จัดการกองทุน กสิกรไทย จำกัด,KASIKORN ASSET MANAGEMENT COMPANY LIMITED,ตราสารทุน,2015-05-18,2026-08-03,132.0,136.0,0.9705882352941176,1.0,2024-07,2024-10
M0289_2569,C0000000623,main,main,U-WXUSFX,ตราสารทุน,บริษัทหลักทรัพย์จัดการกองทุน ยูโอบี (ประเทศไทย) จำกัด,UOB ASSET MANAGEMENT (THAILAND) COMPANY LIMITED,ตราสารทุน,2026-04-01,2026-07-31,4.0,4.0,1.0,0.0,,
M0396_2568,C0000024008,main,main,TLSEMICON-UH,ตราสารทุน,บริษัทหลักทรัพย์จัดการกองทุน ทาลิส จำกัด,TALIS ASSET MANAGEMENT COMPANY LIMITED,ตราสารทุน,2025-06-17,2026-07-31,14.0,14.0,1.0,0.0,,
M0083_2565,C0000000460,KT-LUXURY-A,KT-LUXURY-A,KT-LUXURY,ตราสารทุน,บริษัทหลักทรัพย์จัดการกองทุน กรุงไทย จำกัด (มหาชน),KRUNG THAI ASSET MANAGEMENT PUBLIC COMPANY LIMITED ,ตราสารทุน,2022-05-12,2026-07-31,47.0,51.0,0.9215686274509803,1.0,2024-07,2024-10
M0577_2559,C0000000709,KFTHAISM2-D,KFTHAISM2-D,KFTHAISM2,ตราสารทุน,บริษัทหลักทรัพย์จัดการกองทุน กรุงศรี จำกัด,KRUNGSRI ASSET MANAGEMENT COMPANY LIMITED,ตราสารทุน,2016-11-21,2026-08-03,9.0,118.0,0.07627118644067797,1.0,2016-12,2025-12
M0551_2563,C0000033452,main,main,ES-GCGRMF,ตราสารทุน,บริษัทหลักทรัพย์จัดการกองทุน อีสท์สปริง (ประเทศไทย) จำกัด,EASTSPRING ASSET MANAGEMENT (THAILAND) COMPANY LIMITED,ตราสารทุน,2020-12-22,2026-07-31,64.0,68.0,0.9411764705882353,1.0,2024-07,2024-10
M0028_2553,C0000000709,main,main,KF-LATAM,ตราสารทุน,บริษัทหลักทรัพย์จัดการกองทุน กรุงศรี จำกัด,KRUNGSRI ASSET MANAGEMENT COMPANY LIMITED,ตราสารทุน,2015-01-05,2026-07-31,135.0,139.0,0.9712230215827338,1.0,2024-07,2024-10
M0503_2561,C0000006646,LHEQDPLUS-A,LHEQDPLUS-A,LHEQDPLUS,ตราสารทุน,บริษัทหลักทรัพย์จัดการกองทุน แลนด์ แอนด์ เฮ้าส์ จำกัด,LAND AND HOUSES FUND MANAGEMENT COMPANY LIMITED,ตราสารทุน,2019-01-29,2026-08-03,88.0,92.0,0.9565217391304348,1.0,2024-07,2024-10
M0382_2563,C0000006122,main,main,PWINRMF,ตราสารทุน,บริษัทหลักทรัพย์จัดการกองทุนรวม  ฟิลลิป จำกัด,PHILLIP ASSET MANAGEMENT COMPANY LIMITED,ตราสารทุน,2020-10-26,2026-07-31,66.0,70.0,0.9428571428571428,1.0,2024-07,2024-10
M0494_2560,C0000000623,main,main,UTHAICG,ตราสารทุน,บริษัทหลักทรัพย์จัดการกองทุน ยูโอบี (ประเทศไทย) จำกัด,UOB ASSET MANAGEMENT (THAILAND) COMPANY LIMITED,ตราสารทุน,2017-11-15,2026-08-03,102.0,106.0,0.9622641509433962,1.0,2024-07,2024-10
M0249_2561,C0000006122,main,main,PWIN,ตราสารทุน,บริษัทหลักทรัพย์จัดการกองทุนรวม  ฟิลลิป จำกัด,PHILLIP ASSET MANAGEMENT COMPANY LIMITED,ตราสารทุน,2018-10-05,2026-07-31,90.0,94.0,0.9574468085106383,1.0,2024-07,2024-10
M0690_2556,C0000000324,TJPRMF-A,TJPRMF-A,TJPRMF,ตราสารทุน,บริษัทหลักทรัพย์จัดการกองทุน ทิสโก้,TISCO ASSET MANAGEMENT COMPANY LIMITED,ตราสารทุน,2015-01-05,2026-08-03,136.0,140.0,0.9714285714285714,1.0,2024-07,2024-10
M0569_2568,C0000024008,main,main,TLSEMICON-H,ตราสารทุน,บริษัทหลักทรัพย์จัดการกองทุน ทาลิส จำกัด,TALIS ASSET MANAGEMENT COMPANY LIMITED,ตราสารทุน,2025-06-17,2026-07-31,14.0,14.0,1.0,0.0,,
M0594_2560,C0000000329,main,main,BMSCG,ตราสารทุน,บริษัทหลักทรัพย์จัดการกองทุนรวม  บัวหลวง จำกัด,BBL ASSET MANAGEMENT COMPANY LIMITED,ตราสารทุน,2020-09-08,2026-08-03,68.0,72.0,0.9444444444444444,1.0,2024-07,2024-10
M0392_2568,C0000000569,ONE-THAIESGX-L,ONE-THAIESGX-L,ONE-THAIESGX,ตราสารทุน,บริษัทหลักทรัพย์จัดการกองทุน วรรณ จำกัด,ONE ASSET MANAGEMENT LIMITED,ตราสารทุน,2025-05-09,2026-08-03,16.0,16.0,1.0,0.0,,
M0172_2563,C0000005531,PRINCIPAL SET50SSF-SSF,PRINCIPAL SET50SSF-SSF,PRINCIPAL SET50SSF,ตราสารทุน,บริษัทหลักทรัพย์จัดการกองทุน พรินซิเพิล จำกัด,PRINCIPAL ASSET MANAGEMENT COMPANY LIMITED,ตราสารทุน,2020-04-01,2026-08-03,73.0,77.0,0.948051948051948,1.0,2024-07,2024-10
M0542_2555,C0000000023,HIDIVPLUSG,HIDIVPLUSG,HI-DIV PLUS,ตราสารทุน,บริษัทหลักทรัพย์จัดการกองทุน เอ็มเอฟซี จำกัด (มหาชน),MFC ASSET MANAGEMENT PUBLIC COMPANY LIMITED ,ตราสารทุน,2015-02-06,2026-08-03,135.0,139.0,0.9712230215827338,1.0,2024-07,2024-10
M0178_2560,C0000000709,KFJPSCAP-A,KFJPSCAP-A,KFJPSCAP,ตราสารทุน,บริษัทหลักทรัพย์จัดการกองทุน กรุงศรี จำกัด,KRUNGSRI ASSET MANAGEMENT COMPANY LIMITED,ตราสารทุน,2017-05-24,2026-07-31,107.0,111.0,0.963963963963964,1.0,2024-07,2024-10
M0322_2550,C0000033452,main,main,ES-PREMIUMBRAND,ตราสารทุน,บริษัทหลักทรัพย์จัดการกองทุน อีสท์สปริง (ประเทศไทย) จำกัด,EASTSPRING ASSET MANAGEMENT (THAILAND) COMPANY LIMITED,ตราสารทุน,2015-01-05,2026-07-31,135.0,139.0,0.9712230215827338,1.0,2024-07,2024-10
M0133_2563,C0000033452,main,main,ES-EQDSSFX,ตราสารทุน,บริษัทหลักทรัพย์จัดการกองทุน อีสท์สปริง (ประเทศไทย) จำกัด,EASTSPRING ASSET MANAGEMENT (THAILAND) COMPANY LIMITED,ตราสารทุน,2020-04-10,2026-08-03,73.0,77.0,0.948051948051948,1.0,2024-07,2024-10
M0250_2558,C0000000021,main,main,K-ICT,ตราสารทุน,บริษัทหลักทรัพย์จัดการกองทุน กสิกรไทย จำกัด,KASIKORN ASSET MANAGEMENT COMPANY LIMITED,ตราสารทุน,2015-05-29,2026-08-03,132.0,136.0,0.9705882352941176,1.0,2024-07,2024-10
M0075_2569,C0000006646,main,main,LHCOPPER,ตราสารทุน,บริษัทหลักทรัพย์จัดการกองทุน แลนด์ แอนด์ เฮ้าส์ จำกัด,LAND AND HOUSES FUND MANAGEMENT COMPANY LIMITED,ตราสารทุน,2026-02-13,2026-07-31,6.0,6.0,1.0,0.0,,
M0505_2563,C0000000324,TCHARMF-A,TCHARMF-A,TCHARMF,ตราสารทุน,บริษัทหลักทรัพย์จัดการกองทุน ทิสโก้,TISCO ASSET MANAGEMENT COMPANY LIMITED,ตราสารทุน,2020-12-02,2026-08-03,65.0,69.0,0.9420289855072463,1.0,2024-07,2024-10
M0068_2564,C0000005022,main,main,ASP-NCLR,ตราสารทุน,บริษัทหลักทรัพย์จัดการกองทุน แอสเซท พลัส จำกัด,ASSET PLUS FUND MANAGEMENT COMPANY LIMITED,ตราสารทุน,2021-03-16,2026-07-31,42.0,65.0,0.6461538461538462,1.0,2024-07,2026-05
M0577_2565,C0000000324,TVIETNAMRMF-A,TVIETNAMRMF-A,TVIETNAMRMF,ตราสารทุน,บริษัทหลักทรัพย์จัดการกองทุน ทิสโก้,TISCO ASSET MANAGEMENT COMPANY LIMITED,ตราสารทุน,2022-12-01,2026-07-30,40.0,44.0,0.9090909090909091,1.0,2024-07,2024-10
M1018_2568,C0000000023,main,main,M-HD,ตราสารทุน,บริษัทหลักทรัพย์จัดการกองทุน เอ็มเอฟซี จำกัด (มหาชน),MFC ASSET MANAGEMENT PUBLIC COMPANY LIMITED ,ตราสารทุน,2025-11-27,2026-08-03,10.0,10.0,1.0,0.0,,
M0599_2569,C0000006099,main,main,X-SPACE,ตราสารทุน,บริษัทหลักทรัพย์จัดการกองทุน เอ็กซ์สปริง จำกัด,XSPRING ASSET MANAGEMENT COMPANY LIMITED,ตราสารทุน,2026-06-11,2026-07-31,2.0,2.0,1.0,0.0,,
M0277_2555,C0000005531,PRINCIPAL iDIV-A,PRINCIPAL iDIV-A,PRINCIPAL iDIV,ตราสารทุน,บริษัทหลักทรัพย์จัดการกองทุน พรินซิเพิล จำกัด,PRINCIPAL ASSET MANAGEMENT COMPANY LIMITED,ตราสารทุน,2015-01-05,2026-08-03,136.0,140.0,0.9714285714285714,1.0,2024-07,2024-10
M0300_2548,C0000000623,main,main,UOBSAS100,ตราสารทุน,บริษัทหลักทรัพย์จัดการกองทุน ยูโอบี (ประเทศไทย) จำกัด,UOB ASSET MANAGEMENT (THAILAND) COMPANY LIMITED,ตราสารทุน,2015-01-05,2026-08-03,136.0,140.0,0.9714285714285714,1.0,2024-07,2024-10
M0050_2564,C0000033452,main,main,ES-FINTECH,ตราสารทุน,บริษัทหลักทรัพย์จัดการกองทุน อีสท์สปริง (ประเทศไทย) จำกัด,EASTSPRING ASSET MANAGEMENT (THAILAND) COMPANY LIMITED,ตราสารทุน,2021-03-19,2026-07-31,61.0,65.0,0.9384615384615385,1.0,2024-07,2024-10
M0598_2558,C0000000623,main,main,UES,ตราสารทุน,บริษัทหลักทรัพย์จัดการกองทุน ยูโอบี (ประเทศไทย) จำกัด,UOB ASSET MANAGEMENT (THAILAND) COMPANY LIMITED,ตราสารทุน,2015-10-12,2026-07-31,126.0,130.0,0.9692307692307692,1.0,2024-07,2024-10
M1040_2568,C0000028866,main,main,TOP11VNM,ตราสารทุน,บริษัทหลักทรัพย์จัดการกองทุน ดาโอ จำกัด,DAOL INVESTMENT MANAGEMENT COMPANY LIMITED,ตราสารทุน,2026-02-26,2026-08-03,7.0,7.0,1.0,0.0,,
M0231_2569,C0000024008,main,main,TLNDQINCOME-UH-X,ตราสารทุน,บริษัทหลักทรัพย์จัดการกองทุน ทาลิส จำกัด,TALIS ASSET MANAGEMENT COMPANY LIMITED,ตราสารทุน,2026-03-16,2026-07-31,5.0,5.0,1.0,0.0,,
M0699_2562,C0000000329,main,main,BCAP-TEQ,ตราสารทุน,บริษัทหลักทรัพย์จัดการกองทุนรวม  บัวหลวง จำกัด,BBL ASSET MANAGEMENT COMPANY LIMITED,ตราสารทุน,2020-05-12,2026-08-03,72.0,76.0,0.9473684210526315,1.0,2024-07,2024-10
M0401_2552,C0000000290,ABCG,ABCG,ABCG-M,ตราสารทุน,บริษัทหลักทรัพย์จัดการกองทุน อเบอร์ดีน (ประเทศไทย) จำกัด,ABERDEEN ASSET MANAGEMENT (THAILAND) LIMITED,ตราสารทุน,2015-01-05,2026-07-31,135.0,139.0,0.9712230215827338,1.0,2024-07,2024-10
M0761_2566,C0000024008,main,main,MEGA10CHINARMF,ตราสารทุน,บริษัทหลักทรัพย์จัดการกองทุน ทาลิส จำกัด,TALIS ASSET MANAGEMENT COMPANY LIMITED,ตราสารทุน,2023-12-27,2026-08-03,29.0,33.0,0.8787878787878788,1.0,2024-07,2024-10
M0489_2564,C0000000023,main,main,M-META,ตราสารทุน,บริษัทหลักทรัพย์จัดการกองทุน เอ็มเอฟซี จำกัด (มหาชน),MFC ASSET MANAGEMENT PUBLIC COMPANY LIMITED ,ตราสารทุน,2021-12-20,2026-07-31,52.0,56.0,0.9285714285714286,1.0,2024-07,2024-10
M0226_2550,C0000000324,TDEQFOCUS-A,TDEQFOCUS-A,TDEQFOCUS,ตราสารทุน,บริษัทหลักทรัพย์จัดการกองทุน ทิสโก้,TISCO ASSET MANAGEMENT COMPANY LIMITED,ตราสารทุน,2025-12-01,2026-08-03,9.0,9.0,1.0,0.0,,
M0132_2563,C0000000324,TEG-SSF,TEG-SSF,TEGSSF,ตราสารทุน,บริษัทหลักทรัพย์จัดการกองทุน ทิสโก้,TISCO ASSET MANAGEMENT COMPANY LIMITED,ตราสารทุน,2020-04-16,2026-08-03,73.0,77.0,0.948051948051948,1.0,2024-07,2024-10
M0384_2568,C0000000023,main,main,MJAPAN,ตราสารทุน,บริษัทหลักทรัพย์จัดการกองทุน เอ็มเอฟซี จำกัด (มหาชน),MFC ASSET MANAGEMENT PUBLIC COMPANY LIMITED ,ตราสารทุน,2026-01-29,2026-07-31,7.0,7.0,1.0,0.0,,
M0363_2549,C0000000290,main,main,ABEG,ตราสารทุน,บริษัทหลักทรัพย์จัดการกองทุน อเบอร์ดีน (ประเทศไทย) จำกัด,ABERDEEN ASSET MANAGEMENT (THAILAND) LIMITED,ตราสารทุน,2015-01-05,2026-07-31,135.0,139.0,0.9712230215827338,1.0,2024-07,2024-10
M0439_2568,C0000000324,TThaiESGX-A,TThaiESGX-A,TThaiESGX,ตราสารทุน,บริษัทหลักทรัพย์จัดการกองทุน ทิสโก้,TISCO ASSET MANAGEMENT COMPANY LIMITED,ตราสารทุน,2026-01-05,2026-08-03,8.0,8.0,1.0,0.0,,
M0228_2551,C0000000623,main,main,UOBSAS100D,ตราสารทุน,บริษัทหลักทรัพย์จัดการกองทุน ยูโอบี (ประเทศไทย) จำกัด,UOB ASSET MANAGEMENT (THAILAND) COMPANY LIMITED,ตราสารทุน,2015-01-05,2026-08-03,136.0,140.0,0.9714285714285714,1.0,2024-07,2024-10
M0474_2569,C0000024008,main,main,TLUSHD-UH,ตราสารทุน,บริษัทหลักทรัพย์จัดการกองทุน ทาลิส จำกัด,TALIS ASSET MANAGEMENT COMPANY LIMITED,ตราสารทุน,2026-04-29,2026-07-31,4.0,4.0,1.0,0.0,,
M0031_2561,C0000006646,LHEME-A,LHEME-A,LHEME,ตราสารทุน,บริษัทหลักทรัพย์จัดการกองทุน แลนด์ แอนด์ เฮ้าส์ จำกัด,LAND AND HOUSES FUND MANAGEMENT COMPANY LIMITED,ตราสารทุน,2021-02-01,2026-07-31,62.0,66.0,0.9393939393939394,1.0,2024-07,2024-10
M0439_2566,C0000000324,TNASDAQRMF-A,TNASDAQRMF-A,TNASDAQRMF,ตราสารทุน,บริษัทหลักทรัพย์จัดการกองทุน ทิสโก้,TISCO ASSET MANAGEMENT COMPANY LIMITED,ตราสารทุน,2023-10-11,2026-07-31,30.0,34.0,0.8823529411764706,1.0,2024-07,2024-10
M0818_2566,C0000000569,main,main,ONE-THAIESG,ตราสารทุน,บริษัทหลักทรัพย์จัดการกองทุน วรรณ จำกัด,ONE ASSET MANAGEMENT LIMITED,ตราสารทุน,2023-12-15,2026-08-03,29.0,33.0,0.8787878787878788,1.0,2024-07,2024-10
M0528_2569,C0000005531,PRINCIPAL VNEI-A,PRINCIPAL VNEI-A,PRINCIPAL VNEI,ตราสารทุน,บริษัทหลักทรัพย์จัดการกองทุน พรินซิเพิล จำกัด,PRINCIPAL ASSET MANAGEMENT COMPANY LIMITED,ตราสารทุน,,,,,,,,
M0975_2568,C0000028866,main,main,DAOL-QUANTUM,ตราสารทุน,บริษัทหลักทรัพย์จัดการกองทุน ดาโอ จำกัด,DAOL INVESTMENT MANAGEMENT COMPANY LIMITED,ตราสารทุน,2025-11-06,2026-07-31,9.0,9.0,1.0,0.0,,
M0534_2563,C0000000239,SCBGEESG(SSF),SCBGEESG(SSF),SCBGEESG,ตราสารทุน,บริษัทหลักทรัพย์จัดการกองทุน ไทยพาณิชย์ จำกัด,SCB ASSET MANAGEMENT COMPANY LIMITED,ตราสารทุน,,,,,,,,
M0180_2564,C0000000023,main,main,MCHEVO,ตราสารทุน,บริษัทหลักทรัพย์จัดการกองทุน เอ็มเอฟซี จำกัด (มหาชน),MFC ASSET MANAGEMENT PUBLIC COMPANY LIMITED ,ตราสารทุน,2021-08-10,2026-07-31,56.0,60.0,0.9333333333333333,1.0,2024-07,2024-10
M0146_2565,C0000000239,SCBRMPGF(A),SCBRMPGF(A),SCBRMPGF,ตราสารทุน,บริษัทหลักทรัพย์จัดการกองทุน ไทยพาณิชย์ จำกัด,SCB ASSET MANAGEMENT COMPANY LIMITED,ตราสารทุน,2022-05-24,2026-07-30,47.0,51.0,0.9215686274509803,1.0,2024-07,2024-10
M0383_2564,C0000000709,main,main,KFCLIMARMF,ตราสารทุน,บริษัทหลักทรัพย์จัดการกองทุน กรุงศรี จำกัด,KRUNGSRI ASSET MANAGEMENT COMPANY LIMITED,ตราสารทุน,2021-10-04,2026-07-31,54.0,58.0,0.9310344827586207,1.0,2024-07,2024-10
M0196_2562,C0000000324,TISCOWB-A,TISCOWB-A,TISCOWB,ตราสารทุน,บริษัทหลักทรัพย์จัดการกองทุน ทิสโก้,TISCO ASSET MANAGEMENT COMPANY LIMITED,ตราสารทุน,2019-05-16,2026-08-03,84.0,88.0,0.9545454545454546,1.0,2024-07,2024-10
M0632_2566,C0000000460,main,main,KT-US RMF,ตราสารทุน,บริษัทหลักทรัพย์จัดการกองทุน กรุงไทย จำกัด (มหาชน),KRUNG THAI ASSET MANAGEMENT PUBLIC COMPANY LIMITED ,ตราสารทุน,2023-11-30,2026-07-31,29.0,33.0,0.8787878787878788,1.0,2024-07,2024-10
M0408_2568,C0000024008,MEGATX8020U-L,MEGATX8020U-L,MEGATX8020U,ตราสารทุน,บริษัทหลักทรัพย์จัดการกองทุน ทาลิส จำกัด,TALIS ASSET MANAGEMENT COMPANY LIMITED,ตราสารทุน,2025-05-16,2026-07-31,15.0,15.0,1.0,0.0,,
M0965_2550,C0000033452,main,main,ES-GLOBALENERGY,ตราสารทุน,บริษัทหลักทรัพย์จัดการกองทุน อีสท์สปริง (ประเทศไทย) จำกัด,EASTSPRING ASSET MANAGEMENT (THAILAND) COMPANY LIMITED,ตราสารทุน,2015-01-05,2026-07-31,135.0,139.0,0.9712230215827338,1.0,2024-07,2024-10
M0370_2563,C0000028866,main,main,DAOL-GOLDRMF,ตราสารทุน,บริษัทหลักทรัพย์จัดการกองทุน ดาโอ จำกัด,DAOL INVESTMENT MANAGEMENT COMPANY LIMITED,ตราสารทุน,2020-10-15,2026-07-31,66.0,70.0,0.9428571428571428,1.0,2024-07,2024-10
M0836_2566,C0000000023,main,main,MT25-ThaiESG,ตราสารทุน,บริษัทหลักทรัพย์จัดการกองทุน เอ็มเอฟซี จำกัด (มหาชน),MFC ASSET MANAGEMENT PUBLIC COMPANY LIMITED ,ตราสารทุน,2023-12-19,2026-08-03,29.0,33.0,0.8787878787878788,1.0,2024-07,2024-10
M0580_2567,C0000000329,main,main,BCAP-AQUANT,ตราสารทุน,บริษัทหลักทรัพย์จัดการกองทุนรวม  บัวหลวง จำกัด,BBL ASSET MANAGEMENT COMPANY LIMITED,ตราสารทุน,2025-05-02,2026-08-03,16.0,16.0,1.0,0.0,,
M0425_2565,C0000000709,main,main,KFVIETSSF,ตราสารทุน,บริษัทหลักทรัพย์จัดการกองทุน กรุงศรี จำกัด,KRUNGSRI ASSET MANAGEMENT COMPANY LIMITED,ตราสารทุน,2022-09-06,2026-07-31,43.0,47.0,0.9148936170212766,1.0,2024-07,2024-10
M0576_2569,C0000005022,main,main,ASP-CSEMI,ตราสารทุน,บริษัทหลักทรัพย์จัดการกองทุน แอสเซท พลัส จำกัด,ASSET PLUS FUND MANAGEMENT COMPANY LIMITED,ตราสารทุน,2026-06-26,2026-08-03,3.0,3.0,1.0,0.0,,
M0083_2561,C0000000709,KFDYNAMIC2-A,KFDYNAMIC2-A,KFDYNAMIC2,ตราสารทุน,บริษัทหลักทรัพย์จัดการกองทุน กรุงศรี จำกัด,KRUNGSRI ASSET MANAGEMENT COMPANY LIMITED,ตราสารทุน,,,,,,,,
M0582_2569,C0000000709,main,main,KF-SP500MFX,ตราสารทุน,บริษัทหลักทรัพย์จัดการกองทุน กรุงศรี จำกัด,KRUNGSRI ASSET MANAGEMENT COMPANY LIMITED,ตราสารทุน,2026-06-18,2026-07-31,2.0,2.0,1.0,0.0,,
M0900_2566,C0000005022,main,main,ASP-MAG7-AI,ตราสารทุน,บริษัทหลักทรัพย์จัดการกองทุน แอสเซท พลัส จำกัด,ASSET PLUS FUND MANAGEMENT COMPANY LIMITED,ตราสารทุน,2024-06-19,2026-07-31,22.0,26.0,0.8461538461538461,1.0,2024-07,2024-10
M0149_2567,C0000006646,LHGBLOCK-A,LHGBLOCK-A,LHGBLOCK,ตราสารทุน,บริษัทหลักทรัพย์จัดการกองทุน แลนด์ แอนด์ เฮ้าส์ จำกัด,LAND AND HOUSES FUND MANAGEMENT COMPANY LIMITED,ตราสารทุน,2024-06-20,2026-07-31,22.0,26.0,0.8461538461538461,1.0,2024-07,2024-10
M0702_2562,C0000000329,main,main,BCAP-TFACTOR,ตราสารทุน,บริษัทหลักทรัพย์จัดการกองทุนรวม  บัวหลวง จำกัด,BBL ASSET MANAGEMENT COMPANY LIMITED,ตราสารทุน,2020-08-11,2026-08-03,69.0,73.0,0.9452054794520548,1.0,2024-07,2024-10
M0209_2568,C0000024008,main,main,TLUS500-H,ตราสารทุน,บริษัทหลักทรัพย์จัดการกองทุน ทาลิส จำกัด,TALIS ASSET MANAGEMENT COMPANY LIMITED,ตราสารทุน,2025-03-12,2026-07-31,17.0,17.0,1.0,0.0,,
M0994_2567,C0000006646,LHGSELECT-A,LHGSELECT-A,LHGSELECT,ตราสารทุน,บริษัทหลักทรัพย์จัดการกองทุน แลนด์ แอนด์ เฮ้าส์ จำกัด,LAND AND HOUSES FUND MANAGEMENT COMPANY LIMITED,ตราสารทุน,2025-07-21,2026-07-31,13.0,13.0,1.0,0.0,,
M0291_2564,C0000000569,main,main,ONE-APACESG,ตราสารทุน,บริษัทหลักทรัพย์จัดการกองทุน วรรณ จำกัด,ONE ASSET MANAGEMENT LIMITED,ตราสารทุน,2021-08-04,2026-07-31,56.0,60.0,0.9333333333333333,1.0,2024-07,2024-10
M0358_2563,C0000000023,main,main,MVIET,ตราสารทุน,บริษัทหลักทรัพย์จัดการกองทุน เอ็มเอฟซี จำกัด (มหาชน),MFC ASSET MANAGEMENT PUBLIC COMPANY LIMITED ,ตราสารทุน,2022-03-30,2026-07-30,49.0,53.0,0.9245283018867925,1.0,2024-07,2024-10
M0570_2559,C0000000460,KT-SELECTTHEQ-D,KT-SELECTTHEQ-D,KT-SELECTTHEQ,ตราสารทุน,บริษัทหลักทรัพย์จัดการกองทุน กรุงไทย จำกัด (มหาชน),KRUNG THAI ASSET MANAGEMENT PUBLIC COMPANY LIMITED ,ตราสารทุน,2025-12-26,2026-08-03,9.0,9.0,1.0,0.0,,
M0615_2562,C0000000460,main,main,KT-ESG RMF,ตราสารทุน,บริษัทหลักทรัพย์จัดการกองทุน กรุงไทย จำกัด (มหาชน),KRUNG THAI ASSET MANAGEMENT PUBLIC COMPANY LIMITED ,ตราสารทุน,2019-11-20,2026-08-03,78.0,82.0,0.9512195121951219,1.0,2024-07,2024-10
M0001_2530,C0000000023,main,main,SF5,ตราสารทุน,บริษัทหลักทรัพย์จัดการกองทุน เอ็มเอฟซี จำกัด (มหาชน),MFC ASSET MANAGEMENT PUBLIC COMPANY LIMITED ,ตราสารทุน,2015-01-05,2026-08-03,136.0,140.0,0.9714285714285714,1.0,2024-07,2024-10
M0003_2533,C0000000023,main,main,RPF2,ตราสารทุน,บริษัทหลักทรัพย์จัดการกองทุน เอ็มเอฟซี จำกัด (มหาชน),MFC ASSET MANAGEMENT PUBLIC COMPANY LIMITED ,ตราสารทุน,2015-01-05,2026-08-03,136.0,140.0,0.9714285714285714,1.0,2024-07,2024-10
M0090_2558,C0000000324,main,main,TGHSTARP,ตราสารทุน,บริษัทหลักทรัพย์จัดการกองทุน ทิสโก้,TISCO ASSET MANAGEMENT COMPANY LIMITED,ตราสารทุน,2015-05-20,2026-07-30,131.0,135.0,0.9703703703703703,1.0,2024-07,2024-10
M0154_2564,C0000000623,main,main,USUSRMF,ตราสารทุน,บริษัทหลักทรัพย์จัดการกองทุน ยูโอบี (ประเทศไทย) จำกัด,UOB ASSET MANAGEMENT (THAILAND) COMPANY LIMITED,ตราสารทุน,2021-06-14,2026-07-31,58.0,62.0,0.9354838709677419,1.0,2024-07,2024-10
M0026_2537,C0000000023,main,main,SF7,ตราสารทุน,บริษัทหลักทรัพย์จัดการกองทุน เอ็มเอฟซี จำกัด (มหาชน),MFC ASSET MANAGEMENT PUBLIC COMPANY LIMITED ,ตราสารทุน,2015-01-05,2026-08-03,136.0,140.0,0.9714285714285714,1.0,2024-07,2024-10
M0073_2562,C0000005022,main,main,ASP-IHEALTH,ตราสารทุน,บริษัทหลักทรัพย์จัดการกองทุน แอสเซท พลัส จำกัด,ASSET PLUS FUND MANAGEMENT COMPANY LIMITED,ตราสารทุน,2019-03-29,2026-07-31,85.0,89.0,0.9550561797752809,1.0,2024-07,2024-10
M0698_2558,C0000000324,main,main,TISCOIN,ตราสารทุน,บริษัทหลักทรัพย์จัดการกองทุน ทิสโก้,TISCO ASSET MANAGEMENT COMPANY LIMITED,ตราสารทุน,2016-02-16,2026-07-31,122.0,126.0,0.9682539682539683,1.0,2024-07,2024-10
M0125_2553,C0000006185,main,main,FP ASIAN SM,ตราสารทุน,บริษัทหลักทรัพย์จัดการกองทุน เฟิร์ส พลัส (ประเทศไทย) จำกัด,FIRST PLUS ASSET MANAGEMENT (THAILAND) COMPANY LIMITED,ตราสารทุน,2015-01-05,2026-07-31,110.0,139.0,0.7913669064748201,2.0,2017-02,2018-05
M0267_2568,C0000033452,main,main,ES-GQG-UH,ตราสารทุน,บริษัทหลักทรัพย์จัดการกองทุน อีสท์สปริง (ประเทศไทย) จำกัด,EASTSPRING ASSET MANAGEMENT (THAILAND) COMPANY LIMITED,ตราสารทุน,2025-05-06,2026-07-31,15.0,15.0,1.0,0.0,,
M0056_2561,C0000005022,main,main,ASP-DISRUPT,ตราสารทุน,บริษัทหลักทรัพย์จัดการกองทุน แอสเซท พลัส จำกัด,ASSET PLUS FUND MANAGEMENT COMPANY LIMITED,ตราสารทุน,2018-04-02,2026-07-31,96.0,100.0,0.96,1.0,2024-07,2024-10
M0582_2559,C0000000623,UTHAISME-LN,UTHAISME-LN,UTHAISME-M,ตราสารทุน,บริษัทหลักทรัพย์จัดการกองทุน ยูโอบี (ประเทศไทย) จำกัด,UOB ASSET MANAGEMENT (THAILAND) COMPANY LIMITED,ตราสารทุน,2025-12-24,2026-08-03,9.0,9.0,1.0,0.0,,
M0395_2565,C0000000709,main,main,KFCMEGARMF,ตราสารทุน,บริษัทหลักทรัพย์จัดการกองทุน กรุงศรี จำกัด,KRUNGSRI ASSET MANAGEMENT COMPANY LIMITED,ตราสารทุน,2022-09-06,2026-07-31,43.0,47.0,0.9148936170212766,1.0,2024-07,2024-10
M0028_2547,C0000000623,main,main,TEF-DIV,ตราสารทุน,บริษัทหลักทรัพย์จัดการกองทุน ยูโอบี (ประเทศไทย) จำกัด,UOB ASSET MANAGEMENT (THAILAND) COMPANY LIMITED,ตราสารทุน,2015-01-05,2026-08-03,136.0,140.0,0.9714285714285714,1.0,2024-07,2024-10
M0088_2568,C0000000329,main,main,B-US2000P,ตราสารทุน,บริษัทหลักทรัพย์จัดการกองทุนรวม  บัวหลวง จำกัด,BBL ASSET MANAGEMENT COMPANY LIMITED,ตราสารทุน,2025-04-04,2026-07-31,16.0,16.0,1.0,0.0,,
M0570_2565,C0000000290,main,main,ABGDD-RMF,ตราสารทุน,บริษัทหลักทรัพย์จัดการกองทุน อเบอร์ดีน (ประเทศไทย) จำกัด,ABERDEEN ASSET MANAGEMENT (THAILAND) LIMITED,ตราสารทุน,2022-12-07,2026-07-31,40.0,44.0,0.9090909090909091,1.0,2024-07,2024-10
M0441_2552,C0000005022,main,main,ASP-HSI,ตราสารทุน,บริษัทหลักทรัพย์จัดการกองทุน แอสเซท พลัส จำกัด,ASSET PLUS FUND MANAGEMENT COMPANY LIMITED,ตราสารทุน,2015-01-05,2026-08-03,136.0,140.0,0.9714285714285714,1.0,2024-07,2024-10
M0484_2568,C0000028866,main,main,DAOL-CYBERSECURE,ตราสารทุน,บริษัทหลักทรัพย์จัดการกองทุน ดาโอ จำกัด,DAOL INVESTMENT MANAGEMENT COMPANY LIMITED,ตราสารทุน,2025-06-26,2026-07-31,14.0,14.0,1.0,0.0,,
M0304_2566,C0000000329,main,main,B-PREMIUMRMF,ตราสารทุน,บริษัทหลักทรัพย์จัดการกองทุนรวม  บัวหลวง จำกัด,BBL ASSET MANAGEMENT COMPANY LIMITED,ตราสารทุน,2023-10-25,2026-07-30,30.0,34.0,0.8823529411764706,1.0,2024-07,2024-10
M0001_2531,C0000000023,main,main,TNP,ตราสารทุน,บริษัทหลักทรัพย์จัดการกองทุน เอ็มเอฟซี จำกัด (มหาชน),MFC ASSET MANAGEMENT PUBLIC COMPANY LIMITED ,ตราสารทุน,2015-01-05,2026-08-03,136.0,140.0,0.9714285714285714,1.0,2024-07,2024-10
M0236_2563,C0000005022,main,main,ASP-X,ตราสารทุน,บริษัทหลักทรัพย์จัดการกองทุน แอสเซท พลัส จำกัด,ASSET PLUS FUND MANAGEMENT COMPANY LIMITED,ตราสารทุน,2020-06-29,2026-07-31,70.0,74.0,0.9459459459459459,1.0,2024-07,2024-10
M0449_2563,C0000005022,main,main,ASP-EVOCHINARMF,ตราสารทุน,บริษัทหลักทรัพย์จัดการกองทุน แอสเซท พลัส จำกัด,ASSET PLUS FUND MANAGEMENT COMPANY LIMITED,ตราสารทุน,2020-10-15,2026-07-31,66.0,70.0,0.9428571428571428,1.0,2024-07,2024-10
M0966_2568,C0000000460,main,main,KT-TECHNOLOGY RMF,ตราสารทุน,บริษัทหลักทรัพย์จัดการกองทุน กรุงไทย จำกัด (มหาชน),KRUNG THAI ASSET MANAGEMENT PUBLIC COMPANY LIMITED ,ตราสารทุน,2025-11-05,2026-07-31,9.0,9.0,1.0,0.0,,
M0869_2568,C0000005025,main,main,KKP US500 RMF-UH,ตราสารทุน,บริษัทหลักทรัพย์จัดการกองทุน เกียรตินาคินภัทร จำกัด,KIATNAKIN PHATRA ASSET MANAGEMENT COMPANY LIMITED,ตราสารทุน,2025-10-14,2026-07-31,10.0,10.0,1.0,0.0,,
M0035_2547,C0000000290,main,main,ABSL,ตราสารทุน,บริษัทหลักทรัพย์จัดการกองทุน อเบอร์ดีน (ประเทศไทย) จำกัด,ABERDEEN ASSET MANAGEMENT (THAILAND) LIMITED,ตราสารทุน,2015-01-05,2026-08-03,136.0,140.0,0.9714285714285714,1.0,2024-07,2024-10
M0385_2564,C0000000709,main,main,KFUSRMF,ตราสารทุน,บริษัทหลักทรัพย์จัดการกองทุน กรุงศรี จำกัด,KRUNGSRI ASSET MANAGEMENT COMPANY LIMITED,ตราสารทุน,2021-10-04,2026-07-30,54.0,58.0,0.9310344827586207,1.0,2024-07,2024-10
M0175_2563,C0000005022,ASP-SME-SSF,ASP-SME-SSF,ASP-SME-MSSF,ตราสารทุน,บริษัทหลักทรัพย์จัดการกองทุน แอสเซท พลัส จำกัด,ASSET PLUS FUND MANAGEMENT COMPANY LIMITED,ตราสารทุน,2020-07-02,2026-08-03,70.0,74.0,0.9459459459459459,1.0,2024-07,2024-10
M0001_2536,C0000000623,main,main,KPLUS,ตราสารทุน,บริษัทหลักทรัพย์จัดการกองทุน ยูโอบี (ประเทศไทย) จำกัด,UOB ASSET MANAGEMENT (THAILAND) COMPANY LIMITED,ตราสารทุน,2015-01-05,2026-08-03,136.0,140.0,0.9714285714285714,1.0,2024-07,2024-10
M0604_2567,C0000000324,main,main,TGQUALITY-UH,ตราสารทุน,บริษัทหลักทรัพย์จัดการกองทุน ทิสโก้,TISCO ASSET MANAGEMENT COMPANY LIMITED,ตราสารทุน,2024-11-14,2026-07-31,21.0,21.0,1.0,0.0,,
M0759_2558,C0000000709,main,main,KFTHAISM,ตราสารทุน,บริษัทหลักทรัพย์จัดการกองทุน กรุงศรี จำกัด,KRUNGSRI ASSET MANAGEMENT COMPANY LIMITED,ตราสารทุน,2016-02-15,2026-08-03,123.0,127.0,0.968503937007874,1.0,2024-07,2024-10
M0090_2568,C0000006646,LHGENHANCED-A,LHGENHANCED-A,LHGENHANCED,ตราสารทุน,บริษัทหลักทรัพย์จัดการกองทุน แลนด์ แอนด์ เฮ้าส์ จำกัด,LAND AND HOUSES FUND MANAGEMENT COMPANY LIMITED,ตราสารทุน,2025-11-05,2026-07-30,9.0,9.0,1.0,0.0,,
M0768_2546,C0000000569,ONE-EC14-IA,ONE-EC14-IA,ONE-EC14,ตราสารทุน,บริษัทหลักทรัพย์จัดการกองทุน วรรณ จำกัด,ONE ASSET MANAGEMENT LIMITED,ตราสารทุน,,,,,,,,
M0459_2564,C0000000324,TNEXTGENRMF-A,TNEXTGENRMF-A,TNEXTGENRMF,ตราสารทุน,บริษัทหลักทรัพย์จัดการกองทุน ทิสโก้,TISCO ASSET MANAGEMENT COMPANY LIMITED,ตราสารทุน,2021-12-15,2026-07-31,52.0,56.0,0.9285714285714286,1.0,2024-07,2024-10
M0552_2569,C0000024008,main,main,TLUSHG-UH-X,ตราสารทุน,บริษัทหลักทรัพย์จัดการกองทุน ทาลิส จำกัด,TALIS ASSET MANAGEMENT COMPANY LIMITED,ตราสารทุน,2026-05-27,2026-07-31,3.0,3.0,1.0,0.0,,
M0367_2564,C0000033452,main,main,ES-STARTECHRMF,ตราสารทุน,บริษัทหลักทรัพย์จัดการกองทุน อีสท์สปริง (ประเทศไทย) จำกัด,EASTSPRING ASSET MANAGEMENT (THAILAND) COMPANY LIMITED,ตราสารทุน,2021-11-16,2026-07-31,53.0,57.0,0.9298245614035088,1.0,2024-07,2024-10
M0274_2563,C0000006646,main,main,LHGEQRMF,ตราสารทุน,บริษัทหลักทรัพย์จัดการกองทุน แลนด์ แอนด์ เฮ้าส์ จำกัด,LAND AND HOUSES FUND MANAGEMENT COMPANY LIMITED,ตราสารทุน,2020-09-22,2026-07-31,67.0,71.0,0.9436619718309859,1.0,2024-07,2024-10
M0379_2569,C0000006646,main,main,LHGALPHA,ตราสารทุน,บริษัทหลักทรัพย์จัดการกองทุน แลนด์ แอนด์ เฮ้าส์ จำกัด,LAND AND HOUSES FUND MANAGEMENT COMPANY LIMITED,ตราสารทุน,2026-04-16,2026-07-31,4.0,4.0,1.0,0.0,,
M0066_2567,C0000000023,MGPROP-AC,MGPROP-AC,MGPROP,ตราสารทุน,บริษัทหลักทรัพย์จัดการกองทุน เอ็มเอฟซี จำกัด (มหาชน),MFC ASSET MANAGEMENT PUBLIC COMPANY LIMITED ,ตราสารทุน,2024-03-14,2026-07-31,25.0,29.0,0.8620689655172413,1.0,2024-07,2024-10
M0004_2556,C0000000324,main,main,TCHRMF,ตราสารทุน,บริษัทหลักทรัพย์จัดการกองทุน ทิสโก้,TISCO ASSET MANAGEMENT COMPANY LIMITED,ตราสารทุน,2015-01-05,2026-08-03,136.0,140.0,0.9714285714285714,1.0,2024-07,2024-10
M0432_2565,C0000005025,KKP CHINA-H,KKP CHINA-H,KKP CHINA-H FUND,ตราสารทุน,บริษัทหลักทรัพย์จัดการกองทุน เกียรตินาคินภัทร จำกัด,KIATNAKIN PHATRA ASSET MANAGEMENT COMPANY LIMITED,ตราสารทุน,2023-03-01,2026-07-31,37.0,41.0,0.9024390243902439,1.0,2024-07,2024-10
M0621_2569,C0000005022,main,main,ASP-GQG 3M3,ตราสารทุน,บริษัทหลักทรัพย์จัดการกองทุน แอสเซท พลัส จำกัด,ASSET PLUS FUND MANAGEMENT COMPANY LIMITED,ตราสารทุน,2026-07-02,2026-07-31,1.0,1.0,1.0,0.0,,
M0573_2553,C0000000623,UOBSCI-D,UOBSCI-D,UOBSCI,ตราสารทุน,บริษัทหลักทรัพย์จัดการกองทุน ยูโอบี (ประเทศไทย) จำกัด,UOB ASSET MANAGEMENT (THAILAND) COMPANY LIMITED,ตราสารทุน,2015-01-05,2026-07-31,135.0,139.0,0.9712230215827338,1.0,2024-07,2024-10
M0120_2550,C0000000623,main,main,EHD,ตราสารทุน,บริษัทหลักทรัพย์จัดการกองทุน ยูโอบี (ประเทศไทย) จำกัด,UOB ASSET MANAGEMENT (THAILAND) COMPANY LIMITED,ตราสารทุน,2015-01-05,2026-07-31,135.0,139.0,0.9712230215827338,1.0,2024-07,2024-10
M0416_2568,C0000006185,FP ThaiESGX-N,FP ThaiESGX-N,FP ThaiESGX,ตราสารทุน,บริษัทหลักทรัพย์จัดการกองทุน เฟิร์ส พลัส (ประเทศไทย) จำกัด,FIRST PLUS ASSET MANAGEMENT (THAILAND) COMPANY LIMITED,ตราสารทุน,2025-08-29,2026-06-23,11.0,11.0,1.0,0.0,,
M0367_2569,C0000006646,main,main,LHHUMANOID,ตราสารทุน,บริษัทหลักทรัพย์จัดการกองทุน แลนด์ แอนด์ เฮ้าส์ จำกัด,LAND AND HOUSES FUND MANAGEMENT COMPANY LIMITED,ตราสารทุน,2026-04-08,2026-07-31,4.0,4.0,1.0,0.0,,
M0658_2560,C0000006646,LHROBOTE-A,LHROBOTE-A,LHROBOTE,ตราสารทุน,บริษัทหลักทรัพย์จัดการกองทุน แลนด์ แอนด์ เฮ้าส์ จำกัด,LAND AND HOUSES FUND MANAGEMENT COMPANY LIMITED,ตราสารทุน,2020-10-16,2026-07-30,66.0,70.0,0.9428571428571428,1.0,2024-07,2024-10
M0239_2568,C0000005022,main,main,ASP-GFEQ,ตราสารทุน,บริษัทหลักทรัพย์จัดการกองทุน แอสเซท พลัส จำกัด,ASSET PLUS FUND MANAGEMENT COMPANY LIMITED,ตราสารทุน,2025-08-07,2026-07-31,12.0,12.0,1.0,0.0,,
M0376_2555,C0000005025,KKP DIVIDEND,KKP DIVIDEND,KKP DIVIDEND FUND,ตราสารทุน,บริษัทหลักทรัพย์จัดการกองทุน เกียรตินาคินภัทร จำกัด,KIATNAKIN PHATRA ASSET MANAGEMENT COMPANY LIMITED,ตราสารทุน,2015-01-05,2026-08-03,136.0,140.0,0.9714285714285714,1.0,2024-07,2024-10
M0420_2569,C0000005022,main,main,A-HUMANOID,ตราสารทุน,บริษัทหลักทรัพย์จัดการกองทุน แอสเซท พลัส จำกัด,ASSET PLUS FUND MANAGEMENT COMPANY LIMITED,ตราสารทุน,2026-04-27,2026-07-31,4.0,4.0,1.0,0.0,,
M0731_2567,C0000000329,main,main,B-OPPRMF,ตราสารทุน,บริษัทหลักทรัพย์จัดการกองทุนรวม  บัวหลวง จำกัด,BBL ASSET MANAGEMENT COMPANY LIMITED,ตราสารทุน,2024-11-21,2026-07-30,21.0,21.0,1.0,0.0,,
M0628_2569,C0000000023,main,main,M-SEMI,ตราสารทุน,บริษัทหลักทรัพย์จัดการกองทุน เอ็มเอฟซี จำกัด (มหาชน),MFC ASSET MANAGEMENT PUBLIC COMPANY LIMITED ,ตราสารทุน,2026-07-21,2026-07-31,1.0,1.0,1.0,0.0,,
M0604_2558,C0000000324,main,main,TUSEQ-UH,ตราสารทุน,บริษัทหลักทรัพย์จัดการกองทุน ทิสโก้,TISCO ASSET MANAGEMENT COMPANY LIMITED,ตราสารทุน,2016-01-21,2026-07-31,123.0,127.0,0.968503937007874,1.0,2024-07,2024-10
M0152_2567,C0000000324,TGQUALITYRMF-A,TGQUALITYRMF-A,TGQUALITYRMF,ตราสารทุน,บริษัทหลักทรัพย์จัดการกองทุน ทิสโก้,TISCO ASSET MANAGEMENT COMPANY LIMITED,ตราสารทุน,2024-05-09,2026-07-31,23.0,27.0,0.8518518518518519,1.0,2024-07,2024-10
M0283_2560,C0000000709,main,main,KF-HSMUS,ตราสารทุน,บริษัทหลักทรัพย์จัดการกองทุน กรุงศรี จำกัด,KRUNGSRI ASSET MANAGEMENT COMPANY LIMITED,ตราสารทุน,2017-06-21,2026-07-31,106.0,110.0,0.9636363636363636,1.0,2024-07,2024-10
M0244_2568,C0000024008,MEGA10HEALTH-A,MEGA10HEALTH-A,MEGA10HEALTH,ตราสารทุน,บริษัทหลักทรัพย์จัดการกองทุน ทาลิส จำกัด,TALIS ASSET MANAGEMENT COMPANY LIMITED,ตราสารทุน,2025-06-19,2026-07-31,14.0,14.0,1.0,0.0,,
M0989_2567,C0000000023,MUSPIN-H-AC,MUSPIN-H-AC,MUSPIN-H,ตราสารทุน,บริษัทหลักทรัพย์จัดการกองทุน เอ็มเอฟซี จำกัด (มหาชน),MFC ASSET MANAGEMENT PUBLIC COMPANY LIMITED ,ตราสารทุน,2025-01-27,2026-07-31,19.0,19.0,1.0,0.0,,
M0459_2568,C0000005531,PRINCIPAL SEQTESGX-N,PRINCIPAL SEQTESGX-N,PRINCIPAL SEQTESGX,ตราสารทุน,บริษัทหลักทรัพย์จัดการกองทุน พรินซิเพิล จำกัด,PRINCIPAL ASSET MANAGEMENT COMPANY LIMITED,ตราสารทุน,2025-05-02,2026-08-03,16.0,16.0,1.0,0.0,,
M0502_2563,C0000028866,main,main,DAOL-PLAY,ตราสารทุน,บริษัทหลักทรัพย์จัดการกองทุน ดาโอ จำกัด,DAOL INVESTMENT MANAGEMENT COMPANY LIMITED,ตราสารทุน,2020-11-04,2026-07-31,65.0,69.0,0.9420289855072463,1.0,2024-07,2024-10
M0332_2564,C0000000324,main,main,TFINTECH,ตราสารทุน,บริษัทหลักทรัพย์จัดการกองทุน ทิสโก้,TISCO ASSET MANAGEMENT COMPANY LIMITED,ตราสารทุน,2021-09-30,2026-07-30,55.0,59.0,0.9322033898305084,1.0,2024-07,2024-10
M0578_2563,C0000005022,main,main,ASP-EUG,ตราสารทุน,บริษัทหลักทรัพย์จัดการกองทุน แอสเซท พลัส จำกัด,ASSET PLUS FUND MANAGEMENT COMPANY LIMITED,ตราสารทุน,2021-01-29,2026-07-31,63.0,67.0,0.9402985074626866,1.0,2024-07,2024-10
M0549_2567,C0000000324,TAIRMF-A,TAIRMF-A,TAIRMF,ตราสารทุน,บริษัทหลักทรัพย์จัดการกองทุน ทิสโก้,TISCO ASSET MANAGEMENT COMPANY LIMITED,ตราสารทุน,2024-11-14,2026-07-31,21.0,21.0,1.0,0.0,,
M0310_2564,C0000000239,main,main,SCBRMMLCA,ตราสารทุน,บริษัทหลักทรัพย์จัดการกองทุน ไทยพาณิชย์ จำกัด,SCB ASSET MANAGEMENT COMPANY LIMITED,ตราสารทุน,2021-09-01,2026-07-31,55.0,59.0,0.9322033898305084,1.0,2024-07,2024-10
M0479_2564,C0000000023,main,main,MRENEWRMF,ตราสารทุน,บริษัทหลักทรัพย์จัดการกองทุน เอ็มเอฟซี จำกัด (มหาชน),MFC ASSET MANAGEMENT PUBLIC COMPANY LIMITED ,ตราสารทุน,2021-12-21,2026-07-31,52.0,56.0,0.9285714285714286,1.0,2024-07,2024-10
M0400_2549,C0000005022,ASP-THGEQ-A,ASP-THGEQ-A,ASP-THGEQ,ตราสารทุน,บริษัทหลักทรัพย์จัดการกองทุน แอสเซท พลัส จำกัด,ASSET PLUS FUND MANAGEMENT COMPANY LIMITED,ตราสารทุน,2025-12-30,2026-08-03,9.0,9.0,1.0,0.0,,
M0862_2568,C0000000709,main,main,KF-GDIVRMF,ตราสารทุน,บริษัทหลักทรัพย์จัดการกองทุน กรุงศรี จำกัด,KRUNGSRI ASSET MANAGEMENT COMPANY LIMITED,ตราสารทุน,2025-10-07,2026-07-31,10.0,10.0,1.0,0.0,,
M0026_2569,C0000000023,main,main,MCMIDSMALL,ตราสารทุน,บริษัทหลักทรัพย์จัดการกองทุน เอ็มเอฟซี จำกัด (มหาชน),MFC ASSET MANAGEMENT PUBLIC COMPANY LIMITED ,ตราสารทุน,2026-05-15,2026-07-31,3.0,3.0,1.0,0.0,,
M0648_2560,C0000033452,main,main,ES-EAERMF,ตราสารทุน,บริษัทหลักทรัพย์จัดการกองทุน อีสท์สปริง (ประเทศไทย) จำกัด,EASTSPRING ASSET MANAGEMENT (THAILAND) COMPANY LIMITED,ตราสารทุน,2018-02-05,2026-07-31,98.0,102.0,0.9607843137254902,1.0,2024-07,2024-10
M0254_2564,C0000033452,main,main,ES-CHILL,ตราสารทุน,บริษัทหลักทรัพย์จัดการกองทุน อีสท์สปริง (ประเทศไทย) จำกัด,EASTSPRING ASSET MANAGEMENT (THAILAND) COMPANY LIMITED,ตราสารทุน,2021-07-16,2026-07-31,57.0,61.0,0.9344262295081968,1.0,2024-07,2024-10
M0417_2569,C0000006646,main,main,LHGAS,ตราสารทุน,บริษัทหลักทรัพย์จัดการกองทุน แลนด์ แอนด์ เฮ้าส์ จำกัด,LAND AND HOUSES FUND MANAGEMENT COMPANY LIMITED,ตราสารทุน,2026-04-28,2026-07-31,4.0,4.0,1.0,0.0,,
M0592_2547,C0000005022,ASP-THDEQ-A,ASP-THDEQ-A,ASP-THDEQ,ตราสารทุน,บริษัทหลักทรัพย์จัดการกองทุน แอสเซท พลัส จำกัด,ASSET PLUS FUND MANAGEMENT COMPANY LIMITED,ตราสารทุน,2025-12-30,2026-08-03,9.0,9.0,1.0,0.0,,
